,order,function_provider,function_region,function_memory,function_memory_unit,storage_region,storage_provider,transfer_type,file_path,file_size_mb,transfer_time_ns
0,10,gcp,europe-west1,256,MB,europe-west1,gcp,download,/function/fits.tbl,0.029537,194186340.5
1,10,gcp,europe-west1,256,MB,europe-west1,gcp,download,/function/mBgModel,0.078616,601306863.0
2,10,gcp,europe-west1,256,MB,europe-west1,gcp,download,/function/pimages.tbl,0.00511,197366052.0
3,10,gcp,europe-west1,256,MB,europe-west1,gcp,upload,/function/corrections.tbl,0.001706,428708568.5
4,11,gcp,europe-west1,256,MB,europe-west1,gcp,download,/function/pimages.tbl,0.00511,500529037.0
5,11,gcp,europe-west1,256,MB,europe-west1,gcp,upload,/function/modpimages.tbl,0.00575,200179615.5
6,14,gcp,europe-west1,256,MB,europe-west1,gcp,download,/function/cimages.tbl,0.00511,77373501.0
7,14,gcp,europe-west1,256,MB,europe-west1,gcp,download,/function/corrected/p2mass-atlas-001020s-k0860033_corrected.fits,4.14432,149894819.0
8,14,gcp,europe-west1,256,MB,europe-west1,gcp,download,/function/corrected/p2mass-atlas-001020s-k0860044_corrected.fits,4.14432,156753417.0
9,14,gcp,europe-west1,256,MB,europe-west1,gcp,download,/function/corrected/p2mass-atlas-001020s-k0860056_corrected.fits,4.14432,171082064.0
10,14,gcp,europe-west1,256,MB,europe-west1,gcp,download,/function/corrected/p2mass-atlas-001020s-k0870221_corrected.fits,4.13568,200276620.0
11,14,gcp,europe-west1,256,MB,europe-west1,gcp,download,/function/corrected/p2mass-atlas-001020s-k0870233_corrected.fits,4.13568,189918853.0
12,14,gcp,europe-west1,256,MB,europe-west1,gcp,download,/function/corrected/p2mass-atlas-001020s-k0870245_corrected.fits,4.13568,188644640.0
13,14,gcp,europe-west1,256,MB,europe-west1,gcp,download,/function/corrected/p2mass-atlas-001021s-k0490221_corrected.fits,4.13568,170450464.0
14,14,gcp,europe-west1,256,MB,europe-west1,gcp,download,/function/corrected/p2mass-atlas-001021s-k0490233_corrected.fits,4.13568,160354720.0
15,14,gcp,europe-west1,256,MB,europe-west1,gcp,download,/function/corrected/p2mass-atlas-001021s-k0490245_corrected.fits,4.14432,188409927.0
16,14,gcp,europe-west1,256,MB,europe-west1,gcp,download,/function/corrected/p2mass-atlas-001021s-k0560033_corrected.fits,4.15296,139037824.0
17,14,gcp,europe-west1,256,MB,europe-west1,gcp,download,/function/corrected/p2mass-atlas-001021s-k0560044_corrected.fits,4.14432,165040161.0
18,14,gcp,europe-west1,256,MB,europe-west1,gcp,download,/function/corrected/p2mass-atlas-001021s-k0560056_corrected.fits,4.13568,188187550.0
19,14,gcp,europe-west1,256,MB,europe-west1,gcp,download,/function/corrected/p2mass-atlas-001021s-k0570221_corrected.fits,4.14432,135865239.0
20,14,gcp,europe-west1,256,MB,europe-west1,gcp,download,/function/corrected/p2mass-atlas-001021s-k0570233_corrected.fits,4.13568,203510008.0
21,14,gcp,europe-west1,256,MB,europe-west1,gcp,download,/function/corrected/p2mass-atlas-001021s-k0570245_corrected.fits,4.14432,188031140.0
22,14,gcp,europe-west1,256,MB,europe-west1,gcp,download,/function/corrected/p2mass-atlas-980914s-k0800033_corrected.fits,4.14432,146905926.0
23,14,gcp,europe-west1,256,MB,europe-west1,gcp,download,/function/corrected/p2mass-atlas-980914s-k0800044_corrected.fits,4.14432,222847274.0
24,14,gcp,europe-west1,256,MB,europe-west1,gcp,download,/function/corrected/p2mass-atlas-980914s-k0800056_corrected.fits,4.14432,193414500.0
25,14,gcp,europe-west1,256,MB,europe-west1,gcp,download,/function/corrected/p2mass-atlas-980914s-k0810221_corrected.fits,4.14432,167194949.0
26,14,gcp,europe-west1,256,MB,europe-west1,gcp,download,/function/corrected/p2mass-atlas-980914s-k0810233_corrected.fits,4.14432,192107421.0
27,14,gcp,europe-west1,256,MB,europe-west1,gcp,download,/function/corrected/p2mass-atlas-980914s-k0810245_corrected.fits,4.14432,202384177.0
28,14,gcp,europe-west1,256,MB,europe-west1,gcp,download,/function/corrected/p2mass-atlas-980914s-k0820033_corrected.fits,4.14432,159833361.0
29,14,gcp,europe-west1,256,MB,europe-west1,gcp,download,/function/corrected/p2mass-atlas-980914s-k0820044_corrected.fits,4.14432,227024358.0
30,14,gcp,europe-west1,256,MB,europe-west1,gcp,download,/function/corrected/p2mass-atlas-980914s-k0820056_corrected.fits,4.13568,157163437.0
31,14,gcp,europe-west1,256,MB,europe-west1,gcp,download,/function/corrected/p2mass-atlas-980914s-k0830221_corrected.fits,4.14432,182100604.0
32,14,gcp,europe-west1,256,MB,europe-west1,gcp,download,/function/corrected/p2mass-atlas-980914s-k0830233_corrected.fits,4.14432,199191650.0
33,14,gcp,europe-west1,256,MB,europe-west1,gcp,download,/function/corrected/p2mass-atlas-980914s-k0830245_corrected.fits,4.14432,157959496.0
34,14,gcp,europe-west1,256,MB,europe-west1,gcp,download,/function/corrected/p2mass-atlas-980914s-k0840033_corrected.fits,4.14432,141603420.0
35,14,gcp,europe-west1,256,MB,europe-west1,gcp,download,/function/corrected/p2mass-atlas-980914s-k0840044_corrected.fits,4.14432,1101127251.0
36,14,gcp,europe-west1,256,MB,europe-west1,gcp,download,/function/corrected/p2mass-atlas-980914s-k0840056_corrected.fits,4.14432,142398361.0
37,14,gcp,europe-west1,256,MB,europe-west1,gcp,download,/function/mImgtbl,5.496352,136913405.0
38,14,gcp,europe-west1,256,MB,europe-west1,gcp,upload,/function/cimages.tbl,0.015252,100906755.0
39,17,gcp,europe-west1,256,MB,europe-west1,gcp,download,/function/mViewer,6.537816,1280329643.0
40,17,gcp,europe-west1,256,MB,europe-west1,gcp,download,/function/mosaic_shrinked.fits,25.42176,2494836479.0
41,17,gcp,europe-west1,256,MB,europe-west1,gcp,upload,/function/final.png,2.387093,2263925615.0
42,2,gcp,europe-west1,256,MB,europe-west1,gcp,download,/function/input/2mass-atlas-001020s-k0860033.fits,1.430932,348319058.0
43,2,gcp,europe-west1,256,MB,europe-west1,gcp,download,/function/input/2mass-atlas-001020s-k0860044.fits,1.431122,201353900.5
44,2,gcp,europe-west1,256,MB,europe-west1,gcp,download,/function/input/2mass-atlas-001020s-k0860056.fits,1.431548,706416001.0
45,2,gcp,europe-west1,256,MB,europe-west1,gcp,download,/function/input/2mass-atlas-001020s-k0870221.fits,1.415237,204949325.5
46,2,gcp,europe-west1,256,MB,europe-west1,gcp,download,/function/input/2mass-atlas-001020s-k0870233.fits,1.417782,225216107.5
47,2,gcp,europe-west1,256,MB,europe-west1,gcp,download,/function/input/2mass-atlas-001020s-k0870245.fits,1.428497,951631334.5
48,2,gcp,europe-west1,256,MB,europe-west1,gcp,download,/function/input/2mass-atlas-001021s-k0490221.fits,1.474539,292448893.5
49,2,gcp,europe-west1,256,MB,europe-west1,gcp,download,/function/input/2mass-atlas-001021s-k0490233.fits,1.473388,108252417.0
50,2,gcp,europe-west1,256,MB,europe-west1,gcp,download,/function/input/2mass-atlas-001021s-k0490245.fits,1.475153,1107734994.0
51,2,gcp,europe-west1,256,MB,europe-west1,gcp,download,/function/input/2mass-atlas-001021s-k0560033.fits,1.475337,271598115.5
52,2,gcp,europe-west1,256,MB,europe-west1,gcp,download,/function/input/2mass-atlas-001021s-k0560044.fits,1.475774,113663384.0
53,2,gcp,europe-west1,256,MB,europe-west1,gcp,download,/function/input/2mass-atlas-001021s-k0560056.fits,1.477972,181750194.0
54,2,gcp,europe-west1,256,MB,europe-west1,gcp,download,/function/input/2mass-atlas-001021s-k0570221.fits,1.474794,102670944.5
55,2,gcp,europe-west1,256,MB,europe-west1,gcp,download,/function/input/2mass-atlas-001021s-k0570233.fits,1.472843,166822727.0
56,2,gcp,europe-west1,256,MB,europe-west1,gcp,download,/function/input/2mass-atlas-001021s-k0570245.fits,1.474299,231243448.0
57,2,gcp,europe-west1,256,MB,europe-west1,gcp,download,/function/input/2mass-atlas-980914s-k0800033.fits,1.466856,167111679.0
58,2,gcp,europe-west1,256,MB,europe-west1,gcp,download,/function/input/2mass-atlas-980914s-k0800044.fits,1.46705,603294211.5
59,2,gcp,europe-west1,256,MB,europe-west1,gcp,download,/function/input/2mass-atlas-980914s-k0800056.fits,1.467462,295846939.5
60,2,gcp,europe-west1,256,MB,europe-west1,gcp,download,/function/input/2mass-atlas-980914s-k0810221.fits,1.467205,300371782.5
61,2,gcp,europe-west1,256,MB,europe-west1,gcp,download,/function/input/2mass-atlas-980914s-k0810233.fits,1.468091,296239742.5
62,2,gcp,europe-west1,256,MB,europe-west1,gcp,download,/function/input/2mass-atlas-980914s-k0810245.fits,1.468524,298729238.0
63,2,gcp,europe-west1,256,MB,europe-west1,gcp,download,/function/input/2mass-atlas-980914s-k0820033.fits,1.468069,550804465.0
64,2,gcp,europe-west1,256,MB,europe-west1,gcp,download,/function/input/2mass-atlas-980914s-k0820044.fits,1.465354,358000445.0
65,2,gcp,europe-west1,256,MB,europe-west1,gcp,download,/function/input/2mass-atlas-980914s-k0820056.fits,1.467195,347923194.5
66,2,gcp,europe-west1,256,MB,europe-west1,gcp,download,/function/input/2mass-atlas-980914s-k0830221.fits,1.471563,398282138.0
67,2,gcp,europe-west1,256,MB,europe-west1,gcp,download,/function/input/2mass-atlas-980914s-k0830233.fits,1.468954,236389422.5
68,2,gcp,europe-west1,256,MB,europe-west1,gcp,download,/function/input/2mass-atlas-980914s-k0830245.fits,1.46679,494135232.5
69,2,gcp,europe-west1,256,MB,europe-west1,gcp,download,/function/input/2mass-atlas-980914s-k0840033.fits,1.467584,909693108.5
70,2,gcp,europe-west1,256,MB,europe-west1,gcp,download,/function/input/2mass-atlas-980914s-k0840044.fits,1.466204,244680416.5
71,2,gcp,europe-west1,256,MB,europe-west1,gcp,download,/function/input/2mass-atlas-980914s-k0840056.fits,1.46731,165078503.0
72,2,gcp,europe-west1,256,MB,europe-west1,gcp,download,/function/mProjectPP,5.457288,897716362.5
73,2,gcp,europe-west1,256,MB,europe-west1,gcp,download,/function/region.hdr,0.000277,122324645.0
74,2,gcp,europe-west1,256,MB,europe-west1,gcp,upload,/function/p2mass-atlas-001020s-k0860033.fits,4.14432,7040134407.0
75,2,gcp,europe-west1,256,MB,europe-west1,gcp,upload,/function/p2mass-atlas-001020s-k0860033_area.fits,4.14432,963922076.5
76,2,gcp,europe-west1,256,MB,europe-west1,gcp,upload,/function/p2mass-atlas-001020s-k0860044.fits,4.14432,6671998198.5
77,2,gcp,europe-west1,256,MB,europe-west1,gcp,upload,/function/p2mass-atlas-001020s-k0860044_area.fits,4.14432,893455955.0
78,2,gcp,europe-west1,256,MB,europe-west1,gcp,upload,/function/p2mass-atlas-001020s-k0860056.fits,4.14432,6542129628.0
79,2,gcp,europe-west1,256,MB,europe-west1,gcp,upload,/function/p2mass-atlas-001020s-k0860056_area.fits,4.14432,454130123.5
80,2,gcp,europe-west1,256,MB,europe-west1,gcp,upload,/function/p2mass-atlas-001020s-k0870221.fits,4.13568,5989050391.5
81,2,gcp,europe-west1,256,MB,europe-west1,gcp,upload,/function/p2mass-atlas-001020s-k0870221_area.fits,4.13568,1130540764.0
82,2,gcp,europe-west1,256,MB,europe-west1,gcp,upload,/function/p2mass-atlas-001020s-k0870233.fits,4.13568,3542386702.0
83,2,gcp,europe-west1,256,MB,europe-west1,gcp,upload,/function/p2mass-atlas-001020s-k0870233_area.fits,4.13568,818340834.5
84,2,gcp,europe-west1,256,MB,europe-west1,gcp,upload,/function/p2mass-atlas-001020s-k0870245.fits,4.13568,6990221080.5
85,2,gcp,europe-west1,256,MB,europe-west1,gcp,upload,/function/p2mass-atlas-001020s-k0870245_area.fits,4.13568,1260380276.0
86,2,gcp,europe-west1,256,MB,europe-west1,gcp,upload,/function/p2mass-atlas-001021s-k0490221.fits,4.13568,3097508286.5
87,2,gcp,europe-west1,256,MB,europe-west1,gcp,upload,/function/p2mass-atlas-001021s-k0490221_area.fits,4.13568,567753625.0
88,2,gcp,europe-west1,256,MB,europe-west1,gcp,upload,/function/p2mass-atlas-001021s-k0490233.fits,4.13568,1505372909.0
89,2,gcp,europe-west1,256,MB,europe-west1,gcp,upload,/function/p2mass-atlas-001021s-k0490233_area.fits,4.13568,372206983.5
90,2,gcp,europe-west1,256,MB,europe-west1,gcp,upload,/function/p2mass-atlas-001021s-k0490245.fits,4.14432,1241641684.5
91,2,gcp,europe-west1,256,MB,europe-west1,gcp,upload,/function/p2mass-atlas-001021s-k0490245_area.fits,4.14432,398668527.0
92,2,gcp,europe-west1,256,MB,europe-west1,gcp,upload,/function/p2mass-atlas-001021s-k0560033.fits,4.15296,5405319439.5
93,2,gcp,europe-west1,256,MB,europe-west1,gcp,upload,/function/p2mass-atlas-001021s-k0560033_area.fits,4.15296,1175285526.0
94,2,gcp,europe-west1,256,MB,europe-west1,gcp,upload,/function/p2mass-atlas-001021s-k0560044.fits,4.14432,946321680.5
95,2,gcp,europe-west1,256,MB,europe-west1,gcp,upload,/function/p2mass-atlas-001021s-k0560044_area.fits,4.14432,236015748.0
96,2,gcp,europe-west1,256,MB,europe-west1,gcp,upload,/function/p2mass-atlas-001021s-k0560056.fits,4.13568,1030016558.0
97,2,gcp,europe-west1,256,MB,europe-west1,gcp,upload,/function/p2mass-atlas-001021s-k0560056_area.fits,4.13568,240006419.0
98,2,gcp,europe-west1,256,MB,europe-west1,gcp,upload,/function/p2mass-atlas-001021s-k0570221.fits,4.14432,989483791.0
99,2,gcp,europe-west1,256,MB,europe-west1,gcp,upload,/function/p2mass-atlas-001021s-k0570221_area.fits,4.14432,240145922.0
100,2,gcp,europe-west1,256,MB,europe-west1,gcp,upload,/function/p2mass-atlas-001021s-k0570233.fits,4.13568,3594077351.5
101,2,gcp,europe-west1,256,MB,europe-west1,gcp,upload,/function/p2mass-atlas-001021s-k0570233_area.fits,4.13568,662070259.0
102,2,gcp,europe-west1,256,MB,europe-west1,gcp,upload,/function/p2mass-atlas-001021s-k0570245.fits,4.14432,6253126645.5
103,2,gcp,europe-west1,256,MB,europe-west1,gcp,upload,/function/p2mass-atlas-001021s-k0570245_area.fits,4.14432,1441867897.0
104,2,gcp,europe-west1,256,MB,europe-west1,gcp,upload,/function/p2mass-atlas-980914s-k0800033.fits,4.14432,5506973105.5
105,2,gcp,europe-west1,256,MB,europe-west1,gcp,upload,/function/p2mass-atlas-980914s-k0800033_area.fits,4.14432,532612596.0
106,2,gcp,europe-west1,256,MB,europe-west1,gcp,upload,/function/p2mass-atlas-980914s-k0800044.fits,4.14432,5544241805.0
107,2,gcp,europe-west1,256,MB,europe-west1,gcp,upload,/function/p2mass-atlas-980914s-k0800044_area.fits,4.14432,801331876.0
108,2,gcp,europe-west1,256,MB,europe-west1,gcp,upload,/function/p2mass-atlas-980914s-k0800056.fits,4.14432,5603546914.5
109,2,gcp,europe-west1,256,MB,europe-west1,gcp,upload,/function/p2mass-atlas-980914s-k0800056_area.fits,4.14432,777541728.0
110,2,gcp,europe-west1,256,MB,europe-west1,gcp,upload,/function/p2mass-atlas-980914s-k0810221.fits,4.14432,6103058662.5
111,2,gcp,europe-west1,256,MB,europe-west1,gcp,upload,/function/p2mass-atlas-980914s-k0810221_area.fits,4.14432,625308003.5
112,2,gcp,europe-west1,256,MB,europe-west1,gcp,upload,/function/p2mass-atlas-980914s-k0810233.fits,4.14432,5423315670.0
113,2,gcp,europe-west1,256,MB,europe-west1,gcp,upload,/function/p2mass-atlas-980914s-k0810233_area.fits,4.14432,773692317.0
114,2,gcp,europe-west1,256,MB,europe-west1,gcp,upload,/function/p2mass-atlas-980914s-k0810245.fits,4.14432,7110379981.5
115,2,gcp,europe-west1,256,MB,europe-west1,gcp,upload,/function/p2mass-atlas-980914s-k0810245_area.fits,4.14432,1148646001.0
116,2,gcp,europe-west1,256,MB,europe-west1,gcp,upload,/function/p2mass-atlas-980914s-k0820033.fits,4.14432,7379356346.5
117,2,gcp,europe-west1,256,MB,europe-west1,gcp,upload,/function/p2mass-atlas-980914s-k0820033_area.fits,4.14432,581041933.0
118,2,gcp,europe-west1,256,MB,europe-west1,gcp,upload,/function/p2mass-atlas-980914s-k0820044.fits,4.14432,6136822035.0
119,2,gcp,europe-west1,256,MB,europe-west1,gcp,upload,/function/p2mass-atlas-980914s-k0820044_area.fits,4.14432,911627357.0
120,2,gcp,europe-west1,256,MB,europe-west1,gcp,upload,/function/p2mass-atlas-980914s-k0820056.fits,4.13568,7048208306.0
121,2,gcp,europe-west1,256,MB,europe-west1,gcp,upload,/function/p2mass-atlas-980914s-k0820056_area.fits,4.13568,522820342.5
122,2,gcp,europe-west1,256,MB,europe-west1,gcp,upload,/function/p2mass-atlas-980914s-k0830221.fits,4.14432,5797913445.5
123,2,gcp,europe-west1,256,MB,europe-west1,gcp,upload,/function/p2mass-atlas-980914s-k0830221_area.fits,4.14432,599172973.0
124,2,gcp,europe-west1,256,MB,europe-west1,gcp,upload,/function/p2mass-atlas-980914s-k0830233.fits,4.14432,5742879414.5
125,2,gcp,europe-west1,256,MB,europe-west1,gcp,upload,/function/p2mass-atlas-980914s-k0830233_area.fits,4.14432,800205242.5
126,2,gcp,europe-west1,256,MB,europe-west1,gcp,upload,/function/p2mass-atlas-980914s-k0830245.fits,4.14432,5877756557.0
127,2,gcp,europe-west1,256,MB,europe-west1,gcp,upload,/function/p2mass-atlas-980914s-k0830245_area.fits,4.14432,798735026.5
128,2,gcp,europe-west1,256,MB,europe-west1,gcp,upload,/function/p2mass-atlas-980914s-k0840033.fits,4.14432,5747946143.0
129,2,gcp,europe-west1,256,MB,europe-west1,gcp,upload,/function/p2mass-atlas-980914s-k0840033_area.fits,4.14432,991589164.5
130,2,gcp,europe-west1,256,MB,europe-west1,gcp,upload,/function/p2mass-atlas-980914s-k0840044.fits,4.14432,4580617893.5
131,2,gcp,europe-west1,256,MB,europe-west1,gcp,upload,/function/p2mass-atlas-980914s-k0840044_area.fits,4.14432,663712062.0
132,2,gcp,europe-west1,256,MB,europe-west1,gcp,upload,/function/p2mass-atlas-980914s-k0840056.fits,4.14432,1137836031.5
133,2,gcp,europe-west1,256,MB,europe-west1,gcp,upload,/function/p2mass-atlas-980914s-k0840056_area.fits,4.14432,299944053.0
134,4,gcp,europe-west1,256,MB,europe-west1,gcp,download,/function/images.tbl,0.01394,430666035.5
135,4,gcp,europe-west1,256,MB,europe-west1,gcp,download,/function/mDAGTbls,5.47904,1202877058.0
136,4,gcp,europe-west1,256,MB,europe-west1,gcp,download,/function/region.hdr,0.000277,174029008.5
137,4,gcp,europe-west1,256,MB,europe-west1,gcp,upload,/function/cimages.tbl,0.00511,108984610.5
138,4,gcp,europe-west1,256,MB,europe-west1,gcp,upload,/function/pimages.tbl,0.00511,100194168.0
139,4,gcp,europe-west1,256,MB,europe-west1,gcp,upload,/function/rimages.tbl,0.00508,651496976.0
140,5,gcp,europe-west1,256,MB,europe-west1,gcp,download,/function/mOverlaps,0.504048,497991829.5
141,5,gcp,europe-west1,256,MB,europe-west1,gcp,download,/function/pimages.tbl,0.00511,560761607.0
142,5,gcp,europe-west1,256,MB,europe-west1,gcp,upload,/function/diffs.tbl,0.016167,305903247.0
143,6,gcp,europe-west1,256,MB,europe-west1,gcp,download,/function/diffs.tbl,0.016167,651442336.0
144,7,gcp,europe-west1,256,MB,europe-west1,gcp,download,/function/mDiff,5.373008,600571273.0
145,7,gcp,europe-west1,256,MB,europe-west1,gcp,download,/function/mFitplane,5.372232,594888736.0
146,7,gcp,europe-west1,256,MB,europe-west1,gcp,download,/function/p2mass-atlas-001020s-k0860033.fits,4.14432,454678193.0
147,7,gcp,europe-west1,256,MB,europe-west1,gcp,download,/function/p2mass-atlas-001020s-k0860033_area.fits,4.14432,423719088.0
148,7,gcp,europe-west1,256,MB,europe-west1,gcp,download,/function/p2mass-atlas-001020s-k0860044.fits,4.14432,499181434.0
149,7,gcp,europe-west1,256,MB,europe-west1,gcp,download,/function/p2mass-atlas-001020s-k0860044_area.fits,4.14432,709812478.0
150,7,gcp,europe-west1,256,MB,europe-west1,gcp,download,/function/p2mass-atlas-001020s-k0860056.fits,4.14432,513211223.0
151,7,gcp,europe-west1,256,MB,europe-west1,gcp,download,/function/p2mass-atlas-001020s-k0860056_area.fits,4.14432,495067898.0
152,7,gcp,europe-west1,256,MB,europe-west1,gcp,download,/function/p2mass-atlas-001020s-k0870221.fits,4.13568,498600476.0
153,7,gcp,europe-west1,256,MB,europe-west1,gcp,download,/function/p2mass-atlas-001020s-k0870221_area.fits,4.13568,461528324.0
154,7,gcp,europe-west1,256,MB,europe-west1,gcp,download,/function/p2mass-atlas-001020s-k0870233.fits,4.13568,689375080.5
155,7,gcp,europe-west1,256,MB,europe-west1,gcp,download,/function/p2mass-atlas-001020s-k0870233_area.fits,4.13568,455678509.5
156,7,gcp,europe-west1,256,MB,europe-west1,gcp,download,/function/p2mass-atlas-001020s-k0870245.fits,4.13568,493854553.0
157,7,gcp,europe-west1,256,MB,europe-west1,gcp,download,/function/p2mass-atlas-001020s-k0870245_area.fits,4.13568,454297021.0
158,7,gcp,europe-west1,256,MB,europe-west1,gcp,download,/function/p2mass-atlas-001021s-k0490221.fits,4.13568,496969889.0
159,7,gcp,europe-west1,256,MB,europe-west1,gcp,download,/function/p2mass-atlas-001021s-k0490221_area.fits,4.13568,458326273.0
160,7,gcp,europe-west1,256,MB,europe-west1,gcp,download,/function/p2mass-atlas-001021s-k0490233.fits,4.13568,496804627.0
161,7,gcp,europe-west1,256,MB,europe-west1,gcp,download,/function/p2mass-atlas-001021s-k0490233_area.fits,4.13568,693669746.0
162,7,gcp,europe-west1,256,MB,europe-west1,gcp,download,/function/p2mass-atlas-001021s-k0490245.fits,4.14432,412387860.0
163,7,gcp,europe-west1,256,MB,europe-west1,gcp,download,/function/p2mass-atlas-001021s-k0490245_area.fits,4.14432,703307876.0
164,7,gcp,europe-west1,256,MB,europe-west1,gcp,download,/function/p2mass-atlas-001021s-k0560033.fits,4.15296,648892627.0
165,7,gcp,europe-west1,256,MB,europe-west1,gcp,download,/function/p2mass-atlas-001021s-k0560033_area.fits,4.15296,495120759.0
166,7,gcp,europe-west1,256,MB,europe-west1,gcp,download,/function/p2mass-atlas-001021s-k0560044.fits,4.14432,457170560.0
167,7,gcp,europe-west1,256,MB,europe-west1,gcp,download,/function/p2mass-atlas-001021s-k0560044_area.fits,4.14432,500899479.0
168,7,gcp,europe-west1,256,MB,europe-west1,gcp,download,/function/p2mass-atlas-001021s-k0560056.fits,4.13568,791036687.5
169,7,gcp,europe-west1,256,MB,europe-west1,gcp,download,/function/p2mass-atlas-001021s-k0560056_area.fits,4.13568,500646935.5
170,7,gcp,europe-west1,256,MB,europe-west1,gcp,download,/function/p2mass-atlas-001021s-k0570221.fits,4.14432,671504450.0
171,7,gcp,europe-west1,256,MB,europe-west1,gcp,download,/function/p2mass-atlas-001021s-k0570221_area.fits,4.14432,499170435.0
172,7,gcp,europe-west1,256,MB,europe-west1,gcp,download,/function/p2mass-atlas-001021s-k0570233.fits,4.13568,501634502.0
173,7,gcp,europe-west1,256,MB,europe-west1,gcp,download,/function/p2mass-atlas-001021s-k0570233_area.fits,4.13568,496334814.0
174,7,gcp,europe-west1,256,MB,europe-west1,gcp,download,/function/p2mass-atlas-001021s-k0570245.fits,4.14432,759475726.0
175,7,gcp,europe-west1,256,MB,europe-west1,gcp,download,/function/p2mass-atlas-001021s-k0570245_area.fits,4.14432,497935327.0
176,7,gcp,europe-west1,256,MB,europe-west1,gcp,download,/function/p2mass-atlas-980914s-k0800033.fits,4.14432,496833369.0
177,7,gcp,europe-west1,256,MB,europe-west1,gcp,download,/function/p2mass-atlas-980914s-k0800033_area.fits,4.14432,454965165.0
178,7,gcp,europe-west1,256,MB,europe-west1,gcp,download,/function/p2mass-atlas-980914s-k0800044.fits,4.14432,498891556.0
179,7,gcp,europe-west1,256,MB,europe-west1,gcp,download,/function/p2mass-atlas-980914s-k0800044_area.fits,4.14432,706917302.0
180,7,gcp,europe-west1,256,MB,europe-west1,gcp,download,/function/p2mass-atlas-980914s-k0800056.fits,4.14432,501791078.0
181,7,gcp,europe-west1,256,MB,europe-west1,gcp,download,/function/p2mass-atlas-980914s-k0800056_area.fits,4.14432,497800628.0
182,7,gcp,europe-west1,256,MB,europe-west1,gcp,download,/function/p2mass-atlas-980914s-k0810221.fits,4.14432,494318855.0
183,7,gcp,europe-west1,256,MB,europe-west1,gcp,download,/function/p2mass-atlas-980914s-k0810221_area.fits,4.14432,600467615.0
184,7,gcp,europe-west1,256,MB,europe-west1,gcp,download,/function/p2mass-atlas-980914s-k0810233.fits,4.14432,495379188.5
185,7,gcp,europe-west1,256,MB,europe-west1,gcp,download,/function/p2mass-atlas-980914s-k0810233_area.fits,4.14432,600820672.5
186,7,gcp,europe-west1,256,MB,europe-west1,gcp,download,/function/p2mass-atlas-980914s-k0810245.fits,4.14432,496094531.0
187,7,gcp,europe-west1,256,MB,europe-west1,gcp,download,/function/p2mass-atlas-980914s-k0810245_area.fits,4.14432,714228680.0
188,7,gcp,europe-west1,256,MB,europe-west1,gcp,download,/function/p2mass-atlas-980914s-k0820033.fits,4.14432,411559510.0
189,7,gcp,europe-west1,256,MB,europe-west1,gcp,download,/function/p2mass-atlas-980914s-k0820033_area.fits,4.14432,496685715.0
190,7,gcp,europe-west1,256,MB,europe-west1,gcp,download,/function/p2mass-atlas-980914s-k0820044.fits,4.14432,496625513.0
191,7,gcp,europe-west1,256,MB,europe-west1,gcp,download,/function/p2mass-atlas-980914s-k0820044_area.fits,4.14432,495768226.0
192,7,gcp,europe-west1,256,MB,europe-west1,gcp,download,/function/p2mass-atlas-980914s-k0820056.fits,4.13568,458080209.0
193,7,gcp,europe-west1,256,MB,europe-west1,gcp,download,/function/p2mass-atlas-980914s-k0820056_area.fits,4.13568,498709718.0
194,7,gcp,europe-west1,256,MB,europe-west1,gcp,download,/function/p2mass-atlas-980914s-k0830221.fits,4.14432,495858198.0
195,7,gcp,europe-west1,256,MB,europe-west1,gcp,download,/function/p2mass-atlas-980914s-k0830221_area.fits,4.14432,505610665.0
196,7,gcp,europe-west1,256,MB,europe-west1,gcp,download,/function/p2mass-atlas-980914s-k0830233.fits,4.14432,701465012.5
197,7,gcp,europe-west1,256,MB,europe-west1,gcp,download,/function/p2mass-atlas-980914s-k0830233_area.fits,4.14432,459532053.0
198,7,gcp,europe-west1,256,MB,europe-west1,gcp,download,/function/p2mass-atlas-980914s-k0830245.fits,4.14432,498641645.5
199,7,gcp,europe-west1,256,MB,europe-west1,gcp,download,/function/p2mass-atlas-980914s-k0830245_area.fits,4.14432,452524228.0
200,7,gcp,europe-west1,256,MB,europe-west1,gcp,download,/function/p2mass-atlas-980914s-k0840033.fits,4.14432,906206643.0
201,7,gcp,europe-west1,256,MB,europe-west1,gcp,download,/function/p2mass-atlas-980914s-k0840033_area.fits,4.14432,495562397.0
202,7,gcp,europe-west1,256,MB,europe-west1,gcp,download,/function/p2mass-atlas-980914s-k0840044.fits,4.14432,579708499.0
203,7,gcp,europe-west1,256,MB,europe-west1,gcp,download,/function/p2mass-atlas-980914s-k0840044_area.fits,4.14432,497659277.0
204,7,gcp,europe-west1,256,MB,europe-west1,gcp,download,/function/p2mass-atlas-980914s-k0840056.fits,4.14432,494004134.0
205,7,gcp,europe-west1,256,MB,europe-west1,gcp,download,/function/p2mass-atlas-980914s-k0840056_area.fits,4.14432,691749438.0
206,7,gcp,europe-west1,256,MB,europe-west1,gcp,download,/function/region.hdr,0.000277,55263901.0
207,7,gcp,europe-west1,256,MB,europe-west1,gcp,upload,/function/diff.000001.000007.fits,1.02528,898339313.0
208,7,gcp,europe-west1,256,MB,europe-west1,gcp,upload,/function/diff.000001.000007_area.fits,1.02528,129999139.0
209,7,gcp,europe-west1,256,MB,europe-west1,gcp,upload,/function/diff.000001.000011.fits,3.31776,3013285662.0
210,7,gcp,europe-west1,256,MB,europe-west1,gcp,upload,/function/diff.000001.000011_area.fits,3.31776,552260199.0
211,7,gcp,europe-west1,256,MB,europe-west1,gcp,upload,/function/diff.000001.000012.fits,0.22176,286964556.0
212,7,gcp,europe-west1,256,MB,europe-west1,gcp,upload,/function/diff.000001.000012_area.fits,0.22176,147082280.0
213,7,gcp,europe-west1,256,MB,europe-west1,gcp,upload,/function/diff.000001.000020.fits,0.14112,183302453.0
214,7,gcp,europe-west1,256,MB,europe-west1,gcp,upload,/function/diff.000001.000020_area.fits,0.14112,67142857.0
215,7,gcp,europe-west1,256,MB,europe-west1,gcp,upload,/function/diff.000001.000025.fits,0.03744,152673968.0
216,7,gcp,europe-west1,256,MB,europe-west1,gcp,upload,/function/diff.000001.000025_area.fits,0.03744,76091563.0
217,7,gcp,europe-west1,256,MB,europe-west1,gcp,upload,/function/diff.000001.000026.fits,0.59328,555101217.0
218,7,gcp,europe-west1,256,MB,europe-west1,gcp,upload,/function/diff.000001.000026_area.fits,0.59328,86924835.0
219,7,gcp,europe-west1,256,MB,europe-west1,gcp,upload,/function/diff.000001.000028.fits,0.4464,285577279.0
220,7,gcp,europe-west1,256,MB,europe-west1,gcp,upload,/function/diff.000001.000028_area.fits,0.4464,157774610.0
221,7,gcp,europe-west1,256,MB,europe-west1,gcp,upload,/function/diff.000002.000006.fits,0.4464,127783611.0
222,7,gcp,europe-west1,256,MB,europe-west1,gcp,upload,/function/diff.000002.000006_area.fits,0.4464,90055275.0
223,7,gcp,europe-west1,256,MB,europe-west1,gcp,upload,/function/diff.000002.000009.fits,3.33792,3266387699.0
224,7,gcp,europe-west1,256,MB,europe-west1,gcp,upload,/function/diff.000002.000009_area.fits,3.33792,266994806.0
225,7,gcp,europe-west1,256,MB,europe-west1,gcp,upload,/function/diff.000002.000015.fits,0.22464,292165995.0
226,7,gcp,europe-west1,256,MB,europe-west1,gcp,upload,/function/diff.000002.000015_area.fits,0.22464,145183880.0
227,7,gcp,europe-west1,256,MB,europe-west1,gcp,upload,/function/diff.000002.000016.fits,0.14112,80446887.0
228,7,gcp,europe-west1,256,MB,europe-west1,gcp,upload,/function/diff.000002.000016_area.fits,0.14112,76613898.0
229,7,gcp,europe-west1,256,MB,europe-west1,gcp,upload,/function/diff.000002.000019.fits,0.12672,146214889.0
230,7,gcp,europe-west1,256,MB,europe-west1,gcp,upload,/function/diff.000002.000019_area.fits,0.12672,60863202.0
231,7,gcp,europe-west1,256,MB,europe-west1,gcp,upload,/function/diff.000002.000020.fits,0.14688,148948104.0
232,7,gcp,europe-west1,256,MB,europe-west1,gcp,upload,/function/diff.000002.000020_area.fits,0.14688,70296943.0
233,7,gcp,europe-west1,256,MB,europe-west1,gcp,upload,/function/diff.000002.000023.fits,0.40032,444873598.0
234,7,gcp,europe-west1,256,MB,europe-west1,gcp,upload,/function/diff.000002.000023_area.fits,0.40032,76901997.0
235,7,gcp,europe-west1,256,MB,europe-west1,gcp,upload,/function/diff.000002.000025.fits,0.03168,59128058.0
236,7,gcp,europe-west1,256,MB,europe-west1,gcp,upload,/function/diff.000002.000025_area.fits,0.03168,63770090.0
237,7,gcp,europe-west1,256,MB,europe-west1,gcp,upload,/function/diff.000002.000026.fits,0.52704,301144154.0
238,7,gcp,europe-west1,256,MB,europe-west1,gcp,upload,/function/diff.000002.000026_area.fits,0.52704,88619522.0
239,7,gcp,europe-west1,256,MB,europe-west1,gcp,upload,/function/diff.000002.000027.fits,1.01952,964618399.0
240,7,gcp,europe-west1,256,MB,europe-west1,gcp,upload,/function/diff.000002.000027_area.fits,1.01952,118667540.0
241,7,gcp,europe-west1,256,MB,europe-west1,gcp,upload,/function/diff.000002.000028.fits,0.46656,196534229.0
242,7,gcp,europe-west1,256,MB,europe-west1,gcp,upload,/function/diff.000002.000028_area.fits,0.46656,154211909.0
243,7,gcp,europe-west1,256,MB,europe-west1,gcp,upload,/function/diff.000003.000005.fits,4.06368,4099939343.0
244,7,gcp,europe-west1,256,MB,europe-west1,gcp,upload,/function/diff.000003.000005_area.fits,4.06368,771206846.0
245,7,gcp,europe-west1,256,MB,europe-west1,gcp,upload,/function/diff.000003.000006.fits,0.42912,325875341.0
246,7,gcp,europe-west1,256,MB,europe-west1,gcp,upload,/function/diff.000003.000006_area.fits,0.42912,151639787.0
247,7,gcp,europe-west1,256,MB,europe-west1,gcp,upload,/function/diff.000003.000016.fits,0.13248,157422974.0
248,7,gcp,europe-west1,256,MB,europe-west1,gcp,upload,/function/diff.000003.000016_area.fits,0.13248,88242890.0
249,7,gcp,europe-west1,256,MB,europe-west1,gcp,upload,/function/diff.000003.000019.fits,0.14688,159513487.0
250,7,gcp,europe-west1,256,MB,europe-west1,gcp,upload,/function/diff.000003.000019_area.fits,0.14688,82247329.0
251,7,gcp,europe-west1,256,MB,europe-west1,gcp,upload,/function/diff.000003.000023.fits,0.46656,395504439.0
252,7,gcp,europe-west1,256,MB,europe-west1,gcp,upload,/function/diff.000003.000023_area.fits,0.46656,73333215.0
253,7,gcp,europe-west1,256,MB,europe-west1,gcp,upload,/function/diff.000003.000024.fits,0.22464,343969878.0
254,7,gcp,europe-west1,256,MB,europe-west1,gcp,upload,/function/diff.000003.000024_area.fits,0.22464,62312872.0
255,7,gcp,europe-west1,256,MB,europe-west1,gcp,upload,/function/diff.000003.000029.fits,0.20736,247387115.0
256,7,gcp,europe-west1,256,MB,europe-west1,gcp,upload,/function/diff.000003.000029_area.fits,0.20736,66316367.0
257,7,gcp,europe-west1,256,MB,europe-west1,gcp,upload,/function/diff.000004.000008.fits,0.576,582150223.0
258,7,gcp,europe-west1,256,MB,europe-west1,gcp,upload,/function/diff.000004.000008_area.fits,0.576,121004849.0
259,7,gcp,europe-west1,256,MB,europe-west1,gcp,upload,/function/diff.000004.000010.fits,0.55296,486290421.0
260,7,gcp,europe-west1,256,MB,europe-west1,gcp,upload,/function/diff.000004.000010_area.fits,0.55296,158898758.0
261,7,gcp,europe-west1,256,MB,europe-west1,gcp,upload,/function/diff.000004.000014.fits,0.42912,391807911.0
262,7,gcp,europe-west1,256,MB,europe-west1,gcp,upload,/function/diff.000004.000014_area.fits,0.42912,182447444.0
263,7,gcp,europe-west1,256,MB,europe-west1,gcp,upload,/function/diff.000004.000015.fits,1.01952,860224894.0
264,7,gcp,europe-west1,256,MB,europe-west1,gcp,upload,/function/diff.000004.000015_area.fits,1.01952,182027298.0
265,7,gcp,europe-west1,256,MB,europe-west1,gcp,upload,/function/diff.000004.000016.fits,0.03168,80763352.0
266,7,gcp,europe-west1,256,MB,europe-west1,gcp,upload,/function/diff.000004.000016_area.fits,0.03168,57321473.0
267,7,gcp,europe-west1,256,MB,europe-west1,gcp,upload,/function/diff.000004.000017.fits,3.33216,3198127919.0
268,7,gcp,europe-west1,256,MB,europe-west1,gcp,upload,/function/diff.000004.000017_area.fits,3.33216,394152794.0
269,7,gcp,europe-west1,256,MB,europe-west1,gcp,upload,/function/diff.000004.000019.fits,0.0288,99045907.0
270,7,gcp,europe-west1,256,MB,europe-west1,gcp,upload,/function/diff.000004.000019_area.fits,0.0288,55131091.0
271,7,gcp,europe-west1,256,MB,europe-west1,gcp,upload,/function/diff.000004.000020.fits,0.03456,95061373.0
272,7,gcp,europe-west1,256,MB,europe-west1,gcp,upload,/function/diff.000004.000020_area.fits,0.03456,54321923.0
273,7,gcp,europe-west1,256,MB,europe-west1,gcp,upload,/function/diff.000004.000021.fits,0.49248,474912534.0
274,7,gcp,europe-west1,256,MB,europe-west1,gcp,upload,/function/diff.000004.000021_area.fits,0.49248,109954701.0
275,7,gcp,europe-west1,256,MB,europe-west1,gcp,upload,/function/diff.000004.000025.fits,0.13248,105831150.0
276,7,gcp,europe-west1,256,MB,europe-west1,gcp,upload,/function/diff.000004.000025_area.fits,0.13248,117263293.0
277,7,gcp,europe-west1,256,MB,europe-west1,gcp,upload,/function/diff.000004.000027.fits,0.22176,371097361.0
278,7,gcp,europe-west1,256,MB,europe-west1,gcp,upload,/function/diff.000004.000027_area.fits,0.22176,102608069.0
279,7,gcp,europe-west1,256,MB,europe-west1,gcp,upload,/function/diff.000005.000006.fits,0.47232,324077906.0
280,7,gcp,europe-west1,256,MB,europe-west1,gcp,upload,/function/diff.000005.000006_area.fits,0.47232,148081624.0
281,7,gcp,europe-west1,256,MB,europe-west1,gcp,upload,/function/diff.000005.000016.fits,0.14976,104028252.0
282,7,gcp,europe-west1,256,MB,europe-west1,gcp,upload,/function/diff.000005.000016_area.fits,0.14976,70894600.0
283,7,gcp,europe-west1,256,MB,europe-west1,gcp,upload,/function/diff.000005.000019.fits,0.16128,249985154.0
284,7,gcp,europe-west1,256,MB,europe-west1,gcp,upload,/function/diff.000005.000019_area.fits,0.16128,99370621.0
285,7,gcp,europe-west1,256,MB,europe-west1,gcp,upload,/function/diff.000005.000023.fits,0.50976,494817150.0
286,7,gcp,europe-west1,256,MB,europe-west1,gcp,upload,/function/diff.000005.000023_area.fits,0.50976,62614535.0
287,7,gcp,europe-west1,256,MB,europe-west1,gcp,upload,/function/diff.000005.000024.fits,0.23616,282702250.0
288,7,gcp,europe-west1,256,MB,europe-west1,gcp,upload,/function/diff.000005.000024_area.fits,0.23616,85066461.0
289,7,gcp,europe-west1,256,MB,europe-west1,gcp,upload,/function/diff.000005.000029.fits,0.22176,242780647.0
290,7,gcp,europe-west1,256,MB,europe-west1,gcp,upload,/function/diff.000005.000029_area.fits,0.22176,67989901.0
291,7,gcp,europe-west1,256,MB,europe-west1,gcp,upload,/function/diff.000006.000009.fits,0.54432,558932530.0
292,7,gcp,europe-west1,256,MB,europe-west1,gcp,upload,/function/diff.000006.000009_area.fits,0.54432,106855105.0
293,7,gcp,europe-west1,256,MB,europe-west1,gcp,upload,/function/diff.000006.000016.fits,0.22176,290092963.0
294,7,gcp,europe-west1,256,MB,europe-west1,gcp,upload,/function/diff.000006.000016_area.fits,0.22176,139601531.0
295,7,gcp,europe-west1,256,MB,europe-west1,gcp,upload,/function/diff.000006.000019.fits,0.22752,253734208.0
296,7,gcp,europe-west1,256,MB,europe-west1,gcp,upload,/function/diff.000006.000019_area.fits,0.22752,140451663.0
297,7,gcp,europe-west1,256,MB,europe-west1,gcp,upload,/function/diff.000006.000023.fits,4.06656,4037337971.0
298,7,gcp,europe-west1,256,MB,europe-west1,gcp,upload,/function/diff.000006.000023_area.fits,4.06656,426751593.0
299,7,gcp,europe-west1,256,MB,europe-west1,gcp,upload,/function/diff.000006.000027.fits,0.03168,149791842.0
300,7,gcp,europe-west1,256,MB,europe-west1,gcp,upload,/function/diff.000006.000027_area.fits,0.03168,65560870.0
301,7,gcp,europe-west1,256,MB,europe-west1,gcp,upload,/function/diff.000007.000008.fits,0.03168,144111171.0
302,7,gcp,europe-west1,256,MB,europe-west1,gcp,upload,/function/diff.000007.000008_area.fits,0.03168,56831182.0
303,7,gcp,europe-west1,256,MB,europe-west1,gcp,upload,/function/diff.000007.000011.fits,0.22464,414310543.0
304,7,gcp,europe-west1,256,MB,europe-west1,gcp,upload,/function/diff.000007.000011_area.fits,0.22464,144362132.0
305,7,gcp,europe-west1,256,MB,europe-west1,gcp,upload,/function/diff.000007.000012.fits,3.31776,3202239662.0
306,7,gcp,europe-west1,256,MB,europe-west1,gcp,upload,/function/diff.000007.000012_area.fits,3.31776,476973129.0
307,7,gcp,europe-west1,256,MB,europe-west1,gcp,upload,/function/diff.000007.000013.fits,0.22464,340998655.0
308,7,gcp,europe-west1,256,MB,europe-west1,gcp,upload,/function/diff.000007.000013_area.fits,0.22464,63936909.0
309,7,gcp,europe-west1,256,MB,europe-west1,gcp,upload,/function/diff.000007.000020.fits,0.53568,539947045.0
310,7,gcp,europe-west1,256,MB,europe-west1,gcp,upload,/function/diff.000007.000020_area.fits,0.53568,67200440.0
311,7,gcp,europe-west1,256,MB,europe-west1,gcp,upload,/function/diff.000007.000025.fits,0.46656,438996612.0
312,7,gcp,europe-west1,256,MB,europe-west1,gcp,upload,/function/diff.000007.000025_area.fits,0.46656,105757105.0
313,7,gcp,europe-west1,256,MB,europe-west1,gcp,upload,/function/diff.000007.000026.fits,0.144,145518496.0
314,7,gcp,europe-west1,256,MB,europe-west1,gcp,upload,/function/diff.000007.000026_area.fits,0.144,59844193.0
315,7,gcp,europe-west1,256,MB,europe-west1,gcp,upload,/function/diff.000007.000028.fits,0.03168,53662047.0
316,7,gcp,europe-west1,256,MB,europe-west1,gcp,upload,/function/diff.000007.000028_area.fits,0.03168,68910540.0
317,7,gcp,europe-west1,256,MB,europe-west1,gcp,upload,/function/diff.000008.000012.fits,0.14112,149619089.0
318,7,gcp,europe-west1,256,MB,europe-west1,gcp,upload,/function/diff.000008.000012_area.fits,0.14112,67497071.0
319,7,gcp,europe-west1,256,MB,europe-west1,gcp,upload,/function/diff.000008.000013.fits,0.53568,480313811.0
320,7,gcp,europe-west1,256,MB,europe-west1,gcp,upload,/function/diff.000008.000013_area.fits,0.53568,76577191.0
321,7,gcp,europe-west1,256,MB,europe-west1,gcp,upload,/function/diff.000008.000014.fits,3.30624,3699176945.0
322,7,gcp,europe-west1,256,MB,europe-west1,gcp,upload,/function/diff.000008.000014_area.fits,3.30624,398205576.0
323,7,gcp,europe-west1,256,MB,europe-west1,gcp,upload,/function/diff.000008.000015.fits,0.144,97534126.0
324,7,gcp,europe-west1,256,MB,europe-west1,gcp,upload,/function/diff.000008.000015_area.fits,0.144,68813912.0
325,7,gcp,europe-west1,256,MB,europe-west1,gcp,upload,/function/diff.000008.000017.fits,0.4608,333035234.0
326,7,gcp,europe-west1,256,MB,europe-west1,gcp,upload,/function/diff.000008.000017_area.fits,0.4608,63374496.0
327,7,gcp,europe-west1,256,MB,europe-west1,gcp,upload,/function/diff.000008.000020.fits,0.22176,295052084.0
328,7,gcp,europe-west1,256,MB,europe-west1,gcp,upload,/function/diff.000008.000020_area.fits,0.22176,98758040.0
329,7,gcp,europe-west1,256,MB,europe-west1,gcp,upload,/function/diff.000008.000022.fits,0.4464,295004053.0
330,7,gcp,europe-west1,256,MB,europe-west1,gcp,upload,/function/diff.000008.000022_area.fits,0.4464,141619351.0
331,7,gcp,europe-west1,256,MB,europe-west1,gcp,upload,/function/diff.000008.000025.fits,1.00512,1090098800.0
332,7,gcp,europe-west1,256,MB,europe-west1,gcp,upload,/function/diff.000008.000025_area.fits,1.00512,113407072.0
333,7,gcp,europe-west1,256,MB,europe-west1,gcp,upload,/function/diff.000008.000027.fits,0.03456,65278162.0
334,7,gcp,europe-west1,256,MB,europe-west1,gcp,upload,/function/diff.000008.000027_area.fits,0.03456,77738221.0
335,7,gcp,europe-west1,256,MB,europe-west1,gcp,upload,/function/diff.000009.000016.fits,0.03456,70000934.0
336,7,gcp,europe-west1,256,MB,europe-west1,gcp,upload,/function/diff.000009.000016_area.fits,0.03456,58388651.0
337,7,gcp,europe-west1,256,MB,europe-west1,gcp,upload,/function/diff.000009.000019.fits,0.03168,89537938.0
338,7,gcp,europe-west1,256,MB,europe-west1,gcp,upload,/function/diff.000009.000019_area.fits,0.03168,68993172.0
339,7,gcp,europe-west1,256,MB,europe-west1,gcp,upload,/function/diff.000009.000020.fits,0.03456,68345921.0
340,7,gcp,europe-west1,256,MB,europe-west1,gcp,upload,/function/diff.000009.000020_area.fits,0.03456,61848411.0
341,7,gcp,europe-west1,256,MB,europe-west1,gcp,upload,/function/diff.000009.000023.fits,0.48672,389425739.0
342,7,gcp,europe-west1,256,MB,europe-west1,gcp,upload,/function/diff.000009.000023_area.fits,0.48672,99623987.0
343,7,gcp,europe-west1,256,MB,europe-west1,gcp,upload,/function/diff.000009.000026.fits,0.43488,279183951.0
344,7,gcp,europe-west1,256,MB,europe-west1,gcp,upload,/function/diff.000009.000026_area.fits,0.43488,114515089.0
345,7,gcp,europe-west1,256,MB,europe-west1,gcp,upload,/function/diff.000009.000027.fits,0.22176,291486973.0
346,7,gcp,europe-west1,256,MB,europe-west1,gcp,upload,/function/diff.000009.000027_area.fits,0.22176,99314384.0
347,7,gcp,europe-west1,256,MB,europe-west1,gcp,upload,/function/diff.000009.000028.fits,0.58464,532302560.0
348,7,gcp,europe-west1,256,MB,europe-west1,gcp,upload,/function/diff.000009.000028_area.fits,0.58464,101277241.0
349,7,gcp,europe-west1,256,MB,europe-west1,gcp,upload,/function/diff.000010.000015.fits,0.14112,75313238.0
350,7,gcp,europe-west1,256,MB,europe-west1,gcp,upload,/function/diff.000010.000015_area.fits,0.14112,81184238.0
351,7,gcp,europe-west1,256,MB,europe-west1,gcp,upload,/function/diff.000010.000016.fits,0.22176,303150141.0
352,7,gcp,europe-west1,256,MB,europe-west1,gcp,upload,/function/diff.000010.000016_area.fits,0.22176,133078854.0
353,7,gcp,europe-west1,256,MB,europe-west1,gcp,upload,/function/diff.000010.000017.fits,0.45216,283430677.0
354,7,gcp,europe-west1,256,MB,europe-west1,gcp,upload,/function/diff.000010.000017_area.fits,0.45216,85117754.0
355,7,gcp,europe-west1,256,MB,europe-west1,gcp,upload,/function/diff.000010.000018.fits,0.47232,291731937.0
356,7,gcp,europe-west1,256,MB,europe-west1,gcp,upload,/function/diff.000010.000018_area.fits,0.47232,94275874.0
357,7,gcp,europe-west1,256,MB,europe-west1,gcp,upload,/function/diff.000010.000019.fits,0.21024,300702683.0
358,7,gcp,europe-west1,256,MB,europe-west1,gcp,upload,/function/diff.000010.000019_area.fits,0.21024,56371767.0
359,7,gcp,europe-west1,256,MB,europe-west1,gcp,upload,/function/diff.000010.000021.fits,4.0752,4775134320.0
360,7,gcp,europe-west1,256,MB,europe-west1,gcp,upload,/function/diff.000010.000021_area.fits,4.0752,401420056.0
361,7,gcp,europe-west1,256,MB,europe-west1,gcp,upload,/function/diff.000010.000024.fits,0.1296,178025193.0
362,7,gcp,europe-west1,256,MB,europe-west1,gcp,upload,/function/diff.000010.000024_area.fits,0.1296,68917112.0
363,7,gcp,europe-west1,256,MB,europe-west1,gcp,upload,/function/diff.000010.000027.fits,0.03456,148837821.0
364,7,gcp,europe-west1,256,MB,europe-west1,gcp,upload,/function/diff.000010.000027_area.fits,0.03456,57287510.0
365,7,gcp,europe-west1,256,MB,europe-west1,gcp,upload,/function/diff.000010.000029.fits,0.14688,85471455.0
366,7,gcp,europe-west1,256,MB,europe-west1,gcp,upload,/function/diff.000010.000029_area.fits,0.14688,66936577.0
367,7,gcp,europe-west1,256,MB,europe-west1,gcp,upload,/function/diff.000010.000030.fits,0.42912,397755292.0
368,7,gcp,europe-west1,256,MB,europe-west1,gcp,upload,/function/diff.000010.000030_area.fits,0.42912,158847698.0
369,7,gcp,europe-west1,256,MB,europe-west1,gcp,upload,/function/diff.000011.000020.fits,0.03168,54752666.0
370,7,gcp,europe-west1,256,MB,europe-west1,gcp,upload,/function/diff.000011.000020_area.fits,0.03168,55479214.0
371,7,gcp,europe-west1,256,MB,europe-west1,gcp,upload,/function/diff.000011.000026.fits,0.46656,402603513.0
372,7,gcp,europe-west1,256,MB,europe-west1,gcp,upload,/function/diff.000011.000026_area.fits,0.46656,80882751.0
373,7,gcp,europe-west1,256,MB,europe-west1,gcp,upload,/function/diff.000011.000028.fits,0.53568,510317129.0
374,7,gcp,europe-west1,256,MB,europe-west1,gcp,upload,/function/diff.000011.000028_area.fits,0.53568,111545674.0
375,7,gcp,europe-west1,256,MB,europe-west1,gcp,upload,/function/diff.000012.000013.fits,1.02528,863355565.0
376,7,gcp,europe-west1,256,MB,europe-west1,gcp,upload,/function/diff.000012.000013_area.fits,1.02528,251743493.0
377,7,gcp,europe-west1,256,MB,europe-west1,gcp,upload,/function/diff.000012.000014.fits,0.03744,56083576.0
378,7,gcp,europe-west1,256,MB,europe-west1,gcp,upload,/function/diff.000012.000014_area.fits,0.03744,63324549.0
379,7,gcp,europe-west1,256,MB,europe-west1,gcp,upload,/function/diff.000012.000020.fits,0.4464,322823216.0
380,7,gcp,europe-west1,256,MB,europe-west1,gcp,upload,/function/diff.000012.000020_area.fits,0.4464,158067742.0
381,7,gcp,europe-west1,256,MB,europe-west1,gcp,upload,/function/diff.000012.000022.fits,0.22176,334600311.0
382,7,gcp,europe-west1,256,MB,europe-west1,gcp,upload,/function/diff.000012.000022_area.fits,0.22176,68873321.0
383,7,gcp,europe-west1,256,MB,europe-west1,gcp,upload,/function/diff.000012.000025.fits,0.59328,600866397.0
384,7,gcp,europe-west1,256,MB,europe-west1,gcp,upload,/function/diff.000012.000025_area.fits,0.59328,90119354.0
385,7,gcp,europe-west1,256,MB,europe-west1,gcp,upload,/function/diff.000012.000026.fits,0.03456,64827981.0
386,7,gcp,europe-west1,256,MB,europe-west1,gcp,upload,/function/diff.000012.000026_area.fits,0.03456,100847289.0
387,7,gcp,europe-west1,256,MB,europe-west1,gcp,upload,/function/diff.000013.000014.fits,0.4608,428177570.0
388,7,gcp,europe-west1,256,MB,europe-west1,gcp,upload,/function/diff.000013.000014_area.fits,0.4608,92347977.0
389,7,gcp,europe-west1,256,MB,europe-west1,gcp,upload,/function/diff.000013.000020.fits,0.03168,59116697.0
390,7,gcp,europe-west1,256,MB,europe-west1,gcp,upload,/function/diff.000013.000020_area.fits,0.03168,61281720.0
391,7,gcp,europe-west1,256,MB,europe-west1,gcp,upload,/function/diff.000013.000022.fits,3.31776,2673525349.0
392,7,gcp,europe-west1,256,MB,europe-west1,gcp,upload,/function/diff.000013.000022_area.fits,3.31776,249966384.0
393,7,gcp,europe-west1,256,MB,europe-west1,gcp,upload,/function/diff.000013.000025.fits,0.144,145153649.0
394,7,gcp,europe-west1,256,MB,europe-west1,gcp,upload,/function/diff.000013.000025_area.fits,0.144,58957692.0
395,7,gcp,europe-west1,256,MB,europe-west1,gcp,upload,/function/diff.000014.000015.fits,0.03168,134818917.0
396,7,gcp,europe-west1,256,MB,europe-west1,gcp,upload,/function/diff.000014.000015_area.fits,0.03168,59332000.0
397,7,gcp,europe-west1,256,MB,europe-west1,gcp,upload,/function/diff.000014.000017.fits,0.52128,527198417.0
398,7,gcp,europe-west1,256,MB,europe-west1,gcp,upload,/function/diff.000014.000017_area.fits,0.52128,139739748.0
399,7,gcp,europe-west1,256,MB,europe-west1,gcp,upload,/function/diff.000014.000022.fits,0.58464,688684969.0
400,7,gcp,europe-west1,256,MB,europe-west1,gcp,upload,/function/diff.000014.000022_area.fits,0.58464,108698266.0
401,7,gcp,europe-west1,256,MB,europe-west1,gcp,upload,/function/diff.000014.000025.fits,0.22176,276643741.0
402,7,gcp,europe-west1,256,MB,europe-west1,gcp,upload,/function/diff.000014.000025_area.fits,0.22176,136526823.0
403,7,gcp,europe-west1,256,MB,europe-west1,gcp,upload,/function/diff.000015.000016.fits,0.4464,294260038.0
404,7,gcp,europe-west1,256,MB,europe-west1,gcp,upload,/function/diff.000015.000016_area.fits,0.4464,143935572.0
405,7,gcp,europe-west1,256,MB,europe-west1,gcp,upload,/function/diff.000015.000017.fits,0.22464,279592463.0
406,7,gcp,europe-west1,256,MB,europe-west1,gcp,upload,/function/diff.000015.000017_area.fits,0.22464,99394592.0
407,7,gcp,europe-west1,256,MB,europe-west1,gcp,upload,/function/diff.000015.000019.fits,0.40608,401013465.0
408,7,gcp,europe-west1,256,MB,europe-west1,gcp,upload,/function/diff.000015.000019_area.fits,0.40608,108846957.0
409,7,gcp,europe-west1,256,MB,europe-west1,gcp,upload,/function/diff.000015.000020.fits,0.46656,193679361.0
410,7,gcp,europe-west1,256,MB,europe-west1,gcp,upload,/function/diff.000015.000020_area.fits,0.46656,156767256.0
411,7,gcp,europe-west1,256,MB,europe-west1,gcp,upload,/function/diff.000015.000021.fits,0.1296,125187091.0
412,7,gcp,europe-west1,256,MB,europe-west1,gcp,upload,/function/diff.000015.000021_area.fits,0.1296,77661515.0
413,7,gcp,europe-west1,256,MB,europe-west1,gcp,upload,/function/diff.000015.000025.fits,0.52704,635983647.0
414,7,gcp,europe-west1,256,MB,europe-west1,gcp,upload,/function/diff.000015.000025_area.fits,0.52704,113425353.0
415,7,gcp,europe-west1,256,MB,europe-west1,gcp,upload,/function/diff.000015.000026.fits,0.03168,60056518.0
416,7,gcp,europe-west1,256,MB,europe-west1,gcp,upload,/function/diff.000015.000026_area.fits,0.03168,89158215.0
417,7,gcp,europe-west1,256,MB,europe-west1,gcp,upload,/function/diff.000015.000027.fits,3.33216,3265618702.0
418,7,gcp,europe-west1,256,MB,europe-west1,gcp,upload,/function/diff.000015.000027_area.fits,3.33216,355118300.0
419,7,gcp,europe-west1,256,MB,europe-west1,gcp,upload,/function/diff.000016.000019.fits,4.0752,5092583236.0
420,7,gcp,europe-west1,256,MB,europe-west1,gcp,upload,/function/diff.000016.000019_area.fits,4.0752,369546873.0
421,7,gcp,europe-west1,256,MB,europe-west1,gcp,upload,/function/diff.000016.000021.fits,0.22752,237844956.0
422,7,gcp,europe-west1,256,MB,europe-west1,gcp,upload,/function/diff.000016.000021_area.fits,0.22752,143830899.0
423,7,gcp,europe-west1,256,MB,europe-west1,gcp,upload,/function/diff.000016.000023.fits,0.21024,230534218.0
424,7,gcp,europe-west1,256,MB,europe-west1,gcp,upload,/function/diff.000016.000023_area.fits,0.21024,83965625.0
425,7,gcp,europe-west1,256,MB,europe-west1,gcp,upload,/function/diff.000016.000024.fits,0.42912,406505980.0
426,7,gcp,europe-west1,256,MB,europe-west1,gcp,upload,/function/diff.000016.000024_area.fits,0.42912,148516535.0
427,7,gcp,europe-west1,256,MB,europe-west1,gcp,upload,/function/diff.000016.000027.fits,0.54432,550194347.0
428,7,gcp,europe-west1,256,MB,europe-west1,gcp,upload,/function/diff.000016.000027_area.fits,0.54432,72883353.0
429,7,gcp,europe-west1,256,MB,europe-west1,gcp,upload,/function/diff.000016.000029.fits,0.47232,391470074.0
430,7,gcp,europe-west1,256,MB,europe-west1,gcp,upload,/function/diff.000016.000029_area.fits,0.47232,78519919.0
431,7,gcp,europe-west1,256,MB,europe-west1,gcp,upload,/function/diff.000017.000021.fits,0.40608,427685474.0
432,7,gcp,europe-west1,256,MB,europe-west1,gcp,upload,/function/diff.000017.000021_area.fits,0.40608,83423387.0
433,7,gcp,europe-west1,256,MB,europe-west1,gcp,upload,/function/diff.000017.000025.fits,0.03168,60226400.0
434,7,gcp,europe-west1,256,MB,europe-west1,gcp,upload,/function/diff.000017.000025_area.fits,0.03168,58432353.0
435,7,gcp,europe-west1,256,MB,europe-west1,gcp,upload,/function/diff.000018.000021.fits,0.50976,544203221.0
436,7,gcp,europe-west1,256,MB,europe-west1,gcp,upload,/function/diff.000018.000021_area.fits,0.50976,150321299.0
437,7,gcp,europe-west1,256,MB,europe-west1,gcp,upload,/function/diff.000018.000024.fits,0.20736,267351845.0
438,7,gcp,europe-west1,256,MB,europe-west1,gcp,upload,/function/diff.000018.000024_area.fits,0.20736,51602200.0
439,7,gcp,europe-west1,256,MB,europe-west1,gcp,upload,/function/diff.000018.000029.fits,0.22176,422504439.0
440,7,gcp,europe-west1,256,MB,europe-west1,gcp,upload,/function/diff.000018.000029_area.fits,0.22176,53698480.0
441,7,gcp,europe-west1,256,MB,europe-west1,gcp,upload,/function/diff.000018.000030.fits,4.06368,5298484611.0
442,7,gcp,europe-west1,256,MB,europe-west1,gcp,upload,/function/diff.000018.000030_area.fits,4.06368,437847058.0
443,7,gcp,europe-west1,256,MB,europe-west1,gcp,upload,/function/diff.000019.000021.fits,0.22176,446817778.0
444,7,gcp,europe-west1,256,MB,europe-west1,gcp,upload,/function/diff.000019.000021_area.fits,0.22176,59326066.0
445,7,gcp,europe-west1,256,MB,europe-west1,gcp,upload,/function/diff.000019.000023.fits,0.22176,286483914.0
446,7,gcp,europe-west1,256,MB,europe-west1,gcp,upload,/function/diff.000019.000023_area.fits,0.22176,84985862.0
447,7,gcp,europe-west1,256,MB,europe-west1,gcp,upload,/function/diff.000019.000024.fits,0.46656,393167082.0
448,7,gcp,europe-west1,256,MB,europe-west1,gcp,upload,/function/diff.000019.000024_area.fits,0.46656,71086579.0
449,7,gcp,europe-west1,256,MB,europe-west1,gcp,upload,/function/diff.000019.000027.fits,0.49248,403445606.0
450,7,gcp,europe-west1,256,MB,europe-west1,gcp,upload,/function/diff.000019.000027_area.fits,0.49248,109590742.0
451,7,gcp,europe-west1,256,MB,europe-west1,gcp,upload,/function/diff.000019.000029.fits,0.50976,487579875.0
452,7,gcp,europe-west1,256,MB,europe-west1,gcp,upload,/function/diff.000019.000029_area.fits,0.50976,104660405.0
453,7,gcp,europe-west1,256,MB,europe-west1,gcp,upload,/function/diff.000020.000025.fits,3.30624,2995101447.0
454,7,gcp,europe-west1,256,MB,europe-west1,gcp,upload,/function/diff.000020.000025_area.fits,3.30624,396337691.0
455,7,gcp,europe-west1,256,MB,europe-west1,gcp,upload,/function/diff.000020.000026.fits,1.00512,921131760.0
456,7,gcp,europe-west1,256,MB,europe-west1,gcp,upload,/function/diff.000020.000026_area.fits,1.00512,159342680.0
457,7,gcp,europe-west1,256,MB,europe-west1,gcp,upload,/function/diff.000020.000027.fits,0.576,453319197.0
458,7,gcp,europe-west1,256,MB,europe-west1,gcp,upload,/function/diff.000020.000027_area.fits,0.576,71232377.0
459,7,gcp,europe-west1,256,MB,europe-west1,gcp,upload,/function/diff.000020.000028.fits,0.22176,332082711.0
460,7,gcp,europe-west1,256,MB,europe-west1,gcp,upload,/function/diff.000020.000028_area.fits,0.22176,66574369.0
461,7,gcp,europe-west1,256,MB,europe-west1,gcp,upload,/function/diff.000021.000024.fits,0.144,78100067.0
462,7,gcp,europe-west1,256,MB,europe-west1,gcp,upload,/function/diff.000021.000024_area.fits,0.144,130192726.0
463,7,gcp,europe-west1,256,MB,europe-west1,gcp,upload,/function/diff.000021.000027.fits,0.03168,109793545.0
464,7,gcp,europe-west1,256,MB,europe-west1,gcp,upload,/function/diff.000021.000027_area.fits,0.03168,62309545.0
465,7,gcp,europe-west1,256,MB,europe-west1,gcp,upload,/function/diff.000021.000029.fits,0.16128,170999708.0
466,7,gcp,europe-west1,256,MB,europe-west1,gcp,upload,/function/diff.000021.000029_area.fits,0.16128,67071448.0
467,7,gcp,europe-west1,256,MB,europe-west1,gcp,upload,/function/diff.000021.000030.fits,0.46656,309979879.0
468,7,gcp,europe-west1,256,MB,europe-west1,gcp,upload,/function/diff.000021.000030_area.fits,0.46656,114997710.0
469,7,gcp,europe-west1,256,MB,europe-west1,gcp,upload,/function/diff.000022.000025.fits,0.03456,91177500.0
470,7,gcp,europe-west1,256,MB,europe-west1,gcp,upload,/function/diff.000022.000025_area.fits,0.03456,65836729.0
471,7,gcp,europe-west1,256,MB,europe-west1,gcp,upload,/function/diff.000023.000027.fits,0.0288,65202850.0
472,7,gcp,europe-west1,256,MB,europe-west1,gcp,upload,/function/diff.000023.000027_area.fits,0.0288,74659306.0
473,7,gcp,europe-west1,256,MB,europe-west1,gcp,upload,/function/diff.000024.000029.fits,4.06368,4019837222.0
474,7,gcp,europe-west1,256,MB,europe-west1,gcp,upload,/function/diff.000024.000029_area.fits,4.06368,618550902.0
475,7,gcp,europe-west1,256,MB,europe-west1,gcp,upload,/function/diff.000024.000030.fits,0.22464,241627044.0
476,7,gcp,europe-west1,256,MB,europe-west1,gcp,upload,/function/diff.000024.000030_area.fits,0.22464,77699065.0
477,7,gcp,europe-west1,256,MB,europe-west1,gcp,upload,/function/diff.000025.000026.fits,0.22176,329682330.0
478,7,gcp,europe-west1,256,MB,europe-west1,gcp,upload,/function/diff.000025.000026_area.fits,0.22176,81440243.0
479,7,gcp,europe-west1,256,MB,europe-west1,gcp,upload,/function/diff.000025.000027.fits,0.42912,344325170.0
480,7,gcp,europe-west1,256,MB,europe-west1,gcp,upload,/function/diff.000025.000027_area.fits,0.42912,68338137.0
481,7,gcp,europe-west1,256,MB,europe-west1,gcp,upload,/function/diff.000026.000027.fits,0.13248,123978033.0
482,7,gcp,europe-west1,256,MB,europe-west1,gcp,upload,/function/diff.000026.000027_area.fits,0.13248,89746555.0
483,7,gcp,europe-west1,256,MB,europe-west1,gcp,upload,/function/diff.000026.000028.fits,3.30624,2774886299.0
484,7,gcp,europe-west1,256,MB,europe-west1,gcp,upload,/function/diff.000026.000028_area.fits,3.30624,331624793.0
485,7,gcp,europe-west1,256,MB,europe-west1,gcp,upload,/function/diff.000027.000028.fits,0.03456,60821006.0
486,7,gcp,europe-west1,256,MB,europe-west1,gcp,upload,/function/diff.000027.000028_area.fits,0.03456,66857261.0
487,7,gcp,europe-west1,256,MB,europe-west1,gcp,upload,/function/diff.000029.000030.fits,0.23328,297375726.0
488,7,gcp,europe-west1,256,MB,europe-west1,gcp,upload,/function/diff.000029.000030_area.fits,0.23328,61960744.0
489,7,gcp,europe-west1,256,MB,europe-west1,gcp,upload,/function/fit.000001.000007.txt,0.000287,57778000.0
490,7,gcp,europe-west1,256,MB,europe-west1,gcp,upload,/function/fit.000001.000011.txt,0.00029,55636215.0
491,7,gcp,europe-west1,256,MB,europe-west1,gcp,upload,/function/fit.000001.000012.txt,0.000288,84839501.0
492,7,gcp,europe-west1,256,MB,europe-west1,gcp,upload,/function/fit.000001.000020.txt,0.000284,58040823.0
493,7,gcp,europe-west1,256,MB,europe-west1,gcp,upload,/function/fit.000001.000025.txt,0.000286,88452771.0
494,7,gcp,europe-west1,256,MB,europe-west1,gcp,upload,/function/fit.000001.000026.txt,0.000287,60313866.0
495,7,gcp,europe-west1,256,MB,europe-west1,gcp,upload,/function/fit.000001.000028.txt,0.000286,54686686.0
496,7,gcp,europe-west1,256,MB,europe-west1,gcp,upload,/function/fit.000002.000006.txt,0.000282,100112821.0
497,7,gcp,europe-west1,256,MB,europe-west1,gcp,upload,/function/fit.000002.000009.txt,0.000285,66105894.0
498,7,gcp,europe-west1,256,MB,europe-west1,gcp,upload,/function/fit.000002.000015.txt,0.000288,73369078.0
499,7,gcp,europe-west1,256,MB,europe-west1,gcp,upload,/function/fit.000002.000016.txt,0.000278,63424240.0
500,7,gcp,europe-west1,256,MB,europe-west1,gcp,upload,/function/fit.000002.000019.txt,0.000281,92097797.0
501,7,gcp,europe-west1,256,MB,europe-west1,gcp,upload,/function/fit.000002.000020.txt,0.000286,94895090.0
502,7,gcp,europe-west1,256,MB,europe-west1,gcp,upload,/function/fit.000002.000023.txt,0.00028,63989888.0
503,7,gcp,europe-west1,256,MB,europe-west1,gcp,upload,/function/fit.000002.000025.txt,0.000281,55887416.0
504,7,gcp,europe-west1,256,MB,europe-west1,gcp,upload,/function/fit.000002.000026.txt,0.000286,62130112.0
505,7,gcp,europe-west1,256,MB,europe-west1,gcp,upload,/function/fit.000002.000027.txt,0.000286,59681460.0
506,7,gcp,europe-west1,256,MB,europe-west1,gcp,upload,/function/fit.000002.000028.txt,0.000283,63387701.0
507,7,gcp,europe-west1,256,MB,europe-west1,gcp,upload,/function/fit.000003.000005.txt,0.000288,57361218.0
508,7,gcp,europe-west1,256,MB,europe-west1,gcp,upload,/function/fit.000003.000006.txt,0.000279,58432074.0
509,7,gcp,europe-west1,256,MB,europe-west1,gcp,upload,/function/fit.000003.000016.txt,0.000279,91583877.0
510,7,gcp,europe-west1,256,MB,europe-west1,gcp,upload,/function/fit.000003.000019.txt,0.000282,54366775.0
511,7,gcp,europe-west1,256,MB,europe-west1,gcp,upload,/function/fit.000003.000023.txt,0.000281,56832586.0
512,7,gcp,europe-west1,256,MB,europe-west1,gcp,upload,/function/fit.000003.000024.txt,0.00029,60212629.0
513,7,gcp,europe-west1,256,MB,europe-west1,gcp,upload,/function/fit.000003.000029.txt,0.000284,64966734.0
514,7,gcp,europe-west1,256,MB,europe-west1,gcp,upload,/function/fit.000004.000008.txt,0.00029,95021880.0
515,7,gcp,europe-west1,256,MB,europe-west1,gcp,upload,/function/fit.000004.000010.txt,0.000285,53038568.0
516,7,gcp,europe-west1,256,MB,europe-west1,gcp,upload,/function/fit.000004.000014.txt,0.000288,76191672.0
517,7,gcp,europe-west1,256,MB,europe-west1,gcp,upload,/function/fit.000004.000015.txt,0.000288,56380319.0
518,7,gcp,europe-west1,256,MB,europe-west1,gcp,upload,/function/fit.000004.000016.txt,0.000278,88641935.0
519,7,gcp,europe-west1,256,MB,europe-west1,gcp,upload,/function/fit.000004.000017.txt,0.000291,102245080.0
520,7,gcp,europe-west1,256,MB,europe-west1,gcp,upload,/function/fit.000004.000019.txt,0.00028,61647416.0
521,7,gcp,europe-west1,256,MB,europe-west1,gcp,upload,/function/fit.000004.000020.txt,0.000283,59924405.0
522,7,gcp,europe-west1,256,MB,europe-west1,gcp,upload,/function/fit.000004.000021.txt,0.000286,70607440.0
523,7,gcp,europe-west1,256,MB,europe-west1,gcp,upload,/function/fit.000004.000025.txt,0.000285,59010885.0
524,7,gcp,europe-west1,256,MB,europe-west1,gcp,upload,/function/fit.000004.000027.txt,0.000287,63444277.0
525,7,gcp,europe-west1,256,MB,europe-west1,gcp,upload,/function/fit.000005.000006.txt,0.000282,56909838.0
526,7,gcp,europe-west1,256,MB,europe-west1,gcp,upload,/function/fit.000005.000016.txt,0.00028,94978948.0
527,7,gcp,europe-west1,256,MB,europe-west1,gcp,upload,/function/fit.000005.000019.txt,0.000283,56594714.0
528,7,gcp,europe-west1,256,MB,europe-west1,gcp,upload,/function/fit.000005.000023.txt,0.000282,74708943.0
529,7,gcp,europe-west1,256,MB,europe-west1,gcp,upload,/function/fit.000005.000024.txt,0.000282,64067967.0
530,7,gcp,europe-west1,256,MB,europe-west1,gcp,upload,/function/fit.000005.000029.txt,0.000288,65745962.0
531,7,gcp,europe-west1,256,MB,europe-west1,gcp,upload,/function/fit.000006.000009.txt,0.000281,136499168.0
532,7,gcp,europe-west1,256,MB,europe-west1,gcp,upload,/function/fit.000006.000016.txt,0.000282,71529166.0
533,7,gcp,europe-west1,256,MB,europe-west1,gcp,upload,/function/fit.000006.000019.txt,0.000284,55515118.0
534,7,gcp,europe-west1,256,MB,europe-west1,gcp,upload,/function/fit.000006.000023.txt,0.000286,101115976.0
535,7,gcp,europe-west1,256,MB,europe-west1,gcp,upload,/function/fit.000006.000027.txt,0.000277,57980667.0
536,7,gcp,europe-west1,256,MB,europe-west1,gcp,upload,/function/fit.000007.000008.txt,0.000286,55081924.0
537,7,gcp,europe-west1,256,MB,europe-west1,gcp,upload,/function/fit.000007.000011.txt,0.000294,61252121.0
538,7,gcp,europe-west1,256,MB,europe-west1,gcp,upload,/function/fit.000007.000012.txt,0.000291,57178541.0
539,7,gcp,europe-west1,256,MB,europe-west1,gcp,upload,/function/fit.000007.000013.txt,0.000295,51404394.0
540,7,gcp,europe-west1,256,MB,europe-west1,gcp,upload,/function/fit.000007.000020.txt,0.000285,55220174.0
541,7,gcp,europe-west1,256,MB,europe-west1,gcp,upload,/function/fit.000007.000025.txt,0.000285,64085453.0
542,7,gcp,europe-west1,256,MB,europe-west1,gcp,upload,/function/fit.000007.000026.txt,0.000286,91602780.0
543,7,gcp,europe-west1,256,MB,europe-west1,gcp,upload,/function/fit.000007.000028.txt,0.000279,93391022.0
544,7,gcp,europe-west1,256,MB,europe-west1,gcp,upload,/function/fit.000008.000012.txt,0.000285,66974286.0
545,7,gcp,europe-west1,256,MB,europe-west1,gcp,upload,/function/fit.000008.000013.txt,0.000288,98246941.0
546,7,gcp,europe-west1,256,MB,europe-west1,gcp,upload,/function/fit.000008.000014.txt,0.000294,57312617.0
547,7,gcp,europe-west1,256,MB,europe-west1,gcp,upload,/function/fit.000008.000015.txt,0.000291,77317371.0
548,7,gcp,europe-west1,256,MB,europe-west1,gcp,upload,/function/fit.000008.000017.txt,0.000289,59446137.0
549,7,gcp,europe-west1,256,MB,europe-west1,gcp,upload,/function/fit.000008.000020.txt,0.000292,66504380.0
550,7,gcp,europe-west1,256,MB,europe-west1,gcp,upload,/function/fit.000008.000022.txt,0.000291,57516193.0
551,7,gcp,europe-west1,256,MB,europe-west1,gcp,upload,/function/fit.000008.000025.txt,0.000292,86357059.0
552,7,gcp,europe-west1,256,MB,europe-west1,gcp,upload,/function/fit.000008.000027.txt,0.000285,79784171.0
553,7,gcp,europe-west1,256,MB,europe-west1,gcp,upload,/function/fit.000009.000016.txt,0.000275,55163611.0
554,7,gcp,europe-west1,256,MB,europe-west1,gcp,upload,/function/fit.000009.000019.txt,0.000278,57348232.0
555,7,gcp,europe-west1,256,MB,europe-west1,gcp,upload,/function/fit.000009.000020.txt,0.000277,120378262.0
556,7,gcp,europe-west1,256,MB,europe-west1,gcp,upload,/function/fit.000009.000023.txt,0.000284,57100294.0
557,7,gcp,europe-west1,256,MB,europe-west1,gcp,upload,/function/fit.000009.000026.txt,0.000285,88044161.0
558,7,gcp,europe-west1,256,MB,europe-west1,gcp,upload,/function/fit.000009.000027.txt,0.000285,55592153.0
559,7,gcp,europe-west1,256,MB,europe-west1,gcp,upload,/function/fit.000009.000028.txt,0.000288,52994494.0
560,7,gcp,europe-west1,256,MB,europe-west1,gcp,upload,/function/fit.000010.000015.txt,0.000284,75919297.0
561,7,gcp,europe-west1,256,MB,europe-west1,gcp,upload,/function/fit.000010.000016.txt,0.000285,62905577.0
562,7,gcp,europe-west1,256,MB,europe-west1,gcp,upload,/function/fit.000010.000017.txt,0.000287,54501572.0
563,7,gcp,europe-west1,256,MB,europe-west1,gcp,upload,/function/fit.000010.000018.txt,0.000287,83738003.0
564,7,gcp,europe-west1,256,MB,europe-west1,gcp,upload,/function/fit.000010.000019.txt,0.000281,57788272.0
565,7,gcp,europe-west1,256,MB,europe-west1,gcp,upload,/function/fit.000010.000021.txt,0.000288,55093289.0
566,7,gcp,europe-west1,256,MB,europe-west1,gcp,upload,/function/fit.000010.000024.txt,0.000288,89010575.0
567,7,gcp,europe-west1,256,MB,europe-west1,gcp,upload,/function/fit.000010.000027.txt,0.000279,55089585.0
568,7,gcp,europe-west1,256,MB,europe-west1,gcp,upload,/function/fit.000010.000029.txt,0.000283,85309234.0
569,7,gcp,europe-west1,256,MB,europe-west1,gcp,upload,/function/fit.000010.000030.txt,0.000286,56923109.0
570,7,gcp,europe-west1,256,MB,europe-west1,gcp,upload,/function/fit.000011.000020.txt,0.000283,98724117.0
571,7,gcp,europe-west1,256,MB,europe-west1,gcp,upload,/function/fit.000011.000026.txt,0.000282,65667522.0
572,7,gcp,europe-west1,256,MB,europe-west1,gcp,upload,/function/fit.000011.000028.txt,0.000288,69204021.0
573,7,gcp,europe-west1,256,MB,europe-west1,gcp,upload,/function/fit.000012.000013.txt,0.000291,57206633.0
574,7,gcp,europe-west1,256,MB,europe-west1,gcp,upload,/function/fit.000012.000014.txt,0.000287,54534443.0
575,7,gcp,europe-west1,256,MB,europe-west1,gcp,upload,/function/fit.000012.000020.txt,0.000286,56929568.0
576,7,gcp,europe-west1,256,MB,europe-west1,gcp,upload,/function/fit.000012.000022.txt,0.000292,56870816.0
577,7,gcp,europe-west1,256,MB,europe-west1,gcp,upload,/function/fit.000012.000025.txt,0.000289,69531805.0
578,7,gcp,europe-west1,256,MB,europe-west1,gcp,upload,/function/fit.000012.000026.txt,0.000284,55937598.0
579,7,gcp,europe-west1,256,MB,europe-west1,gcp,upload,/function/fit.000013.000014.txt,0.000289,54948610.0
580,7,gcp,europe-west1,256,MB,europe-west1,gcp,upload,/function/fit.000013.000020.txt,0.000285,127499684.0
581,7,gcp,europe-west1,256,MB,europe-west1,gcp,upload,/function/fit.000013.000022.txt,0.000295,78199461.0
582,7,gcp,europe-west1,256,MB,europe-west1,gcp,upload,/function/fit.000013.000025.txt,0.00029,55853922.0
583,7,gcp,europe-west1,256,MB,europe-west1,gcp,upload,/function/fit.000014.000015.txt,0.000283,51193018.0
584,7,gcp,europe-west1,256,MB,europe-west1,gcp,upload,/function/fit.000014.000017.txt,0.000295,56825830.0
585,7,gcp,europe-west1,256,MB,europe-west1,gcp,upload,/function/fit.000014.000022.txt,0.000293,73646073.0
586,7,gcp,europe-west1,256,MB,europe-west1,gcp,upload,/function/fit.000014.000025.txt,0.000292,57722852.0
587,7,gcp,europe-west1,256,MB,europe-west1,gcp,upload,/function/fit.000015.000016.txt,0.000284,58134460.0
588,7,gcp,europe-west1,256,MB,europe-west1,gcp,upload,/function/fit.000015.000017.txt,0.00029,85054239.0
589,7,gcp,europe-west1,256,MB,europe-west1,gcp,upload,/function/fit.000015.000019.txt,0.000285,91712713.0
590,7,gcp,europe-west1,256,MB,europe-west1,gcp,upload,/function/fit.000015.000020.txt,0.000285,53018873.0
591,7,gcp,europe-west1,256,MB,europe-west1,gcp,upload,/function/fit.000015.000021.txt,0.000283,58329237.0
592,7,gcp,europe-west1,256,MB,europe-west1,gcp,upload,/function/fit.000015.000025.txt,0.000287,61204262.0
593,7,gcp,europe-west1,256,MB,europe-west1,gcp,upload,/function/fit.000015.000026.txt,0.000283,51292152.0
594,7,gcp,europe-west1,256,MB,europe-west1,gcp,upload,/function/fit.000015.000027.txt,0.000289,63443633.0
595,7,gcp,europe-west1,256,MB,europe-west1,gcp,upload,/function/fit.000016.000019.txt,0.000283,56986893.0
596,7,gcp,europe-west1,256,MB,europe-west1,gcp,upload,/function/fit.000016.000021.txt,0.000282,63406659.0
597,7,gcp,europe-west1,256,MB,europe-west1,gcp,upload,/function/fit.000016.000023.txt,0.000282,54133350.0
598,7,gcp,europe-west1,256,MB,europe-west1,gcp,upload,/function/fit.000016.000024.txt,0.000279,60660169.0
599,7,gcp,europe-west1,256,MB,europe-west1,gcp,upload,/function/fit.000016.000027.txt,0.000279,66206467.0
600,7,gcp,europe-west1,256,MB,europe-west1,gcp,upload,/function/fit.000016.000029.txt,0.000282,52469163.0
601,7,gcp,europe-west1,256,MB,europe-west1,gcp,upload,/function/fit.000017.000021.txt,0.000288,50915290.0
602,7,gcp,europe-west1,256,MB,europe-west1,gcp,upload,/function/fit.000017.000025.txt,0.000287,80073958.0
603,7,gcp,europe-west1,256,MB,europe-west1,gcp,upload,/function/fit.000018.000021.txt,0.000288,76690734.0
604,7,gcp,europe-west1,256,MB,europe-west1,gcp,upload,/function/fit.000018.000024.txt,0.000286,53426589.0
605,7,gcp,europe-west1,256,MB,europe-west1,gcp,upload,/function/fit.000018.000029.txt,0.000288,62227124.0
606,7,gcp,europe-west1,256,MB,europe-west1,gcp,upload,/function/fit.000018.000030.txt,0.000294,201886874.0
607,7,gcp,europe-west1,256,MB,europe-west1,gcp,upload,/function/fit.000019.000021.txt,0.000288,56481863.0
608,7,gcp,europe-west1,256,MB,europe-west1,gcp,upload,/function/fit.000019.000023.txt,0.000287,87957307.0
609,7,gcp,europe-west1,256,MB,europe-west1,gcp,upload,/function/fit.000019.000024.txt,0.000281,51735458.0
610,7,gcp,europe-west1,256,MB,europe-west1,gcp,upload,/function/fit.000019.000027.txt,0.000279,55608177.0
611,7,gcp,europe-west1,256,MB,europe-west1,gcp,upload,/function/fit.000019.000029.txt,0.000283,55134838.0
612,7,gcp,europe-west1,256,MB,europe-west1,gcp,upload,/function/fit.000020.000025.txt,0.000289,59307774.0
613,7,gcp,europe-west1,256,MB,europe-west1,gcp,upload,/function/fit.000020.000026.txt,0.000286,61139313.0
614,7,gcp,europe-west1,256,MB,europe-west1,gcp,upload,/function/fit.000020.000027.txt,0.000286,87634464.0
615,7,gcp,europe-west1,256,MB,europe-west1,gcp,upload,/function/fit.000020.000028.txt,0.000289,54268581.0
616,7,gcp,europe-west1,256,MB,europe-west1,gcp,upload,/function/fit.000021.000024.txt,0.000285,59134511.0
617,7,gcp,europe-west1,256,MB,europe-west1,gcp,upload,/function/fit.000021.000027.txt,0.000277,54738554.0
618,7,gcp,europe-west1,256,MB,europe-west1,gcp,upload,/function/fit.000021.000029.txt,0.000281,53247419.0
619,7,gcp,europe-west1,256,MB,europe-west1,gcp,upload,/function/fit.000021.000030.txt,0.000284,57555914.0
620,7,gcp,europe-west1,256,MB,europe-west1,gcp,upload,/function/fit.000022.000025.txt,0.000286,53382198.0
621,7,gcp,europe-west1,256,MB,europe-west1,gcp,upload,/function/fit.000023.000027.txt,0.00028,54402478.0
622,7,gcp,europe-west1,256,MB,europe-west1,gcp,upload,/function/fit.000024.000029.txt,0.00029,56779990.0
623,7,gcp,europe-west1,256,MB,europe-west1,gcp,upload,/function/fit.000024.000030.txt,0.000289,108252716.0
624,7,gcp,europe-west1,256,MB,europe-west1,gcp,upload,/function/fit.000025.000026.txt,0.00029,61297939.0
625,7,gcp,europe-west1,256,MB,europe-west1,gcp,upload,/function/fit.000025.000027.txt,0.000282,57687797.0
626,7,gcp,europe-west1,256,MB,europe-west1,gcp,upload,/function/fit.000026.000027.txt,0.000283,61426367.0
627,7,gcp,europe-west1,256,MB,europe-west1,gcp,upload,/function/fit.000026.000028.txt,0.00029,100911015.0
628,7,gcp,europe-west1,256,MB,europe-west1,gcp,upload,/function/fit.000027.000028.txt,0.000278,66126812.0
629,7,gcp,europe-west1,256,MB,europe-west1,gcp,upload,/function/fit.000029.000030.txt,0.000283,53743963.0
630,8,gcp,europe-west1,256,MB,europe-west1,gcp,download,/function/diffs.tbl,0.016167,496107287.5
631,8,gcp,europe-west1,256,MB,europe-west1,gcp,download,/function/mStatFile,0.039792,275791159.5
632,8,gcp,europe-west1,256,MB,europe-west1,gcp,upload,/function/statfile.tbl,0.005863,223554883.5
633,6,gcp,europe-west1,128,MB,europe-west1,gcp,download,/function/diffs.tbl,0.016167,1504066819.5
634,10,gcp,europe-west1,1536,MB,europe-west1,gcp,download,/function/fits.tbl,0.029537,54154038.5
635,10,gcp,europe-west1,1536,MB,europe-west1,gcp,download,/function/mBgModel,0.078616,121882825.5
636,10,gcp,europe-west1,1536,MB,europe-west1,gcp,download,/function/pimages.tbl,0.00511,68699553.5
637,10,gcp,europe-west1,1536,MB,europe-west1,gcp,upload,/function/corrections.tbl,0.001706,68752874.0
638,11,gcp,europe-west1,1536,MB,europe-west1,gcp,download,/function/pimages.tbl,0.00511,79601124.5
639,11,gcp,europe-west1,1536,MB,europe-west1,gcp,upload,/function/modpimages.tbl,0.00575,54799814.0
640,13,gcp,europe-west1,1536,MB,europe-west1,gcp,download,/function/corrections.tbl,0.001706,46418360.0
641,13,gcp,europe-west1,1536,MB,europe-west1,gcp,download,/function/mBackground,5.373736,132048631.5
642,13,gcp,europe-west1,1536,MB,europe-west1,gcp,download,/function/modpimages.tbl,0.00575,47914532.5
643,13,gcp,europe-west1,1536,MB,europe-west1,gcp,download,/function/p2mass-atlas-001020s-k0860033.fits,4.14432,168720254.0
644,13,gcp,europe-west1,1536,MB,europe-west1,gcp,download,/function/p2mass-atlas-001020s-k0860033_area.fits,4.14432,162495874.0
645,13,gcp,europe-west1,1536,MB,europe-west1,gcp,download,/function/p2mass-atlas-001020s-k0860044.fits,4.14432,138837125.5
646,13,gcp,europe-west1,1536,MB,europe-west1,gcp,download,/function/p2mass-atlas-001020s-k0860044_area.fits,4.14432,152499687.0
647,13,gcp,europe-west1,1536,MB,europe-west1,gcp,download,/function/p2mass-atlas-001020s-k0860056.fits,4.14432,207316656.0
648,13,gcp,europe-west1,1536,MB,europe-west1,gcp,download,/function/p2mass-atlas-001020s-k0860056_area.fits,4.14432,134389581.0
649,13,gcp,europe-west1,1536,MB,europe-west1,gcp,download,/function/p2mass-atlas-001020s-k0870221.fits,4.13568,251193744.0
650,13,gcp,europe-west1,1536,MB,europe-west1,gcp,download,/function/p2mass-atlas-001020s-k0870221_area.fits,4.13568,146057415.0
651,13,gcp,europe-west1,1536,MB,europe-west1,gcp,download,/function/p2mass-atlas-001020s-k0870233.fits,4.13568,228950832.0
652,13,gcp,europe-west1,1536,MB,europe-west1,gcp,download,/function/p2mass-atlas-001020s-k0870233_area.fits,4.13568,134965329.5
653,13,gcp,europe-west1,1536,MB,europe-west1,gcp,download,/function/p2mass-atlas-001020s-k0870245.fits,4.13568,248172054.0
654,13,gcp,europe-west1,1536,MB,europe-west1,gcp,download,/function/p2mass-atlas-001020s-k0870245_area.fits,4.13568,153588900.0
655,13,gcp,europe-west1,1536,MB,europe-west1,gcp,download,/function/p2mass-atlas-001021s-k0490221.fits,4.13568,387565278.0
656,13,gcp,europe-west1,1536,MB,europe-west1,gcp,download,/function/p2mass-atlas-001021s-k0490221_area.fits,4.13568,158782312.0
657,13,gcp,europe-west1,1536,MB,europe-west1,gcp,download,/function/p2mass-atlas-001021s-k0490233.fits,4.13568,650336241.0
658,13,gcp,europe-west1,1536,MB,europe-west1,gcp,download,/function/p2mass-atlas-001021s-k0490233_area.fits,4.13568,181807090.0
659,13,gcp,europe-west1,1536,MB,europe-west1,gcp,download,/function/p2mass-atlas-001021s-k0490245.fits,4.14432,206906056.0
660,13,gcp,europe-west1,1536,MB,europe-west1,gcp,download,/function/p2mass-atlas-001021s-k0490245_area.fits,4.14432,162985425.0
661,13,gcp,europe-west1,1536,MB,europe-west1,gcp,download,/function/p2mass-atlas-001021s-k0560033.fits,4.15296,226166778.5
662,13,gcp,europe-west1,1536,MB,europe-west1,gcp,download,/function/p2mass-atlas-001021s-k0560033_area.fits,4.15296,161038691.0
663,13,gcp,europe-west1,1536,MB,europe-west1,gcp,download,/function/p2mass-atlas-001021s-k0560044.fits,4.14432,170966600.0
664,13,gcp,europe-west1,1536,MB,europe-west1,gcp,download,/function/p2mass-atlas-001021s-k0560044_area.fits,4.14432,122413844.5
665,13,gcp,europe-west1,1536,MB,europe-west1,gcp,download,/function/p2mass-atlas-001021s-k0560056.fits,4.13568,186924896.0
666,13,gcp,europe-west1,1536,MB,europe-west1,gcp,download,/function/p2mass-atlas-001021s-k0560056_area.fits,4.13568,132452793.0
667,13,gcp,europe-west1,1536,MB,europe-west1,gcp,download,/function/p2mass-atlas-001021s-k0570221.fits,4.14432,184759270.5
668,13,gcp,europe-west1,1536,MB,europe-west1,gcp,download,/function/p2mass-atlas-001021s-k0570221_area.fits,4.14432,127327269.5
669,13,gcp,europe-west1,1536,MB,europe-west1,gcp,download,/function/p2mass-atlas-001021s-k0570233.fits,4.13568,151242871.5
670,13,gcp,europe-west1,1536,MB,europe-west1,gcp,download,/function/p2mass-atlas-001021s-k0570233_area.fits,4.13568,120795181.5
671,13,gcp,europe-west1,1536,MB,europe-west1,gcp,download,/function/p2mass-atlas-001021s-k0570245.fits,4.14432,165858568.0
672,13,gcp,europe-west1,1536,MB,europe-west1,gcp,download,/function/p2mass-atlas-001021s-k0570245_area.fits,4.14432,152749785.5
673,13,gcp,europe-west1,1536,MB,europe-west1,gcp,download,/function/p2mass-atlas-980914s-k0800033.fits,4.14432,151417279.0
674,13,gcp,europe-west1,1536,MB,europe-west1,gcp,download,/function/p2mass-atlas-980914s-k0800033_area.fits,4.14432,131720720.0
675,13,gcp,europe-west1,1536,MB,europe-west1,gcp,download,/function/p2mass-atlas-980914s-k0800044.fits,4.14432,149208419.0
676,13,gcp,europe-west1,1536,MB,europe-west1,gcp,download,/function/p2mass-atlas-980914s-k0800044_area.fits,4.14432,143162775.5
677,13,gcp,europe-west1,1536,MB,europe-west1,gcp,download,/function/p2mass-atlas-980914s-k0800056.fits,4.14432,171740531.5
678,13,gcp,europe-west1,1536,MB,europe-west1,gcp,download,/function/p2mass-atlas-980914s-k0800056_area.fits,4.14432,154400814.0
679,13,gcp,europe-west1,1536,MB,europe-west1,gcp,download,/function/p2mass-atlas-980914s-k0810221.fits,4.14432,148551354.5
680,13,gcp,europe-west1,1536,MB,europe-west1,gcp,download,/function/p2mass-atlas-980914s-k0810221_area.fits,4.14432,131768196.0
681,13,gcp,europe-west1,1536,MB,europe-west1,gcp,download,/function/p2mass-atlas-980914s-k0810233.fits,4.14432,186726025.5
682,13,gcp,europe-west1,1536,MB,europe-west1,gcp,download,/function/p2mass-atlas-980914s-k0810233_area.fits,4.14432,140486764.5
683,13,gcp,europe-west1,1536,MB,europe-west1,gcp,download,/function/p2mass-atlas-980914s-k0810245.fits,4.14432,159166920.0
684,13,gcp,europe-west1,1536,MB,europe-west1,gcp,download,/function/p2mass-atlas-980914s-k0810245_area.fits,4.14432,131893846.5
685,13,gcp,europe-west1,1536,MB,europe-west1,gcp,download,/function/p2mass-atlas-980914s-k0820033.fits,4.14432,165826455.5
686,13,gcp,europe-west1,1536,MB,europe-west1,gcp,download,/function/p2mass-atlas-980914s-k0820033_area.fits,4.14432,140387813.5
687,13,gcp,europe-west1,1536,MB,europe-west1,gcp,download,/function/p2mass-atlas-980914s-k0820044.fits,4.14432,184789513.0
688,13,gcp,europe-west1,1536,MB,europe-west1,gcp,download,/function/p2mass-atlas-980914s-k0820044_area.fits,4.14432,115250195.0
689,13,gcp,europe-west1,1536,MB,europe-west1,gcp,download,/function/p2mass-atlas-980914s-k0820056.fits,4.13568,152544847.5
690,13,gcp,europe-west1,1536,MB,europe-west1,gcp,download,/function/p2mass-atlas-980914s-k0820056_area.fits,4.13568,162298716.5
691,13,gcp,europe-west1,1536,MB,europe-west1,gcp,download,/function/p2mass-atlas-980914s-k0830221.fits,4.14432,174885874.5
692,13,gcp,europe-west1,1536,MB,europe-west1,gcp,download,/function/p2mass-atlas-980914s-k0830221_area.fits,4.14432,135068962.5
693,13,gcp,europe-west1,1536,MB,europe-west1,gcp,download,/function/p2mass-atlas-980914s-k0830233.fits,4.14432,178934195.0
694,13,gcp,europe-west1,1536,MB,europe-west1,gcp,download,/function/p2mass-atlas-980914s-k0830233_area.fits,4.14432,137986697.0
695,13,gcp,europe-west1,1536,MB,europe-west1,gcp,download,/function/p2mass-atlas-980914s-k0830245.fits,4.14432,220526249.0
696,13,gcp,europe-west1,1536,MB,europe-west1,gcp,download,/function/p2mass-atlas-980914s-k0830245_area.fits,4.14432,138723742.0
697,13,gcp,europe-west1,1536,MB,europe-west1,gcp,download,/function/p2mass-atlas-980914s-k0840033.fits,4.14432,149779998.5
698,13,gcp,europe-west1,1536,MB,europe-west1,gcp,download,/function/p2mass-atlas-980914s-k0840033_area.fits,4.14432,149181681.0
699,13,gcp,europe-west1,1536,MB,europe-west1,gcp,download,/function/p2mass-atlas-980914s-k0840044.fits,4.14432,166577994.5
700,13,gcp,europe-west1,1536,MB,europe-west1,gcp,download,/function/p2mass-atlas-980914s-k0840044_area.fits,4.14432,144639372.5
701,13,gcp,europe-west1,1536,MB,europe-west1,gcp,download,/function/p2mass-atlas-980914s-k0840056.fits,4.14432,168916221.0
702,13,gcp,europe-west1,1536,MB,europe-west1,gcp,download,/function/p2mass-atlas-980914s-k0840056_area.fits,4.14432,129508132.5
703,13,gcp,europe-west1,1536,MB,europe-west1,gcp,upload,/function/corrected/p2mass-atlas-001020s-k0860033_corrected.fits,4.14432,1050479789.5
704,13,gcp,europe-west1,1536,MB,europe-west1,gcp,upload,/function/corrected/p2mass-atlas-001020s-k0860033_corrected_area.fits,4.14432,185977097.0
705,13,gcp,europe-west1,1536,MB,europe-west1,gcp,upload,/function/corrected/p2mass-atlas-001020s-k0860044_corrected.fits,4.14432,1097956925.5
706,13,gcp,europe-west1,1536,MB,europe-west1,gcp,upload,/function/corrected/p2mass-atlas-001020s-k0860044_corrected_area.fits,4.14432,196107765.0
707,13,gcp,europe-west1,1536,MB,europe-west1,gcp,upload,/function/corrected/p2mass-atlas-001020s-k0860056_corrected.fits,4.14432,1052498923.0
708,13,gcp,europe-west1,1536,MB,europe-west1,gcp,upload,/function/corrected/p2mass-atlas-001020s-k0860056_corrected_area.fits,4.14432,137914921.5
709,13,gcp,europe-west1,1536,MB,europe-west1,gcp,upload,/function/corrected/p2mass-atlas-001020s-k0870221_corrected.fits,4.13568,1138135083.5
710,13,gcp,europe-west1,1536,MB,europe-west1,gcp,upload,/function/corrected/p2mass-atlas-001020s-k0870221_corrected_area.fits,4.13568,216958776.5
711,13,gcp,europe-west1,1536,MB,europe-west1,gcp,upload,/function/corrected/p2mass-atlas-001020s-k0870233_corrected.fits,4.13568,1081882654.0
712,13,gcp,europe-west1,1536,MB,europe-west1,gcp,upload,/function/corrected/p2mass-atlas-001020s-k0870233_corrected_area.fits,4.13568,217459541.0
713,13,gcp,europe-west1,1536,MB,europe-west1,gcp,upload,/function/corrected/p2mass-atlas-001020s-k0870245_corrected.fits,4.13568,1098751587.0
714,13,gcp,europe-west1,1536,MB,europe-west1,gcp,upload,/function/corrected/p2mass-atlas-001020s-k0870245_corrected_area.fits,4.13568,222759026.0
715,13,gcp,europe-west1,1536,MB,europe-west1,gcp,upload,/function/corrected/p2mass-atlas-001021s-k0490221_corrected.fits,4.13568,1110001581.0
716,13,gcp,europe-west1,1536,MB,europe-west1,gcp,upload,/function/corrected/p2mass-atlas-001021s-k0490221_corrected_area.fits,4.13568,306612947.0
717,13,gcp,europe-west1,1536,MB,europe-west1,gcp,upload,/function/corrected/p2mass-atlas-001021s-k0490233_corrected.fits,4.13568,1114124988.5
718,13,gcp,europe-west1,1536,MB,europe-west1,gcp,upload,/function/corrected/p2mass-atlas-001021s-k0490233_corrected_area.fits,4.13568,226099071.0
719,13,gcp,europe-west1,1536,MB,europe-west1,gcp,upload,/function/corrected/p2mass-atlas-001021s-k0490245_corrected.fits,4.14432,1068503263.5
720,13,gcp,europe-west1,1536,MB,europe-west1,gcp,upload,/function/corrected/p2mass-atlas-001021s-k0490245_corrected_area.fits,4.14432,246413882.5
721,13,gcp,europe-west1,1536,MB,europe-west1,gcp,upload,/function/corrected/p2mass-atlas-001021s-k0560033_corrected.fits,4.15296,1068198151.5
722,13,gcp,europe-west1,1536,MB,europe-west1,gcp,upload,/function/corrected/p2mass-atlas-001021s-k0560033_corrected_area.fits,4.15296,223408375.0
723,13,gcp,europe-west1,1536,MB,europe-west1,gcp,upload,/function/corrected/p2mass-atlas-001021s-k0560044_corrected.fits,4.14432,1004997329.0
724,13,gcp,europe-west1,1536,MB,europe-west1,gcp,upload,/function/corrected/p2mass-atlas-001021s-k0560044_corrected_area.fits,4.14432,224361617.5
725,13,gcp,europe-west1,1536,MB,europe-west1,gcp,upload,/function/corrected/p2mass-atlas-001021s-k0560056_corrected.fits,4.13568,998000536.5
726,13,gcp,europe-west1,1536,MB,europe-west1,gcp,upload,/function/corrected/p2mass-atlas-001021s-k0560056_corrected_area.fits,4.13568,221711985.0
727,13,gcp,europe-west1,1536,MB,europe-west1,gcp,upload,/function/corrected/p2mass-atlas-001021s-k0570221_corrected.fits,4.14432,1013225054.0
728,13,gcp,europe-west1,1536,MB,europe-west1,gcp,upload,/function/corrected/p2mass-atlas-001021s-k0570221_corrected_area.fits,4.14432,217164337.5
729,13,gcp,europe-west1,1536,MB,europe-west1,gcp,upload,/function/corrected/p2mass-atlas-001021s-k0570233_corrected.fits,4.13568,1057103778.0
730,13,gcp,europe-west1,1536,MB,europe-west1,gcp,upload,/function/corrected/p2mass-atlas-001021s-k0570233_corrected_area.fits,4.13568,237238706.0
731,13,gcp,europe-west1,1536,MB,europe-west1,gcp,upload,/function/corrected/p2mass-atlas-001021s-k0570245_corrected.fits,4.14432,1068517835.5
732,13,gcp,europe-west1,1536,MB,europe-west1,gcp,upload,/function/corrected/p2mass-atlas-001021s-k0570245_corrected_area.fits,4.14432,234011318.5
733,13,gcp,europe-west1,1536,MB,europe-west1,gcp,upload,/function/corrected/p2mass-atlas-980914s-k0800033_corrected.fits,4.14432,1154268754.0
734,13,gcp,europe-west1,1536,MB,europe-west1,gcp,upload,/function/corrected/p2mass-atlas-980914s-k0800033_corrected_area.fits,4.14432,195487465.5
735,13,gcp,europe-west1,1536,MB,europe-west1,gcp,upload,/function/corrected/p2mass-atlas-980914s-k0800044_corrected.fits,4.14432,1060872950.0
736,13,gcp,europe-west1,1536,MB,europe-west1,gcp,upload,/function/corrected/p2mass-atlas-980914s-k0800044_corrected_area.fits,4.14432,181312502.5
737,13,gcp,europe-west1,1536,MB,europe-west1,gcp,upload,/function/corrected/p2mass-atlas-980914s-k0800056_corrected.fits,4.14432,1040568697.5
738,13,gcp,europe-west1,1536,MB,europe-west1,gcp,upload,/function/corrected/p2mass-atlas-980914s-k0800056_corrected_area.fits,4.14432,182033154.5
739,13,gcp,europe-west1,1536,MB,europe-west1,gcp,upload,/function/corrected/p2mass-atlas-980914s-k0810221_corrected.fits,4.14432,1044700471.0
740,13,gcp,europe-west1,1536,MB,europe-west1,gcp,upload,/function/corrected/p2mass-atlas-980914s-k0810221_corrected_area.fits,4.14432,185237503.5
741,13,gcp,europe-west1,1536,MB,europe-west1,gcp,upload,/function/corrected/p2mass-atlas-980914s-k0810233_corrected.fits,4.14432,1018643496.5
742,13,gcp,europe-west1,1536,MB,europe-west1,gcp,upload,/function/corrected/p2mass-atlas-980914s-k0810233_corrected_area.fits,4.14432,185933567.0
743,13,gcp,europe-west1,1536,MB,europe-west1,gcp,upload,/function/corrected/p2mass-atlas-980914s-k0810245_corrected.fits,4.14432,1114171363.5
744,13,gcp,europe-west1,1536,MB,europe-west1,gcp,upload,/function/corrected/p2mass-atlas-980914s-k0810245_corrected_area.fits,4.14432,208619536.0
745,13,gcp,europe-west1,1536,MB,europe-west1,gcp,upload,/function/corrected/p2mass-atlas-980914s-k0820033_corrected.fits,4.14432,1121439298.5
746,13,gcp,europe-west1,1536,MB,europe-west1,gcp,upload,/function/corrected/p2mass-atlas-980914s-k0820033_corrected_area.fits,4.14432,166301307.5
747,13,gcp,europe-west1,1536,MB,europe-west1,gcp,upload,/function/corrected/p2mass-atlas-980914s-k0820044_corrected.fits,4.14432,1110727005.0
748,13,gcp,europe-west1,1536,MB,europe-west1,gcp,upload,/function/corrected/p2mass-atlas-980914s-k0820044_corrected_area.fits,4.14432,158290358.5
749,13,gcp,europe-west1,1536,MB,europe-west1,gcp,upload,/function/corrected/p2mass-atlas-980914s-k0820056_corrected.fits,4.13568,1080326239.5
750,13,gcp,europe-west1,1536,MB,europe-west1,gcp,upload,/function/corrected/p2mass-atlas-980914s-k0820056_corrected_area.fits,4.13568,161598107.0
751,13,gcp,europe-west1,1536,MB,europe-west1,gcp,upload,/function/corrected/p2mass-atlas-980914s-k0830221_corrected.fits,4.14432,1054143556.5
752,13,gcp,europe-west1,1536,MB,europe-west1,gcp,upload,/function/corrected/p2mass-atlas-980914s-k0830221_corrected_area.fits,4.14432,147969285.0
753,13,gcp,europe-west1,1536,MB,europe-west1,gcp,upload,/function/corrected/p2mass-atlas-980914s-k0830233_corrected.fits,4.14432,1099723861.5
754,13,gcp,europe-west1,1536,MB,europe-west1,gcp,upload,/function/corrected/p2mass-atlas-980914s-k0830233_corrected_area.fits,4.14432,156111384.5
755,13,gcp,europe-west1,1536,MB,europe-west1,gcp,upload,/function/corrected/p2mass-atlas-980914s-k0830245_corrected.fits,4.14432,1020132104.5
756,13,gcp,europe-west1,1536,MB,europe-west1,gcp,upload,/function/corrected/p2mass-atlas-980914s-k0830245_corrected_area.fits,4.14432,162232109.5
757,13,gcp,europe-west1,1536,MB,europe-west1,gcp,upload,/function/corrected/p2mass-atlas-980914s-k0840033_corrected.fits,4.14432,1038251881.5
758,13,gcp,europe-west1,1536,MB,europe-west1,gcp,upload,/function/corrected/p2mass-atlas-980914s-k0840033_corrected_area.fits,4.14432,175991395.5
759,13,gcp,europe-west1,1536,MB,europe-west1,gcp,upload,/function/corrected/p2mass-atlas-980914s-k0840044_corrected.fits,4.14432,1084217995.5
760,13,gcp,europe-west1,1536,MB,europe-west1,gcp,upload,/function/corrected/p2mass-atlas-980914s-k0840044_corrected_area.fits,4.14432,197187400.5
761,13,gcp,europe-west1,1536,MB,europe-west1,gcp,upload,/function/corrected/p2mass-atlas-980914s-k0840056_corrected.fits,4.14432,1068858174.0
762,13,gcp,europe-west1,1536,MB,europe-west1,gcp,upload,/function/corrected/p2mass-atlas-980914s-k0840056_corrected_area.fits,4.14432,202605804.0
763,14,gcp,europe-west1,1536,MB,europe-west1,gcp,download,/function/cimages.tbl,0.00511,73850550.5
764,14,gcp,europe-west1,1536,MB,europe-west1,gcp,download,/function/corrected/p2mass-atlas-001020s-k0860033_corrected.fits,4.14432,135210643.0
765,14,gcp,europe-west1,1536,MB,europe-west1,gcp,download,/function/corrected/p2mass-atlas-001020s-k0860044_corrected.fits,4.14432,138259354.0
766,14,gcp,europe-west1,1536,MB,europe-west1,gcp,download,/function/corrected/p2mass-atlas-001020s-k0860056_corrected.fits,4.14432,166008222.0
767,14,gcp,europe-west1,1536,MB,europe-west1,gcp,download,/function/corrected/p2mass-atlas-001020s-k0870221_corrected.fits,4.13568,122200065.0
768,14,gcp,europe-west1,1536,MB,europe-west1,gcp,download,/function/corrected/p2mass-atlas-001020s-k0870233_corrected.fits,4.13568,125421421.0
769,14,gcp,europe-west1,1536,MB,europe-west1,gcp,download,/function/corrected/p2mass-atlas-001020s-k0870245_corrected.fits,4.13568,143054311.0
770,14,gcp,europe-west1,1536,MB,europe-west1,gcp,download,/function/corrected/p2mass-atlas-001021s-k0490221_corrected.fits,4.13568,132801859.0
771,14,gcp,europe-west1,1536,MB,europe-west1,gcp,download,/function/corrected/p2mass-atlas-001021s-k0490233_corrected.fits,4.13568,142716104.0
772,14,gcp,europe-west1,1536,MB,europe-west1,gcp,download,/function/corrected/p2mass-atlas-001021s-k0490245_corrected.fits,4.14432,136880316.5
773,14,gcp,europe-west1,1536,MB,europe-west1,gcp,download,/function/corrected/p2mass-atlas-001021s-k0560033_corrected.fits,4.15296,154704917.5
774,14,gcp,europe-west1,1536,MB,europe-west1,gcp,download,/function/corrected/p2mass-atlas-001021s-k0560044_corrected.fits,4.14432,149268595.0
775,14,gcp,europe-west1,1536,MB,europe-west1,gcp,download,/function/corrected/p2mass-atlas-001021s-k0560056_corrected.fits,4.13568,150823357.5
776,14,gcp,europe-west1,1536,MB,europe-west1,gcp,download,/function/corrected/p2mass-atlas-001021s-k0570221_corrected.fits,4.14432,142235040.5
777,14,gcp,europe-west1,1536,MB,europe-west1,gcp,download,/function/corrected/p2mass-atlas-001021s-k0570233_corrected.fits,4.13568,129713793.5
778,14,gcp,europe-west1,1536,MB,europe-west1,gcp,download,/function/corrected/p2mass-atlas-001021s-k0570245_corrected.fits,4.14432,151871599.5
779,14,gcp,europe-west1,1536,MB,europe-west1,gcp,download,/function/corrected/p2mass-atlas-980914s-k0800033_corrected.fits,4.14432,140409217.5
780,14,gcp,europe-west1,1536,MB,europe-west1,gcp,download,/function/corrected/p2mass-atlas-980914s-k0800044_corrected.fits,4.14432,137160609.0
781,14,gcp,europe-west1,1536,MB,europe-west1,gcp,download,/function/corrected/p2mass-atlas-980914s-k0800056_corrected.fits,4.14432,130127545.0
782,14,gcp,europe-west1,1536,MB,europe-west1,gcp,download,/function/corrected/p2mass-atlas-980914s-k0810221_corrected.fits,4.14432,124583176.5
783,14,gcp,europe-west1,1536,MB,europe-west1,gcp,download,/function/corrected/p2mass-atlas-980914s-k0810233_corrected.fits,4.14432,118818949.0
784,14,gcp,europe-west1,1536,MB,europe-west1,gcp,download,/function/corrected/p2mass-atlas-980914s-k0810245_corrected.fits,4.14432,115323809.5
785,14,gcp,europe-west1,1536,MB,europe-west1,gcp,download,/function/corrected/p2mass-atlas-980914s-k0820033_corrected.fits,4.14432,117010834.5
786,14,gcp,europe-west1,1536,MB,europe-west1,gcp,download,/function/corrected/p2mass-atlas-980914s-k0820044_corrected.fits,4.14432,102549408.5
787,14,gcp,europe-west1,1536,MB,europe-west1,gcp,download,/function/corrected/p2mass-atlas-980914s-k0820056_corrected.fits,4.13568,131008077.5
788,14,gcp,europe-west1,1536,MB,europe-west1,gcp,download,/function/corrected/p2mass-atlas-980914s-k0830221_corrected.fits,4.14432,111418710.0
789,14,gcp,europe-west1,1536,MB,europe-west1,gcp,download,/function/corrected/p2mass-atlas-980914s-k0830233_corrected.fits,4.14432,116869083.0
790,14,gcp,europe-west1,1536,MB,europe-west1,gcp,download,/function/corrected/p2mass-atlas-980914s-k0830245_corrected.fits,4.14432,146755504.0
791,14,gcp,europe-west1,1536,MB,europe-west1,gcp,download,/function/corrected/p2mass-atlas-980914s-k0840033_corrected.fits,4.14432,113255787.5
792,14,gcp,europe-west1,1536,MB,europe-west1,gcp,download,/function/corrected/p2mass-atlas-980914s-k0840044_corrected.fits,4.14432,169917355.5
793,14,gcp,europe-west1,1536,MB,europe-west1,gcp,download,/function/corrected/p2mass-atlas-980914s-k0840056_corrected.fits,4.14432,111848310.5
794,14,gcp,europe-west1,1536,MB,europe-west1,gcp,download,/function/mImgtbl,5.496352,112846550.0
795,14,gcp,europe-west1,1536,MB,europe-west1,gcp,upload,/function/cimages.tbl,0.015252,55743269.5
796,15,gcp,europe-west1,1536,MB,europe-west1,gcp,download,/function/cimages.tbl,0.015252,53317680.5
797,15,gcp,europe-west1,1536,MB,europe-west1,gcp,download,/function/corrected/p2mass-atlas-001020s-k0860033_corrected.fits,4.14432,105430341.5
798,15,gcp,europe-west1,1536,MB,europe-west1,gcp,download,/function/corrected/p2mass-atlas-001020s-k0860033_corrected_area.fits,4.14432,117866134.5
799,15,gcp,europe-west1,1536,MB,europe-west1,gcp,download,/function/corrected/p2mass-atlas-001020s-k0860044_corrected.fits,4.14432,106591694.0
800,15,gcp,europe-west1,1536,MB,europe-west1,gcp,download,/function/corrected/p2mass-atlas-001020s-k0860044_corrected_area.fits,4.14432,120192660.5
801,15,gcp,europe-west1,1536,MB,europe-west1,gcp,download,/function/corrected/p2mass-atlas-001020s-k0860056_corrected.fits,4.14432,115974279.0
802,15,gcp,europe-west1,1536,MB,europe-west1,gcp,download,/function/corrected/p2mass-atlas-001020s-k0860056_corrected_area.fits,4.14432,122543721.0
803,15,gcp,europe-west1,1536,MB,europe-west1,gcp,download,/function/corrected/p2mass-atlas-001020s-k0870221_corrected.fits,4.13568,183620592.5
804,15,gcp,europe-west1,1536,MB,europe-west1,gcp,download,/function/corrected/p2mass-atlas-001020s-k0870221_corrected_area.fits,4.13568,121792412.5
805,15,gcp,europe-west1,1536,MB,europe-west1,gcp,download,/function/corrected/p2mass-atlas-001020s-k0870233_corrected.fits,4.13568,123614588.0
806,15,gcp,europe-west1,1536,MB,europe-west1,gcp,download,/function/corrected/p2mass-atlas-001020s-k0870233_corrected_area.fits,4.13568,121049920.0
807,15,gcp,europe-west1,1536,MB,europe-west1,gcp,download,/function/corrected/p2mass-atlas-001020s-k0870245_corrected.fits,4.13568,127680547.5
808,15,gcp,europe-west1,1536,MB,europe-west1,gcp,download,/function/corrected/p2mass-atlas-001020s-k0870245_corrected_area.fits,4.13568,131027429.5
809,15,gcp,europe-west1,1536,MB,europe-west1,gcp,download,/function/corrected/p2mass-atlas-001021s-k0490221_corrected.fits,4.13568,132860553.5
810,15,gcp,europe-west1,1536,MB,europe-west1,gcp,download,/function/corrected/p2mass-atlas-001021s-k0490221_corrected_area.fits,4.13568,122245135.5
811,15,gcp,europe-west1,1536,MB,europe-west1,gcp,download,/function/corrected/p2mass-atlas-001021s-k0490233_corrected.fits,4.13568,143848189.0
812,15,gcp,europe-west1,1536,MB,europe-west1,gcp,download,/function/corrected/p2mass-atlas-001021s-k0490233_corrected_area.fits,4.13568,136107497.0
813,15,gcp,europe-west1,1536,MB,europe-west1,gcp,download,/function/corrected/p2mass-atlas-001021s-k0490245_corrected.fits,4.14432,145182065.0
814,15,gcp,europe-west1,1536,MB,europe-west1,gcp,download,/function/corrected/p2mass-atlas-001021s-k0490245_corrected_area.fits,4.14432,125898554.5
815,15,gcp,europe-west1,1536,MB,europe-west1,gcp,download,/function/corrected/p2mass-atlas-001021s-k0560033_corrected.fits,4.15296,124596117.5
816,15,gcp,europe-west1,1536,MB,europe-west1,gcp,download,/function/corrected/p2mass-atlas-001021s-k0560033_corrected_area.fits,4.15296,123508829.0
817,15,gcp,europe-west1,1536,MB,europe-west1,gcp,download,/function/corrected/p2mass-atlas-001021s-k0560044_corrected.fits,4.14432,128323567.5
818,15,gcp,europe-west1,1536,MB,europe-west1,gcp,download,/function/corrected/p2mass-atlas-001021s-k0560044_corrected_area.fits,4.14432,113209001.0
819,15,gcp,europe-west1,1536,MB,europe-west1,gcp,download,/function/corrected/p2mass-atlas-001021s-k0560056_corrected.fits,4.13568,102709440.5
820,15,gcp,europe-west1,1536,MB,europe-west1,gcp,download,/function/corrected/p2mass-atlas-001021s-k0560056_corrected_area.fits,4.13568,118228103.5
821,15,gcp,europe-west1,1536,MB,europe-west1,gcp,download,/function/corrected/p2mass-atlas-001021s-k0570221_corrected.fits,4.14432,114671531.5
822,15,gcp,europe-west1,1536,MB,europe-west1,gcp,download,/function/corrected/p2mass-atlas-001021s-k0570221_corrected_area.fits,4.14432,114470435.5
823,15,gcp,europe-west1,1536,MB,europe-west1,gcp,download,/function/corrected/p2mass-atlas-001021s-k0570233_corrected.fits,4.13568,114414334.0
824,15,gcp,europe-west1,1536,MB,europe-west1,gcp,download,/function/corrected/p2mass-atlas-001021s-k0570233_corrected_area.fits,4.13568,135018606.5
825,15,gcp,europe-west1,1536,MB,europe-west1,gcp,download,/function/corrected/p2mass-atlas-001021s-k0570245_corrected.fits,4.14432,106013667.0
826,15,gcp,europe-west1,1536,MB,europe-west1,gcp,download,/function/corrected/p2mass-atlas-001021s-k0570245_corrected_area.fits,4.14432,136248333.5
827,15,gcp,europe-west1,1536,MB,europe-west1,gcp,download,/function/corrected/p2mass-atlas-980914s-k0800033_corrected.fits,4.14432,116994432.0
828,15,gcp,europe-west1,1536,MB,europe-west1,gcp,download,/function/corrected/p2mass-atlas-980914s-k0800033_corrected_area.fits,4.14432,122450119.0
829,15,gcp,europe-west1,1536,MB,europe-west1,gcp,download,/function/corrected/p2mass-atlas-980914s-k0800044_corrected.fits,4.14432,96643136.0
830,15,gcp,europe-west1,1536,MB,europe-west1,gcp,download,/function/corrected/p2mass-atlas-980914s-k0800044_corrected_area.fits,4.14432,102584945.5
831,15,gcp,europe-west1,1536,MB,europe-west1,gcp,download,/function/corrected/p2mass-atlas-980914s-k0800056_corrected.fits,4.14432,118158620.5
832,15,gcp,europe-west1,1536,MB,europe-west1,gcp,download,/function/corrected/p2mass-atlas-980914s-k0800056_corrected_area.fits,4.14432,110517516.5
833,15,gcp,europe-west1,1536,MB,europe-west1,gcp,download,/function/corrected/p2mass-atlas-980914s-k0810221_corrected.fits,4.14432,127697586.5
834,15,gcp,europe-west1,1536,MB,europe-west1,gcp,download,/function/corrected/p2mass-atlas-980914s-k0810221_corrected_area.fits,4.14432,108504184.0
835,15,gcp,europe-west1,1536,MB,europe-west1,gcp,download,/function/corrected/p2mass-atlas-980914s-k0810233_corrected.fits,4.14432,102313413.5
836,15,gcp,europe-west1,1536,MB,europe-west1,gcp,download,/function/corrected/p2mass-atlas-980914s-k0810233_corrected_area.fits,4.14432,124594786.0
837,15,gcp,europe-west1,1536,MB,europe-west1,gcp,download,/function/corrected/p2mass-atlas-980914s-k0810245_corrected.fits,4.14432,100557505.5
838,15,gcp,europe-west1,1536,MB,europe-west1,gcp,download,/function/corrected/p2mass-atlas-980914s-k0810245_corrected_area.fits,4.14432,109027470.0
839,15,gcp,europe-west1,1536,MB,europe-west1,gcp,download,/function/corrected/p2mass-atlas-980914s-k0820033_corrected.fits,4.14432,112940468.0
840,15,gcp,europe-west1,1536,MB,europe-west1,gcp,download,/function/corrected/p2mass-atlas-980914s-k0820033_corrected_area.fits,4.14432,108574672.5
841,15,gcp,europe-west1,1536,MB,europe-west1,gcp,download,/function/corrected/p2mass-atlas-980914s-k0820044_corrected.fits,4.14432,119147374.5
842,15,gcp,europe-west1,1536,MB,europe-west1,gcp,download,/function/corrected/p2mass-atlas-980914s-k0820044_corrected_area.fits,4.14432,109894516.5
843,15,gcp,europe-west1,1536,MB,europe-west1,gcp,download,/function/corrected/p2mass-atlas-980914s-k0820056_corrected.fits,4.13568,111132929.5
844,15,gcp,europe-west1,1536,MB,europe-west1,gcp,download,/function/corrected/p2mass-atlas-980914s-k0820056_corrected_area.fits,4.13568,99941581.0
845,15,gcp,europe-west1,1536,MB,europe-west1,gcp,download,/function/corrected/p2mass-atlas-980914s-k0830221_corrected.fits,4.14432,131305213.0
846,15,gcp,europe-west1,1536,MB,europe-west1,gcp,download,/function/corrected/p2mass-atlas-980914s-k0830221_corrected_area.fits,4.14432,127472505.5
847,15,gcp,europe-west1,1536,MB,europe-west1,gcp,download,/function/corrected/p2mass-atlas-980914s-k0830233_corrected.fits,4.14432,123294982.5
848,15,gcp,europe-west1,1536,MB,europe-west1,gcp,download,/function/corrected/p2mass-atlas-980914s-k0830233_corrected_area.fits,4.14432,122584835.5
849,15,gcp,europe-west1,1536,MB,europe-west1,gcp,download,/function/corrected/p2mass-atlas-980914s-k0830245_corrected.fits,4.14432,138915987.0
850,15,gcp,europe-west1,1536,MB,europe-west1,gcp,download,/function/corrected/p2mass-atlas-980914s-k0830245_corrected_area.fits,4.14432,119378755.5
851,15,gcp,europe-west1,1536,MB,europe-west1,gcp,download,/function/corrected/p2mass-atlas-980914s-k0840033_corrected.fits,4.14432,93158986.5
852,15,gcp,europe-west1,1536,MB,europe-west1,gcp,download,/function/corrected/p2mass-atlas-980914s-k0840033_corrected_area.fits,4.14432,112877354.5
853,15,gcp,europe-west1,1536,MB,europe-west1,gcp,download,/function/corrected/p2mass-atlas-980914s-k0840044_corrected.fits,4.14432,136367007.0
854,15,gcp,europe-west1,1536,MB,europe-west1,gcp,download,/function/corrected/p2mass-atlas-980914s-k0840044_corrected_area.fits,4.14432,135748359.0
855,15,gcp,europe-west1,1536,MB,europe-west1,gcp,download,/function/corrected/p2mass-atlas-980914s-k0840056_corrected.fits,4.14432,112376599.5
856,15,gcp,europe-west1,1536,MB,europe-west1,gcp,download,/function/corrected/p2mass-atlas-980914s-k0840056_corrected_area.fits,4.14432,115754101.5
857,15,gcp,europe-west1,1536,MB,europe-west1,gcp,download,/function/mAdd,5.411176,131906644.0
858,15,gcp,europe-west1,1536,MB,europe-west1,gcp,download,/function/region.hdr,0.000277,43168970.5
859,15,gcp,europe-west1,1536,MB,europe-west1,gcp,upload,/function/mosaic.fits,57.21408,13909052296.5
860,15,gcp,europe-west1,1536,MB,europe-west1,gcp,upload,/function/mosaic_area.fits,57.21408,938869479.5
861,16,gcp,europe-west1,1536,MB,europe-west1,gcp,download,/function/mShrink,5.374048,165763101.0
862,16,gcp,europe-west1,1536,MB,europe-west1,gcp,download,/function/mosaic.fits,57.21408,993906927.0
863,16,gcp,europe-west1,1536,MB,europe-west1,gcp,upload,/function/mosaic_shrinked.fits,25.42176,6049174951.5
864,17,gcp,europe-west1,1536,MB,europe-west1,gcp,download,/function/mViewer,6.537816,166792280.5
865,17,gcp,europe-west1,1536,MB,europe-west1,gcp,download,/function/mosaic_shrinked.fits,25.42176,436562265.5
866,17,gcp,europe-west1,1536,MB,europe-west1,gcp,upload,/function/final.png,2.387093,276946709.5
867,2,gcp,europe-west1,1536,MB,europe-west1,gcp,download,/function/input/2mass-atlas-001020s-k0860033.fits,1.430932,98857639.0
868,2,gcp,europe-west1,1536,MB,europe-west1,gcp,download,/function/input/2mass-atlas-001020s-k0860044.fits,1.431122,84937308.0
869,2,gcp,europe-west1,1536,MB,europe-west1,gcp,download,/function/input/2mass-atlas-001020s-k0860056.fits,1.431548,79420933.5
870,2,gcp,europe-west1,1536,MB,europe-west1,gcp,download,/function/input/2mass-atlas-001020s-k0870221.fits,1.415237,89942059.0
871,2,gcp,europe-west1,1536,MB,europe-west1,gcp,download,/function/input/2mass-atlas-001020s-k0870233.fits,1.417782,83707003.5
872,2,gcp,europe-west1,1536,MB,europe-west1,gcp,download,/function/input/2mass-atlas-001020s-k0870245.fits,1.428497,80763743.0
873,2,gcp,europe-west1,1536,MB,europe-west1,gcp,download,/function/input/2mass-atlas-001021s-k0490221.fits,1.474539,102230364.0
874,2,gcp,europe-west1,1536,MB,europe-west1,gcp,download,/function/input/2mass-atlas-001021s-k0490233.fits,1.473388,81137164.0
875,2,gcp,europe-west1,1536,MB,europe-west1,gcp,download,/function/input/2mass-atlas-001021s-k0490245.fits,1.475153,98778285.0
876,2,gcp,europe-west1,1536,MB,europe-west1,gcp,download,/function/input/2mass-atlas-001021s-k0560033.fits,1.475337,93883563.0
877,2,gcp,europe-west1,1536,MB,europe-west1,gcp,download,/function/input/2mass-atlas-001021s-k0560044.fits,1.475774,70712189.5
878,2,gcp,europe-west1,1536,MB,europe-west1,gcp,download,/function/input/2mass-atlas-001021s-k0560056.fits,1.477972,68007019.5
879,2,gcp,europe-west1,1536,MB,europe-west1,gcp,download,/function/input/2mass-atlas-001021s-k0570221.fits,1.474794,71090674.0
880,2,gcp,europe-west1,1536,MB,europe-west1,gcp,download,/function/input/2mass-atlas-001021s-k0570233.fits,1.472843,89670639.5
881,2,gcp,europe-west1,1536,MB,europe-west1,gcp,download,/function/input/2mass-atlas-001021s-k0570245.fits,1.474299,96308980.5
882,2,gcp,europe-west1,1536,MB,europe-west1,gcp,download,/function/input/2mass-atlas-980914s-k0800033.fits,1.466856,103319503.5
883,2,gcp,europe-west1,1536,MB,europe-west1,gcp,download,/function/input/2mass-atlas-980914s-k0800044.fits,1.46705,85861795.5
884,2,gcp,europe-west1,1536,MB,europe-west1,gcp,download,/function/input/2mass-atlas-980914s-k0800056.fits,1.467462,86486013.0
885,2,gcp,europe-west1,1536,MB,europe-west1,gcp,download,/function/input/2mass-atlas-980914s-k0810221.fits,1.467205,87084612.0
886,2,gcp,europe-west1,1536,MB,europe-west1,gcp,download,/function/input/2mass-atlas-980914s-k0810233.fits,1.468091,86437961.0
887,2,gcp,europe-west1,1536,MB,europe-west1,gcp,download,/function/input/2mass-atlas-980914s-k0810245.fits,1.468524,86691828.5
888,2,gcp,europe-west1,1536,MB,europe-west1,gcp,download,/function/input/2mass-atlas-980914s-k0820033.fits,1.468069,87414268.0
889,2,gcp,europe-west1,1536,MB,europe-west1,gcp,download,/function/input/2mass-atlas-980914s-k0820044.fits,1.465354,79816174.0
890,2,gcp,europe-west1,1536,MB,europe-west1,gcp,download,/function/input/2mass-atlas-980914s-k0820056.fits,1.467195,82527748.0
891,2,gcp,europe-west1,1536,MB,europe-west1,gcp,download,/function/input/2mass-atlas-980914s-k0830221.fits,1.471563,81098942.5
892,2,gcp,europe-west1,1536,MB,europe-west1,gcp,download,/function/input/2mass-atlas-980914s-k0830233.fits,1.468954,76824289.0
893,2,gcp,europe-west1,1536,MB,europe-west1,gcp,download,/function/input/2mass-atlas-980914s-k0830245.fits,1.46679,87118768.0
894,2,gcp,europe-west1,1536,MB,europe-west1,gcp,download,/function/input/2mass-atlas-980914s-k0840033.fits,1.467584,77350402.0
895,2,gcp,europe-west1,1536,MB,europe-west1,gcp,download,/function/input/2mass-atlas-980914s-k0840044.fits,1.466204,80084274.5
896,2,gcp,europe-west1,1536,MB,europe-west1,gcp,download,/function/input/2mass-atlas-980914s-k0840056.fits,1.46731,74432777.5
897,2,gcp,europe-west1,1536,MB,europe-west1,gcp,download,/function/mProjectPP,5.457288,151664411.0
898,2,gcp,europe-west1,1536,MB,europe-west1,gcp,download,/function/region.hdr,0.000277,49063239.5
899,2,gcp,europe-west1,1536,MB,europe-west1,gcp,upload,/function/p2mass-atlas-001020s-k0860033.fits,4.14432,1113601178.5
900,2,gcp,europe-west1,1536,MB,europe-west1,gcp,upload,/function/p2mass-atlas-001020s-k0860033_area.fits,4.14432,201248045.0
901,2,gcp,europe-west1,1536,MB,europe-west1,gcp,upload,/function/p2mass-atlas-001020s-k0860044.fits,4.14432,1212082628.0
902,2,gcp,europe-west1,1536,MB,europe-west1,gcp,upload,/function/p2mass-atlas-001020s-k0860044_area.fits,4.14432,177243494.0
903,2,gcp,europe-west1,1536,MB,europe-west1,gcp,upload,/function/p2mass-atlas-001020s-k0860056.fits,4.14432,1174899494.0
904,2,gcp,europe-west1,1536,MB,europe-west1,gcp,upload,/function/p2mass-atlas-001020s-k0860056_area.fits,4.14432,211054969.5
905,2,gcp,europe-west1,1536,MB,europe-west1,gcp,upload,/function/p2mass-atlas-001020s-k0870221.fits,4.13568,1176633167.0
906,2,gcp,europe-west1,1536,MB,europe-west1,gcp,upload,/function/p2mass-atlas-001020s-k0870221_area.fits,4.13568,218308519.0
907,2,gcp,europe-west1,1536,MB,europe-west1,gcp,upload,/function/p2mass-atlas-001020s-k0870233.fits,4.13568,1167108231.0
908,2,gcp,europe-west1,1536,MB,europe-west1,gcp,upload,/function/p2mass-atlas-001020s-k0870233_area.fits,4.13568,210083942.5
909,2,gcp,europe-west1,1536,MB,europe-west1,gcp,upload,/function/p2mass-atlas-001020s-k0870245.fits,4.13568,1231253787.0
910,2,gcp,europe-west1,1536,MB,europe-west1,gcp,upload,/function/p2mass-atlas-001020s-k0870245_area.fits,4.13568,210265463.0
911,2,gcp,europe-west1,1536,MB,europe-west1,gcp,upload,/function/p2mass-atlas-001021s-k0490221.fits,4.13568,1061533153.0
912,2,gcp,europe-west1,1536,MB,europe-west1,gcp,upload,/function/p2mass-atlas-001021s-k0490221_area.fits,4.13568,222827324.0
913,2,gcp,europe-west1,1536,MB,europe-west1,gcp,upload,/function/p2mass-atlas-001021s-k0490233.fits,4.13568,1081440991.0
914,2,gcp,europe-west1,1536,MB,europe-west1,gcp,upload,/function/p2mass-atlas-001021s-k0490233_area.fits,4.13568,219190328.5
915,2,gcp,europe-west1,1536,MB,europe-west1,gcp,upload,/function/p2mass-atlas-001021s-k0490245.fits,4.14432,1068422664.0
916,2,gcp,europe-west1,1536,MB,europe-west1,gcp,upload,/function/p2mass-atlas-001021s-k0490245_area.fits,4.14432,251396220.0
917,2,gcp,europe-west1,1536,MB,europe-west1,gcp,upload,/function/p2mass-atlas-001021s-k0560033.fits,4.15296,1132703131.0
918,2,gcp,europe-west1,1536,MB,europe-west1,gcp,upload,/function/p2mass-atlas-001021s-k0560033_area.fits,4.15296,206191943.0
919,2,gcp,europe-west1,1536,MB,europe-west1,gcp,upload,/function/p2mass-atlas-001021s-k0560044.fits,4.14432,977999803.5
920,2,gcp,europe-west1,1536,MB,europe-west1,gcp,upload,/function/p2mass-atlas-001021s-k0560044_area.fits,4.14432,233329772.5
921,2,gcp,europe-west1,1536,MB,europe-west1,gcp,upload,/function/p2mass-atlas-001021s-k0560056.fits,4.13568,992887903.5
922,2,gcp,europe-west1,1536,MB,europe-west1,gcp,upload,/function/p2mass-atlas-001021s-k0560056_area.fits,4.13568,213921990.0
923,2,gcp,europe-west1,1536,MB,europe-west1,gcp,upload,/function/p2mass-atlas-001021s-k0570221.fits,4.14432,1006932676.0
924,2,gcp,europe-west1,1536,MB,europe-west1,gcp,upload,/function/p2mass-atlas-001021s-k0570221_area.fits,4.14432,222170569.5
925,2,gcp,europe-west1,1536,MB,europe-west1,gcp,upload,/function/p2mass-atlas-001021s-k0570233.fits,4.13568,1048344473.0
926,2,gcp,europe-west1,1536,MB,europe-west1,gcp,upload,/function/p2mass-atlas-001021s-k0570233_area.fits,4.13568,206466544.5
927,2,gcp,europe-west1,1536,MB,europe-west1,gcp,upload,/function/p2mass-atlas-001021s-k0570245.fits,4.14432,1075998309.0
928,2,gcp,europe-west1,1536,MB,europe-west1,gcp,upload,/function/p2mass-atlas-001021s-k0570245_area.fits,4.14432,224025622.0
929,2,gcp,europe-west1,1536,MB,europe-west1,gcp,upload,/function/p2mass-atlas-980914s-k0800033.fits,4.14432,1074395132.5
930,2,gcp,europe-west1,1536,MB,europe-west1,gcp,upload,/function/p2mass-atlas-980914s-k0800033_area.fits,4.14432,182511673.0
931,2,gcp,europe-west1,1536,MB,europe-west1,gcp,upload,/function/p2mass-atlas-980914s-k0800044.fits,4.14432,1094896513.0
932,2,gcp,europe-west1,1536,MB,europe-west1,gcp,upload,/function/p2mass-atlas-980914s-k0800044_area.fits,4.14432,180678377.5
933,2,gcp,europe-west1,1536,MB,europe-west1,gcp,upload,/function/p2mass-atlas-980914s-k0800056.fits,4.14432,1097069274.5
934,2,gcp,europe-west1,1536,MB,europe-west1,gcp,upload,/function/p2mass-atlas-980914s-k0800056_area.fits,4.14432,172476078.5
935,2,gcp,europe-west1,1536,MB,europe-west1,gcp,upload,/function/p2mass-atlas-980914s-k0810221.fits,4.14432,1105887101.5
936,2,gcp,europe-west1,1536,MB,europe-west1,gcp,upload,/function/p2mass-atlas-980914s-k0810221_area.fits,4.14432,169294160.0
937,2,gcp,europe-west1,1536,MB,europe-west1,gcp,upload,/function/p2mass-atlas-980914s-k0810233.fits,4.14432,1058204348.0
938,2,gcp,europe-west1,1536,MB,europe-west1,gcp,upload,/function/p2mass-atlas-980914s-k0810233_area.fits,4.14432,174905974.0
939,2,gcp,europe-west1,1536,MB,europe-west1,gcp,upload,/function/p2mass-atlas-980914s-k0810245.fits,4.14432,1040726847.5
940,2,gcp,europe-west1,1536,MB,europe-west1,gcp,upload,/function/p2mass-atlas-980914s-k0810245_area.fits,4.14432,194255114.0
941,2,gcp,europe-west1,1536,MB,europe-west1,gcp,upload,/function/p2mass-atlas-980914s-k0820033.fits,4.14432,1044935712.5
942,2,gcp,europe-west1,1536,MB,europe-west1,gcp,upload,/function/p2mass-atlas-980914s-k0820033_area.fits,4.14432,155884242.0
943,2,gcp,europe-west1,1536,MB,europe-west1,gcp,upload,/function/p2mass-atlas-980914s-k0820044.fits,4.14432,1063312369.5
944,2,gcp,europe-west1,1536,MB,europe-west1,gcp,upload,/function/p2mass-atlas-980914s-k0820044_area.fits,4.14432,153773564.5
945,2,gcp,europe-west1,1536,MB,europe-west1,gcp,upload,/function/p2mass-atlas-980914s-k0820056.fits,4.13568,1107148575.0
946,2,gcp,europe-west1,1536,MB,europe-west1,gcp,upload,/function/p2mass-atlas-980914s-k0820056_area.fits,4.13568,154527454.5
947,2,gcp,europe-west1,1536,MB,europe-west1,gcp,upload,/function/p2mass-atlas-980914s-k0830221.fits,4.14432,1090773437.5
948,2,gcp,europe-west1,1536,MB,europe-west1,gcp,upload,/function/p2mass-atlas-980914s-k0830221_area.fits,4.14432,147580924.5
949,2,gcp,europe-west1,1536,MB,europe-west1,gcp,upload,/function/p2mass-atlas-980914s-k0830233.fits,4.14432,1125742904.0
950,2,gcp,europe-west1,1536,MB,europe-west1,gcp,upload,/function/p2mass-atlas-980914s-k0830233_area.fits,4.14432,151113313.5
951,2,gcp,europe-west1,1536,MB,europe-west1,gcp,upload,/function/p2mass-atlas-980914s-k0830245.fits,4.14432,1124539622.0
952,2,gcp,europe-west1,1536,MB,europe-west1,gcp,upload,/function/p2mass-atlas-980914s-k0830245_area.fits,4.14432,148332457.0
953,2,gcp,europe-west1,1536,MB,europe-west1,gcp,upload,/function/p2mass-atlas-980914s-k0840033.fits,4.14432,1022846136.0
954,2,gcp,europe-west1,1536,MB,europe-west1,gcp,upload,/function/p2mass-atlas-980914s-k0840033_area.fits,4.14432,175242397.0
955,2,gcp,europe-west1,1536,MB,europe-west1,gcp,upload,/function/p2mass-atlas-980914s-k0840044.fits,4.14432,856748687.5
956,2,gcp,europe-west1,1536,MB,europe-west1,gcp,upload,/function/p2mass-atlas-980914s-k0840044_area.fits,4.14432,191158812.0
957,2,gcp,europe-west1,1536,MB,europe-west1,gcp,upload,/function/p2mass-atlas-980914s-k0840056.fits,4.14432,879160714.0
958,2,gcp,europe-west1,1536,MB,europe-west1,gcp,upload,/function/p2mass-atlas-980914s-k0840056_area.fits,4.14432,186787716.0
959,3,gcp,europe-west1,1536,MB,europe-west1,gcp,download,/function/input.imglist,0.001123,61917447.5
960,3,gcp,europe-west1,1536,MB,europe-west1,gcp,download,/function/input/2mass-atlas-001020s-k0860033.fits,1.430932,68388086.5
961,3,gcp,europe-west1,1536,MB,europe-west1,gcp,download,/function/input/2mass-atlas-001020s-k0860044.fits,1.431122,85962856.0
962,3,gcp,europe-west1,1536,MB,europe-west1,gcp,download,/function/input/2mass-atlas-001020s-k0860056.fits,1.431548,76530183.5
963,3,gcp,europe-west1,1536,MB,europe-west1,gcp,download,/function/input/2mass-atlas-001020s-k0870221.fits,1.415237,73334207.5
964,3,gcp,europe-west1,1536,MB,europe-west1,gcp,download,/function/input/2mass-atlas-001020s-k0870233.fits,1.417782,120798421.5
965,3,gcp,europe-west1,1536,MB,europe-west1,gcp,download,/function/input/2mass-atlas-001020s-k0870245.fits,1.428497,67596987.0
966,3,gcp,europe-west1,1536,MB,europe-west1,gcp,download,/function/input/2mass-atlas-001021s-k0490221.fits,1.474539,73219570.0
967,3,gcp,europe-west1,1536,MB,europe-west1,gcp,download,/function/input/2mass-atlas-001021s-k0490233.fits,1.473388,83122064.5
968,3,gcp,europe-west1,1536,MB,europe-west1,gcp,download,/function/input/2mass-atlas-001021s-k0490245.fits,1.475153,82754998.0
969,3,gcp,europe-west1,1536,MB,europe-west1,gcp,download,/function/input/2mass-atlas-001021s-k0560033.fits,1.475337,111767681.5
970,3,gcp,europe-west1,1536,MB,europe-west1,gcp,download,/function/input/2mass-atlas-001021s-k0560044.fits,1.475774,88645540.5
971,3,gcp,europe-west1,1536,MB,europe-west1,gcp,download,/function/input/2mass-atlas-001021s-k0560056.fits,1.477972,86823606.0
972,3,gcp,europe-west1,1536,MB,europe-west1,gcp,download,/function/input/2mass-atlas-001021s-k0570221.fits,1.474794,72730060.0
973,3,gcp,europe-west1,1536,MB,europe-west1,gcp,download,/function/input/2mass-atlas-001021s-k0570233.fits,1.472843,71762640.0
974,3,gcp,europe-west1,1536,MB,europe-west1,gcp,download,/function/input/2mass-atlas-001021s-k0570245.fits,1.474299,73029642.0
975,3,gcp,europe-west1,1536,MB,europe-west1,gcp,download,/function/input/2mass-atlas-980914s-k0800033.fits,1.466856,67326830.5
976,3,gcp,europe-west1,1536,MB,europe-west1,gcp,download,/function/input/2mass-atlas-980914s-k0800044.fits,1.46705,70187429.0
977,3,gcp,europe-west1,1536,MB,europe-west1,gcp,download,/function/input/2mass-atlas-980914s-k0800056.fits,1.467462,70321538.0
978,3,gcp,europe-west1,1536,MB,europe-west1,gcp,download,/function/input/2mass-atlas-980914s-k0810221.fits,1.467205,66738386.5
979,3,gcp,europe-west1,1536,MB,europe-west1,gcp,download,/function/input/2mass-atlas-980914s-k0810233.fits,1.468091,82579740.5
980,3,gcp,europe-west1,1536,MB,europe-west1,gcp,download,/function/input/2mass-atlas-980914s-k0810245.fits,1.468524,78450481.5
981,3,gcp,europe-west1,1536,MB,europe-west1,gcp,download,/function/input/2mass-atlas-980914s-k0820033.fits,1.468069,83077589.5
982,3,gcp,europe-west1,1536,MB,europe-west1,gcp,download,/function/input/2mass-atlas-980914s-k0820044.fits,1.465354,75610342.0
983,3,gcp,europe-west1,1536,MB,europe-west1,gcp,download,/function/input/2mass-atlas-980914s-k0820056.fits,1.467195,69250533.0
984,3,gcp,europe-west1,1536,MB,europe-west1,gcp,download,/function/input/2mass-atlas-980914s-k0830221.fits,1.471563,88690321.5
985,3,gcp,europe-west1,1536,MB,europe-west1,gcp,download,/function/input/2mass-atlas-980914s-k0830233.fits,1.468954,72059861.5
986,3,gcp,europe-west1,1536,MB,europe-west1,gcp,download,/function/input/2mass-atlas-980914s-k0830245.fits,1.46679,75584724.5
987,3,gcp,europe-west1,1536,MB,europe-west1,gcp,download,/function/input/2mass-atlas-980914s-k0840033.fits,1.467584,77722102.5
988,3,gcp,europe-west1,1536,MB,europe-west1,gcp,download,/function/input/2mass-atlas-980914s-k0840044.fits,1.466204,77725777.5
989,3,gcp,europe-west1,1536,MB,europe-west1,gcp,download,/function/input/2mass-atlas-980914s-k0840056.fits,1.46731,82102907.5
990,3,gcp,europe-west1,1536,MB,europe-west1,gcp,download,/function/mImgtbl,5.496352,139077430.0
991,3,gcp,europe-west1,1536,MB,europe-west1,gcp,upload,/function/images.tbl,0.01394,55296316.0
992,4,gcp,europe-west1,1536,MB,europe-west1,gcp,download,/function/images.tbl,0.01394,76078098.0
993,4,gcp,europe-west1,1536,MB,europe-west1,gcp,download,/function/mDAGTbls,5.47904,226900744.5
994,4,gcp,europe-west1,1536,MB,europe-west1,gcp,download,/function/region.hdr,0.000277,45658794.5
995,4,gcp,europe-west1,1536,MB,europe-west1,gcp,upload,/function/cimages.tbl,0.00511,53475371.0
996,4,gcp,europe-west1,1536,MB,europe-west1,gcp,upload,/function/pimages.tbl,0.00511,51451441.0
997,4,gcp,europe-west1,1536,MB,europe-west1,gcp,upload,/function/rimages.tbl,0.00508,67720954.0
998,5,gcp,europe-west1,1536,MB,europe-west1,gcp,download,/function/mOverlaps,0.504048,98682188.0
999,5,gcp,europe-west1,1536,MB,europe-west1,gcp,download,/function/pimages.tbl,0.00511,71332622.0
1000,5,gcp,europe-west1,1536,MB,europe-west1,gcp,upload,/function/diffs.tbl,0.016167,61717897.0
1001,6,gcp,europe-west1,1536,MB,europe-west1,gcp,download,/function/diffs.tbl,0.016167,78550353.0
1002,7,gcp,europe-west1,1536,MB,europe-west1,gcp,download,/function/mDiff,5.373008,102515940.0
1003,7,gcp,europe-west1,1536,MB,europe-west1,gcp,download,/function/mFitplane,5.372232,101926202.0
1004,7,gcp,europe-west1,1536,MB,europe-west1,gcp,download,/function/p2mass-atlas-001020s-k0860033.fits,4.14432,118977238.0
1005,7,gcp,europe-west1,1536,MB,europe-west1,gcp,download,/function/p2mass-atlas-001020s-k0860033_area.fits,4.14432,93431909.0
1006,7,gcp,europe-west1,1536,MB,europe-west1,gcp,download,/function/p2mass-atlas-001020s-k0860044.fits,4.14432,100034101.5
1007,7,gcp,europe-west1,1536,MB,europe-west1,gcp,download,/function/p2mass-atlas-001020s-k0860044_area.fits,4.14432,86033404.0
1008,7,gcp,europe-west1,1536,MB,europe-west1,gcp,download,/function/p2mass-atlas-001020s-k0860056.fits,4.14432,90637489.0
1009,7,gcp,europe-west1,1536,MB,europe-west1,gcp,download,/function/p2mass-atlas-001020s-k0860056_area.fits,4.14432,90606336.0
1010,7,gcp,europe-west1,1536,MB,europe-west1,gcp,download,/function/p2mass-atlas-001020s-k0870221.fits,4.13568,98963689.0
1011,7,gcp,europe-west1,1536,MB,europe-west1,gcp,download,/function/p2mass-atlas-001020s-k0870221_area.fits,4.13568,88704319.5
1012,7,gcp,europe-west1,1536,MB,europe-west1,gcp,download,/function/p2mass-atlas-001020s-k0870233.fits,4.13568,98611931.0
1013,7,gcp,europe-west1,1536,MB,europe-west1,gcp,download,/function/p2mass-atlas-001020s-k0870233_area.fits,4.13568,84546972.5
1014,7,gcp,europe-west1,1536,MB,europe-west1,gcp,download,/function/p2mass-atlas-001020s-k0870245.fits,4.13568,95376872.0
1015,7,gcp,europe-west1,1536,MB,europe-west1,gcp,download,/function/p2mass-atlas-001020s-k0870245_area.fits,4.13568,92373428.5
1016,7,gcp,europe-west1,1536,MB,europe-west1,gcp,download,/function/p2mass-atlas-001021s-k0490221.fits,4.13568,93052560.0
1017,7,gcp,europe-west1,1536,MB,europe-west1,gcp,download,/function/p2mass-atlas-001021s-k0490221_area.fits,4.13568,93268282.5
1018,7,gcp,europe-west1,1536,MB,europe-west1,gcp,download,/function/p2mass-atlas-001021s-k0490233.fits,4.13568,92396584.5
1019,7,gcp,europe-west1,1536,MB,europe-west1,gcp,download,/function/p2mass-atlas-001021s-k0490233_area.fits,4.13568,84522793.0
1020,7,gcp,europe-west1,1536,MB,europe-west1,gcp,download,/function/p2mass-atlas-001021s-k0490245.fits,4.14432,97895877.5
1021,7,gcp,europe-west1,1536,MB,europe-west1,gcp,download,/function/p2mass-atlas-001021s-k0490245_area.fits,4.14432,91156751.0
1022,7,gcp,europe-west1,1536,MB,europe-west1,gcp,download,/function/p2mass-atlas-001021s-k0560033.fits,4.15296,103617738.5
1023,7,gcp,europe-west1,1536,MB,europe-west1,gcp,download,/function/p2mass-atlas-001021s-k0560033_area.fits,4.15296,88597046.5
1024,7,gcp,europe-west1,1536,MB,europe-west1,gcp,download,/function/p2mass-atlas-001021s-k0560044.fits,4.14432,96015386.5
1025,7,gcp,europe-west1,1536,MB,europe-west1,gcp,download,/function/p2mass-atlas-001021s-k0560044_area.fits,4.14432,90689558.0
1026,7,gcp,europe-west1,1536,MB,europe-west1,gcp,download,/function/p2mass-atlas-001021s-k0560056.fits,4.13568,90921324.5
1027,7,gcp,europe-west1,1536,MB,europe-west1,gcp,download,/function/p2mass-atlas-001021s-k0560056_area.fits,4.13568,89934559.5
1028,7,gcp,europe-west1,1536,MB,europe-west1,gcp,download,/function/p2mass-atlas-001021s-k0570221.fits,4.14432,102662200.0
1029,7,gcp,europe-west1,1536,MB,europe-west1,gcp,download,/function/p2mass-atlas-001021s-k0570221_area.fits,4.14432,88150450.5
1030,7,gcp,europe-west1,1536,MB,europe-west1,gcp,download,/function/p2mass-atlas-001021s-k0570233.fits,4.13568,100016466.5
1031,7,gcp,europe-west1,1536,MB,europe-west1,gcp,download,/function/p2mass-atlas-001021s-k0570233_area.fits,4.13568,93697915.0
1032,7,gcp,europe-west1,1536,MB,europe-west1,gcp,download,/function/p2mass-atlas-001021s-k0570245.fits,4.14432,111777790.0
1033,7,gcp,europe-west1,1536,MB,europe-west1,gcp,download,/function/p2mass-atlas-001021s-k0570245_area.fits,4.14432,101275194.5
1034,7,gcp,europe-west1,1536,MB,europe-west1,gcp,download,/function/p2mass-atlas-980914s-k0800033.fits,4.14432,99541738.0
1035,7,gcp,europe-west1,1536,MB,europe-west1,gcp,download,/function/p2mass-atlas-980914s-k0800033_area.fits,4.14432,88852761.5
1036,7,gcp,europe-west1,1536,MB,europe-west1,gcp,download,/function/p2mass-atlas-980914s-k0800044.fits,4.14432,100793626.5
1037,7,gcp,europe-west1,1536,MB,europe-west1,gcp,download,/function/p2mass-atlas-980914s-k0800044_area.fits,4.14432,94363743.5
1038,7,gcp,europe-west1,1536,MB,europe-west1,gcp,download,/function/p2mass-atlas-980914s-k0800056.fits,4.14432,100544599.5
1039,7,gcp,europe-west1,1536,MB,europe-west1,gcp,download,/function/p2mass-atlas-980914s-k0800056_area.fits,4.14432,94047323.5
1040,7,gcp,europe-west1,1536,MB,europe-west1,gcp,download,/function/p2mass-atlas-980914s-k0810221.fits,4.14432,97843259.0
1041,7,gcp,europe-west1,1536,MB,europe-west1,gcp,download,/function/p2mass-atlas-980914s-k0810221_area.fits,4.14432,83750425.5
1042,7,gcp,europe-west1,1536,MB,europe-west1,gcp,download,/function/p2mass-atlas-980914s-k0810233.fits,4.14432,95582144.0
1043,7,gcp,europe-west1,1536,MB,europe-west1,gcp,download,/function/p2mass-atlas-980914s-k0810233_area.fits,4.14432,88715462.5
1044,7,gcp,europe-west1,1536,MB,europe-west1,gcp,download,/function/p2mass-atlas-980914s-k0810245.fits,4.14432,97659738.5
1045,7,gcp,europe-west1,1536,MB,europe-west1,gcp,download,/function/p2mass-atlas-980914s-k0810245_area.fits,4.14432,91001872.0
1046,7,gcp,europe-west1,1536,MB,europe-west1,gcp,download,/function/p2mass-atlas-980914s-k0820033.fits,4.14432,104538468.0
1047,7,gcp,europe-west1,1536,MB,europe-west1,gcp,download,/function/p2mass-atlas-980914s-k0820033_area.fits,4.14432,100727851.5
1048,7,gcp,europe-west1,1536,MB,europe-west1,gcp,download,/function/p2mass-atlas-980914s-k0820044.fits,4.14432,95318091.0
1049,7,gcp,europe-west1,1536,MB,europe-west1,gcp,download,/function/p2mass-atlas-980914s-k0820044_area.fits,4.14432,81896893.0
1050,7,gcp,europe-west1,1536,MB,europe-west1,gcp,download,/function/p2mass-atlas-980914s-k0820056.fits,4.13568,99737572.5
1051,7,gcp,europe-west1,1536,MB,europe-west1,gcp,download,/function/p2mass-atlas-980914s-k0820056_area.fits,4.13568,86093870.5
1052,7,gcp,europe-west1,1536,MB,europe-west1,gcp,download,/function/p2mass-atlas-980914s-k0830221.fits,4.14432,90785398.0
1053,7,gcp,europe-west1,1536,MB,europe-west1,gcp,download,/function/p2mass-atlas-980914s-k0830221_area.fits,4.14432,84672798.0
1054,7,gcp,europe-west1,1536,MB,europe-west1,gcp,download,/function/p2mass-atlas-980914s-k0830233.fits,4.14432,94189673.5
1055,7,gcp,europe-west1,1536,MB,europe-west1,gcp,download,/function/p2mass-atlas-980914s-k0830233_area.fits,4.14432,85257612.0
1056,7,gcp,europe-west1,1536,MB,europe-west1,gcp,download,/function/p2mass-atlas-980914s-k0830245.fits,4.14432,106514077.5
1057,7,gcp,europe-west1,1536,MB,europe-west1,gcp,download,/function/p2mass-atlas-980914s-k0830245_area.fits,4.14432,91166665.5
1058,7,gcp,europe-west1,1536,MB,europe-west1,gcp,download,/function/p2mass-atlas-980914s-k0840033.fits,4.14432,136012655.0
1059,7,gcp,europe-west1,1536,MB,europe-west1,gcp,download,/function/p2mass-atlas-980914s-k0840033_area.fits,4.14432,125261818.0
1060,7,gcp,europe-west1,1536,MB,europe-west1,gcp,download,/function/p2mass-atlas-980914s-k0840044.fits,4.14432,98965167.5
1061,7,gcp,europe-west1,1536,MB,europe-west1,gcp,download,/function/p2mass-atlas-980914s-k0840044_area.fits,4.14432,96615055.5
1062,7,gcp,europe-west1,1536,MB,europe-west1,gcp,download,/function/p2mass-atlas-980914s-k0840056.fits,4.14432,96910127.5
1063,7,gcp,europe-west1,1536,MB,europe-west1,gcp,download,/function/p2mass-atlas-980914s-k0840056_area.fits,4.14432,90122138.5
1064,7,gcp,europe-west1,1536,MB,europe-west1,gcp,download,/function/region.hdr,0.000277,39369041.0
1065,7,gcp,europe-west1,1536,MB,europe-west1,gcp,upload,/function/diff.000001.000007.fits,1.02528,190988261.0
1066,7,gcp,europe-west1,1536,MB,europe-west1,gcp,upload,/function/diff.000001.000007_area.fits,1.02528,71767072.5
1067,7,gcp,europe-west1,1536,MB,europe-west1,gcp,upload,/function/diff.000001.000011.fits,3.31776,576006317.0
1068,7,gcp,europe-west1,1536,MB,europe-west1,gcp,upload,/function/diff.000001.000011_area.fits,3.31776,139800111.0
1069,7,gcp,europe-west1,1536,MB,europe-west1,gcp,upload,/function/diff.000001.000012.fits,0.22176,90322138.0
1070,7,gcp,europe-west1,1536,MB,europe-west1,gcp,upload,/function/diff.000001.000012_area.fits,0.22176,56846288.0
1071,7,gcp,europe-west1,1536,MB,europe-west1,gcp,upload,/function/diff.000001.000020.fits,0.14112,64670786.0
1072,7,gcp,europe-west1,1536,MB,europe-west1,gcp,upload,/function/diff.000001.000020_area.fits,0.14112,56697880.0
1073,7,gcp,europe-west1,1536,MB,europe-west1,gcp,upload,/function/diff.000001.000025.fits,0.03744,55448862.0
1074,7,gcp,europe-west1,1536,MB,europe-west1,gcp,upload,/function/diff.000001.000025_area.fits,0.03744,57898281.0
1075,7,gcp,europe-west1,1536,MB,europe-west1,gcp,upload,/function/diff.000001.000026.fits,0.59328,129791380.5
1076,7,gcp,europe-west1,1536,MB,europe-west1,gcp,upload,/function/diff.000001.000026_area.fits,0.59328,60718088.0
1077,7,gcp,europe-west1,1536,MB,europe-west1,gcp,upload,/function/diff.000001.000028.fits,0.4464,86861244.0
1078,7,gcp,europe-west1,1536,MB,europe-west1,gcp,upload,/function/diff.000001.000028_area.fits,0.4464,61995766.0
1079,7,gcp,europe-west1,1536,MB,europe-west1,gcp,upload,/function/diff.000002.000006.fits,0.4464,87799020.5
1080,7,gcp,europe-west1,1536,MB,europe-west1,gcp,upload,/function/diff.000002.000006_area.fits,0.4464,59337934.5
1081,7,gcp,europe-west1,1536,MB,europe-west1,gcp,upload,/function/diff.000002.000009.fits,3.33792,556241069.0
1082,7,gcp,europe-west1,1536,MB,europe-west1,gcp,upload,/function/diff.000002.000009_area.fits,3.33792,128714800.5
1083,7,gcp,europe-west1,1536,MB,europe-west1,gcp,upload,/function/diff.000002.000015.fits,0.22464,102296393.5
1084,7,gcp,europe-west1,1536,MB,europe-west1,gcp,upload,/function/diff.000002.000015_area.fits,0.22464,55224160.0
1085,7,gcp,europe-west1,1536,MB,europe-west1,gcp,upload,/function/diff.000002.000016.fits,0.14112,63754217.5
1086,7,gcp,europe-west1,1536,MB,europe-west1,gcp,upload,/function/diff.000002.000016_area.fits,0.14112,52444071.0
1087,7,gcp,europe-west1,1536,MB,europe-west1,gcp,upload,/function/diff.000002.000019.fits,0.12672,70452362.0
1088,7,gcp,europe-west1,1536,MB,europe-west1,gcp,upload,/function/diff.000002.000019_area.fits,0.12672,54614877.0
1089,7,gcp,europe-west1,1536,MB,europe-west1,gcp,upload,/function/diff.000002.000020.fits,0.14688,59409927.5
1090,7,gcp,europe-west1,1536,MB,europe-west1,gcp,upload,/function/diff.000002.000020_area.fits,0.14688,53516810.0
1091,7,gcp,europe-west1,1536,MB,europe-west1,gcp,upload,/function/diff.000002.000023.fits,0.40032,96148274.0
1092,7,gcp,europe-west1,1536,MB,europe-west1,gcp,upload,/function/diff.000002.000023_area.fits,0.40032,57395437.5
1093,7,gcp,europe-west1,1536,MB,europe-west1,gcp,upload,/function/diff.000002.000025.fits,0.03168,64255081.5
1094,7,gcp,europe-west1,1536,MB,europe-west1,gcp,upload,/function/diff.000002.000025_area.fits,0.03168,52237951.5
1095,7,gcp,europe-west1,1536,MB,europe-west1,gcp,upload,/function/diff.000002.000026.fits,0.52704,141690779.5
1096,7,gcp,europe-west1,1536,MB,europe-west1,gcp,upload,/function/diff.000002.000026_area.fits,0.52704,63313944.0
1097,7,gcp,europe-west1,1536,MB,europe-west1,gcp,upload,/function/diff.000002.000027.fits,1.01952,179456354.5
1098,7,gcp,europe-west1,1536,MB,europe-west1,gcp,upload,/function/diff.000002.000027_area.fits,1.01952,70370635.5
1099,7,gcp,europe-west1,1536,MB,europe-west1,gcp,upload,/function/diff.000002.000028.fits,0.46656,84757252.0
1100,7,gcp,europe-west1,1536,MB,europe-west1,gcp,upload,/function/diff.000002.000028_area.fits,0.46656,59391447.5
1101,7,gcp,europe-west1,1536,MB,europe-west1,gcp,upload,/function/diff.000003.000005.fits,4.06368,770235388.5
1102,7,gcp,europe-west1,1536,MB,europe-west1,gcp,upload,/function/diff.000003.000005_area.fits,4.06368,139654108.0
1103,7,gcp,europe-west1,1536,MB,europe-west1,gcp,upload,/function/diff.000003.000006.fits,0.42912,114048486.0
1104,7,gcp,europe-west1,1536,MB,europe-west1,gcp,upload,/function/diff.000003.000006_area.fits,0.42912,61852824.5
1105,7,gcp,europe-west1,1536,MB,europe-west1,gcp,upload,/function/diff.000003.000016.fits,0.13248,67862859.0
1106,7,gcp,europe-west1,1536,MB,europe-west1,gcp,upload,/function/diff.000003.000016_area.fits,0.13248,55069731.5
1107,7,gcp,europe-west1,1536,MB,europe-west1,gcp,upload,/function/diff.000003.000019.fits,0.14688,60640810.5
1108,7,gcp,europe-west1,1536,MB,europe-west1,gcp,upload,/function/diff.000003.000019_area.fits,0.14688,55486336.5
1109,7,gcp,europe-west1,1536,MB,europe-west1,gcp,upload,/function/diff.000003.000023.fits,0.46656,86373196.0
1110,7,gcp,europe-west1,1536,MB,europe-west1,gcp,upload,/function/diff.000003.000023_area.fits,0.46656,55505216.0
1111,7,gcp,europe-west1,1536,MB,europe-west1,gcp,upload,/function/diff.000003.000024.fits,0.22464,85647143.0
1112,7,gcp,europe-west1,1536,MB,europe-west1,gcp,upload,/function/diff.000003.000024_area.fits,0.22464,56312525.5
1113,7,gcp,europe-west1,1536,MB,europe-west1,gcp,upload,/function/diff.000003.000029.fits,0.20736,73177140.0
1114,7,gcp,europe-west1,1536,MB,europe-west1,gcp,upload,/function/diff.000003.000029_area.fits,0.20736,54600041.0
1115,7,gcp,europe-west1,1536,MB,europe-west1,gcp,upload,/function/diff.000004.000008.fits,0.576,120364129.0
1116,7,gcp,europe-west1,1536,MB,europe-west1,gcp,upload,/function/diff.000004.000008_area.fits,0.576,63684505.5
1117,7,gcp,europe-west1,1536,MB,europe-west1,gcp,upload,/function/diff.000004.000010.fits,0.55296,111170103.5
1118,7,gcp,europe-west1,1536,MB,europe-west1,gcp,upload,/function/diff.000004.000010_area.fits,0.55296,56874107.5
1119,7,gcp,europe-west1,1536,MB,europe-west1,gcp,upload,/function/diff.000004.000014.fits,0.42912,88759974.0
1120,7,gcp,europe-west1,1536,MB,europe-west1,gcp,upload,/function/diff.000004.000014_area.fits,0.42912,55147725.5
1121,7,gcp,europe-west1,1536,MB,europe-west1,gcp,upload,/function/diff.000004.000015.fits,1.01952,177984066.0
1122,7,gcp,europe-west1,1536,MB,europe-west1,gcp,upload,/function/diff.000004.000015_area.fits,1.01952,68147463.0
1123,7,gcp,europe-west1,1536,MB,europe-west1,gcp,upload,/function/diff.000004.000016.fits,0.03168,53490093.5
1124,7,gcp,europe-west1,1536,MB,europe-west1,gcp,upload,/function/diff.000004.000016_area.fits,0.03168,49692090.5
1125,7,gcp,europe-west1,1536,MB,europe-west1,gcp,upload,/function/diff.000004.000017.fits,3.33216,513272127.5
1126,7,gcp,europe-west1,1536,MB,europe-west1,gcp,upload,/function/diff.000004.000017_area.fits,3.33216,133922366.0
1127,7,gcp,europe-west1,1536,MB,europe-west1,gcp,upload,/function/diff.000004.000019.fits,0.0288,49382422.0
1128,7,gcp,europe-west1,1536,MB,europe-west1,gcp,upload,/function/diff.000004.000019_area.fits,0.0288,50397048.5
1129,7,gcp,europe-west1,1536,MB,europe-west1,gcp,upload,/function/diff.000004.000020.fits,0.03456,54097755.0
1130,7,gcp,europe-west1,1536,MB,europe-west1,gcp,upload,/function/diff.000004.000020_area.fits,0.03456,51129915.5
1131,7,gcp,europe-west1,1536,MB,europe-west1,gcp,upload,/function/diff.000004.000021.fits,0.49248,103376944.5
1132,7,gcp,europe-west1,1536,MB,europe-west1,gcp,upload,/function/diff.000004.000021_area.fits,0.49248,62854497.5
1133,7,gcp,europe-west1,1536,MB,europe-west1,gcp,upload,/function/diff.000004.000025.fits,0.13248,60421033.0
1134,7,gcp,europe-west1,1536,MB,europe-west1,gcp,upload,/function/diff.000004.000025_area.fits,0.13248,52822247.5
1135,7,gcp,europe-west1,1536,MB,europe-west1,gcp,upload,/function/diff.000004.000027.fits,0.22176,86717407.0
1136,7,gcp,europe-west1,1536,MB,europe-west1,gcp,upload,/function/diff.000004.000027_area.fits,0.22176,53325136.5
1137,7,gcp,europe-west1,1536,MB,europe-west1,gcp,upload,/function/diff.000005.000006.fits,0.47232,85214940.5
1138,7,gcp,europe-west1,1536,MB,europe-west1,gcp,upload,/function/diff.000005.000006_area.fits,0.47232,61963273.0
1139,7,gcp,europe-west1,1536,MB,europe-west1,gcp,upload,/function/diff.000005.000016.fits,0.14976,65459952.0
1140,7,gcp,europe-west1,1536,MB,europe-west1,gcp,upload,/function/diff.000005.000016_area.fits,0.14976,48834441.5
1141,7,gcp,europe-west1,1536,MB,europe-west1,gcp,upload,/function/diff.000005.000019.fits,0.16128,67468547.5
1142,7,gcp,europe-west1,1536,MB,europe-west1,gcp,upload,/function/diff.000005.000019_area.fits,0.16128,55543767.5
1143,7,gcp,europe-west1,1536,MB,europe-west1,gcp,upload,/function/diff.000005.000023.fits,0.50976,114782539.0
1144,7,gcp,europe-west1,1536,MB,europe-west1,gcp,upload,/function/diff.000005.000023_area.fits,0.50976,59418630.5
1145,7,gcp,europe-west1,1536,MB,europe-west1,gcp,upload,/function/diff.000005.000024.fits,0.23616,76628166.5
1146,7,gcp,europe-west1,1536,MB,europe-west1,gcp,upload,/function/diff.000005.000024_area.fits,0.23616,49572660.5
1147,7,gcp,europe-west1,1536,MB,europe-west1,gcp,upload,/function/diff.000005.000029.fits,0.22176,59523642.5
1148,7,gcp,europe-west1,1536,MB,europe-west1,gcp,upload,/function/diff.000005.000029_area.fits,0.22176,55338850.5
1149,7,gcp,europe-west1,1536,MB,europe-west1,gcp,upload,/function/diff.000006.000009.fits,0.54432,113134308.0
1150,7,gcp,europe-west1,1536,MB,europe-west1,gcp,upload,/function/diff.000006.000009_area.fits,0.54432,65566145.0
1151,7,gcp,europe-west1,1536,MB,europe-west1,gcp,upload,/function/diff.000006.000016.fits,0.22176,90087460.0
1152,7,gcp,europe-west1,1536,MB,europe-west1,gcp,upload,/function/diff.000006.000016_area.fits,0.22176,52446361.0
1153,7,gcp,europe-west1,1536,MB,europe-west1,gcp,upload,/function/diff.000006.000019.fits,0.22752,68036189.0
1154,7,gcp,europe-west1,1536,MB,europe-west1,gcp,upload,/function/diff.000006.000019_area.fits,0.22752,53986948.0
1155,7,gcp,europe-west1,1536,MB,europe-west1,gcp,upload,/function/diff.000006.000023.fits,4.06656,713352985.0
1156,7,gcp,europe-west1,1536,MB,europe-west1,gcp,upload,/function/diff.000006.000023_area.fits,4.06656,147920975.5
1157,7,gcp,europe-west1,1536,MB,europe-west1,gcp,upload,/function/diff.000006.000027.fits,0.03168,54634300.0
1158,7,gcp,europe-west1,1536,MB,europe-west1,gcp,upload,/function/diff.000006.000027_area.fits,0.03168,50474673.0
1159,7,gcp,europe-west1,1536,MB,europe-west1,gcp,upload,/function/diff.000007.000008.fits,0.03168,52979265.5
1160,7,gcp,europe-west1,1536,MB,europe-west1,gcp,upload,/function/diff.000007.000008_area.fits,0.03168,46640864.0
1161,7,gcp,europe-west1,1536,MB,europe-west1,gcp,upload,/function/diff.000007.000011.fits,0.22464,89611462.0
1162,7,gcp,europe-west1,1536,MB,europe-west1,gcp,upload,/function/diff.000007.000011_area.fits,0.22464,58121034.5
1163,7,gcp,europe-west1,1536,MB,europe-west1,gcp,upload,/function/diff.000007.000012.fits,3.31776,521595257.0
1164,7,gcp,europe-west1,1536,MB,europe-west1,gcp,upload,/function/diff.000007.000012_area.fits,3.31776,136190238.5
1165,7,gcp,europe-west1,1536,MB,europe-west1,gcp,upload,/function/diff.000007.000013.fits,0.22464,76226795.0
1166,7,gcp,europe-west1,1536,MB,europe-west1,gcp,upload,/function/diff.000007.000013_area.fits,0.22464,54075717.5
1167,7,gcp,europe-west1,1536,MB,europe-west1,gcp,upload,/function/diff.000007.000020.fits,0.53568,108398782.0
1168,7,gcp,europe-west1,1536,MB,europe-west1,gcp,upload,/function/diff.000007.000020_area.fits,0.53568,60065533.5
1169,7,gcp,europe-west1,1536,MB,europe-west1,gcp,upload,/function/diff.000007.000025.fits,0.46656,84790207.5
1170,7,gcp,europe-west1,1536,MB,europe-west1,gcp,upload,/function/diff.000007.000025_area.fits,0.46656,62417883.5
1171,7,gcp,europe-west1,1536,MB,europe-west1,gcp,upload,/function/diff.000007.000026.fits,0.144,58456592.0
1172,7,gcp,europe-west1,1536,MB,europe-west1,gcp,upload,/function/diff.000007.000026_area.fits,0.144,50884455.0
1173,7,gcp,europe-west1,1536,MB,europe-west1,gcp,upload,/function/diff.000007.000028.fits,0.03168,56499048.0
1174,7,gcp,europe-west1,1536,MB,europe-west1,gcp,upload,/function/diff.000007.000028_area.fits,0.03168,48127088.5
1175,7,gcp,europe-west1,1536,MB,europe-west1,gcp,upload,/function/diff.000008.000012.fits,0.14112,62861665.0
1176,7,gcp,europe-west1,1536,MB,europe-west1,gcp,upload,/function/diff.000008.000012_area.fits,0.14112,53098871.0
1177,7,gcp,europe-west1,1536,MB,europe-west1,gcp,upload,/function/diff.000008.000013.fits,0.53568,111589597.5
1178,7,gcp,europe-west1,1536,MB,europe-west1,gcp,upload,/function/diff.000008.000013_area.fits,0.53568,59021819.5
1179,7,gcp,europe-west1,1536,MB,europe-west1,gcp,upload,/function/diff.000008.000014.fits,3.30624,599038575.0
1180,7,gcp,europe-west1,1536,MB,europe-west1,gcp,upload,/function/diff.000008.000014_area.fits,3.30624,123782998.0
1181,7,gcp,europe-west1,1536,MB,europe-west1,gcp,upload,/function/diff.000008.000015.fits,0.144,54591815.5
1182,7,gcp,europe-west1,1536,MB,europe-west1,gcp,upload,/function/diff.000008.000015_area.fits,0.144,49129535.5
1183,7,gcp,europe-west1,1536,MB,europe-west1,gcp,upload,/function/diff.000008.000017.fits,0.4608,82536103.5
1184,7,gcp,europe-west1,1536,MB,europe-west1,gcp,upload,/function/diff.000008.000017_area.fits,0.4608,60512370.5
1185,7,gcp,europe-west1,1536,MB,europe-west1,gcp,upload,/function/diff.000008.000020.fits,0.22176,85939316.5
1186,7,gcp,europe-west1,1536,MB,europe-west1,gcp,upload,/function/diff.000008.000020_area.fits,0.22176,49649698.5
1187,7,gcp,europe-west1,1536,MB,europe-west1,gcp,upload,/function/diff.000008.000022.fits,0.4464,80258104.0
1188,7,gcp,europe-west1,1536,MB,europe-west1,gcp,upload,/function/diff.000008.000022_area.fits,0.4464,56223250.5
1189,7,gcp,europe-west1,1536,MB,europe-west1,gcp,upload,/function/diff.000008.000025.fits,1.00512,198179984.0
1190,7,gcp,europe-west1,1536,MB,europe-west1,gcp,upload,/function/diff.000008.000025_area.fits,1.00512,67491431.0
1191,7,gcp,europe-west1,1536,MB,europe-west1,gcp,upload,/function/diff.000008.000027.fits,0.03456,53662385.0
1192,7,gcp,europe-west1,1536,MB,europe-west1,gcp,upload,/function/diff.000008.000027_area.fits,0.03456,51068680.5
1193,7,gcp,europe-west1,1536,MB,europe-west1,gcp,upload,/function/diff.000009.000016.fits,0.03456,52761139.5
1194,7,gcp,europe-west1,1536,MB,europe-west1,gcp,upload,/function/diff.000009.000016_area.fits,0.03456,50469273.0
1195,7,gcp,europe-west1,1536,MB,europe-west1,gcp,upload,/function/diff.000009.000019.fits,0.03168,53803615.0
1196,7,gcp,europe-west1,1536,MB,europe-west1,gcp,upload,/function/diff.000009.000019_area.fits,0.03168,49498435.5
1197,7,gcp,europe-west1,1536,MB,europe-west1,gcp,upload,/function/diff.000009.000020.fits,0.03456,52570674.5
1198,7,gcp,europe-west1,1536,MB,europe-west1,gcp,upload,/function/diff.000009.000020_area.fits,0.03456,48775515.5
1199,7,gcp,europe-west1,1536,MB,europe-west1,gcp,upload,/function/diff.000009.000023.fits,0.48672,104066721.0
1200,7,gcp,europe-west1,1536,MB,europe-west1,gcp,upload,/function/diff.000009.000023_area.fits,0.48672,56185583.5
1201,7,gcp,europe-west1,1536,MB,europe-west1,gcp,upload,/function/diff.000009.000026.fits,0.43488,74464652.0
1202,7,gcp,europe-west1,1536,MB,europe-west1,gcp,upload,/function/diff.000009.000026_area.fits,0.43488,58740703.5
1203,7,gcp,europe-west1,1536,MB,europe-west1,gcp,upload,/function/diff.000009.000027.fits,0.22176,81799585.5
1204,7,gcp,europe-west1,1536,MB,europe-west1,gcp,upload,/function/diff.000009.000027_area.fits,0.22176,50175591.5
1205,7,gcp,europe-west1,1536,MB,europe-west1,gcp,upload,/function/diff.000009.000028.fits,0.58464,117754249.5
1206,7,gcp,europe-west1,1536,MB,europe-west1,gcp,upload,/function/diff.000009.000028_area.fits,0.58464,58245517.5
1207,7,gcp,europe-west1,1536,MB,europe-west1,gcp,upload,/function/diff.000010.000015.fits,0.14112,55520510.0
1208,7,gcp,europe-west1,1536,MB,europe-west1,gcp,upload,/function/diff.000010.000015_area.fits,0.14112,51188752.5
1209,7,gcp,europe-west1,1536,MB,europe-west1,gcp,upload,/function/diff.000010.000016.fits,0.22176,83523836.0
1210,7,gcp,europe-west1,1536,MB,europe-west1,gcp,upload,/function/diff.000010.000016_area.fits,0.22176,54378511.5
1211,7,gcp,europe-west1,1536,MB,europe-west1,gcp,upload,/function/diff.000010.000017.fits,0.45216,80488558.5
1212,7,gcp,europe-west1,1536,MB,europe-west1,gcp,upload,/function/diff.000010.000017_area.fits,0.45216,57399865.0
1213,7,gcp,europe-west1,1536,MB,europe-west1,gcp,upload,/function/diff.000010.000018.fits,0.47232,84466919.5
1214,7,gcp,europe-west1,1536,MB,europe-west1,gcp,upload,/function/diff.000010.000018_area.fits,0.47232,53834200.5
1215,7,gcp,europe-west1,1536,MB,europe-west1,gcp,upload,/function/diff.000010.000019.fits,0.21024,71270059.5
1216,7,gcp,europe-west1,1536,MB,europe-west1,gcp,upload,/function/diff.000010.000019_area.fits,0.21024,47792505.5
1217,7,gcp,europe-west1,1536,MB,europe-west1,gcp,upload,/function/diff.000010.000021.fits,4.0752,682883178.0
1218,7,gcp,europe-west1,1536,MB,europe-west1,gcp,upload,/function/diff.000010.000021_area.fits,4.0752,144376877.5
1219,7,gcp,europe-west1,1536,MB,europe-west1,gcp,upload,/function/diff.000010.000024.fits,0.1296,60179344.5
1220,7,gcp,europe-west1,1536,MB,europe-west1,gcp,upload,/function/diff.000010.000024_area.fits,0.1296,48186537.5
1221,7,gcp,europe-west1,1536,MB,europe-west1,gcp,upload,/function/diff.000010.000027.fits,0.03456,53437828.5
1222,7,gcp,europe-west1,1536,MB,europe-west1,gcp,upload,/function/diff.000010.000027_area.fits,0.03456,49233433.5
1223,7,gcp,europe-west1,1536,MB,europe-west1,gcp,upload,/function/diff.000010.000029.fits,0.14688,57676733.0
1224,7,gcp,europe-west1,1536,MB,europe-west1,gcp,upload,/function/diff.000010.000029_area.fits,0.14688,49371993.0
1225,7,gcp,europe-west1,1536,MB,europe-west1,gcp,upload,/function/diff.000010.000030.fits,0.42912,106059343.0
1226,7,gcp,europe-west1,1536,MB,europe-west1,gcp,upload,/function/diff.000010.000030_area.fits,0.42912,59598092.0
1227,7,gcp,europe-west1,1536,MB,europe-west1,gcp,upload,/function/diff.000011.000020.fits,0.03168,51276459.0
1228,7,gcp,europe-west1,1536,MB,europe-west1,gcp,upload,/function/diff.000011.000020_area.fits,0.03168,52098250.0
1229,7,gcp,europe-west1,1536,MB,europe-west1,gcp,upload,/function/diff.000011.000026.fits,0.46656,87019048.0
1230,7,gcp,europe-west1,1536,MB,europe-west1,gcp,upload,/function/diff.000011.000026_area.fits,0.46656,58532106.0
1231,7,gcp,europe-west1,1536,MB,europe-west1,gcp,upload,/function/diff.000011.000028.fits,0.53568,109576069.5
1232,7,gcp,europe-west1,1536,MB,europe-west1,gcp,upload,/function/diff.000011.000028_area.fits,0.53568,62185380.0
1233,7,gcp,europe-west1,1536,MB,europe-west1,gcp,upload,/function/diff.000012.000013.fits,1.02528,178900941.0
1234,7,gcp,europe-west1,1536,MB,europe-west1,gcp,upload,/function/diff.000012.000013_area.fits,1.02528,66648963.5
1235,7,gcp,europe-west1,1536,MB,europe-west1,gcp,upload,/function/diff.000012.000014.fits,0.03744,50857085.5
1236,7,gcp,europe-west1,1536,MB,europe-west1,gcp,upload,/function/diff.000012.000014_area.fits,0.03744,47947206.5
1237,7,gcp,europe-west1,1536,MB,europe-west1,gcp,upload,/function/diff.000012.000020.fits,0.4464,81268309.0
1238,7,gcp,europe-west1,1536,MB,europe-west1,gcp,upload,/function/diff.000012.000020_area.fits,0.4464,61008311.0
1239,7,gcp,europe-west1,1536,MB,europe-west1,gcp,upload,/function/diff.000012.000022.fits,0.22176,84867497.5
1240,7,gcp,europe-west1,1536,MB,europe-west1,gcp,upload,/function/diff.000012.000022_area.fits,0.22176,55247084.0
1241,7,gcp,europe-west1,1536,MB,europe-west1,gcp,upload,/function/diff.000012.000025.fits,0.59328,138395250.0
1242,7,gcp,europe-west1,1536,MB,europe-west1,gcp,upload,/function/diff.000012.000025_area.fits,0.59328,55838031.5
1243,7,gcp,europe-west1,1536,MB,europe-west1,gcp,upload,/function/diff.000012.000026.fits,0.03456,51490004.5
1244,7,gcp,europe-west1,1536,MB,europe-west1,gcp,upload,/function/diff.000012.000026_area.fits,0.03456,47389484.0
1245,7,gcp,europe-west1,1536,MB,europe-west1,gcp,upload,/function/diff.000013.000014.fits,0.4608,85342690.5
1246,7,gcp,europe-west1,1536,MB,europe-west1,gcp,upload,/function/diff.000013.000014_area.fits,0.4608,60252926.0
1247,7,gcp,europe-west1,1536,MB,europe-west1,gcp,upload,/function/diff.000013.000020.fits,0.03168,54198761.5
1248,7,gcp,europe-west1,1536,MB,europe-west1,gcp,upload,/function/diff.000013.000020_area.fits,0.03168,47284550.5
1249,7,gcp,europe-west1,1536,MB,europe-west1,gcp,upload,/function/diff.000013.000022.fits,3.31776,515444185.5
1250,7,gcp,europe-west1,1536,MB,europe-west1,gcp,upload,/function/diff.000013.000022_area.fits,3.31776,130006827.5
1251,7,gcp,europe-west1,1536,MB,europe-west1,gcp,upload,/function/diff.000013.000025.fits,0.144,62736220.5
1252,7,gcp,europe-west1,1536,MB,europe-west1,gcp,upload,/function/diff.000013.000025_area.fits,0.144,47416586.5
1253,7,gcp,europe-west1,1536,MB,europe-west1,gcp,upload,/function/diff.000014.000015.fits,0.03168,48363283.0
1254,7,gcp,europe-west1,1536,MB,europe-west1,gcp,upload,/function/diff.000014.000015_area.fits,0.03168,49913701.5
1255,7,gcp,europe-west1,1536,MB,europe-west1,gcp,upload,/function/diff.000014.000017.fits,0.52128,125534576.0
1256,7,gcp,europe-west1,1536,MB,europe-west1,gcp,upload,/function/diff.000014.000017_area.fits,0.52128,55884580.5
1257,7,gcp,europe-west1,1536,MB,europe-west1,gcp,upload,/function/diff.000014.000022.fits,0.58464,135626877.5
1258,7,gcp,europe-west1,1536,MB,europe-west1,gcp,upload,/function/diff.000014.000022_area.fits,0.58464,62608977.5
1259,7,gcp,europe-west1,1536,MB,europe-west1,gcp,upload,/function/diff.000014.000025.fits,0.22176,75909748.5
1260,7,gcp,europe-west1,1536,MB,europe-west1,gcp,upload,/function/diff.000014.000025_area.fits,0.22176,52887911.0
1261,7,gcp,europe-west1,1536,MB,europe-west1,gcp,upload,/function/diff.000015.000016.fits,0.4464,79213424.5
1262,7,gcp,europe-west1,1536,MB,europe-west1,gcp,upload,/function/diff.000015.000016_area.fits,0.4464,57825981.0
1263,7,gcp,europe-west1,1536,MB,europe-west1,gcp,upload,/function/diff.000015.000017.fits,0.22464,80482992.0
1264,7,gcp,europe-west1,1536,MB,europe-west1,gcp,upload,/function/diff.000015.000017_area.fits,0.22464,45738246.5
1265,7,gcp,europe-west1,1536,MB,europe-west1,gcp,upload,/function/diff.000015.000019.fits,0.40608,90846499.0
1266,7,gcp,europe-west1,1536,MB,europe-west1,gcp,upload,/function/diff.000015.000019_area.fits,0.40608,51002203.5
1267,7,gcp,europe-west1,1536,MB,europe-west1,gcp,upload,/function/diff.000015.000020.fits,0.46656,81216961.0
1268,7,gcp,europe-west1,1536,MB,europe-west1,gcp,upload,/function/diff.000015.000020_area.fits,0.46656,57304031.5
1269,7,gcp,europe-west1,1536,MB,europe-west1,gcp,upload,/function/diff.000015.000021.fits,0.1296,57725396.5
1270,7,gcp,europe-west1,1536,MB,europe-west1,gcp,upload,/function/diff.000015.000021_area.fits,0.1296,49759824.5
1271,7,gcp,europe-west1,1536,MB,europe-west1,gcp,upload,/function/diff.000015.000025.fits,0.52704,121145426.0
1272,7,gcp,europe-west1,1536,MB,europe-west1,gcp,upload,/function/diff.000015.000025_area.fits,0.52704,56988295.5
1273,7,gcp,europe-west1,1536,MB,europe-west1,gcp,upload,/function/diff.000015.000026.fits,0.03168,52189148.5
1274,7,gcp,europe-west1,1536,MB,europe-west1,gcp,upload,/function/diff.000015.000026_area.fits,0.03168,50321883.5
1275,7,gcp,europe-west1,1536,MB,europe-west1,gcp,upload,/function/diff.000015.000027.fits,3.33216,515420135.5
1276,7,gcp,europe-west1,1536,MB,europe-west1,gcp,upload,/function/diff.000015.000027_area.fits,3.33216,124467276.5
1277,7,gcp,europe-west1,1536,MB,europe-west1,gcp,upload,/function/diff.000016.000019.fits,4.0752,770115277.0
1278,7,gcp,europe-west1,1536,MB,europe-west1,gcp,upload,/function/diff.000016.000019_area.fits,4.0752,142309580.5
1279,7,gcp,europe-west1,1536,MB,europe-west1,gcp,upload,/function/diff.000016.000021.fits,0.22752,68999521.5
1280,7,gcp,europe-west1,1536,MB,europe-west1,gcp,upload,/function/diff.000016.000021_area.fits,0.22752,50315268.5
1281,7,gcp,europe-west1,1536,MB,europe-west1,gcp,upload,/function/diff.000016.000023.fits,0.21024,74061260.0
1282,7,gcp,europe-west1,1536,MB,europe-west1,gcp,upload,/function/diff.000016.000023_area.fits,0.21024,53162472.0
1283,7,gcp,europe-west1,1536,MB,europe-west1,gcp,upload,/function/diff.000016.000024.fits,0.42912,105529940.0
1284,7,gcp,europe-west1,1536,MB,europe-west1,gcp,upload,/function/diff.000016.000024_area.fits,0.42912,56047973.0
1285,7,gcp,europe-west1,1536,MB,europe-west1,gcp,upload,/function/diff.000016.000027.fits,0.54432,112524360.5
1286,7,gcp,europe-west1,1536,MB,europe-west1,gcp,upload,/function/diff.000016.000027_area.fits,0.54432,63688140.5
1287,7,gcp,europe-west1,1536,MB,europe-west1,gcp,upload,/function/diff.000016.000029.fits,0.47232,91105365.5
1288,7,gcp,europe-west1,1536,MB,europe-west1,gcp,upload,/function/diff.000016.000029_area.fits,0.47232,55844527.5
1289,7,gcp,europe-west1,1536,MB,europe-west1,gcp,upload,/function/diff.000017.000021.fits,0.40608,100127961.5
1290,7,gcp,europe-west1,1536,MB,europe-west1,gcp,upload,/function/diff.000017.000021_area.fits,0.40608,58487572.5
1291,7,gcp,europe-west1,1536,MB,europe-west1,gcp,upload,/function/diff.000017.000025.fits,0.03168,47504369.0
1292,7,gcp,europe-west1,1536,MB,europe-west1,gcp,upload,/function/diff.000017.000025_area.fits,0.03168,48245210.5
1293,7,gcp,europe-west1,1536,MB,europe-west1,gcp,upload,/function/diff.000018.000021.fits,0.50976,117582809.0
1294,7,gcp,europe-west1,1536,MB,europe-west1,gcp,upload,/function/diff.000018.000021_area.fits,0.50976,61143609.0
1295,7,gcp,europe-west1,1536,MB,europe-west1,gcp,upload,/function/diff.000018.000024.fits,0.20736,67815644.0
1296,7,gcp,europe-west1,1536,MB,europe-west1,gcp,upload,/function/diff.000018.000024_area.fits,0.20736,55432121.0
1297,7,gcp,europe-west1,1536,MB,europe-west1,gcp,upload,/function/diff.000018.000029.fits,0.22176,78674652.5
1298,7,gcp,europe-west1,1536,MB,europe-west1,gcp,upload,/function/diff.000018.000029_area.fits,0.22176,57680619.0
1299,7,gcp,europe-west1,1536,MB,europe-west1,gcp,upload,/function/diff.000018.000030.fits,4.06368,800791267.5
1300,7,gcp,europe-west1,1536,MB,europe-west1,gcp,upload,/function/diff.000018.000030_area.fits,4.06368,146360628.0
1301,7,gcp,europe-west1,1536,MB,europe-west1,gcp,upload,/function/diff.000019.000021.fits,0.22176,87790836.0
1302,7,gcp,europe-west1,1536,MB,europe-west1,gcp,upload,/function/diff.000019.000021_area.fits,0.22176,46631704.0
1303,7,gcp,europe-west1,1536,MB,europe-west1,gcp,upload,/function/diff.000019.000023.fits,0.22176,87794360.5
1304,7,gcp,europe-west1,1536,MB,europe-west1,gcp,upload,/function/diff.000019.000023_area.fits,0.22176,52238910.5
1305,7,gcp,europe-west1,1536,MB,europe-west1,gcp,upload,/function/diff.000019.000024.fits,0.46656,84113392.0
1306,7,gcp,europe-west1,1536,MB,europe-west1,gcp,upload,/function/diff.000019.000024_area.fits,0.46656,58327646.0
1307,7,gcp,europe-west1,1536,MB,europe-west1,gcp,upload,/function/diff.000019.000027.fits,0.49248,98008210.0
1308,7,gcp,europe-west1,1536,MB,europe-west1,gcp,upload,/function/diff.000019.000027_area.fits,0.49248,58817041.0
1309,7,gcp,europe-west1,1536,MB,europe-west1,gcp,upload,/function/diff.000019.000029.fits,0.50976,113116564.0
1310,7,gcp,europe-west1,1536,MB,europe-west1,gcp,upload,/function/diff.000019.000029_area.fits,0.50976,57310842.5
1311,7,gcp,europe-west1,1536,MB,europe-west1,gcp,upload,/function/diff.000020.000025.fits,3.30624,547005625.0
1312,7,gcp,europe-west1,1536,MB,europe-west1,gcp,upload,/function/diff.000020.000025_area.fits,3.30624,127031819.0
1313,7,gcp,europe-west1,1536,MB,europe-west1,gcp,upload,/function/diff.000020.000026.fits,1.00512,193592689.5
1314,7,gcp,europe-west1,1536,MB,europe-west1,gcp,upload,/function/diff.000020.000026_area.fits,1.00512,66223366.0
1315,7,gcp,europe-west1,1536,MB,europe-west1,gcp,upload,/function/diff.000020.000027.fits,0.576,118262902.0
1316,7,gcp,europe-west1,1536,MB,europe-west1,gcp,upload,/function/diff.000020.000027_area.fits,0.576,59580217.5
1317,7,gcp,europe-west1,1536,MB,europe-west1,gcp,upload,/function/diff.000020.000028.fits,0.22176,90692841.0
1318,7,gcp,europe-west1,1536,MB,europe-west1,gcp,upload,/function/diff.000020.000028_area.fits,0.22176,49737038.0
1319,7,gcp,europe-west1,1536,MB,europe-west1,gcp,upload,/function/diff.000021.000024.fits,0.144,62318882.0
1320,7,gcp,europe-west1,1536,MB,europe-west1,gcp,upload,/function/diff.000021.000024_area.fits,0.144,48374263.0
1321,7,gcp,europe-west1,1536,MB,europe-west1,gcp,upload,/function/diff.000021.000027.fits,0.03168,51597844.0
1322,7,gcp,europe-west1,1536,MB,europe-west1,gcp,upload,/function/diff.000021.000027_area.fits,0.03168,48274762.0
1323,7,gcp,europe-west1,1536,MB,europe-west1,gcp,upload,/function/diff.000021.000029.fits,0.16128,66580075.0
1324,7,gcp,europe-west1,1536,MB,europe-west1,gcp,upload,/function/diff.000021.000029_area.fits,0.16128,48869624.0
1325,7,gcp,europe-west1,1536,MB,europe-west1,gcp,upload,/function/diff.000021.000030.fits,0.46656,79800399.5
1326,7,gcp,europe-west1,1536,MB,europe-west1,gcp,upload,/function/diff.000021.000030_area.fits,0.46656,54619041.5
1327,7,gcp,europe-west1,1536,MB,europe-west1,gcp,upload,/function/diff.000022.000025.fits,0.03456,47459610.0
1328,7,gcp,europe-west1,1536,MB,europe-west1,gcp,upload,/function/diff.000022.000025_area.fits,0.03456,47888512.0
1329,7,gcp,europe-west1,1536,MB,europe-west1,gcp,upload,/function/diff.000023.000027.fits,0.0288,53761404.5
1330,7,gcp,europe-west1,1536,MB,europe-west1,gcp,upload,/function/diff.000023.000027_area.fits,0.0288,49459515.0
1331,7,gcp,europe-west1,1536,MB,europe-west1,gcp,upload,/function/diff.000024.000029.fits,4.06368,760554074.0
1332,7,gcp,europe-west1,1536,MB,europe-west1,gcp,upload,/function/diff.000024.000029_area.fits,4.06368,134085882.5
1333,7,gcp,europe-west1,1536,MB,europe-west1,gcp,upload,/function/diff.000024.000030.fits,0.22464,75174283.0
1334,7,gcp,europe-west1,1536,MB,europe-west1,gcp,upload,/function/diff.000024.000030_area.fits,0.22464,47800805.5
1335,7,gcp,europe-west1,1536,MB,europe-west1,gcp,upload,/function/diff.000025.000026.fits,0.22176,78555931.5
1336,7,gcp,europe-west1,1536,MB,europe-west1,gcp,upload,/function/diff.000025.000026_area.fits,0.22176,50788262.0
1337,7,gcp,europe-west1,1536,MB,europe-west1,gcp,upload,/function/diff.000025.000027.fits,0.42912,78374680.0
1338,7,gcp,europe-west1,1536,MB,europe-west1,gcp,upload,/function/diff.000025.000027_area.fits,0.42912,56902819.5
1339,7,gcp,europe-west1,1536,MB,europe-west1,gcp,upload,/function/diff.000026.000027.fits,0.13248,50672828.5
1340,7,gcp,europe-west1,1536,MB,europe-west1,gcp,upload,/function/diff.000026.000027_area.fits,0.13248,47655310.0
1341,7,gcp,europe-west1,1536,MB,europe-west1,gcp,upload,/function/diff.000026.000028.fits,3.30624,549222039.0
1342,7,gcp,europe-west1,1536,MB,europe-west1,gcp,upload,/function/diff.000026.000028_area.fits,3.30624,122639993.5
1343,7,gcp,europe-west1,1536,MB,europe-west1,gcp,upload,/function/diff.000027.000028.fits,0.03456,49178358.0
1344,7,gcp,europe-west1,1536,MB,europe-west1,gcp,upload,/function/diff.000027.000028_area.fits,0.03456,47526684.5
1345,7,gcp,europe-west1,1536,MB,europe-west1,gcp,upload,/function/diff.000029.000030.fits,0.23328,67845429.0
1346,7,gcp,europe-west1,1536,MB,europe-west1,gcp,upload,/function/diff.000029.000030_area.fits,0.23328,50398788.0
1347,7,gcp,europe-west1,1536,MB,europe-west1,gcp,upload,/function/fit.000001.000007.txt,0.000287,52832315.5
1348,7,gcp,europe-west1,1536,MB,europe-west1,gcp,upload,/function/fit.000001.000011.txt,0.00029,51622047.5
1349,7,gcp,europe-west1,1536,MB,europe-west1,gcp,upload,/function/fit.000001.000012.txt,0.000288,49919002.0
1350,7,gcp,europe-west1,1536,MB,europe-west1,gcp,upload,/function/fit.000001.000020.txt,0.000284,52652721.0
1351,7,gcp,europe-west1,1536,MB,europe-west1,gcp,upload,/function/fit.000001.000025.txt,0.000286,60549601.0
1352,7,gcp,europe-west1,1536,MB,europe-west1,gcp,upload,/function/fit.000001.000026.txt,0.000287,58057046.5
1353,7,gcp,europe-west1,1536,MB,europe-west1,gcp,upload,/function/fit.000001.000028.txt,0.000286,51087084.5
1354,7,gcp,europe-west1,1536,MB,europe-west1,gcp,upload,/function/fit.000002.000006.txt,0.000282,57151103.0
1355,7,gcp,europe-west1,1536,MB,europe-west1,gcp,upload,/function/fit.000002.000009.txt,0.000285,81353038.5
1356,7,gcp,europe-west1,1536,MB,europe-west1,gcp,upload,/function/fit.000002.000015.txt,0.000288,55656325.0
1357,7,gcp,europe-west1,1536,MB,europe-west1,gcp,upload,/function/fit.000002.000016.txt,0.000278,49394979.5
1358,7,gcp,europe-west1,1536,MB,europe-west1,gcp,upload,/function/fit.000002.000019.txt,0.000281,47643212.5
1359,7,gcp,europe-west1,1536,MB,europe-west1,gcp,upload,/function/fit.000002.000020.txt,0.000286,48835643.5
1360,7,gcp,europe-west1,1536,MB,europe-west1,gcp,upload,/function/fit.000002.000023.txt,0.00028,52495044.5
1361,7,gcp,europe-west1,1536,MB,europe-west1,gcp,upload,/function/fit.000002.000025.txt,0.000281,56342842.5
1362,7,gcp,europe-west1,1536,MB,europe-west1,gcp,upload,/function/fit.000002.000026.txt,0.000286,57816829.5
1363,7,gcp,europe-west1,1536,MB,europe-west1,gcp,upload,/function/fit.000002.000027.txt,0.000286,50187072.5
1364,7,gcp,europe-west1,1536,MB,europe-west1,gcp,upload,/function/fit.000002.000028.txt,0.000283,51735253.0
1365,7,gcp,europe-west1,1536,MB,europe-west1,gcp,upload,/function/fit.000003.000005.txt,0.000288,47315169.0
1366,7,gcp,europe-west1,1536,MB,europe-west1,gcp,upload,/function/fit.000003.000006.txt,0.000279,51104635.0
1367,7,gcp,europe-west1,1536,MB,europe-west1,gcp,upload,/function/fit.000003.000016.txt,0.000279,51151566.5
1368,7,gcp,europe-west1,1536,MB,europe-west1,gcp,upload,/function/fit.000003.000019.txt,0.000282,51648881.0
1369,7,gcp,europe-west1,1536,MB,europe-west1,gcp,upload,/function/fit.000003.000023.txt,0.000281,54052712.5
1370,7,gcp,europe-west1,1536,MB,europe-west1,gcp,upload,/function/fit.000003.000024.txt,0.00029,50152710.5
1371,7,gcp,europe-west1,1536,MB,europe-west1,gcp,upload,/function/fit.000003.000029.txt,0.000284,49896154.0
1372,7,gcp,europe-west1,1536,MB,europe-west1,gcp,upload,/function/fit.000004.000008.txt,0.00029,50147729.5
1373,7,gcp,europe-west1,1536,MB,europe-west1,gcp,upload,/function/fit.000004.000010.txt,0.000285,51573512.5
1374,7,gcp,europe-west1,1536,MB,europe-west1,gcp,upload,/function/fit.000004.000014.txt,0.000288,52842984.5
1375,7,gcp,europe-west1,1536,MB,europe-west1,gcp,upload,/function/fit.000004.000015.txt,0.000288,49370892.0
1376,7,gcp,europe-west1,1536,MB,europe-west1,gcp,upload,/function/fit.000004.000016.txt,0.000278,50048032.5
1377,7,gcp,europe-west1,1536,MB,europe-west1,gcp,upload,/function/fit.000004.000017.txt,0.000291,48332212.0
1378,7,gcp,europe-west1,1536,MB,europe-west1,gcp,upload,/function/fit.000004.000019.txt,0.00028,48229597.0
1379,7,gcp,europe-west1,1536,MB,europe-west1,gcp,upload,/function/fit.000004.000020.txt,0.000283,51248036.5
1380,7,gcp,europe-west1,1536,MB,europe-west1,gcp,upload,/function/fit.000004.000021.txt,0.000286,48023588.5
1381,7,gcp,europe-west1,1536,MB,europe-west1,gcp,upload,/function/fit.000004.000025.txt,0.000285,50275900.0
1382,7,gcp,europe-west1,1536,MB,europe-west1,gcp,upload,/function/fit.000004.000027.txt,0.000287,49324454.0
1383,7,gcp,europe-west1,1536,MB,europe-west1,gcp,upload,/function/fit.000005.000006.txt,0.000282,47401010.5
1384,7,gcp,europe-west1,1536,MB,europe-west1,gcp,upload,/function/fit.000005.000016.txt,0.00028,48746324.5
1385,7,gcp,europe-west1,1536,MB,europe-west1,gcp,upload,/function/fit.000005.000019.txt,0.000283,51998764.0
1386,7,gcp,europe-west1,1536,MB,europe-west1,gcp,upload,/function/fit.000005.000023.txt,0.000282,51126763.0
1387,7,gcp,europe-west1,1536,MB,europe-west1,gcp,upload,/function/fit.000005.000024.txt,0.000282,47329895.5
1388,7,gcp,europe-west1,1536,MB,europe-west1,gcp,upload,/function/fit.000005.000029.txt,0.000288,46910300.5
1389,7,gcp,europe-west1,1536,MB,europe-west1,gcp,upload,/function/fit.000006.000009.txt,0.000281,49249627.0
1390,7,gcp,europe-west1,1536,MB,europe-west1,gcp,upload,/function/fit.000006.000016.txt,0.000282,47573325.5
1391,7,gcp,europe-west1,1536,MB,europe-west1,gcp,upload,/function/fit.000006.000019.txt,0.000284,52508185.5
1392,7,gcp,europe-west1,1536,MB,europe-west1,gcp,upload,/function/fit.000006.000023.txt,0.000286,45484398.5
1393,7,gcp,europe-west1,1536,MB,europe-west1,gcp,upload,/function/fit.000006.000027.txt,0.000277,44590893.0
1394,7,gcp,europe-west1,1536,MB,europe-west1,gcp,upload,/function/fit.000007.000008.txt,0.000286,57424345.0
1395,7,gcp,europe-west1,1536,MB,europe-west1,gcp,upload,/function/fit.000007.000011.txt,0.000294,52953092.5
1396,7,gcp,europe-west1,1536,MB,europe-west1,gcp,upload,/function/fit.000007.000012.txt,0.000291,56070735.5
1397,7,gcp,europe-west1,1536,MB,europe-west1,gcp,upload,/function/fit.000007.000013.txt,0.000295,49300392.0
1398,7,gcp,europe-west1,1536,MB,europe-west1,gcp,upload,/function/fit.000007.000020.txt,0.000285,46786016.5
1399,7,gcp,europe-west1,1536,MB,europe-west1,gcp,upload,/function/fit.000007.000025.txt,0.000285,46670841.5
1400,7,gcp,europe-west1,1536,MB,europe-west1,gcp,upload,/function/fit.000007.000026.txt,0.000286,48417412.0
1401,7,gcp,europe-west1,1536,MB,europe-west1,gcp,upload,/function/fit.000007.000028.txt,0.000279,48983779.5
1402,7,gcp,europe-west1,1536,MB,europe-west1,gcp,upload,/function/fit.000008.000012.txt,0.000285,46584693.0
1403,7,gcp,europe-west1,1536,MB,europe-west1,gcp,upload,/function/fit.000008.000013.txt,0.000288,48785882.5
1404,7,gcp,europe-west1,1536,MB,europe-west1,gcp,upload,/function/fit.000008.000014.txt,0.000294,51217183.0
1405,7,gcp,europe-west1,1536,MB,europe-west1,gcp,upload,/function/fit.000008.000015.txt,0.000291,48975957.5
1406,7,gcp,europe-west1,1536,MB,europe-west1,gcp,upload,/function/fit.000008.000017.txt,0.000289,48675866.0
1407,7,gcp,europe-west1,1536,MB,europe-west1,gcp,upload,/function/fit.000008.000020.txt,0.000292,45189669.0
1408,7,gcp,europe-west1,1536,MB,europe-west1,gcp,upload,/function/fit.000008.000022.txt,0.000291,46796195.5
1409,7,gcp,europe-west1,1536,MB,europe-west1,gcp,upload,/function/fit.000008.000025.txt,0.000292,48156239.0
1410,7,gcp,europe-west1,1536,MB,europe-west1,gcp,upload,/function/fit.000008.000027.txt,0.000285,49851091.0
1411,7,gcp,europe-west1,1536,MB,europe-west1,gcp,upload,/function/fit.000009.000016.txt,0.000275,52341288.0
1412,7,gcp,europe-west1,1536,MB,europe-west1,gcp,upload,/function/fit.000009.000019.txt,0.000278,50560128.0
1413,7,gcp,europe-west1,1536,MB,europe-west1,gcp,upload,/function/fit.000009.000020.txt,0.000277,46836050.5
1414,7,gcp,europe-west1,1536,MB,europe-west1,gcp,upload,/function/fit.000009.000023.txt,0.000284,45174299.0
1415,7,gcp,europe-west1,1536,MB,europe-west1,gcp,upload,/function/fit.000009.000026.txt,0.000285,47466169.0
1416,7,gcp,europe-west1,1536,MB,europe-west1,gcp,upload,/function/fit.000009.000027.txt,0.000285,49389735.0
1417,7,gcp,europe-west1,1536,MB,europe-west1,gcp,upload,/function/fit.000009.000028.txt,0.000288,48318644.5
1418,7,gcp,europe-west1,1536,MB,europe-west1,gcp,upload,/function/fit.000010.000015.txt,0.000284,46904102.0
1419,7,gcp,europe-west1,1536,MB,europe-west1,gcp,upload,/function/fit.000010.000016.txt,0.000285,50285776.0
1420,7,gcp,europe-west1,1536,MB,europe-west1,gcp,upload,/function/fit.000010.000017.txt,0.000287,51820440.0
1421,7,gcp,europe-west1,1536,MB,europe-west1,gcp,upload,/function/fit.000010.000018.txt,0.000287,48526757.0
1422,7,gcp,europe-west1,1536,MB,europe-west1,gcp,upload,/function/fit.000010.000019.txt,0.000281,46553652.5
1423,7,gcp,europe-west1,1536,MB,europe-west1,gcp,upload,/function/fit.000010.000021.txt,0.000288,53569168.0
1424,7,gcp,europe-west1,1536,MB,europe-west1,gcp,upload,/function/fit.000010.000024.txt,0.000288,46527000.5
1425,7,gcp,europe-west1,1536,MB,europe-west1,gcp,upload,/function/fit.000010.000027.txt,0.000279,47525014.0
1426,7,gcp,europe-west1,1536,MB,europe-west1,gcp,upload,/function/fit.000010.000029.txt,0.000283,43953958.0
1427,7,gcp,europe-west1,1536,MB,europe-west1,gcp,upload,/function/fit.000010.000030.txt,0.000286,51123882.0
1428,7,gcp,europe-west1,1536,MB,europe-west1,gcp,upload,/function/fit.000011.000020.txt,0.000283,50307045.0
1429,7,gcp,europe-west1,1536,MB,europe-west1,gcp,upload,/function/fit.000011.000026.txt,0.000282,46384735.0
1430,7,gcp,europe-west1,1536,MB,europe-west1,gcp,upload,/function/fit.000011.000028.txt,0.000288,46899812.5
1431,7,gcp,europe-west1,1536,MB,europe-west1,gcp,upload,/function/fit.000012.000013.txt,0.000291,48074697.0
1432,7,gcp,europe-west1,1536,MB,europe-west1,gcp,upload,/function/fit.000012.000014.txt,0.000287,45088408.0
1433,7,gcp,europe-west1,1536,MB,europe-west1,gcp,upload,/function/fit.000012.000020.txt,0.000286,46688781.0
1434,7,gcp,europe-west1,1536,MB,europe-west1,gcp,upload,/function/fit.000012.000022.txt,0.000292,47113008.0
1435,7,gcp,europe-west1,1536,MB,europe-west1,gcp,upload,/function/fit.000012.000025.txt,0.000289,46538578.5
1436,7,gcp,europe-west1,1536,MB,europe-west1,gcp,upload,/function/fit.000012.000026.txt,0.000284,44863215.5
1437,7,gcp,europe-west1,1536,MB,europe-west1,gcp,upload,/function/fit.000013.000014.txt,0.000289,48761558.5
1438,7,gcp,europe-west1,1536,MB,europe-west1,gcp,upload,/function/fit.000013.000020.txt,0.000285,44145776.0
1439,7,gcp,europe-west1,1536,MB,europe-west1,gcp,upload,/function/fit.000013.000022.txt,0.000295,44134865.5
1440,7,gcp,europe-west1,1536,MB,europe-west1,gcp,upload,/function/fit.000013.000025.txt,0.00029,47687789.5
1441,7,gcp,europe-west1,1536,MB,europe-west1,gcp,upload,/function/fit.000014.000015.txt,0.000283,44846658.0
1442,7,gcp,europe-west1,1536,MB,europe-west1,gcp,upload,/function/fit.000014.000017.txt,0.000295,48321738.5
1443,7,gcp,europe-west1,1536,MB,europe-west1,gcp,upload,/function/fit.000014.000022.txt,0.000293,46805921.0
1444,7,gcp,europe-west1,1536,MB,europe-west1,gcp,upload,/function/fit.000014.000025.txt,0.000292,45300222.5
1445,7,gcp,europe-west1,1536,MB,europe-west1,gcp,upload,/function/fit.000015.000016.txt,0.000284,43641204.5
1446,7,gcp,europe-west1,1536,MB,europe-west1,gcp,upload,/function/fit.000015.000017.txt,0.00029,48698986.0
1447,7,gcp,europe-west1,1536,MB,europe-west1,gcp,upload,/function/fit.000015.000019.txt,0.000285,48046210.5
1448,7,gcp,europe-west1,1536,MB,europe-west1,gcp,upload,/function/fit.000015.000020.txt,0.000285,49871837.0
1449,7,gcp,europe-west1,1536,MB,europe-west1,gcp,upload,/function/fit.000015.000021.txt,0.000283,43549382.5
1450,7,gcp,europe-west1,1536,MB,europe-west1,gcp,upload,/function/fit.000015.000025.txt,0.000287,45090573.5
1451,7,gcp,europe-west1,1536,MB,europe-west1,gcp,upload,/function/fit.000015.000026.txt,0.000283,47856574.5
1452,7,gcp,europe-west1,1536,MB,europe-west1,gcp,upload,/function/fit.000015.000027.txt,0.000289,46302551.0
1453,7,gcp,europe-west1,1536,MB,europe-west1,gcp,upload,/function/fit.000016.000019.txt,0.000283,56692466.0
1454,7,gcp,europe-west1,1536,MB,europe-west1,gcp,upload,/function/fit.000016.000021.txt,0.000282,45442961.0
1455,7,gcp,europe-west1,1536,MB,europe-west1,gcp,upload,/function/fit.000016.000023.txt,0.000282,46610793.5
1456,7,gcp,europe-west1,1536,MB,europe-west1,gcp,upload,/function/fit.000016.000024.txt,0.000279,48512574.5
1457,7,gcp,europe-west1,1536,MB,europe-west1,gcp,upload,/function/fit.000016.000027.txt,0.000279,50970989.5
1458,7,gcp,europe-west1,1536,MB,europe-west1,gcp,upload,/function/fit.000016.000029.txt,0.000282,46572315.5
1459,7,gcp,europe-west1,1536,MB,europe-west1,gcp,upload,/function/fit.000017.000021.txt,0.000288,45547886.5
1460,7,gcp,europe-west1,1536,MB,europe-west1,gcp,upload,/function/fit.000017.000025.txt,0.000287,46115822.5
1461,7,gcp,europe-west1,1536,MB,europe-west1,gcp,upload,/function/fit.000018.000021.txt,0.000288,52100523.5
1462,7,gcp,europe-west1,1536,MB,europe-west1,gcp,upload,/function/fit.000018.000024.txt,0.000286,47802287.5
1463,7,gcp,europe-west1,1536,MB,europe-west1,gcp,upload,/function/fit.000018.000029.txt,0.000288,46509127.0
1464,7,gcp,europe-west1,1536,MB,europe-west1,gcp,upload,/function/fit.000018.000030.txt,0.000294,51252723.0
1465,7,gcp,europe-west1,1536,MB,europe-west1,gcp,upload,/function/fit.000019.000021.txt,0.000288,50254586.5
1466,7,gcp,europe-west1,1536,MB,europe-west1,gcp,upload,/function/fit.000019.000023.txt,0.000287,50059950.0
1467,7,gcp,europe-west1,1536,MB,europe-west1,gcp,upload,/function/fit.000019.000024.txt,0.000281,49268868.0
1468,7,gcp,europe-west1,1536,MB,europe-west1,gcp,upload,/function/fit.000019.000027.txt,0.000279,44563583.5
1469,7,gcp,europe-west1,1536,MB,europe-west1,gcp,upload,/function/fit.000019.000029.txt,0.000283,44933818.0
1470,7,gcp,europe-west1,1536,MB,europe-west1,gcp,upload,/function/fit.000020.000025.txt,0.000289,49527906.0
1471,7,gcp,europe-west1,1536,MB,europe-west1,gcp,upload,/function/fit.000020.000026.txt,0.000286,51146645.0
1472,7,gcp,europe-west1,1536,MB,europe-west1,gcp,upload,/function/fit.000020.000027.txt,0.000286,42346445.5
1473,7,gcp,europe-west1,1536,MB,europe-west1,gcp,upload,/function/fit.000020.000028.txt,0.000289,44442471.0
1474,7,gcp,europe-west1,1536,MB,europe-west1,gcp,upload,/function/fit.000021.000024.txt,0.000285,46944039.5
1475,7,gcp,europe-west1,1536,MB,europe-west1,gcp,upload,/function/fit.000021.000027.txt,0.000277,51702297.0
1476,7,gcp,europe-west1,1536,MB,europe-west1,gcp,upload,/function/fit.000021.000029.txt,0.000281,42909145.0
1477,7,gcp,europe-west1,1536,MB,europe-west1,gcp,upload,/function/fit.000021.000030.txt,0.000284,44099140.0
1478,7,gcp,europe-west1,1536,MB,europe-west1,gcp,upload,/function/fit.000022.000025.txt,0.000286,45899387.5
1479,7,gcp,europe-west1,1536,MB,europe-west1,gcp,upload,/function/fit.000023.000027.txt,0.00028,45516479.5
1480,7,gcp,europe-west1,1536,MB,europe-west1,gcp,upload,/function/fit.000024.000029.txt,0.00029,43611311.5
1481,7,gcp,europe-west1,1536,MB,europe-west1,gcp,upload,/function/fit.000024.000030.txt,0.000289,49367758.5
1482,7,gcp,europe-west1,1536,MB,europe-west1,gcp,upload,/function/fit.000025.000026.txt,0.00029,43948504.0
1483,7,gcp,europe-west1,1536,MB,europe-west1,gcp,upload,/function/fit.000025.000027.txt,0.000282,46521087.5
1484,7,gcp,europe-west1,1536,MB,europe-west1,gcp,upload,/function/fit.000026.000027.txt,0.000283,49000626.5
1485,7,gcp,europe-west1,1536,MB,europe-west1,gcp,upload,/function/fit.000026.000028.txt,0.00029,44387668.5
1486,7,gcp,europe-west1,1536,MB,europe-west1,gcp,upload,/function/fit.000027.000028.txt,0.000278,51078426.5
1487,7,gcp,europe-west1,1536,MB,europe-west1,gcp,upload,/function/fit.000029.000030.txt,0.000283,48001076.0
1488,8,gcp,europe-west1,1536,MB,europe-west1,gcp,download,/function/diffs.tbl,0.016167,96303302.0
1489,8,gcp,europe-west1,1536,MB,europe-west1,gcp,download,/function/mStatFile,0.039792,66171693.5
1490,8,gcp,europe-west1,1536,MB,europe-west1,gcp,upload,/function/statfile.tbl,0.005863,54961308.5
1491,9,gcp,europe-west1,1536,MB,europe-west1,gcp,download,/function/fit.000001.000007.txt,0.000287,59645635.5
1492,9,gcp,europe-west1,1536,MB,europe-west1,gcp,download,/function/fit.000001.000011.txt,0.00029,58730557.0
1493,9,gcp,europe-west1,1536,MB,europe-west1,gcp,download,/function/fit.000001.000012.txt,0.000288,51771058.5
1494,9,gcp,europe-west1,1536,MB,europe-west1,gcp,download,/function/fit.000001.000020.txt,0.000284,59528193.5
1495,9,gcp,europe-west1,1536,MB,europe-west1,gcp,download,/function/fit.000001.000025.txt,0.000286,66229981.0
1496,9,gcp,europe-west1,1536,MB,europe-west1,gcp,download,/function/fit.000001.000026.txt,0.000287,58601961.0
1497,9,gcp,europe-west1,1536,MB,europe-west1,gcp,download,/function/fit.000001.000028.txt,0.000286,77603901.0
1498,9,gcp,europe-west1,1536,MB,europe-west1,gcp,download,/function/fit.000002.000006.txt,0.000282,59030497.0
1499,9,gcp,europe-west1,1536,MB,europe-west1,gcp,download,/function/fit.000002.000009.txt,0.000285,53969145.0
1500,9,gcp,europe-west1,1536,MB,europe-west1,gcp,download,/function/fit.000002.000015.txt,0.000288,53439253.5
1501,9,gcp,europe-west1,1536,MB,europe-west1,gcp,download,/function/fit.000002.000016.txt,0.000278,58868288.5
1502,9,gcp,europe-west1,1536,MB,europe-west1,gcp,download,/function/fit.000002.000019.txt,0.000281,60242627.5
1503,9,gcp,europe-west1,1536,MB,europe-west1,gcp,download,/function/fit.000002.000020.txt,0.000286,62021986.5
1504,9,gcp,europe-west1,1536,MB,europe-west1,gcp,download,/function/fit.000002.000023.txt,0.00028,66143736.0
1505,9,gcp,europe-west1,1536,MB,europe-west1,gcp,download,/function/fit.000002.000025.txt,0.000281,58437180.5
1506,9,gcp,europe-west1,1536,MB,europe-west1,gcp,download,/function/fit.000002.000026.txt,0.000286,51659783.5
1507,9,gcp,europe-west1,1536,MB,europe-west1,gcp,download,/function/fit.000002.000027.txt,0.000286,73404665.5
1508,9,gcp,europe-west1,1536,MB,europe-west1,gcp,download,/function/fit.000002.000028.txt,0.000283,66889416.5
1509,9,gcp,europe-west1,1536,MB,europe-west1,gcp,download,/function/fit.000003.000005.txt,0.000288,55073971.5
1510,9,gcp,europe-west1,1536,MB,europe-west1,gcp,download,/function/fit.000003.000006.txt,0.000279,52004428.0
1511,9,gcp,europe-west1,1536,MB,europe-west1,gcp,download,/function/fit.000003.000016.txt,0.000279,64514907.0
1512,9,gcp,europe-west1,1536,MB,europe-west1,gcp,download,/function/fit.000003.000019.txt,0.000282,59945538.5
1513,9,gcp,europe-west1,1536,MB,europe-west1,gcp,download,/function/fit.000003.000023.txt,0.000281,56313788.0
1514,9,gcp,europe-west1,1536,MB,europe-west1,gcp,download,/function/fit.000003.000024.txt,0.00029,61829760.5
1515,9,gcp,europe-west1,1536,MB,europe-west1,gcp,download,/function/fit.000003.000029.txt,0.000284,71379673.0
1516,9,gcp,europe-west1,1536,MB,europe-west1,gcp,download,/function/fit.000004.000008.txt,0.00029,52858823.5
1517,9,gcp,europe-west1,1536,MB,europe-west1,gcp,download,/function/fit.000004.000010.txt,0.000285,55496852.0
1518,9,gcp,europe-west1,1536,MB,europe-west1,gcp,download,/function/fit.000004.000014.txt,0.000288,59846275.0
1519,9,gcp,europe-west1,1536,MB,europe-west1,gcp,download,/function/fit.000004.000015.txt,0.000288,63593580.5
1520,9,gcp,europe-west1,1536,MB,europe-west1,gcp,download,/function/fit.000004.000016.txt,0.000278,48531957.0
1521,9,gcp,europe-west1,1536,MB,europe-west1,gcp,download,/function/fit.000004.000017.txt,0.000291,63150782.0
1522,9,gcp,europe-west1,1536,MB,europe-west1,gcp,download,/function/fit.000004.000019.txt,0.00028,63368877.5
1523,9,gcp,europe-west1,1536,MB,europe-west1,gcp,download,/function/fit.000004.000020.txt,0.000283,64302804.5
1524,9,gcp,europe-west1,1536,MB,europe-west1,gcp,download,/function/fit.000004.000021.txt,0.000286,53999610.0
1525,9,gcp,europe-west1,1536,MB,europe-west1,gcp,download,/function/fit.000004.000025.txt,0.000285,59669476.0
1526,9,gcp,europe-west1,1536,MB,europe-west1,gcp,download,/function/fit.000004.000027.txt,0.000287,62269837.0
1527,9,gcp,europe-west1,1536,MB,europe-west1,gcp,download,/function/fit.000005.000006.txt,0.000282,60909664.5
1528,9,gcp,europe-west1,1536,MB,europe-west1,gcp,download,/function/fit.000005.000016.txt,0.00028,59119856.5
1529,9,gcp,europe-west1,1536,MB,europe-west1,gcp,download,/function/fit.000005.000019.txt,0.000283,53205289.0
1530,9,gcp,europe-west1,1536,MB,europe-west1,gcp,download,/function/fit.000005.000023.txt,0.000282,56264469.5
1531,9,gcp,europe-west1,1536,MB,europe-west1,gcp,download,/function/fit.000005.000024.txt,0.000282,58825057.5
1532,9,gcp,europe-west1,1536,MB,europe-west1,gcp,download,/function/fit.000005.000029.txt,0.000288,61471014.0
1533,9,gcp,europe-west1,1536,MB,europe-west1,gcp,download,/function/fit.000006.000009.txt,0.000281,54858629.0
1534,9,gcp,europe-west1,1536,MB,europe-west1,gcp,download,/function/fit.000006.000016.txt,0.000282,58173991.0
1535,9,gcp,europe-west1,1536,MB,europe-west1,gcp,download,/function/fit.000006.000019.txt,0.000284,63383252.0
1536,9,gcp,europe-west1,1536,MB,europe-west1,gcp,download,/function/fit.000006.000023.txt,0.000286,66265640.5
1537,9,gcp,europe-west1,1536,MB,europe-west1,gcp,download,/function/fit.000006.000027.txt,0.000277,55091900.0
1538,9,gcp,europe-west1,1536,MB,europe-west1,gcp,download,/function/fit.000007.000008.txt,0.000286,61549191.5
1539,9,gcp,europe-west1,1536,MB,europe-west1,gcp,download,/function/fit.000007.000011.txt,0.000294,51550244.0
1540,9,gcp,europe-west1,1536,MB,europe-west1,gcp,download,/function/fit.000007.000012.txt,0.000291,55767374.5
1541,9,gcp,europe-west1,1536,MB,europe-west1,gcp,download,/function/fit.000007.000013.txt,0.000295,64204709.0
1542,9,gcp,europe-west1,1536,MB,europe-west1,gcp,download,/function/fit.000007.000020.txt,0.000285,53137042.0
1543,9,gcp,europe-west1,1536,MB,europe-west1,gcp,download,/function/fit.000007.000025.txt,0.000285,57509665.5
1544,9,gcp,europe-west1,1536,MB,europe-west1,gcp,download,/function/fit.000007.000026.txt,0.000286,67358036.0
1545,9,gcp,europe-west1,1536,MB,europe-west1,gcp,download,/function/fit.000007.000028.txt,0.000279,54569088.0
1546,9,gcp,europe-west1,1536,MB,europe-west1,gcp,download,/function/fit.000008.000012.txt,0.000285,62098627.5
1547,9,gcp,europe-west1,1536,MB,europe-west1,gcp,download,/function/fit.000008.000013.txt,0.000288,66706305.0
1548,9,gcp,europe-west1,1536,MB,europe-west1,gcp,download,/function/fit.000008.000014.txt,0.000294,51056379.0
1549,9,gcp,europe-west1,1536,MB,europe-west1,gcp,download,/function/fit.000008.000015.txt,0.000291,50799289.5
1550,9,gcp,europe-west1,1536,MB,europe-west1,gcp,download,/function/fit.000008.000017.txt,0.000289,59174154.5
1551,9,gcp,europe-west1,1536,MB,europe-west1,gcp,download,/function/fit.000008.000020.txt,0.000292,74905650.0
1552,9,gcp,europe-west1,1536,MB,europe-west1,gcp,download,/function/fit.000008.000022.txt,0.000291,62111574.0
1553,9,gcp,europe-west1,1536,MB,europe-west1,gcp,download,/function/fit.000008.000025.txt,0.000292,66324066.0
1554,9,gcp,europe-west1,1536,MB,europe-west1,gcp,download,/function/fit.000008.000027.txt,0.000285,50592869.5
1555,9,gcp,europe-west1,1536,MB,europe-west1,gcp,download,/function/fit.000009.000016.txt,0.000275,64021418.0
1556,9,gcp,europe-west1,1536,MB,europe-west1,gcp,download,/function/fit.000009.000019.txt,0.000278,65781685.5
1557,9,gcp,europe-west1,1536,MB,europe-west1,gcp,download,/function/fit.000009.000020.txt,0.000277,54779308.0
1558,9,gcp,europe-west1,1536,MB,europe-west1,gcp,download,/function/fit.000009.000023.txt,0.000284,61374173.5
1559,9,gcp,europe-west1,1536,MB,europe-west1,gcp,download,/function/fit.000009.000026.txt,0.000285,62132059.0
1560,9,gcp,europe-west1,1536,MB,europe-west1,gcp,download,/function/fit.000009.000027.txt,0.000285,58867767.5
1561,9,gcp,europe-west1,1536,MB,europe-west1,gcp,download,/function/fit.000009.000028.txt,0.000288,56486528.0
1562,9,gcp,europe-west1,1536,MB,europe-west1,gcp,download,/function/fit.000010.000015.txt,0.000284,59511623.0
1563,9,gcp,europe-west1,1536,MB,europe-west1,gcp,download,/function/fit.000010.000016.txt,0.000285,60411093.5
1564,9,gcp,europe-west1,1536,MB,europe-west1,gcp,download,/function/fit.000010.000017.txt,0.000287,52601312.5
1565,9,gcp,europe-west1,1536,MB,europe-west1,gcp,download,/function/fit.000010.000018.txt,0.000287,63515316.5
1566,9,gcp,europe-west1,1536,MB,europe-west1,gcp,download,/function/fit.000010.000019.txt,0.000281,66987615.0
1567,9,gcp,europe-west1,1536,MB,europe-west1,gcp,download,/function/fit.000010.000021.txt,0.000288,58142156.5
1568,9,gcp,europe-west1,1536,MB,europe-west1,gcp,download,/function/fit.000010.000024.txt,0.000288,56864044.0
1569,9,gcp,europe-west1,1536,MB,europe-west1,gcp,download,/function/fit.000010.000027.txt,0.000279,56722357.5
1570,9,gcp,europe-west1,1536,MB,europe-west1,gcp,download,/function/fit.000010.000029.txt,0.000283,63260286.0
1571,9,gcp,europe-west1,1536,MB,europe-west1,gcp,download,/function/fit.000010.000030.txt,0.000286,55529772.0
1572,9,gcp,europe-west1,1536,MB,europe-west1,gcp,download,/function/fit.000011.000020.txt,0.000283,54842265.5
1573,9,gcp,europe-west1,1536,MB,europe-west1,gcp,download,/function/fit.000011.000026.txt,0.000282,52958471.0
1574,9,gcp,europe-west1,1536,MB,europe-west1,gcp,download,/function/fit.000011.000028.txt,0.000288,67206166.5
1575,9,gcp,europe-west1,1536,MB,europe-west1,gcp,download,/function/fit.000012.000013.txt,0.000291,63655653.0
1576,9,gcp,europe-west1,1536,MB,europe-west1,gcp,download,/function/fit.000012.000014.txt,0.000287,55963331.0
1577,9,gcp,europe-west1,1536,MB,europe-west1,gcp,download,/function/fit.000012.000020.txt,0.000286,67035884.0
1578,9,gcp,europe-west1,1536,MB,europe-west1,gcp,download,/function/fit.000012.000022.txt,0.000292,59153647.5
1579,9,gcp,europe-west1,1536,MB,europe-west1,gcp,download,/function/fit.000012.000025.txt,0.000289,59282090.5
1580,9,gcp,europe-west1,1536,MB,europe-west1,gcp,download,/function/fit.000012.000026.txt,0.000284,49774774.5
1581,9,gcp,europe-west1,1536,MB,europe-west1,gcp,download,/function/fit.000013.000014.txt,0.000289,63441148.5
1582,9,gcp,europe-west1,1536,MB,europe-west1,gcp,download,/function/fit.000013.000020.txt,0.000285,55029621.0
1583,9,gcp,europe-west1,1536,MB,europe-west1,gcp,download,/function/fit.000013.000022.txt,0.000295,59893514.5
1584,9,gcp,europe-west1,1536,MB,europe-west1,gcp,download,/function/fit.000013.000025.txt,0.00029,58162144.5
1585,9,gcp,europe-west1,1536,MB,europe-west1,gcp,download,/function/fit.000014.000015.txt,0.000283,48211653.0
1586,9,gcp,europe-west1,1536,MB,europe-west1,gcp,download,/function/fit.000014.000017.txt,0.000295,88673417.0
1587,9,gcp,europe-west1,1536,MB,europe-west1,gcp,download,/function/fit.000014.000022.txt,0.000293,57883299.0
1588,9,gcp,europe-west1,1536,MB,europe-west1,gcp,download,/function/fit.000014.000025.txt,0.000292,60510230.5
1589,9,gcp,europe-west1,1536,MB,europe-west1,gcp,download,/function/fit.000015.000016.txt,0.000284,63976283.5
1590,9,gcp,europe-west1,1536,MB,europe-west1,gcp,download,/function/fit.000015.000017.txt,0.00029,53385827.5
1591,9,gcp,europe-west1,1536,MB,europe-west1,gcp,download,/function/fit.000015.000019.txt,0.000285,52319367.5
1592,9,gcp,europe-west1,1536,MB,europe-west1,gcp,download,/function/fit.000015.000020.txt,0.000285,59666076.0
1593,9,gcp,europe-west1,1536,MB,europe-west1,gcp,download,/function/fit.000015.000021.txt,0.000283,52643405.0
1594,9,gcp,europe-west1,1536,MB,europe-west1,gcp,download,/function/fit.000015.000025.txt,0.000287,51494783.0
1595,9,gcp,europe-west1,1536,MB,europe-west1,gcp,download,/function/fit.000015.000026.txt,0.000283,60785272.5
1596,9,gcp,europe-west1,1536,MB,europe-west1,gcp,download,/function/fit.000015.000027.txt,0.000289,65555033.0
1597,9,gcp,europe-west1,1536,MB,europe-west1,gcp,download,/function/fit.000016.000019.txt,0.000283,52163006.5
1598,9,gcp,europe-west1,1536,MB,europe-west1,gcp,download,/function/fit.000016.000021.txt,0.000282,46266608.0
1599,9,gcp,europe-west1,1536,MB,europe-west1,gcp,download,/function/fit.000016.000023.txt,0.000282,58146252.5
1600,9,gcp,europe-west1,1536,MB,europe-west1,gcp,download,/function/fit.000016.000024.txt,0.000279,63339826.5
1601,9,gcp,europe-west1,1536,MB,europe-west1,gcp,download,/function/fit.000016.000027.txt,0.000279,56766368.5
1602,9,gcp,europe-west1,1536,MB,europe-west1,gcp,download,/function/fit.000016.000029.txt,0.000282,55736367.5
1603,9,gcp,europe-west1,1536,MB,europe-west1,gcp,download,/function/fit.000017.000021.txt,0.000288,56476904.5
1604,9,gcp,europe-west1,1536,MB,europe-west1,gcp,download,/function/fit.000017.000025.txt,0.000287,59663855.0
1605,9,gcp,europe-west1,1536,MB,europe-west1,gcp,download,/function/fit.000018.000021.txt,0.000288,66659686.0
1606,9,gcp,europe-west1,1536,MB,europe-west1,gcp,download,/function/fit.000018.000024.txt,0.000286,50699185.5
1607,9,gcp,europe-west1,1536,MB,europe-west1,gcp,download,/function/fit.000018.000029.txt,0.000288,55148496.5
1608,9,gcp,europe-west1,1536,MB,europe-west1,gcp,download,/function/fit.000018.000030.txt,0.000294,58092025.0
1609,9,gcp,europe-west1,1536,MB,europe-west1,gcp,download,/function/fit.000019.000021.txt,0.000288,64152507.0
1610,9,gcp,europe-west1,1536,MB,europe-west1,gcp,download,/function/fit.000019.000023.txt,0.000287,44240817.0
1611,9,gcp,europe-west1,1536,MB,europe-west1,gcp,download,/function/fit.000019.000024.txt,0.000281,53631542.0
1612,9,gcp,europe-west1,1536,MB,europe-west1,gcp,download,/function/fit.000019.000027.txt,0.000279,58323069.5
1613,9,gcp,europe-west1,1536,MB,europe-west1,gcp,download,/function/fit.000019.000029.txt,0.000283,60385027.0
1614,9,gcp,europe-west1,1536,MB,europe-west1,gcp,download,/function/fit.000020.000025.txt,0.000289,55605918.5
1615,9,gcp,europe-west1,1536,MB,europe-west1,gcp,download,/function/fit.000020.000026.txt,0.000286,60379031.0
1616,9,gcp,europe-west1,1536,MB,europe-west1,gcp,download,/function/fit.000020.000027.txt,0.000286,52389481.0
1617,9,gcp,europe-west1,1536,MB,europe-west1,gcp,download,/function/fit.000020.000028.txt,0.000289,59230521.5
1618,9,gcp,europe-west1,1536,MB,europe-west1,gcp,download,/function/fit.000021.000024.txt,0.000285,70144882.5
1619,9,gcp,europe-west1,1536,MB,europe-west1,gcp,download,/function/fit.000021.000027.txt,0.000277,49157769.0
1620,9,gcp,europe-west1,1536,MB,europe-west1,gcp,download,/function/fit.000021.000029.txt,0.000281,59674582.5
1621,9,gcp,europe-west1,1536,MB,europe-west1,gcp,download,/function/fit.000021.000030.txt,0.000284,47946550.5
1622,9,gcp,europe-west1,1536,MB,europe-west1,gcp,download,/function/fit.000022.000025.txt,0.000286,47373387.5
1623,9,gcp,europe-west1,1536,MB,europe-west1,gcp,download,/function/fit.000023.000027.txt,0.00028,49557172.0
1624,9,gcp,europe-west1,1536,MB,europe-west1,gcp,download,/function/fit.000024.000029.txt,0.00029,59888860.0
1625,9,gcp,europe-west1,1536,MB,europe-west1,gcp,download,/function/fit.000024.000030.txt,0.000289,48599363.5
1626,9,gcp,europe-west1,1536,MB,europe-west1,gcp,download,/function/fit.000025.000026.txt,0.00029,53945217.0
1627,9,gcp,europe-west1,1536,MB,europe-west1,gcp,download,/function/fit.000025.000027.txt,0.000282,48868413.5
1628,9,gcp,europe-west1,1536,MB,europe-west1,gcp,download,/function/fit.000026.000027.txt,0.000283,51657872.0
1629,9,gcp,europe-west1,1536,MB,europe-west1,gcp,download,/function/fit.000026.000028.txt,0.00029,67264677.5
1630,9,gcp,europe-west1,1536,MB,europe-west1,gcp,download,/function/fit.000027.000028.txt,0.000278,50840533.0
1631,9,gcp,europe-west1,1536,MB,europe-west1,gcp,download,/function/fit.000029.000030.txt,0.000283,48119334.0
1632,9,gcp,europe-west1,1536,MB,europe-west1,gcp,download,/function/mConcatFit,0.048384,49672511.5
1633,9,gcp,europe-west1,1536,MB,europe-west1,gcp,download,/function/statfile.tbl,0.005863,47181961.5
1634,9,gcp,europe-west1,1536,MB,europe-west1,gcp,upload,/function/fits.tbl,0.029537,57231873.0
1635,10,gcp,europe-west1,2048,MB,europe-west1,gcp,download,/function/fits.tbl,0.029537,53366119.0
1636,10,gcp,europe-west1,2048,MB,europe-west1,gcp,download,/function/mBgModel,0.078616,87341789.5
1637,10,gcp,europe-west1,2048,MB,europe-west1,gcp,download,/function/pimages.tbl,0.00511,67145403.5
1638,10,gcp,europe-west1,2048,MB,europe-west1,gcp,upload,/function/corrections.tbl,0.001706,59741625.0
1639,11,gcp,europe-west1,2048,MB,europe-west1,gcp,download,/function/pimages.tbl,0.00511,88969018.5
1640,11,gcp,europe-west1,2048,MB,europe-west1,gcp,upload,/function/modpimages.tbl,0.00575,55583295.0
1641,13,gcp,europe-west1,2048,MB,europe-west1,gcp,download,/function/corrections.tbl,0.001706,47768099.5
1642,13,gcp,europe-west1,2048,MB,europe-west1,gcp,download,/function/mBackground,5.373736,151523308.0
1643,13,gcp,europe-west1,2048,MB,europe-west1,gcp,download,/function/modpimages.tbl,0.00575,46141516.5
1644,13,gcp,europe-west1,2048,MB,europe-west1,gcp,download,/function/p2mass-atlas-001020s-k0860033.fits,4.14432,180948642.5
1645,13,gcp,europe-west1,2048,MB,europe-west1,gcp,download,/function/p2mass-atlas-001020s-k0860033_area.fits,4.14432,145061070.0
1646,13,gcp,europe-west1,2048,MB,europe-west1,gcp,download,/function/p2mass-atlas-001020s-k0860044.fits,4.14432,163424257.5
1647,13,gcp,europe-west1,2048,MB,europe-west1,gcp,download,/function/p2mass-atlas-001020s-k0860044_area.fits,4.14432,132215894.0
1648,13,gcp,europe-west1,2048,MB,europe-west1,gcp,download,/function/p2mass-atlas-001020s-k0860056.fits,4.14432,162697917.5
1649,13,gcp,europe-west1,2048,MB,europe-west1,gcp,download,/function/p2mass-atlas-001020s-k0860056_area.fits,4.14432,133402544.0
1650,13,gcp,europe-west1,2048,MB,europe-west1,gcp,download,/function/p2mass-atlas-001020s-k0870221.fits,4.13568,154419426.5
1651,13,gcp,europe-west1,2048,MB,europe-west1,gcp,download,/function/p2mass-atlas-001020s-k0870221_area.fits,4.13568,150672746.0
1652,13,gcp,europe-west1,2048,MB,europe-west1,gcp,download,/function/p2mass-atlas-001020s-k0870233.fits,4.13568,179791915.0
1653,13,gcp,europe-west1,2048,MB,europe-west1,gcp,download,/function/p2mass-atlas-001020s-k0870233_area.fits,4.13568,158577576.0
1654,13,gcp,europe-west1,2048,MB,europe-west1,gcp,download,/function/p2mass-atlas-001020s-k0870245.fits,4.13568,154027429.0
1655,13,gcp,europe-west1,2048,MB,europe-west1,gcp,download,/function/p2mass-atlas-001020s-k0870245_area.fits,4.13568,129074330.5
1656,13,gcp,europe-west1,2048,MB,europe-west1,gcp,download,/function/p2mass-atlas-001021s-k0490221.fits,4.13568,164109438.0
1657,13,gcp,europe-west1,2048,MB,europe-west1,gcp,download,/function/p2mass-atlas-001021s-k0490221_area.fits,4.13568,166179398.0
1658,13,gcp,europe-west1,2048,MB,europe-west1,gcp,download,/function/p2mass-atlas-001021s-k0490233.fits,4.13568,191496312.0
1659,13,gcp,europe-west1,2048,MB,europe-west1,gcp,download,/function/p2mass-atlas-001021s-k0490233_area.fits,4.13568,156986099.5
1660,13,gcp,europe-west1,2048,MB,europe-west1,gcp,download,/function/p2mass-atlas-001021s-k0490245.fits,4.14432,160610636.0
1661,13,gcp,europe-west1,2048,MB,europe-west1,gcp,download,/function/p2mass-atlas-001021s-k0490245_area.fits,4.14432,900209766.5
1662,13,gcp,europe-west1,2048,MB,europe-west1,gcp,download,/function/p2mass-atlas-001021s-k0560033.fits,4.15296,633343720.0
1663,13,gcp,europe-west1,2048,MB,europe-west1,gcp,download,/function/p2mass-atlas-001021s-k0560033_area.fits,4.15296,167337376.5
1664,13,gcp,europe-west1,2048,MB,europe-west1,gcp,download,/function/p2mass-atlas-001021s-k0560044.fits,4.14432,148827851.5
1665,13,gcp,europe-west1,2048,MB,europe-west1,gcp,download,/function/p2mass-atlas-001021s-k0560044_area.fits,4.14432,123908032.5
1666,13,gcp,europe-west1,2048,MB,europe-west1,gcp,download,/function/p2mass-atlas-001021s-k0560056.fits,4.13568,139185387.5
1667,13,gcp,europe-west1,2048,MB,europe-west1,gcp,download,/function/p2mass-atlas-001021s-k0560056_area.fits,4.13568,122237478.5
1668,13,gcp,europe-west1,2048,MB,europe-west1,gcp,download,/function/p2mass-atlas-001021s-k0570221.fits,4.14432,181887841.0
1669,13,gcp,europe-west1,2048,MB,europe-west1,gcp,download,/function/p2mass-atlas-001021s-k0570221_area.fits,4.14432,132221474.0
1670,13,gcp,europe-west1,2048,MB,europe-west1,gcp,download,/function/p2mass-atlas-001021s-k0570233.fits,4.13568,149871801.0
1671,13,gcp,europe-west1,2048,MB,europe-west1,gcp,download,/function/p2mass-atlas-001021s-k0570233_area.fits,4.13568,141976899.0
1672,13,gcp,europe-west1,2048,MB,europe-west1,gcp,download,/function/p2mass-atlas-001021s-k0570245.fits,4.14432,129634689.0
1673,13,gcp,europe-west1,2048,MB,europe-west1,gcp,download,/function/p2mass-atlas-001021s-k0570245_area.fits,4.14432,135415193.0
1674,13,gcp,europe-west1,2048,MB,europe-west1,gcp,download,/function/p2mass-atlas-980914s-k0800033.fits,4.14432,158151210.0
1675,13,gcp,europe-west1,2048,MB,europe-west1,gcp,download,/function/p2mass-atlas-980914s-k0800033_area.fits,4.14432,125879982.5
1676,13,gcp,europe-west1,2048,MB,europe-west1,gcp,download,/function/p2mass-atlas-980914s-k0800044.fits,4.14432,191354822.0
1677,13,gcp,europe-west1,2048,MB,europe-west1,gcp,download,/function/p2mass-atlas-980914s-k0800044_area.fits,4.14432,136024883.5
1678,13,gcp,europe-west1,2048,MB,europe-west1,gcp,download,/function/p2mass-atlas-980914s-k0800056.fits,4.14432,148180508.0
1679,13,gcp,europe-west1,2048,MB,europe-west1,gcp,download,/function/p2mass-atlas-980914s-k0800056_area.fits,4.14432,130231374.0
1680,13,gcp,europe-west1,2048,MB,europe-west1,gcp,download,/function/p2mass-atlas-980914s-k0810221.fits,4.14432,147303897.0
1681,13,gcp,europe-west1,2048,MB,europe-west1,gcp,download,/function/p2mass-atlas-980914s-k0810221_area.fits,4.14432,143613487.5
1682,13,gcp,europe-west1,2048,MB,europe-west1,gcp,download,/function/p2mass-atlas-980914s-k0810233.fits,4.14432,164000167.0
1683,13,gcp,europe-west1,2048,MB,europe-west1,gcp,download,/function/p2mass-atlas-980914s-k0810233_area.fits,4.14432,129572445.5
1684,13,gcp,europe-west1,2048,MB,europe-west1,gcp,download,/function/p2mass-atlas-980914s-k0810245.fits,4.14432,152574226.0
1685,13,gcp,europe-west1,2048,MB,europe-west1,gcp,download,/function/p2mass-atlas-980914s-k0810245_area.fits,4.14432,127454642.0
1686,13,gcp,europe-west1,2048,MB,europe-west1,gcp,download,/function/p2mass-atlas-980914s-k0820033.fits,4.14432,180309497.0
1687,13,gcp,europe-west1,2048,MB,europe-west1,gcp,download,/function/p2mass-atlas-980914s-k0820033_area.fits,4.14432,118002823.0
1688,13,gcp,europe-west1,2048,MB,europe-west1,gcp,download,/function/p2mass-atlas-980914s-k0820044.fits,4.14432,140120001.0
1689,13,gcp,europe-west1,2048,MB,europe-west1,gcp,download,/function/p2mass-atlas-980914s-k0820044_area.fits,4.14432,140241724.5
1690,13,gcp,europe-west1,2048,MB,europe-west1,gcp,download,/function/p2mass-atlas-980914s-k0820056.fits,4.13568,161630799.0
1691,13,gcp,europe-west1,2048,MB,europe-west1,gcp,download,/function/p2mass-atlas-980914s-k0820056_area.fits,4.13568,154303779.0
1692,13,gcp,europe-west1,2048,MB,europe-west1,gcp,download,/function/p2mass-atlas-980914s-k0830221.fits,4.14432,172968524.0
1693,13,gcp,europe-west1,2048,MB,europe-west1,gcp,download,/function/p2mass-atlas-980914s-k0830221_area.fits,4.14432,131458314.5
1694,13,gcp,europe-west1,2048,MB,europe-west1,gcp,download,/function/p2mass-atlas-980914s-k0830233.fits,4.14432,175412424.5
1695,13,gcp,europe-west1,2048,MB,europe-west1,gcp,download,/function/p2mass-atlas-980914s-k0830233_area.fits,4.14432,129677295.5
1696,13,gcp,europe-west1,2048,MB,europe-west1,gcp,download,/function/p2mass-atlas-980914s-k0830245.fits,4.14432,158954773.0
1697,13,gcp,europe-west1,2048,MB,europe-west1,gcp,download,/function/p2mass-atlas-980914s-k0830245_area.fits,4.14432,132402066.5
1698,13,gcp,europe-west1,2048,MB,europe-west1,gcp,download,/function/p2mass-atlas-980914s-k0840033.fits,4.14432,163975259.0
1699,13,gcp,europe-west1,2048,MB,europe-west1,gcp,download,/function/p2mass-atlas-980914s-k0840033_area.fits,4.14432,125593718.5
1700,13,gcp,europe-west1,2048,MB,europe-west1,gcp,download,/function/p2mass-atlas-980914s-k0840044.fits,4.14432,149501623.0
1701,13,gcp,europe-west1,2048,MB,europe-west1,gcp,download,/function/p2mass-atlas-980914s-k0840044_area.fits,4.14432,143037010.0
1702,13,gcp,europe-west1,2048,MB,europe-west1,gcp,download,/function/p2mass-atlas-980914s-k0840056.fits,4.14432,145057907.5
1703,13,gcp,europe-west1,2048,MB,europe-west1,gcp,download,/function/p2mass-atlas-980914s-k0840056_area.fits,4.14432,122039993.5
1704,13,gcp,europe-west1,2048,MB,europe-west1,gcp,upload,/function/corrected/p2mass-atlas-001020s-k0860033_corrected.fits,4.14432,991740833.5
1705,13,gcp,europe-west1,2048,MB,europe-west1,gcp,upload,/function/corrected/p2mass-atlas-001020s-k0860033_corrected_area.fits,4.14432,181716452.0
1706,13,gcp,europe-west1,2048,MB,europe-west1,gcp,upload,/function/corrected/p2mass-atlas-001020s-k0860044_corrected.fits,4.14432,1055043731.5
1707,13,gcp,europe-west1,2048,MB,europe-west1,gcp,upload,/function/corrected/p2mass-atlas-001020s-k0860044_corrected_area.fits,4.14432,166189939.0
1708,13,gcp,europe-west1,2048,MB,europe-west1,gcp,upload,/function/corrected/p2mass-atlas-001020s-k0860056_corrected.fits,4.14432,1024934169.5
1709,13,gcp,europe-west1,2048,MB,europe-west1,gcp,upload,/function/corrected/p2mass-atlas-001020s-k0860056_corrected_area.fits,4.14432,180505314.0
1710,13,gcp,europe-west1,2048,MB,europe-west1,gcp,upload,/function/corrected/p2mass-atlas-001020s-k0870221_corrected.fits,4.13568,1108953711.0
1711,13,gcp,europe-west1,2048,MB,europe-west1,gcp,upload,/function/corrected/p2mass-atlas-001020s-k0870221_corrected_area.fits,4.13568,223764742.0
1712,13,gcp,europe-west1,2048,MB,europe-west1,gcp,upload,/function/corrected/p2mass-atlas-001020s-k0870233_corrected.fits,4.13568,1060487253.0
1713,13,gcp,europe-west1,2048,MB,europe-west1,gcp,upload,/function/corrected/p2mass-atlas-001020s-k0870233_corrected_area.fits,4.13568,224645262.5
1714,13,gcp,europe-west1,2048,MB,europe-west1,gcp,upload,/function/corrected/p2mass-atlas-001020s-k0870245_corrected.fits,4.13568,943207646.5
1715,13,gcp,europe-west1,2048,MB,europe-west1,gcp,upload,/function/corrected/p2mass-atlas-001020s-k0870245_corrected_area.fits,4.13568,225659757.0
1716,13,gcp,europe-west1,2048,MB,europe-west1,gcp,upload,/function/corrected/p2mass-atlas-001021s-k0490221_corrected.fits,4.13568,1120713496.5
1717,13,gcp,europe-west1,2048,MB,europe-west1,gcp,upload,/function/corrected/p2mass-atlas-001021s-k0490221_corrected_area.fits,4.13568,214517470.0
1718,13,gcp,europe-west1,2048,MB,europe-west1,gcp,upload,/function/corrected/p2mass-atlas-001021s-k0490233_corrected.fits,4.13568,1104623479.5
1719,13,gcp,europe-west1,2048,MB,europe-west1,gcp,upload,/function/corrected/p2mass-atlas-001021s-k0490233_corrected_area.fits,4.13568,227827637.5
1720,13,gcp,europe-west1,2048,MB,europe-west1,gcp,upload,/function/corrected/p2mass-atlas-001021s-k0490245_corrected.fits,4.14432,1134499003.5
1721,13,gcp,europe-west1,2048,MB,europe-west1,gcp,upload,/function/corrected/p2mass-atlas-001021s-k0490245_corrected_area.fits,4.14432,210207977.5
1722,13,gcp,europe-west1,2048,MB,europe-west1,gcp,upload,/function/corrected/p2mass-atlas-001021s-k0560033_corrected.fits,4.15296,1028241629.0
1723,13,gcp,europe-west1,2048,MB,europe-west1,gcp,upload,/function/corrected/p2mass-atlas-001021s-k0560033_corrected_area.fits,4.15296,219793678.0
1724,13,gcp,europe-west1,2048,MB,europe-west1,gcp,upload,/function/corrected/p2mass-atlas-001021s-k0560044_corrected.fits,4.14432,896425839.0
1725,13,gcp,europe-west1,2048,MB,europe-west1,gcp,upload,/function/corrected/p2mass-atlas-001021s-k0560044_corrected_area.fits,4.14432,201665179.0
1726,13,gcp,europe-west1,2048,MB,europe-west1,gcp,upload,/function/corrected/p2mass-atlas-001021s-k0560056_corrected.fits,4.13568,900342883.5
1727,13,gcp,europe-west1,2048,MB,europe-west1,gcp,upload,/function/corrected/p2mass-atlas-001021s-k0560056_corrected_area.fits,4.13568,203440230.0
1728,13,gcp,europe-west1,2048,MB,europe-west1,gcp,upload,/function/corrected/p2mass-atlas-001021s-k0570221_corrected.fits,4.14432,889419486.0
1729,13,gcp,europe-west1,2048,MB,europe-west1,gcp,upload,/function/corrected/p2mass-atlas-001021s-k0570221_corrected_area.fits,4.14432,207489408.0
1730,13,gcp,europe-west1,2048,MB,europe-west1,gcp,upload,/function/corrected/p2mass-atlas-001021s-k0570233_corrected.fits,4.13568,1054698892.5
1731,13,gcp,europe-west1,2048,MB,europe-west1,gcp,upload,/function/corrected/p2mass-atlas-001021s-k0570233_corrected_area.fits,4.13568,218765959.5
1732,13,gcp,europe-west1,2048,MB,europe-west1,gcp,upload,/function/corrected/p2mass-atlas-001021s-k0570245_corrected.fits,4.14432,1052435609.0
1733,13,gcp,europe-west1,2048,MB,europe-west1,gcp,upload,/function/corrected/p2mass-atlas-001021s-k0570245_corrected_area.fits,4.14432,230646031.5
1734,13,gcp,europe-west1,2048,MB,europe-west1,gcp,upload,/function/corrected/p2mass-atlas-980914s-k0800033_corrected.fits,4.14432,904917468.0
1735,13,gcp,europe-west1,2048,MB,europe-west1,gcp,upload,/function/corrected/p2mass-atlas-980914s-k0800033_corrected_area.fits,4.14432,177396076.0
1736,13,gcp,europe-west1,2048,MB,europe-west1,gcp,upload,/function/corrected/p2mass-atlas-980914s-k0800044_corrected.fits,4.14432,891388957.0
1737,13,gcp,europe-west1,2048,MB,europe-west1,gcp,upload,/function/corrected/p2mass-atlas-980914s-k0800044_corrected_area.fits,4.14432,184544101.5
1738,13,gcp,europe-west1,2048,MB,europe-west1,gcp,upload,/function/corrected/p2mass-atlas-980914s-k0800056_corrected.fits,4.14432,1047432094.0
1739,13,gcp,europe-west1,2048,MB,europe-west1,gcp,upload,/function/corrected/p2mass-atlas-980914s-k0800056_corrected_area.fits,4.14432,181896785.5
1740,13,gcp,europe-west1,2048,MB,europe-west1,gcp,upload,/function/corrected/p2mass-atlas-980914s-k0810221_corrected.fits,4.14432,1004151707.5
1741,13,gcp,europe-west1,2048,MB,europe-west1,gcp,upload,/function/corrected/p2mass-atlas-980914s-k0810221_corrected_area.fits,4.14432,174882432.0
1742,13,gcp,europe-west1,2048,MB,europe-west1,gcp,upload,/function/corrected/p2mass-atlas-980914s-k0810233_corrected.fits,4.14432,902720725.5
1743,13,gcp,europe-west1,2048,MB,europe-west1,gcp,upload,/function/corrected/p2mass-atlas-980914s-k0810233_corrected_area.fits,4.14432,174653847.5
1744,13,gcp,europe-west1,2048,MB,europe-west1,gcp,upload,/function/corrected/p2mass-atlas-980914s-k0810245_corrected.fits,4.14432,958066994.5
1745,13,gcp,europe-west1,2048,MB,europe-west1,gcp,upload,/function/corrected/p2mass-atlas-980914s-k0810245_corrected_area.fits,4.14432,197530037.5
1746,13,gcp,europe-west1,2048,MB,europe-west1,gcp,upload,/function/corrected/p2mass-atlas-980914s-k0820033_corrected.fits,4.14432,1056944124.0
1747,13,gcp,europe-west1,2048,MB,europe-west1,gcp,upload,/function/corrected/p2mass-atlas-980914s-k0820033_corrected_area.fits,4.14432,165882179.5
1748,13,gcp,europe-west1,2048,MB,europe-west1,gcp,upload,/function/corrected/p2mass-atlas-980914s-k0820044_corrected.fits,4.14432,1073725950.0
1749,13,gcp,europe-west1,2048,MB,europe-west1,gcp,upload,/function/corrected/p2mass-atlas-980914s-k0820044_corrected_area.fits,4.14432,160124746.0
1750,13,gcp,europe-west1,2048,MB,europe-west1,gcp,upload,/function/corrected/p2mass-atlas-980914s-k0820056_corrected.fits,4.13568,1050658383.0
1751,13,gcp,europe-west1,2048,MB,europe-west1,gcp,upload,/function/corrected/p2mass-atlas-980914s-k0820056_corrected_area.fits,4.13568,161220648.5
1752,13,gcp,europe-west1,2048,MB,europe-west1,gcp,upload,/function/corrected/p2mass-atlas-980914s-k0830221_corrected.fits,4.14432,909868400.0
1753,13,gcp,europe-west1,2048,MB,europe-west1,gcp,upload,/function/corrected/p2mass-atlas-980914s-k0830221_corrected_area.fits,4.14432,165593317.0
1754,13,gcp,europe-west1,2048,MB,europe-west1,gcp,upload,/function/corrected/p2mass-atlas-980914s-k0830233_corrected.fits,4.14432,920149878.0
1755,13,gcp,europe-west1,2048,MB,europe-west1,gcp,upload,/function/corrected/p2mass-atlas-980914s-k0830233_corrected_area.fits,4.14432,150297158.5
1756,13,gcp,europe-west1,2048,MB,europe-west1,gcp,upload,/function/corrected/p2mass-atlas-980914s-k0830245_corrected.fits,4.14432,925572653.5
1757,13,gcp,europe-west1,2048,MB,europe-west1,gcp,upload,/function/corrected/p2mass-atlas-980914s-k0830245_corrected_area.fits,4.14432,150705533.5
1758,13,gcp,europe-west1,2048,MB,europe-west1,gcp,upload,/function/corrected/p2mass-atlas-980914s-k0840033_corrected.fits,4.14432,953641002.0
1759,13,gcp,europe-west1,2048,MB,europe-west1,gcp,upload,/function/corrected/p2mass-atlas-980914s-k0840033_corrected_area.fits,4.14432,174702644.5
1760,13,gcp,europe-west1,2048,MB,europe-west1,gcp,upload,/function/corrected/p2mass-atlas-980914s-k0840044_corrected.fits,4.14432,914037282.5
1761,13,gcp,europe-west1,2048,MB,europe-west1,gcp,upload,/function/corrected/p2mass-atlas-980914s-k0840044_corrected_area.fits,4.14432,197436666.5
1762,13,gcp,europe-west1,2048,MB,europe-west1,gcp,upload,/function/corrected/p2mass-atlas-980914s-k0840056_corrected.fits,4.14432,927605796.0
1763,13,gcp,europe-west1,2048,MB,europe-west1,gcp,upload,/function/corrected/p2mass-atlas-980914s-k0840056_corrected_area.fits,4.14432,183941950.5
1764,14,gcp,europe-west1,2048,MB,europe-west1,gcp,download,/function/cimages.tbl,0.00511,80991466.5
1765,14,gcp,europe-west1,2048,MB,europe-west1,gcp,download,/function/corrected/p2mass-atlas-001020s-k0860033_corrected.fits,4.14432,144275244.0
1766,14,gcp,europe-west1,2048,MB,europe-west1,gcp,download,/function/corrected/p2mass-atlas-001020s-k0860044_corrected.fits,4.14432,124983863.5
1767,14,gcp,europe-west1,2048,MB,europe-west1,gcp,download,/function/corrected/p2mass-atlas-001020s-k0860056_corrected.fits,4.14432,130706922.0
1768,14,gcp,europe-west1,2048,MB,europe-west1,gcp,download,/function/corrected/p2mass-atlas-001020s-k0870221_corrected.fits,4.13568,128092724.5
1769,14,gcp,europe-west1,2048,MB,europe-west1,gcp,download,/function/corrected/p2mass-atlas-001020s-k0870233_corrected.fits,4.13568,151744781.5
1770,14,gcp,europe-west1,2048,MB,europe-west1,gcp,download,/function/corrected/p2mass-atlas-001020s-k0870245_corrected.fits,4.13568,140881808.5
1771,14,gcp,europe-west1,2048,MB,europe-west1,gcp,download,/function/corrected/p2mass-atlas-001021s-k0490221_corrected.fits,4.13568,161098062.5
1772,14,gcp,europe-west1,2048,MB,europe-west1,gcp,download,/function/corrected/p2mass-atlas-001021s-k0490233_corrected.fits,4.13568,134237429.5
1773,14,gcp,europe-west1,2048,MB,europe-west1,gcp,download,/function/corrected/p2mass-atlas-001021s-k0490245_corrected.fits,4.14432,110765768.5
1774,14,gcp,europe-west1,2048,MB,europe-west1,gcp,download,/function/corrected/p2mass-atlas-001021s-k0560033_corrected.fits,4.15296,129886637.0
1775,14,gcp,europe-west1,2048,MB,europe-west1,gcp,download,/function/corrected/p2mass-atlas-001021s-k0560044_corrected.fits,4.14432,108694420.5
1776,14,gcp,europe-west1,2048,MB,europe-west1,gcp,download,/function/corrected/p2mass-atlas-001021s-k0560056_corrected.fits,4.13568,120605445.5
1777,14,gcp,europe-west1,2048,MB,europe-west1,gcp,download,/function/corrected/p2mass-atlas-001021s-k0570221_corrected.fits,4.14432,147769277.5
1778,14,gcp,europe-west1,2048,MB,europe-west1,gcp,download,/function/corrected/p2mass-atlas-001021s-k0570233_corrected.fits,4.13568,137819476.0
1779,14,gcp,europe-west1,2048,MB,europe-west1,gcp,download,/function/corrected/p2mass-atlas-001021s-k0570245_corrected.fits,4.14432,127495260.0
1780,14,gcp,europe-west1,2048,MB,europe-west1,gcp,download,/function/corrected/p2mass-atlas-980914s-k0800033_corrected.fits,4.14432,129338635.0
1781,14,gcp,europe-west1,2048,MB,europe-west1,gcp,download,/function/corrected/p2mass-atlas-980914s-k0800044_corrected.fits,4.14432,130576842.0
1782,14,gcp,europe-west1,2048,MB,europe-west1,gcp,download,/function/corrected/p2mass-atlas-980914s-k0800056_corrected.fits,4.14432,135298275.5
1783,14,gcp,europe-west1,2048,MB,europe-west1,gcp,download,/function/corrected/p2mass-atlas-980914s-k0810221_corrected.fits,4.14432,126729438.0
1784,14,gcp,europe-west1,2048,MB,europe-west1,gcp,download,/function/corrected/p2mass-atlas-980914s-k0810233_corrected.fits,4.14432,147434072.0
1785,14,gcp,europe-west1,2048,MB,europe-west1,gcp,download,/function/corrected/p2mass-atlas-980914s-k0810245_corrected.fits,4.14432,117761138.5
1786,14,gcp,europe-west1,2048,MB,europe-west1,gcp,download,/function/corrected/p2mass-atlas-980914s-k0820033_corrected.fits,4.14432,128061203.0
1787,14,gcp,europe-west1,2048,MB,europe-west1,gcp,download,/function/corrected/p2mass-atlas-980914s-k0820044_corrected.fits,4.14432,105679007.5
1788,14,gcp,europe-west1,2048,MB,europe-west1,gcp,download,/function/corrected/p2mass-atlas-980914s-k0820056_corrected.fits,4.13568,124748526.0
1789,14,gcp,europe-west1,2048,MB,europe-west1,gcp,download,/function/corrected/p2mass-atlas-980914s-k0830221_corrected.fits,4.14432,107544114.5
1790,14,gcp,europe-west1,2048,MB,europe-west1,gcp,download,/function/corrected/p2mass-atlas-980914s-k0830233_corrected.fits,4.14432,115826282.5
1791,14,gcp,europe-west1,2048,MB,europe-west1,gcp,download,/function/corrected/p2mass-atlas-980914s-k0830245_corrected.fits,4.14432,113327098.5
1792,14,gcp,europe-west1,2048,MB,europe-west1,gcp,download,/function/corrected/p2mass-atlas-980914s-k0840033_corrected.fits,4.14432,111453189.0
1793,14,gcp,europe-west1,2048,MB,europe-west1,gcp,download,/function/corrected/p2mass-atlas-980914s-k0840044_corrected.fits,4.14432,169901123.0
1794,14,gcp,europe-west1,2048,MB,europe-west1,gcp,download,/function/corrected/p2mass-atlas-980914s-k0840056_corrected.fits,4.14432,94125035.0
1795,14,gcp,europe-west1,2048,MB,europe-west1,gcp,download,/function/mImgtbl,5.496352,111147804.0
1796,14,gcp,europe-west1,2048,MB,europe-west1,gcp,upload,/function/cimages.tbl,0.015252,55881679.0
1797,15,gcp,europe-west1,2048,MB,europe-west1,gcp,download,/function/cimages.tbl,0.015252,56661783.0
1798,15,gcp,europe-west1,2048,MB,europe-west1,gcp,download,/function/corrected/p2mass-atlas-001020s-k0860033_corrected.fits,4.14432,102129248.0
1799,15,gcp,europe-west1,2048,MB,europe-west1,gcp,download,/function/corrected/p2mass-atlas-001020s-k0860033_corrected_area.fits,4.14432,108903962.0
1800,15,gcp,europe-west1,2048,MB,europe-west1,gcp,download,/function/corrected/p2mass-atlas-001020s-k0860044_corrected.fits,4.14432,114179557.5
1801,15,gcp,europe-west1,2048,MB,europe-west1,gcp,download,/function/corrected/p2mass-atlas-001020s-k0860044_corrected_area.fits,4.14432,103713117.0
1802,15,gcp,europe-west1,2048,MB,europe-west1,gcp,download,/function/corrected/p2mass-atlas-001020s-k0860056_corrected.fits,4.14432,110191296.0
1803,15,gcp,europe-west1,2048,MB,europe-west1,gcp,download,/function/corrected/p2mass-atlas-001020s-k0860056_corrected_area.fits,4.14432,109324379.0
1804,15,gcp,europe-west1,2048,MB,europe-west1,gcp,download,/function/corrected/p2mass-atlas-001020s-k0870221_corrected.fits,4.13568,168665746.0
1805,15,gcp,europe-west1,2048,MB,europe-west1,gcp,download,/function/corrected/p2mass-atlas-001020s-k0870221_corrected_area.fits,4.13568,119803611.5
1806,15,gcp,europe-west1,2048,MB,europe-west1,gcp,download,/function/corrected/p2mass-atlas-001020s-k0870233_corrected.fits,4.13568,102667885.0
1807,15,gcp,europe-west1,2048,MB,europe-west1,gcp,download,/function/corrected/p2mass-atlas-001020s-k0870233_corrected_area.fits,4.13568,130541533.5
1808,15,gcp,europe-west1,2048,MB,europe-west1,gcp,download,/function/corrected/p2mass-atlas-001020s-k0870245_corrected.fits,4.13568,117264438.0
1809,15,gcp,europe-west1,2048,MB,europe-west1,gcp,download,/function/corrected/p2mass-atlas-001020s-k0870245_corrected_area.fits,4.13568,107326456.0
1810,15,gcp,europe-west1,2048,MB,europe-west1,gcp,download,/function/corrected/p2mass-atlas-001021s-k0490221_corrected.fits,4.13568,138996106.0
1811,15,gcp,europe-west1,2048,MB,europe-west1,gcp,download,/function/corrected/p2mass-atlas-001021s-k0490221_corrected_area.fits,4.13568,114992223.5
1812,15,gcp,europe-west1,2048,MB,europe-west1,gcp,download,/function/corrected/p2mass-atlas-001021s-k0490233_corrected.fits,4.13568,129053947.0
1813,15,gcp,europe-west1,2048,MB,europe-west1,gcp,download,/function/corrected/p2mass-atlas-001021s-k0490233_corrected_area.fits,4.13568,136286463.5
1814,15,gcp,europe-west1,2048,MB,europe-west1,gcp,download,/function/corrected/p2mass-atlas-001021s-k0490245_corrected.fits,4.14432,106333529.5
1815,15,gcp,europe-west1,2048,MB,europe-west1,gcp,download,/function/corrected/p2mass-atlas-001021s-k0490245_corrected_area.fits,4.14432,133413402.0
1816,15,gcp,europe-west1,2048,MB,europe-west1,gcp,download,/function/corrected/p2mass-atlas-001021s-k0560033_corrected.fits,4.15296,121868877.0
1817,15,gcp,europe-west1,2048,MB,europe-west1,gcp,download,/function/corrected/p2mass-atlas-001021s-k0560033_corrected_area.fits,4.15296,124730008.0
1818,15,gcp,europe-west1,2048,MB,europe-west1,gcp,download,/function/corrected/p2mass-atlas-001021s-k0560044_corrected.fits,4.14432,99926912.0
1819,15,gcp,europe-west1,2048,MB,europe-west1,gcp,download,/function/corrected/p2mass-atlas-001021s-k0560044_corrected_area.fits,4.14432,114834371.5
1820,15,gcp,europe-west1,2048,MB,europe-west1,gcp,download,/function/corrected/p2mass-atlas-001021s-k0560056_corrected.fits,4.13568,129625381.5
1821,15,gcp,europe-west1,2048,MB,europe-west1,gcp,download,/function/corrected/p2mass-atlas-001021s-k0560056_corrected_area.fits,4.13568,133009109.5
1822,15,gcp,europe-west1,2048,MB,europe-west1,gcp,download,/function/corrected/p2mass-atlas-001021s-k0570221_corrected.fits,4.14432,97848865.5
1823,15,gcp,europe-west1,2048,MB,europe-west1,gcp,download,/function/corrected/p2mass-atlas-001021s-k0570221_corrected_area.fits,4.14432,115618251.0
1824,15,gcp,europe-west1,2048,MB,europe-west1,gcp,download,/function/corrected/p2mass-atlas-001021s-k0570233_corrected.fits,4.13568,115239618.5
1825,15,gcp,europe-west1,2048,MB,europe-west1,gcp,download,/function/corrected/p2mass-atlas-001021s-k0570233_corrected_area.fits,4.13568,145376747.0
1826,15,gcp,europe-west1,2048,MB,europe-west1,gcp,download,/function/corrected/p2mass-atlas-001021s-k0570245_corrected.fits,4.14432,129848419.0
1827,15,gcp,europe-west1,2048,MB,europe-west1,gcp,download,/function/corrected/p2mass-atlas-001021s-k0570245_corrected_area.fits,4.14432,106503674.5
1828,15,gcp,europe-west1,2048,MB,europe-west1,gcp,download,/function/corrected/p2mass-atlas-980914s-k0800033_corrected.fits,4.14432,92058964.0
1829,15,gcp,europe-west1,2048,MB,europe-west1,gcp,download,/function/corrected/p2mass-atlas-980914s-k0800033_corrected_area.fits,4.14432,111443684.0
1830,15,gcp,europe-west1,2048,MB,europe-west1,gcp,download,/function/corrected/p2mass-atlas-980914s-k0800044_corrected.fits,4.14432,90109387.0
1831,15,gcp,europe-west1,2048,MB,europe-west1,gcp,download,/function/corrected/p2mass-atlas-980914s-k0800044_corrected_area.fits,4.14432,121683872.5
1832,15,gcp,europe-west1,2048,MB,europe-west1,gcp,download,/function/corrected/p2mass-atlas-980914s-k0800056_corrected.fits,4.14432,111550559.0
1833,15,gcp,europe-west1,2048,MB,europe-west1,gcp,download,/function/corrected/p2mass-atlas-980914s-k0800056_corrected_area.fits,4.14432,115621455.0
1834,15,gcp,europe-west1,2048,MB,europe-west1,gcp,download,/function/corrected/p2mass-atlas-980914s-k0810221_corrected.fits,4.14432,122820757.0
1835,15,gcp,europe-west1,2048,MB,europe-west1,gcp,download,/function/corrected/p2mass-atlas-980914s-k0810221_corrected_area.fits,4.14432,109029918.5
1836,15,gcp,europe-west1,2048,MB,europe-west1,gcp,download,/function/corrected/p2mass-atlas-980914s-k0810233_corrected.fits,4.14432,113190994.0
1837,15,gcp,europe-west1,2048,MB,europe-west1,gcp,download,/function/corrected/p2mass-atlas-980914s-k0810233_corrected_area.fits,4.14432,131674603.0
1838,15,gcp,europe-west1,2048,MB,europe-west1,gcp,download,/function/corrected/p2mass-atlas-980914s-k0810245_corrected.fits,4.14432,118911193.0
1839,15,gcp,europe-west1,2048,MB,europe-west1,gcp,download,/function/corrected/p2mass-atlas-980914s-k0810245_corrected_area.fits,4.14432,109133055.0
1840,15,gcp,europe-west1,2048,MB,europe-west1,gcp,download,/function/corrected/p2mass-atlas-980914s-k0820033_corrected.fits,4.14432,96873570.5
1841,15,gcp,europe-west1,2048,MB,europe-west1,gcp,download,/function/corrected/p2mass-atlas-980914s-k0820033_corrected_area.fits,4.14432,112154085.5
1842,15,gcp,europe-west1,2048,MB,europe-west1,gcp,download,/function/corrected/p2mass-atlas-980914s-k0820044_corrected.fits,4.14432,99578145.5
1843,15,gcp,europe-west1,2048,MB,europe-west1,gcp,download,/function/corrected/p2mass-atlas-980914s-k0820044_corrected_area.fits,4.14432,118260084.5
1844,15,gcp,europe-west1,2048,MB,europe-west1,gcp,download,/function/corrected/p2mass-atlas-980914s-k0820056_corrected.fits,4.13568,119385627.5
1845,15,gcp,europe-west1,2048,MB,europe-west1,gcp,download,/function/corrected/p2mass-atlas-980914s-k0820056_corrected_area.fits,4.13568,109516058.5
1846,15,gcp,europe-west1,2048,MB,europe-west1,gcp,download,/function/corrected/p2mass-atlas-980914s-k0830221_corrected.fits,4.14432,115776869.5
1847,15,gcp,europe-west1,2048,MB,europe-west1,gcp,download,/function/corrected/p2mass-atlas-980914s-k0830221_corrected_area.fits,4.14432,114405278.0
1848,15,gcp,europe-west1,2048,MB,europe-west1,gcp,download,/function/corrected/p2mass-atlas-980914s-k0830233_corrected.fits,4.14432,96460145.0
1849,15,gcp,europe-west1,2048,MB,europe-west1,gcp,download,/function/corrected/p2mass-atlas-980914s-k0830233_corrected_area.fits,4.14432,101332171.5
1850,15,gcp,europe-west1,2048,MB,europe-west1,gcp,download,/function/corrected/p2mass-atlas-980914s-k0830245_corrected.fits,4.14432,84406626.5
1851,15,gcp,europe-west1,2048,MB,europe-west1,gcp,download,/function/corrected/p2mass-atlas-980914s-k0830245_corrected_area.fits,4.14432,100003724.0
1852,15,gcp,europe-west1,2048,MB,europe-west1,gcp,download,/function/corrected/p2mass-atlas-980914s-k0840033_corrected.fits,4.14432,100274768.0
1853,15,gcp,europe-west1,2048,MB,europe-west1,gcp,download,/function/corrected/p2mass-atlas-980914s-k0840033_corrected_area.fits,4.14432,113082272.5
1854,15,gcp,europe-west1,2048,MB,europe-west1,gcp,download,/function/corrected/p2mass-atlas-980914s-k0840044_corrected.fits,4.14432,122500753.5
1855,15,gcp,europe-west1,2048,MB,europe-west1,gcp,download,/function/corrected/p2mass-atlas-980914s-k0840044_corrected_area.fits,4.14432,115979997.0
1856,15,gcp,europe-west1,2048,MB,europe-west1,gcp,download,/function/corrected/p2mass-atlas-980914s-k0840056_corrected.fits,4.14432,131236821.5
1857,15,gcp,europe-west1,2048,MB,europe-west1,gcp,download,/function/corrected/p2mass-atlas-980914s-k0840056_corrected_area.fits,4.14432,122492685.5
1858,15,gcp,europe-west1,2048,MB,europe-west1,gcp,download,/function/mAdd,5.411176,110967665.0
1859,15,gcp,europe-west1,2048,MB,europe-west1,gcp,download,/function/region.hdr,0.000277,43388507.5
1860,15,gcp,europe-west1,2048,MB,europe-west1,gcp,upload,/function/mosaic.fits,57.21408,14081082663.0
1861,15,gcp,europe-west1,2048,MB,europe-west1,gcp,upload,/function/mosaic_area.fits,57.21408,1044020273.5
1862,16,gcp,europe-west1,2048,MB,europe-west1,gcp,download,/function/mShrink,5.374048,154680450.0
1863,16,gcp,europe-west1,2048,MB,europe-west1,gcp,download,/function/mosaic.fits,57.21408,992697837.5
1864,16,gcp,europe-west1,2048,MB,europe-west1,gcp,upload,/function/mosaic_shrinked.fits,25.42176,6090000758.5
1865,17,gcp,europe-west1,2048,MB,europe-west1,gcp,download,/function/mViewer,6.537816,208054326.5
1866,17,gcp,europe-west1,2048,MB,europe-west1,gcp,download,/function/mosaic_shrinked.fits,25.42176,444855018.0
1867,17,gcp,europe-west1,2048,MB,europe-west1,gcp,upload,/function/final.png,2.387093,301428366.5
1868,2,gcp,europe-west1,2048,MB,europe-west1,gcp,download,/function/input/2mass-atlas-001020s-k0860033.fits,1.430932,124745270.0
1869,2,gcp,europe-west1,2048,MB,europe-west1,gcp,download,/function/input/2mass-atlas-001020s-k0860044.fits,1.431122,99830095.0
1870,2,gcp,europe-west1,2048,MB,europe-west1,gcp,download,/function/input/2mass-atlas-001020s-k0860056.fits,1.431548,142237518.0
1871,2,gcp,europe-west1,2048,MB,europe-west1,gcp,download,/function/input/2mass-atlas-001020s-k0870221.fits,1.415237,118426944.5
1872,2,gcp,europe-west1,2048,MB,europe-west1,gcp,download,/function/input/2mass-atlas-001020s-k0870233.fits,1.417782,73170498.5
1873,2,gcp,europe-west1,2048,MB,europe-west1,gcp,download,/function/input/2mass-atlas-001020s-k0870245.fits,1.428497,226085616.5
1874,2,gcp,europe-west1,2048,MB,europe-west1,gcp,download,/function/input/2mass-atlas-001021s-k0490221.fits,1.474539,454529303.0
1875,2,gcp,europe-west1,2048,MB,europe-west1,gcp,download,/function/input/2mass-atlas-001021s-k0490233.fits,1.473388,135750500.0
1876,2,gcp,europe-west1,2048,MB,europe-west1,gcp,download,/function/input/2mass-atlas-001021s-k0490245.fits,1.475153,73489906.0
1877,2,gcp,europe-west1,2048,MB,europe-west1,gcp,download,/function/input/2mass-atlas-001021s-k0560033.fits,1.475337,130527089.5
1878,2,gcp,europe-west1,2048,MB,europe-west1,gcp,download,/function/input/2mass-atlas-001021s-k0560044.fits,1.475774,79051388.5
1879,2,gcp,europe-west1,2048,MB,europe-west1,gcp,download,/function/input/2mass-atlas-001021s-k0560056.fits,1.477972,86026699.0
1880,2,gcp,europe-west1,2048,MB,europe-west1,gcp,download,/function/input/2mass-atlas-001021s-k0570221.fits,1.474794,95895200.0
1881,2,gcp,europe-west1,2048,MB,europe-west1,gcp,download,/function/input/2mass-atlas-001021s-k0570233.fits,1.472843,67158361.0
1882,2,gcp,europe-west1,2048,MB,europe-west1,gcp,download,/function/input/2mass-atlas-001021s-k0570245.fits,1.474299,81567355.0
1883,2,gcp,europe-west1,2048,MB,europe-west1,gcp,download,/function/input/2mass-atlas-980914s-k0800033.fits,1.466856,84117665.0
1884,2,gcp,europe-west1,2048,MB,europe-west1,gcp,download,/function/input/2mass-atlas-980914s-k0800044.fits,1.46705,98224383.0
1885,2,gcp,europe-west1,2048,MB,europe-west1,gcp,download,/function/input/2mass-atlas-980914s-k0800056.fits,1.467462,91351146.0
1886,2,gcp,europe-west1,2048,MB,europe-west1,gcp,download,/function/input/2mass-atlas-980914s-k0810221.fits,1.467205,93847254.0
1887,2,gcp,europe-west1,2048,MB,europe-west1,gcp,download,/function/input/2mass-atlas-980914s-k0810233.fits,1.468091,94813024.0
1888,2,gcp,europe-west1,2048,MB,europe-west1,gcp,download,/function/input/2mass-atlas-980914s-k0810245.fits,1.468524,91883709.0
1889,2,gcp,europe-west1,2048,MB,europe-west1,gcp,download,/function/input/2mass-atlas-980914s-k0820033.fits,1.468069,75264239.0
1890,2,gcp,europe-west1,2048,MB,europe-west1,gcp,download,/function/input/2mass-atlas-980914s-k0820044.fits,1.465354,82844120.0
1891,2,gcp,europe-west1,2048,MB,europe-west1,gcp,download,/function/input/2mass-atlas-980914s-k0820056.fits,1.467195,87483306.5
1892,2,gcp,europe-west1,2048,MB,europe-west1,gcp,download,/function/input/2mass-atlas-980914s-k0830221.fits,1.471563,89515611.0
1893,2,gcp,europe-west1,2048,MB,europe-west1,gcp,download,/function/input/2mass-atlas-980914s-k0830233.fits,1.468954,92558369.0
1894,2,gcp,europe-west1,2048,MB,europe-west1,gcp,download,/function/input/2mass-atlas-980914s-k0830245.fits,1.46679,113936360.0
1895,2,gcp,europe-west1,2048,MB,europe-west1,gcp,download,/function/input/2mass-atlas-980914s-k0840033.fits,1.467584,89443141.5
1896,2,gcp,europe-west1,2048,MB,europe-west1,gcp,download,/function/input/2mass-atlas-980914s-k0840044.fits,1.466204,83431571.0
1897,2,gcp,europe-west1,2048,MB,europe-west1,gcp,download,/function/input/2mass-atlas-980914s-k0840056.fits,1.46731,85698117.5
1898,2,gcp,europe-west1,2048,MB,europe-west1,gcp,download,/function/mProjectPP,5.457288,127041151.5
1899,2,gcp,europe-west1,2048,MB,europe-west1,gcp,download,/function/region.hdr,0.000277,50909297.5
1900,2,gcp,europe-west1,2048,MB,europe-west1,gcp,upload,/function/p2mass-atlas-001020s-k0860033.fits,4.14432,1172949214.5
1901,2,gcp,europe-west1,2048,MB,europe-west1,gcp,upload,/function/p2mass-atlas-001020s-k0860033_area.fits,4.14432,190681974.0
1902,2,gcp,europe-west1,2048,MB,europe-west1,gcp,upload,/function/p2mass-atlas-001020s-k0860044.fits,4.14432,1153038423.0
1903,2,gcp,europe-west1,2048,MB,europe-west1,gcp,upload,/function/p2mass-atlas-001020s-k0860044_area.fits,4.14432,168230199.0
1904,2,gcp,europe-west1,2048,MB,europe-west1,gcp,upload,/function/p2mass-atlas-001020s-k0860056.fits,4.14432,985111249.5
1905,2,gcp,europe-west1,2048,MB,europe-west1,gcp,upload,/function/p2mass-atlas-001020s-k0860056_area.fits,4.14432,164083263.0
1906,2,gcp,europe-west1,2048,MB,europe-west1,gcp,upload,/function/p2mass-atlas-001020s-k0870221.fits,4.13568,1052960448.5
1907,2,gcp,europe-west1,2048,MB,europe-west1,gcp,upload,/function/p2mass-atlas-001020s-k0870221_area.fits,4.13568,235380154.0
1908,2,gcp,europe-west1,2048,MB,europe-west1,gcp,upload,/function/p2mass-atlas-001020s-k0870233.fits,4.13568,1190579886.5
1909,2,gcp,europe-west1,2048,MB,europe-west1,gcp,upload,/function/p2mass-atlas-001020s-k0870233_area.fits,4.13568,214147587.0
1910,2,gcp,europe-west1,2048,MB,europe-west1,gcp,upload,/function/p2mass-atlas-001020s-k0870245.fits,4.13568,1138690563.0
1911,2,gcp,europe-west1,2048,MB,europe-west1,gcp,upload,/function/p2mass-atlas-001020s-k0870245_area.fits,4.13568,216420001.5
1912,2,gcp,europe-west1,2048,MB,europe-west1,gcp,upload,/function/p2mass-atlas-001021s-k0490221.fits,4.13568,969573641.5
1913,2,gcp,europe-west1,2048,MB,europe-west1,gcp,upload,/function/p2mass-atlas-001021s-k0490221_area.fits,4.13568,222055564.0
1914,2,gcp,europe-west1,2048,MB,europe-west1,gcp,upload,/function/p2mass-atlas-001021s-k0490233.fits,4.13568,1039687796.5
1915,2,gcp,europe-west1,2048,MB,europe-west1,gcp,upload,/function/p2mass-atlas-001021s-k0490233_area.fits,4.13568,228245620.5
1916,2,gcp,europe-west1,2048,MB,europe-west1,gcp,upload,/function/p2mass-atlas-001021s-k0490245.fits,4.14432,947047908.0
1917,2,gcp,europe-west1,2048,MB,europe-west1,gcp,upload,/function/p2mass-atlas-001021s-k0490245_area.fits,4.14432,219142451.0
1918,2,gcp,europe-west1,2048,MB,europe-west1,gcp,upload,/function/p2mass-atlas-001021s-k0560033.fits,4.15296,943504560.5
1919,2,gcp,europe-west1,2048,MB,europe-west1,gcp,upload,/function/p2mass-atlas-001021s-k0560033_area.fits,4.15296,222475702.5
1920,2,gcp,europe-west1,2048,MB,europe-west1,gcp,upload,/function/p2mass-atlas-001021s-k0560044.fits,4.14432,919895693.0
1921,2,gcp,europe-west1,2048,MB,europe-west1,gcp,upload,/function/p2mass-atlas-001021s-k0560044_area.fits,4.14432,218093711.5
1922,2,gcp,europe-west1,2048,MB,europe-west1,gcp,upload,/function/p2mass-atlas-001021s-k0560056.fits,4.13568,917248340.5
1923,2,gcp,europe-west1,2048,MB,europe-west1,gcp,upload,/function/p2mass-atlas-001021s-k0560056_area.fits,4.13568,222496239.0
1924,2,gcp,europe-west1,2048,MB,europe-west1,gcp,upload,/function/p2mass-atlas-001021s-k0570221.fits,4.14432,974036728.5
1925,2,gcp,europe-west1,2048,MB,europe-west1,gcp,upload,/function/p2mass-atlas-001021s-k0570221_area.fits,4.14432,222299747.5
1926,2,gcp,europe-west1,2048,MB,europe-west1,gcp,upload,/function/p2mass-atlas-001021s-k0570233.fits,4.13568,1047296591.0
1927,2,gcp,europe-west1,2048,MB,europe-west1,gcp,upload,/function/p2mass-atlas-001021s-k0570233_area.fits,4.13568,206411933.0
1928,2,gcp,europe-west1,2048,MB,europe-west1,gcp,upload,/function/p2mass-atlas-001021s-k0570245.fits,4.14432,1065239299.5
1929,2,gcp,europe-west1,2048,MB,europe-west1,gcp,upload,/function/p2mass-atlas-001021s-k0570245_area.fits,4.14432,218459937.5
1930,2,gcp,europe-west1,2048,MB,europe-west1,gcp,upload,/function/p2mass-atlas-980914s-k0800033.fits,4.14432,955741766.0
1931,2,gcp,europe-west1,2048,MB,europe-west1,gcp,upload,/function/p2mass-atlas-980914s-k0800033_area.fits,4.14432,179551112.5
1932,2,gcp,europe-west1,2048,MB,europe-west1,gcp,upload,/function/p2mass-atlas-980914s-k0800044.fits,4.14432,940617047.0
1933,2,gcp,europe-west1,2048,MB,europe-west1,gcp,upload,/function/p2mass-atlas-980914s-k0800044_area.fits,4.14432,185612381.5
1934,2,gcp,europe-west1,2048,MB,europe-west1,gcp,upload,/function/p2mass-atlas-980914s-k0800056.fits,4.14432,1006168126.0
1935,2,gcp,europe-west1,2048,MB,europe-west1,gcp,upload,/function/p2mass-atlas-980914s-k0800056_area.fits,4.14432,189598684.5
1936,2,gcp,europe-west1,2048,MB,europe-west1,gcp,upload,/function/p2mass-atlas-980914s-k0810221.fits,4.14432,1055569071.0
1937,2,gcp,europe-west1,2048,MB,europe-west1,gcp,upload,/function/p2mass-atlas-980914s-k0810221_area.fits,4.14432,171300938.0
1938,2,gcp,europe-west1,2048,MB,europe-west1,gcp,upload,/function/p2mass-atlas-980914s-k0810233.fits,4.14432,941680415.5
1939,2,gcp,europe-west1,2048,MB,europe-west1,gcp,upload,/function/p2mass-atlas-980914s-k0810233_area.fits,4.14432,183579605.5
1940,2,gcp,europe-west1,2048,MB,europe-west1,gcp,upload,/function/p2mass-atlas-980914s-k0810245.fits,4.14432,917329842.0
1941,2,gcp,europe-west1,2048,MB,europe-west1,gcp,upload,/function/p2mass-atlas-980914s-k0810245_area.fits,4.14432,193917906.5
1942,2,gcp,europe-west1,2048,MB,europe-west1,gcp,upload,/function/p2mass-atlas-980914s-k0820033.fits,4.14432,1076736396.5
1943,2,gcp,europe-west1,2048,MB,europe-west1,gcp,upload,/function/p2mass-atlas-980914s-k0820033_area.fits,4.14432,152219051.0
1944,2,gcp,europe-west1,2048,MB,europe-west1,gcp,upload,/function/p2mass-atlas-980914s-k0820044.fits,4.14432,1064013108.5
1945,2,gcp,europe-west1,2048,MB,europe-west1,gcp,upload,/function/p2mass-atlas-980914s-k0820044_area.fits,4.14432,164586455.0
1946,2,gcp,europe-west1,2048,MB,europe-west1,gcp,upload,/function/p2mass-atlas-980914s-k0820056.fits,4.13568,1068131788.5
1947,2,gcp,europe-west1,2048,MB,europe-west1,gcp,upload,/function/p2mass-atlas-980914s-k0820056_area.fits,4.13568,167350090.5
1948,2,gcp,europe-west1,2048,MB,europe-west1,gcp,upload,/function/p2mass-atlas-980914s-k0830221.fits,4.14432,900772134.0
1949,2,gcp,europe-west1,2048,MB,europe-west1,gcp,upload,/function/p2mass-atlas-980914s-k0830221_area.fits,4.14432,145410590.0
1950,2,gcp,europe-west1,2048,MB,europe-west1,gcp,upload,/function/p2mass-atlas-980914s-k0830233.fits,4.14432,905385634.5
1951,2,gcp,europe-west1,2048,MB,europe-west1,gcp,upload,/function/p2mass-atlas-980914s-k0830233_area.fits,4.14432,153332908.5
1952,2,gcp,europe-west1,2048,MB,europe-west1,gcp,upload,/function/p2mass-atlas-980914s-k0830245.fits,4.14432,927660896.5
1953,2,gcp,europe-west1,2048,MB,europe-west1,gcp,upload,/function/p2mass-atlas-980914s-k0830245_area.fits,4.14432,163997527.0
1954,2,gcp,europe-west1,2048,MB,europe-west1,gcp,upload,/function/p2mass-atlas-980914s-k0840033.fits,4.14432,942241701.5
1955,2,gcp,europe-west1,2048,MB,europe-west1,gcp,upload,/function/p2mass-atlas-980914s-k0840033_area.fits,4.14432,179434316.5
1956,2,gcp,europe-west1,2048,MB,europe-west1,gcp,upload,/function/p2mass-atlas-980914s-k0840044.fits,4.14432,852855813.5
1957,2,gcp,europe-west1,2048,MB,europe-west1,gcp,upload,/function/p2mass-atlas-980914s-k0840044_area.fits,4.14432,206197034.0
1958,2,gcp,europe-west1,2048,MB,europe-west1,gcp,upload,/function/p2mass-atlas-980914s-k0840056.fits,4.14432,830224707.0
1959,2,gcp,europe-west1,2048,MB,europe-west1,gcp,upload,/function/p2mass-atlas-980914s-k0840056_area.fits,4.14432,192753499.5
1960,3,gcp,europe-west1,2048,MB,europe-west1,gcp,download,/function/input.imglist,0.001123,49886371.5
1961,3,gcp,europe-west1,2048,MB,europe-west1,gcp,download,/function/input/2mass-atlas-001020s-k0860033.fits,1.430932,73788416.5
1962,3,gcp,europe-west1,2048,MB,europe-west1,gcp,download,/function/input/2mass-atlas-001020s-k0860044.fits,1.431122,70252664.0
1963,3,gcp,europe-west1,2048,MB,europe-west1,gcp,download,/function/input/2mass-atlas-001020s-k0860056.fits,1.431548,60694474.5
1964,3,gcp,europe-west1,2048,MB,europe-west1,gcp,download,/function/input/2mass-atlas-001020s-k0870221.fits,1.415237,70255728.5
1965,3,gcp,europe-west1,2048,MB,europe-west1,gcp,download,/function/input/2mass-atlas-001020s-k0870233.fits,1.417782,97382890.5
1966,3,gcp,europe-west1,2048,MB,europe-west1,gcp,download,/function/input/2mass-atlas-001020s-k0870245.fits,1.428497,67663391.0
1967,3,gcp,europe-west1,2048,MB,europe-west1,gcp,download,/function/input/2mass-atlas-001021s-k0490221.fits,1.474539,68037952.0
1968,3,gcp,europe-west1,2048,MB,europe-west1,gcp,download,/function/input/2mass-atlas-001021s-k0490233.fits,1.473388,66749395.5
1969,3,gcp,europe-west1,2048,MB,europe-west1,gcp,download,/function/input/2mass-atlas-001021s-k0490245.fits,1.475153,69477551.5
1970,3,gcp,europe-west1,2048,MB,europe-west1,gcp,download,/function/input/2mass-atlas-001021s-k0560033.fits,1.475337,69695966.5
1971,3,gcp,europe-west1,2048,MB,europe-west1,gcp,download,/function/input/2mass-atlas-001021s-k0560044.fits,1.475774,70359281.5
1972,3,gcp,europe-west1,2048,MB,europe-west1,gcp,download,/function/input/2mass-atlas-001021s-k0560056.fits,1.477972,67257271.5
1973,3,gcp,europe-west1,2048,MB,europe-west1,gcp,download,/function/input/2mass-atlas-001021s-k0570221.fits,1.474794,70988833.0
1974,3,gcp,europe-west1,2048,MB,europe-west1,gcp,download,/function/input/2mass-atlas-001021s-k0570233.fits,1.472843,76472769.5
1975,3,gcp,europe-west1,2048,MB,europe-west1,gcp,download,/function/input/2mass-atlas-001021s-k0570245.fits,1.474299,72587578.0
1976,3,gcp,europe-west1,2048,MB,europe-west1,gcp,download,/function/input/2mass-atlas-980914s-k0800033.fits,1.466856,61302219.5
1977,3,gcp,europe-west1,2048,MB,europe-west1,gcp,download,/function/input/2mass-atlas-980914s-k0800044.fits,1.46705,70180978.0
1978,3,gcp,europe-west1,2048,MB,europe-west1,gcp,download,/function/input/2mass-atlas-980914s-k0800056.fits,1.467462,76918759.5
1979,3,gcp,europe-west1,2048,MB,europe-west1,gcp,download,/function/input/2mass-atlas-980914s-k0810221.fits,1.467205,70353340.5
1980,3,gcp,europe-west1,2048,MB,europe-west1,gcp,download,/function/input/2mass-atlas-980914s-k0810233.fits,1.468091,71688558.0
1981,3,gcp,europe-west1,2048,MB,europe-west1,gcp,download,/function/input/2mass-atlas-980914s-k0810245.fits,1.468524,68410105.0
1982,3,gcp,europe-west1,2048,MB,europe-west1,gcp,download,/function/input/2mass-atlas-980914s-k0820033.fits,1.468069,76889309.0
1983,3,gcp,europe-west1,2048,MB,europe-west1,gcp,download,/function/input/2mass-atlas-980914s-k0820044.fits,1.465354,74896717.5
1984,3,gcp,europe-west1,2048,MB,europe-west1,gcp,download,/function/input/2mass-atlas-980914s-k0820056.fits,1.467195,74100854.5
1985,3,gcp,europe-west1,2048,MB,europe-west1,gcp,download,/function/input/2mass-atlas-980914s-k0830221.fits,1.471563,72178480.0
1986,3,gcp,europe-west1,2048,MB,europe-west1,gcp,download,/function/input/2mass-atlas-980914s-k0830233.fits,1.468954,71023260.0
1987,3,gcp,europe-west1,2048,MB,europe-west1,gcp,download,/function/input/2mass-atlas-980914s-k0830245.fits,1.46679,63694125.0
1988,3,gcp,europe-west1,2048,MB,europe-west1,gcp,download,/function/input/2mass-atlas-980914s-k0840033.fits,1.467584,67084003.5
1989,3,gcp,europe-west1,2048,MB,europe-west1,gcp,download,/function/input/2mass-atlas-980914s-k0840044.fits,1.466204,68233790.5
1990,3,gcp,europe-west1,2048,MB,europe-west1,gcp,download,/function/input/2mass-atlas-980914s-k0840056.fits,1.46731,63929059.5
1991,3,gcp,europe-west1,2048,MB,europe-west1,gcp,download,/function/mImgtbl,5.496352,120292567.0
1992,3,gcp,europe-west1,2048,MB,europe-west1,gcp,upload,/function/images.tbl,0.01394,53622229.0
1993,4,gcp,europe-west1,2048,MB,europe-west1,gcp,download,/function/images.tbl,0.01394,73034136.5
1994,4,gcp,europe-west1,2048,MB,europe-west1,gcp,download,/function/mDAGTbls,5.47904,117863935.0
1995,4,gcp,europe-west1,2048,MB,europe-west1,gcp,download,/function/region.hdr,0.000277,48283415.0
1996,4,gcp,europe-west1,2048,MB,europe-west1,gcp,upload,/function/cimages.tbl,0.00511,60500331.5
1997,4,gcp,europe-west1,2048,MB,europe-west1,gcp,upload,/function/pimages.tbl,0.00511,54296254.5
1998,4,gcp,europe-west1,2048,MB,europe-west1,gcp,upload,/function/rimages.tbl,0.00508,57441494.0
1999,5,gcp,europe-west1,2048,MB,europe-west1,gcp,download,/function/mOverlaps,0.504048,69436356.0
2000,5,gcp,europe-west1,2048,MB,europe-west1,gcp,download,/function/pimages.tbl,0.00511,70337878.5
2001,5,gcp,europe-west1,2048,MB,europe-west1,gcp,upload,/function/diffs.tbl,0.016167,61591082.0
2002,6,gcp,europe-west1,2048,MB,europe-west1,gcp,download,/function/diffs.tbl,0.016167,84593711.5
2003,7,gcp,europe-west1,2048,MB,europe-west1,gcp,download,/function/mDiff,5.373008,115410671.0
2004,7,gcp,europe-west1,2048,MB,europe-west1,gcp,download,/function/mFitplane,5.372232,116487931.0
2005,7,gcp,europe-west1,2048,MB,europe-west1,gcp,download,/function/p2mass-atlas-001020s-k0860033.fits,4.14432,129655821.0
2006,7,gcp,europe-west1,2048,MB,europe-west1,gcp,download,/function/p2mass-atlas-001020s-k0860033_area.fits,4.14432,115403559.0
2007,7,gcp,europe-west1,2048,MB,europe-west1,gcp,download,/function/p2mass-atlas-001020s-k0860044.fits,4.14432,119447826.5
2008,7,gcp,europe-west1,2048,MB,europe-west1,gcp,download,/function/p2mass-atlas-001020s-k0860044_area.fits,4.14432,109087476.0
2009,7,gcp,europe-west1,2048,MB,europe-west1,gcp,download,/function/p2mass-atlas-001020s-k0860056.fits,4.14432,124426526.5
2010,7,gcp,europe-west1,2048,MB,europe-west1,gcp,download,/function/p2mass-atlas-001020s-k0860056_area.fits,4.14432,109055536.0
2011,7,gcp,europe-west1,2048,MB,europe-west1,gcp,download,/function/p2mass-atlas-001020s-k0870221.fits,4.13568,108811137.0
2012,7,gcp,europe-west1,2048,MB,europe-west1,gcp,download,/function/p2mass-atlas-001020s-k0870221_area.fits,4.13568,104714735.5
2013,7,gcp,europe-west1,2048,MB,europe-west1,gcp,download,/function/p2mass-atlas-001020s-k0870233.fits,4.13568,114628148.5
2014,7,gcp,europe-west1,2048,MB,europe-west1,gcp,download,/function/p2mass-atlas-001020s-k0870233_area.fits,4.13568,104489954.0
2015,7,gcp,europe-west1,2048,MB,europe-west1,gcp,download,/function/p2mass-atlas-001020s-k0870245.fits,4.13568,124227078.5
2016,7,gcp,europe-west1,2048,MB,europe-west1,gcp,download,/function/p2mass-atlas-001020s-k0870245_area.fits,4.13568,107624474.5
2017,7,gcp,europe-west1,2048,MB,europe-west1,gcp,download,/function/p2mass-atlas-001021s-k0490221.fits,4.13568,110992340.0
2018,7,gcp,europe-west1,2048,MB,europe-west1,gcp,download,/function/p2mass-atlas-001021s-k0490221_area.fits,4.13568,105434366.5
2019,7,gcp,europe-west1,2048,MB,europe-west1,gcp,download,/function/p2mass-atlas-001021s-k0490233.fits,4.13568,107857082.0
2020,7,gcp,europe-west1,2048,MB,europe-west1,gcp,download,/function/p2mass-atlas-001021s-k0490233_area.fits,4.13568,99619846.0
2021,7,gcp,europe-west1,2048,MB,europe-west1,gcp,download,/function/p2mass-atlas-001021s-k0490245.fits,4.14432,110180507.5
2022,7,gcp,europe-west1,2048,MB,europe-west1,gcp,download,/function/p2mass-atlas-001021s-k0490245_area.fits,4.14432,106245206.5
2023,7,gcp,europe-west1,2048,MB,europe-west1,gcp,download,/function/p2mass-atlas-001021s-k0560033.fits,4.15296,123155521.0
2024,7,gcp,europe-west1,2048,MB,europe-west1,gcp,download,/function/p2mass-atlas-001021s-k0560033_area.fits,4.15296,114751145.0
2025,7,gcp,europe-west1,2048,MB,europe-west1,gcp,download,/function/p2mass-atlas-001021s-k0560044.fits,4.14432,108677239.5
2026,7,gcp,europe-west1,2048,MB,europe-west1,gcp,download,/function/p2mass-atlas-001021s-k0560044_area.fits,4.14432,107023745.0
2027,7,gcp,europe-west1,2048,MB,europe-west1,gcp,download,/function/p2mass-atlas-001021s-k0560056.fits,4.13568,119577322.5
2028,7,gcp,europe-west1,2048,MB,europe-west1,gcp,download,/function/p2mass-atlas-001021s-k0560056_area.fits,4.13568,100766207.5
2029,7,gcp,europe-west1,2048,MB,europe-west1,gcp,download,/function/p2mass-atlas-001021s-k0570221.fits,4.14432,110578831.0
2030,7,gcp,europe-west1,2048,MB,europe-west1,gcp,download,/function/p2mass-atlas-001021s-k0570221_area.fits,4.14432,100174280.0
2031,7,gcp,europe-west1,2048,MB,europe-west1,gcp,download,/function/p2mass-atlas-001021s-k0570233.fits,4.13568,107428245.0
2032,7,gcp,europe-west1,2048,MB,europe-west1,gcp,download,/function/p2mass-atlas-001021s-k0570233_area.fits,4.13568,99304238.0
2033,7,gcp,europe-west1,2048,MB,europe-west1,gcp,download,/function/p2mass-atlas-001021s-k0570245.fits,4.14432,140343009.5
2034,7,gcp,europe-west1,2048,MB,europe-west1,gcp,download,/function/p2mass-atlas-001021s-k0570245_area.fits,4.14432,114257553.0
2035,7,gcp,europe-west1,2048,MB,europe-west1,gcp,download,/function/p2mass-atlas-980914s-k0800033.fits,4.14432,115296584.0
2036,7,gcp,europe-west1,2048,MB,europe-west1,gcp,download,/function/p2mass-atlas-980914s-k0800033_area.fits,4.14432,101616071.0
2037,7,gcp,europe-west1,2048,MB,europe-west1,gcp,download,/function/p2mass-atlas-980914s-k0800044.fits,4.14432,123539085.0
2038,7,gcp,europe-west1,2048,MB,europe-west1,gcp,download,/function/p2mass-atlas-980914s-k0800044_area.fits,4.14432,105025192.5
2039,7,gcp,europe-west1,2048,MB,europe-west1,gcp,download,/function/p2mass-atlas-980914s-k0800056.fits,4.14432,114396865.0
2040,7,gcp,europe-west1,2048,MB,europe-west1,gcp,download,/function/p2mass-atlas-980914s-k0800056_area.fits,4.14432,103799967.0
2041,7,gcp,europe-west1,2048,MB,europe-west1,gcp,download,/function/p2mass-atlas-980914s-k0810221.fits,4.14432,109205147.0
2042,7,gcp,europe-west1,2048,MB,europe-west1,gcp,download,/function/p2mass-atlas-980914s-k0810221_area.fits,4.14432,98408735.5
2043,7,gcp,europe-west1,2048,MB,europe-west1,gcp,download,/function/p2mass-atlas-980914s-k0810233.fits,4.14432,109723361.0
2044,7,gcp,europe-west1,2048,MB,europe-west1,gcp,download,/function/p2mass-atlas-980914s-k0810233_area.fits,4.14432,101918899.0
2045,7,gcp,europe-west1,2048,MB,europe-west1,gcp,download,/function/p2mass-atlas-980914s-k0810245.fits,4.14432,113936518.0
2046,7,gcp,europe-west1,2048,MB,europe-west1,gcp,download,/function/p2mass-atlas-980914s-k0810245_area.fits,4.14432,101839353.0
2047,7,gcp,europe-west1,2048,MB,europe-west1,gcp,download,/function/p2mass-atlas-980914s-k0820033.fits,4.14432,125918684.0
2048,7,gcp,europe-west1,2048,MB,europe-west1,gcp,download,/function/p2mass-atlas-980914s-k0820033_area.fits,4.14432,105147379.0
2049,7,gcp,europe-west1,2048,MB,europe-west1,gcp,download,/function/p2mass-atlas-980914s-k0820044.fits,4.14432,113569806.0
2050,7,gcp,europe-west1,2048,MB,europe-west1,gcp,download,/function/p2mass-atlas-980914s-k0820044_area.fits,4.14432,95987968.5
2051,7,gcp,europe-west1,2048,MB,europe-west1,gcp,download,/function/p2mass-atlas-980914s-k0820056.fits,4.13568,108008544.5
2052,7,gcp,europe-west1,2048,MB,europe-west1,gcp,download,/function/p2mass-atlas-980914s-k0820056_area.fits,4.13568,103893651.5
2053,7,gcp,europe-west1,2048,MB,europe-west1,gcp,download,/function/p2mass-atlas-980914s-k0830221.fits,4.14432,108809991.0
2054,7,gcp,europe-west1,2048,MB,europe-west1,gcp,download,/function/p2mass-atlas-980914s-k0830221_area.fits,4.14432,97840236.0
2055,7,gcp,europe-west1,2048,MB,europe-west1,gcp,download,/function/p2mass-atlas-980914s-k0830233.fits,4.14432,116144928.5
2056,7,gcp,europe-west1,2048,MB,europe-west1,gcp,download,/function/p2mass-atlas-980914s-k0830233_area.fits,4.14432,97154484.5
2057,7,gcp,europe-west1,2048,MB,europe-west1,gcp,download,/function/p2mass-atlas-980914s-k0830245.fits,4.14432,141953896.5
2058,7,gcp,europe-west1,2048,MB,europe-west1,gcp,download,/function/p2mass-atlas-980914s-k0830245_area.fits,4.14432,110761580.0
2059,7,gcp,europe-west1,2048,MB,europe-west1,gcp,download,/function/p2mass-atlas-980914s-k0840033.fits,4.14432,136733610.5
2060,7,gcp,europe-west1,2048,MB,europe-west1,gcp,download,/function/p2mass-atlas-980914s-k0840033_area.fits,4.14432,150003508.0
2061,7,gcp,europe-west1,2048,MB,europe-west1,gcp,download,/function/p2mass-atlas-980914s-k0840044.fits,4.14432,118184305.0
2062,7,gcp,europe-west1,2048,MB,europe-west1,gcp,download,/function/p2mass-atlas-980914s-k0840044_area.fits,4.14432,112186236.0
2063,7,gcp,europe-west1,2048,MB,europe-west1,gcp,download,/function/p2mass-atlas-980914s-k0840056.fits,4.14432,119084222.5
2064,7,gcp,europe-west1,2048,MB,europe-west1,gcp,download,/function/p2mass-atlas-980914s-k0840056_area.fits,4.14432,105321108.0
2065,7,gcp,europe-west1,2048,MB,europe-west1,gcp,download,/function/region.hdr,0.000277,41177091.5
2066,7,gcp,europe-west1,2048,MB,europe-west1,gcp,upload,/function/diff.000001.000007.fits,1.02528,210565794.5
2067,7,gcp,europe-west1,2048,MB,europe-west1,gcp,upload,/function/diff.000001.000007_area.fits,1.02528,72583173.0
2068,7,gcp,europe-west1,2048,MB,europe-west1,gcp,upload,/function/diff.000001.000011.fits,3.31776,582238776.0
2069,7,gcp,europe-west1,2048,MB,europe-west1,gcp,upload,/function/diff.000001.000011_area.fits,3.31776,159524692.0
2070,7,gcp,europe-west1,2048,MB,europe-west1,gcp,upload,/function/diff.000001.000012.fits,0.22176,98510028.0
2071,7,gcp,europe-west1,2048,MB,europe-west1,gcp,upload,/function/diff.000001.000012_area.fits,0.22176,66503973.0
2072,7,gcp,europe-west1,2048,MB,europe-west1,gcp,upload,/function/diff.000001.000020.fits,0.14112,71121814.5
2073,7,gcp,europe-west1,2048,MB,europe-west1,gcp,upload,/function/diff.000001.000020_area.fits,0.14112,55000777.5
2074,7,gcp,europe-west1,2048,MB,europe-west1,gcp,upload,/function/diff.000001.000025.fits,0.03744,55446508.5
2075,7,gcp,europe-west1,2048,MB,europe-west1,gcp,upload,/function/diff.000001.000025_area.fits,0.03744,53255692.0
2076,7,gcp,europe-west1,2048,MB,europe-west1,gcp,upload,/function/diff.000001.000026.fits,0.59328,192859169.5
2077,7,gcp,europe-west1,2048,MB,europe-west1,gcp,upload,/function/diff.000001.000026_area.fits,0.59328,65858773.0
2078,7,gcp,europe-west1,2048,MB,europe-west1,gcp,upload,/function/diff.000001.000028.fits,0.4464,97278282.5
2079,7,gcp,europe-west1,2048,MB,europe-west1,gcp,upload,/function/diff.000001.000028_area.fits,0.4464,70819477.0
2080,7,gcp,europe-west1,2048,MB,europe-west1,gcp,upload,/function/diff.000002.000006.fits,0.4464,94738969.0
2081,7,gcp,europe-west1,2048,MB,europe-west1,gcp,upload,/function/diff.000002.000006_area.fits,0.4464,62788027.0
2082,7,gcp,europe-west1,2048,MB,europe-west1,gcp,upload,/function/diff.000002.000009.fits,3.33792,583716795.0
2083,7,gcp,europe-west1,2048,MB,europe-west1,gcp,upload,/function/diff.000002.000009_area.fits,3.33792,133883412.0
2084,7,gcp,europe-west1,2048,MB,europe-west1,gcp,upload,/function/diff.000002.000015.fits,0.22464,98993740.5
2085,7,gcp,europe-west1,2048,MB,europe-west1,gcp,upload,/function/diff.000002.000015_area.fits,0.22464,55385890.0
2086,7,gcp,europe-west1,2048,MB,europe-west1,gcp,upload,/function/diff.000002.000016.fits,0.14112,63728711.5
2087,7,gcp,europe-west1,2048,MB,europe-west1,gcp,upload,/function/diff.000002.000016_area.fits,0.14112,56080891.0
2088,7,gcp,europe-west1,2048,MB,europe-west1,gcp,upload,/function/diff.000002.000019.fits,0.12672,63740377.0
2089,7,gcp,europe-west1,2048,MB,europe-west1,gcp,upload,/function/diff.000002.000019_area.fits,0.12672,55750755.5
2090,7,gcp,europe-west1,2048,MB,europe-west1,gcp,upload,/function/diff.000002.000020.fits,0.14688,64950986.0
2091,7,gcp,europe-west1,2048,MB,europe-west1,gcp,upload,/function/diff.000002.000020_area.fits,0.14688,55632118.5
2092,7,gcp,europe-west1,2048,MB,europe-west1,gcp,upload,/function/diff.000002.000023.fits,0.40032,102327479.0
2093,7,gcp,europe-west1,2048,MB,europe-west1,gcp,upload,/function/diff.000002.000023_area.fits,0.40032,55630762.0
2094,7,gcp,europe-west1,2048,MB,europe-west1,gcp,upload,/function/diff.000002.000025.fits,0.03168,53292500.5
2095,7,gcp,europe-west1,2048,MB,europe-west1,gcp,upload,/function/diff.000002.000025_area.fits,0.03168,49583676.0
2096,7,gcp,europe-west1,2048,MB,europe-west1,gcp,upload,/function/diff.000002.000026.fits,0.52704,134812861.5
2097,7,gcp,europe-west1,2048,MB,europe-west1,gcp,upload,/function/diff.000002.000026_area.fits,0.52704,59226229.5
2098,7,gcp,europe-west1,2048,MB,europe-west1,gcp,upload,/function/diff.000002.000027.fits,1.01952,174448739.0
2099,7,gcp,europe-west1,2048,MB,europe-west1,gcp,upload,/function/diff.000002.000027_area.fits,1.01952,68539536.5
2100,7,gcp,europe-west1,2048,MB,europe-west1,gcp,upload,/function/diff.000002.000028.fits,0.46656,83321724.0
2101,7,gcp,europe-west1,2048,MB,europe-west1,gcp,upload,/function/diff.000002.000028_area.fits,0.46656,62623688.5
2102,7,gcp,europe-west1,2048,MB,europe-west1,gcp,upload,/function/diff.000003.000005.fits,4.06368,844285131.5
2103,7,gcp,europe-west1,2048,MB,europe-west1,gcp,upload,/function/diff.000003.000005_area.fits,4.06368,157140053.5
2104,7,gcp,europe-west1,2048,MB,europe-west1,gcp,upload,/function/diff.000003.000006.fits,0.42912,119500724.0
2105,7,gcp,europe-west1,2048,MB,europe-west1,gcp,upload,/function/diff.000003.000006_area.fits,0.42912,60161910.5
2106,7,gcp,europe-west1,2048,MB,europe-west1,gcp,upload,/function/diff.000003.000016.fits,0.13248,73020413.0
2107,7,gcp,europe-west1,2048,MB,europe-west1,gcp,upload,/function/diff.000003.000016_area.fits,0.13248,61792224.0
2108,7,gcp,europe-west1,2048,MB,europe-west1,gcp,upload,/function/diff.000003.000019.fits,0.14688,61882392.0
2109,7,gcp,europe-west1,2048,MB,europe-west1,gcp,upload,/function/diff.000003.000019_area.fits,0.14688,65923328.0
2110,7,gcp,europe-west1,2048,MB,europe-west1,gcp,upload,/function/diff.000003.000023.fits,0.46656,92245377.5
2111,7,gcp,europe-west1,2048,MB,europe-west1,gcp,upload,/function/diff.000003.000023_area.fits,0.46656,65847497.0
2112,7,gcp,europe-west1,2048,MB,europe-west1,gcp,upload,/function/diff.000003.000024.fits,0.22464,95213396.5
2113,7,gcp,europe-west1,2048,MB,europe-west1,gcp,upload,/function/diff.000003.000024_area.fits,0.22464,60047258.5
2114,7,gcp,europe-west1,2048,MB,europe-west1,gcp,upload,/function/diff.000003.000029.fits,0.20736,69046971.0
2115,7,gcp,europe-west1,2048,MB,europe-west1,gcp,upload,/function/diff.000003.000029_area.fits,0.20736,50059321.5
2116,7,gcp,europe-west1,2048,MB,europe-west1,gcp,upload,/function/diff.000004.000008.fits,0.576,117524138.5
2117,7,gcp,europe-west1,2048,MB,europe-west1,gcp,upload,/function/diff.000004.000008_area.fits,0.576,65832669.0
2118,7,gcp,europe-west1,2048,MB,europe-west1,gcp,upload,/function/diff.000004.000010.fits,0.55296,126858368.0
2119,7,gcp,europe-west1,2048,MB,europe-west1,gcp,upload,/function/diff.000004.000010_area.fits,0.55296,68783396.5
2120,7,gcp,europe-west1,2048,MB,europe-west1,gcp,upload,/function/diff.000004.000014.fits,0.42912,85629922.5
2121,7,gcp,europe-west1,2048,MB,europe-west1,gcp,upload,/function/diff.000004.000014_area.fits,0.42912,64048401.5
2122,7,gcp,europe-west1,2048,MB,europe-west1,gcp,upload,/function/diff.000004.000015.fits,1.01952,193956288.5
2123,7,gcp,europe-west1,2048,MB,europe-west1,gcp,upload,/function/diff.000004.000015_area.fits,1.01952,75460222.5
2124,7,gcp,europe-west1,2048,MB,europe-west1,gcp,upload,/function/diff.000004.000016.fits,0.03168,54269953.0
2125,7,gcp,europe-west1,2048,MB,europe-west1,gcp,upload,/function/diff.000004.000016_area.fits,0.03168,50380382.5
2126,7,gcp,europe-west1,2048,MB,europe-west1,gcp,upload,/function/diff.000004.000017.fits,3.33216,537934520.5
2127,7,gcp,europe-west1,2048,MB,europe-west1,gcp,upload,/function/diff.000004.000017_area.fits,3.33216,136576260.0
2128,7,gcp,europe-west1,2048,MB,europe-west1,gcp,upload,/function/diff.000004.000019.fits,0.0288,53624793.5
2129,7,gcp,europe-west1,2048,MB,europe-west1,gcp,upload,/function/diff.000004.000019_area.fits,0.0288,55307153.5
2130,7,gcp,europe-west1,2048,MB,europe-west1,gcp,upload,/function/diff.000004.000020.fits,0.03456,55857757.5
2131,7,gcp,europe-west1,2048,MB,europe-west1,gcp,upload,/function/diff.000004.000020_area.fits,0.03456,51439958.5
2132,7,gcp,europe-west1,2048,MB,europe-west1,gcp,upload,/function/diff.000004.000021.fits,0.49248,112540741.5
2133,7,gcp,europe-west1,2048,MB,europe-west1,gcp,upload,/function/diff.000004.000021_area.fits,0.49248,61191120.5
2134,7,gcp,europe-west1,2048,MB,europe-west1,gcp,upload,/function/diff.000004.000025.fits,0.13248,58677595.0
2135,7,gcp,europe-west1,2048,MB,europe-west1,gcp,upload,/function/diff.000004.000025_area.fits,0.13248,48419665.0
2136,7,gcp,europe-west1,2048,MB,europe-west1,gcp,upload,/function/diff.000004.000027.fits,0.22176,87146710.0
2137,7,gcp,europe-west1,2048,MB,europe-west1,gcp,upload,/function/diff.000004.000027_area.fits,0.22176,57491345.0
2138,7,gcp,europe-west1,2048,MB,europe-west1,gcp,upload,/function/diff.000005.000006.fits,0.47232,97145629.5
2139,7,gcp,europe-west1,2048,MB,europe-west1,gcp,upload,/function/diff.000005.000006_area.fits,0.47232,59115623.0
2140,7,gcp,europe-west1,2048,MB,europe-west1,gcp,upload,/function/diff.000005.000016.fits,0.14976,66105274.0
2141,7,gcp,europe-west1,2048,MB,europe-west1,gcp,upload,/function/diff.000005.000016_area.fits,0.14976,53340458.5
2142,7,gcp,europe-west1,2048,MB,europe-west1,gcp,upload,/function/diff.000005.000019.fits,0.16128,74164855.5
2143,7,gcp,europe-west1,2048,MB,europe-west1,gcp,upload,/function/diff.000005.000019_area.fits,0.16128,56487749.5
2144,7,gcp,europe-west1,2048,MB,europe-west1,gcp,upload,/function/diff.000005.000023.fits,0.50976,114323409.0
2145,7,gcp,europe-west1,2048,MB,europe-west1,gcp,upload,/function/diff.000005.000023_area.fits,0.50976,69104063.5
2146,7,gcp,europe-west1,2048,MB,europe-west1,gcp,upload,/function/diff.000005.000024.fits,0.23616,79110027.5
2147,7,gcp,europe-west1,2048,MB,europe-west1,gcp,upload,/function/diff.000005.000024_area.fits,0.23616,55100122.5
2148,7,gcp,europe-west1,2048,MB,europe-west1,gcp,upload,/function/diff.000005.000029.fits,0.22176,67887305.5
2149,7,gcp,europe-west1,2048,MB,europe-west1,gcp,upload,/function/diff.000005.000029_area.fits,0.22176,55635496.0
2150,7,gcp,europe-west1,2048,MB,europe-west1,gcp,upload,/function/diff.000006.000009.fits,0.54432,116750013.0
2151,7,gcp,europe-west1,2048,MB,europe-west1,gcp,upload,/function/diff.000006.000009_area.fits,0.54432,59545507.5
2152,7,gcp,europe-west1,2048,MB,europe-west1,gcp,upload,/function/diff.000006.000016.fits,0.22176,85831556.0
2153,7,gcp,europe-west1,2048,MB,europe-west1,gcp,upload,/function/diff.000006.000016_area.fits,0.22176,51613440.0
2154,7,gcp,europe-west1,2048,MB,europe-west1,gcp,upload,/function/diff.000006.000019.fits,0.22752,74570521.5
2155,7,gcp,europe-west1,2048,MB,europe-west1,gcp,upload,/function/diff.000006.000019_area.fits,0.22752,52934879.0
2156,7,gcp,europe-west1,2048,MB,europe-west1,gcp,upload,/function/diff.000006.000023.fits,4.06656,856939420.0
2157,7,gcp,europe-west1,2048,MB,europe-west1,gcp,upload,/function/diff.000006.000023_area.fits,4.06656,163552617.0
2158,7,gcp,europe-west1,2048,MB,europe-west1,gcp,upload,/function/diff.000006.000027.fits,0.03168,54733242.0
2159,7,gcp,europe-west1,2048,MB,europe-west1,gcp,upload,/function/diff.000006.000027_area.fits,0.03168,47329486.0
2160,7,gcp,europe-west1,2048,MB,europe-west1,gcp,upload,/function/diff.000007.000008.fits,0.03168,56128106.0
2161,7,gcp,europe-west1,2048,MB,europe-west1,gcp,upload,/function/diff.000007.000008_area.fits,0.03168,57525759.0
2162,7,gcp,europe-west1,2048,MB,europe-west1,gcp,upload,/function/diff.000007.000011.fits,0.22464,87524740.0
2163,7,gcp,europe-west1,2048,MB,europe-west1,gcp,upload,/function/diff.000007.000011_area.fits,0.22464,52371263.0
2164,7,gcp,europe-west1,2048,MB,europe-west1,gcp,upload,/function/diff.000007.000012.fits,3.31776,490248978.0
2165,7,gcp,europe-west1,2048,MB,europe-west1,gcp,upload,/function/diff.000007.000012_area.fits,3.31776,141604462.5
2166,7,gcp,europe-west1,2048,MB,europe-west1,gcp,upload,/function/diff.000007.000013.fits,0.22464,86093974.5
2167,7,gcp,europe-west1,2048,MB,europe-west1,gcp,upload,/function/diff.000007.000013_area.fits,0.22464,54486444.0
2168,7,gcp,europe-west1,2048,MB,europe-west1,gcp,upload,/function/diff.000007.000020.fits,0.53568,121768934.0
2169,7,gcp,europe-west1,2048,MB,europe-west1,gcp,upload,/function/diff.000007.000020_area.fits,0.53568,58724757.0
2170,7,gcp,europe-west1,2048,MB,europe-west1,gcp,upload,/function/diff.000007.000025.fits,0.46656,89818670.5
2171,7,gcp,europe-west1,2048,MB,europe-west1,gcp,upload,/function/diff.000007.000025_area.fits,0.46656,63461715.0
2172,7,gcp,europe-west1,2048,MB,europe-west1,gcp,upload,/function/diff.000007.000026.fits,0.144,74134722.5
2173,7,gcp,europe-west1,2048,MB,europe-west1,gcp,upload,/function/diff.000007.000026_area.fits,0.144,56949213.0
2174,7,gcp,europe-west1,2048,MB,europe-west1,gcp,upload,/function/diff.000007.000028.fits,0.03168,56820521.5
2175,7,gcp,europe-west1,2048,MB,europe-west1,gcp,upload,/function/diff.000007.000028_area.fits,0.03168,51999913.0
2176,7,gcp,europe-west1,2048,MB,europe-west1,gcp,upload,/function/diff.000008.000012.fits,0.14112,60385687.0
2177,7,gcp,europe-west1,2048,MB,europe-west1,gcp,upload,/function/diff.000008.000012_area.fits,0.14112,53634843.0
2178,7,gcp,europe-west1,2048,MB,europe-west1,gcp,upload,/function/diff.000008.000013.fits,0.53568,113214992.0
2179,7,gcp,europe-west1,2048,MB,europe-west1,gcp,upload,/function/diff.000008.000013_area.fits,0.53568,63732052.5
2180,7,gcp,europe-west1,2048,MB,europe-west1,gcp,upload,/function/diff.000008.000014.fits,3.30624,573273909.0
2181,7,gcp,europe-west1,2048,MB,europe-west1,gcp,upload,/function/diff.000008.000014_area.fits,3.30624,135840689.5
2182,7,gcp,europe-west1,2048,MB,europe-west1,gcp,upload,/function/diff.000008.000015.fits,0.144,61166854.0
2183,7,gcp,europe-west1,2048,MB,europe-west1,gcp,upload,/function/diff.000008.000015_area.fits,0.144,54047760.5
2184,7,gcp,europe-west1,2048,MB,europe-west1,gcp,upload,/function/diff.000008.000017.fits,0.4608,93302029.0
2185,7,gcp,europe-west1,2048,MB,europe-west1,gcp,upload,/function/diff.000008.000017_area.fits,0.4608,63964968.0
2186,7,gcp,europe-west1,2048,MB,europe-west1,gcp,upload,/function/diff.000008.000020.fits,0.22176,87206130.5
2187,7,gcp,europe-west1,2048,MB,europe-west1,gcp,upload,/function/diff.000008.000020_area.fits,0.22176,50548207.5
2188,7,gcp,europe-west1,2048,MB,europe-west1,gcp,upload,/function/diff.000008.000022.fits,0.4464,89782506.0
2189,7,gcp,europe-west1,2048,MB,europe-west1,gcp,upload,/function/diff.000008.000022_area.fits,0.4464,62667772.0
2190,7,gcp,europe-west1,2048,MB,europe-west1,gcp,upload,/function/diff.000008.000025.fits,1.00512,213840288.5
2191,7,gcp,europe-west1,2048,MB,europe-west1,gcp,upload,/function/diff.000008.000025_area.fits,1.00512,67060538.0
2192,7,gcp,europe-west1,2048,MB,europe-west1,gcp,upload,/function/diff.000008.000027.fits,0.03456,56474382.0
2193,7,gcp,europe-west1,2048,MB,europe-west1,gcp,upload,/function/diff.000008.000027_area.fits,0.03456,50265714.5
2194,7,gcp,europe-west1,2048,MB,europe-west1,gcp,upload,/function/diff.000009.000016.fits,0.03456,53646569.0
2195,7,gcp,europe-west1,2048,MB,europe-west1,gcp,upload,/function/diff.000009.000016_area.fits,0.03456,53678234.5
2196,7,gcp,europe-west1,2048,MB,europe-west1,gcp,upload,/function/diff.000009.000019.fits,0.03168,54048267.0
2197,7,gcp,europe-west1,2048,MB,europe-west1,gcp,upload,/function/diff.000009.000019_area.fits,0.03168,53860024.5
2198,7,gcp,europe-west1,2048,MB,europe-west1,gcp,upload,/function/diff.000009.000020.fits,0.03456,58775282.5
2199,7,gcp,europe-west1,2048,MB,europe-west1,gcp,upload,/function/diff.000009.000020_area.fits,0.03456,50520181.0
2200,7,gcp,europe-west1,2048,MB,europe-west1,gcp,upload,/function/diff.000009.000023.fits,0.48672,123445571.5
2201,7,gcp,europe-west1,2048,MB,europe-west1,gcp,upload,/function/diff.000009.000023_area.fits,0.48672,61169157.0
2202,7,gcp,europe-west1,2048,MB,europe-west1,gcp,upload,/function/diff.000009.000026.fits,0.43488,81292341.5
2203,7,gcp,europe-west1,2048,MB,europe-west1,gcp,upload,/function/diff.000009.000026_area.fits,0.43488,61982474.0
2204,7,gcp,europe-west1,2048,MB,europe-west1,gcp,upload,/function/diff.000009.000027.fits,0.22176,89223856.5
2205,7,gcp,europe-west1,2048,MB,europe-west1,gcp,upload,/function/diff.000009.000027_area.fits,0.22176,61362946.0
2206,7,gcp,europe-west1,2048,MB,europe-west1,gcp,upload,/function/diff.000009.000028.fits,0.58464,141461212.5
2207,7,gcp,europe-west1,2048,MB,europe-west1,gcp,upload,/function/diff.000009.000028_area.fits,0.58464,61971790.0
2208,7,gcp,europe-west1,2048,MB,europe-west1,gcp,upload,/function/diff.000010.000015.fits,0.14112,64531347.5
2209,7,gcp,europe-west1,2048,MB,europe-west1,gcp,upload,/function/diff.000010.000015_area.fits,0.14112,48417684.0
2210,7,gcp,europe-west1,2048,MB,europe-west1,gcp,upload,/function/diff.000010.000016.fits,0.22176,99970308.0
2211,7,gcp,europe-west1,2048,MB,europe-west1,gcp,upload,/function/diff.000010.000016_area.fits,0.22176,51344018.0
2212,7,gcp,europe-west1,2048,MB,europe-west1,gcp,upload,/function/diff.000010.000017.fits,0.45216,98836482.5
2213,7,gcp,europe-west1,2048,MB,europe-west1,gcp,upload,/function/diff.000010.000017_area.fits,0.45216,63669643.5
2214,7,gcp,europe-west1,2048,MB,europe-west1,gcp,upload,/function/diff.000010.000018.fits,0.47232,87519828.5
2215,7,gcp,europe-west1,2048,MB,europe-west1,gcp,upload,/function/diff.000010.000018_area.fits,0.47232,59925330.5
2216,7,gcp,europe-west1,2048,MB,europe-west1,gcp,upload,/function/diff.000010.000019.fits,0.21024,72720079.0
2217,7,gcp,europe-west1,2048,MB,europe-west1,gcp,upload,/function/diff.000010.000019_area.fits,0.21024,57080960.0
2218,7,gcp,europe-west1,2048,MB,europe-west1,gcp,upload,/function/diff.000010.000021.fits,4.0752,833154947.5
2219,7,gcp,europe-west1,2048,MB,europe-west1,gcp,upload,/function/diff.000010.000021_area.fits,4.0752,187304489.0
2220,7,gcp,europe-west1,2048,MB,europe-west1,gcp,upload,/function/diff.000010.000024.fits,0.1296,63239291.0
2221,7,gcp,europe-west1,2048,MB,europe-west1,gcp,upload,/function/diff.000010.000024_area.fits,0.1296,52506505.0
2222,7,gcp,europe-west1,2048,MB,europe-west1,gcp,upload,/function/diff.000010.000027.fits,0.03456,47452781.5
2223,7,gcp,europe-west1,2048,MB,europe-west1,gcp,upload,/function/diff.000010.000027_area.fits,0.03456,46168938.0
2224,7,gcp,europe-west1,2048,MB,europe-west1,gcp,upload,/function/diff.000010.000029.fits,0.14688,55265128.0
2225,7,gcp,europe-west1,2048,MB,europe-west1,gcp,upload,/function/diff.000010.000029_area.fits,0.14688,53453794.0
2226,7,gcp,europe-west1,2048,MB,europe-west1,gcp,upload,/function/diff.000010.000030.fits,0.42912,112281507.5
2227,7,gcp,europe-west1,2048,MB,europe-west1,gcp,upload,/function/diff.000010.000030_area.fits,0.42912,57456147.0
2228,7,gcp,europe-west1,2048,MB,europe-west1,gcp,upload,/function/diff.000011.000020.fits,0.03168,56929401.0
2229,7,gcp,europe-west1,2048,MB,europe-west1,gcp,upload,/function/diff.000011.000020_area.fits,0.03168,50124807.0
2230,7,gcp,europe-west1,2048,MB,europe-west1,gcp,upload,/function/diff.000011.000026.fits,0.46656,94895802.5
2231,7,gcp,europe-west1,2048,MB,europe-west1,gcp,upload,/function/diff.000011.000026_area.fits,0.46656,61521412.0
2232,7,gcp,europe-west1,2048,MB,europe-west1,gcp,upload,/function/diff.000011.000028.fits,0.53568,116412382.0
2233,7,gcp,europe-west1,2048,MB,europe-west1,gcp,upload,/function/diff.000011.000028_area.fits,0.53568,62036272.5
2234,7,gcp,europe-west1,2048,MB,europe-west1,gcp,upload,/function/diff.000012.000013.fits,1.02528,186091091.5
2235,7,gcp,europe-west1,2048,MB,europe-west1,gcp,upload,/function/diff.000012.000013_area.fits,1.02528,71742641.5
2236,7,gcp,europe-west1,2048,MB,europe-west1,gcp,upload,/function/diff.000012.000014.fits,0.03744,51136650.5
2237,7,gcp,europe-west1,2048,MB,europe-west1,gcp,upload,/function/diff.000012.000014_area.fits,0.03744,51680275.0
2238,7,gcp,europe-west1,2048,MB,europe-west1,gcp,upload,/function/diff.000012.000020.fits,0.4464,80037046.5
2239,7,gcp,europe-west1,2048,MB,europe-west1,gcp,upload,/function/diff.000012.000020_area.fits,0.4464,61745118.5
2240,7,gcp,europe-west1,2048,MB,europe-west1,gcp,upload,/function/diff.000012.000022.fits,0.22176,94952861.5
2241,7,gcp,europe-west1,2048,MB,europe-west1,gcp,upload,/function/diff.000012.000022_area.fits,0.22176,60029092.5
2242,7,gcp,europe-west1,2048,MB,europe-west1,gcp,upload,/function/diff.000012.000025.fits,0.59328,147349692.5
2243,7,gcp,europe-west1,2048,MB,europe-west1,gcp,upload,/function/diff.000012.000025_area.fits,0.59328,61691934.5
2244,7,gcp,europe-west1,2048,MB,europe-west1,gcp,upload,/function/diff.000012.000026.fits,0.03456,47571709.5
2245,7,gcp,europe-west1,2048,MB,europe-west1,gcp,upload,/function/diff.000012.000026_area.fits,0.03456,47155599.0
2246,7,gcp,europe-west1,2048,MB,europe-west1,gcp,upload,/function/diff.000013.000014.fits,0.4608,99424322.0
2247,7,gcp,europe-west1,2048,MB,europe-west1,gcp,upload,/function/diff.000013.000014_area.fits,0.4608,64186804.0
2248,7,gcp,europe-west1,2048,MB,europe-west1,gcp,upload,/function/diff.000013.000020.fits,0.03168,52206846.5
2249,7,gcp,europe-west1,2048,MB,europe-west1,gcp,upload,/function/diff.000013.000020_area.fits,0.03168,53550908.0
2250,7,gcp,europe-west1,2048,MB,europe-west1,gcp,upload,/function/diff.000013.000022.fits,3.31776,547054671.5
2251,7,gcp,europe-west1,2048,MB,europe-west1,gcp,upload,/function/diff.000013.000022_area.fits,3.31776,145043154.5
2252,7,gcp,europe-west1,2048,MB,europe-west1,gcp,upload,/function/diff.000013.000025.fits,0.144,64428277.5
2253,7,gcp,europe-west1,2048,MB,europe-west1,gcp,upload,/function/diff.000013.000025_area.fits,0.144,50343576.5
2254,7,gcp,europe-west1,2048,MB,europe-west1,gcp,upload,/function/diff.000014.000015.fits,0.03168,50611494.0
2255,7,gcp,europe-west1,2048,MB,europe-west1,gcp,upload,/function/diff.000014.000015_area.fits,0.03168,51658943.5
2256,7,gcp,europe-west1,2048,MB,europe-west1,gcp,upload,/function/diff.000014.000017.fits,0.52128,123233388.5
2257,7,gcp,europe-west1,2048,MB,europe-west1,gcp,upload,/function/diff.000014.000017_area.fits,0.52128,59800056.0
2258,7,gcp,europe-west1,2048,MB,europe-west1,gcp,upload,/function/diff.000014.000022.fits,0.58464,144380795.0
2259,7,gcp,europe-west1,2048,MB,europe-west1,gcp,upload,/function/diff.000014.000022_area.fits,0.58464,70363186.0
2260,7,gcp,europe-west1,2048,MB,europe-west1,gcp,upload,/function/diff.000014.000025.fits,0.22176,86043137.5
2261,7,gcp,europe-west1,2048,MB,europe-west1,gcp,upload,/function/diff.000014.000025_area.fits,0.22176,55281905.0
2262,7,gcp,europe-west1,2048,MB,europe-west1,gcp,upload,/function/diff.000015.000016.fits,0.4464,86293332.5
2263,7,gcp,europe-west1,2048,MB,europe-west1,gcp,upload,/function/diff.000015.000016_area.fits,0.4464,56732570.5
2264,7,gcp,europe-west1,2048,MB,europe-west1,gcp,upload,/function/diff.000015.000017.fits,0.22464,74176735.0
2265,7,gcp,europe-west1,2048,MB,europe-west1,gcp,upload,/function/diff.000015.000017_area.fits,0.22464,52811039.5
2266,7,gcp,europe-west1,2048,MB,europe-west1,gcp,upload,/function/diff.000015.000019.fits,0.40608,106110589.5
2267,7,gcp,europe-west1,2048,MB,europe-west1,gcp,upload,/function/diff.000015.000019_area.fits,0.40608,55700723.5
2268,7,gcp,europe-west1,2048,MB,europe-west1,gcp,upload,/function/diff.000015.000020.fits,0.46656,88433676.5
2269,7,gcp,europe-west1,2048,MB,europe-west1,gcp,upload,/function/diff.000015.000020_area.fits,0.46656,58869282.0
2270,7,gcp,europe-west1,2048,MB,europe-west1,gcp,upload,/function/diff.000015.000021.fits,0.1296,63608355.5
2271,7,gcp,europe-west1,2048,MB,europe-west1,gcp,upload,/function/diff.000015.000021_area.fits,0.1296,47754237.0
2272,7,gcp,europe-west1,2048,MB,europe-west1,gcp,upload,/function/diff.000015.000025.fits,0.52704,130715318.0
2273,7,gcp,europe-west1,2048,MB,europe-west1,gcp,upload,/function/diff.000015.000025_area.fits,0.52704,64311306.0
2274,7,gcp,europe-west1,2048,MB,europe-west1,gcp,upload,/function/diff.000015.000026.fits,0.03168,65221301.5
2275,7,gcp,europe-west1,2048,MB,europe-west1,gcp,upload,/function/diff.000015.000026_area.fits,0.03168,50972416.0
2276,7,gcp,europe-west1,2048,MB,europe-west1,gcp,upload,/function/diff.000015.000027.fits,3.33216,574799669.5
2277,7,gcp,europe-west1,2048,MB,europe-west1,gcp,upload,/function/diff.000015.000027_area.fits,3.33216,138498672.0
2278,7,gcp,europe-west1,2048,MB,europe-west1,gcp,upload,/function/diff.000016.000019.fits,4.0752,747015528.5
2279,7,gcp,europe-west1,2048,MB,europe-west1,gcp,upload,/function/diff.000016.000019_area.fits,4.0752,151823665.5
2280,7,gcp,europe-west1,2048,MB,europe-west1,gcp,upload,/function/diff.000016.000021.fits,0.22752,76417510.0
2281,7,gcp,europe-west1,2048,MB,europe-west1,gcp,upload,/function/diff.000016.000021_area.fits,0.22752,58070329.0
2282,7,gcp,europe-west1,2048,MB,europe-west1,gcp,upload,/function/diff.000016.000023.fits,0.21024,74014515.0
2283,7,gcp,europe-west1,2048,MB,europe-west1,gcp,upload,/function/diff.000016.000023_area.fits,0.21024,53021488.5
2284,7,gcp,europe-west1,2048,MB,europe-west1,gcp,upload,/function/diff.000016.000024.fits,0.42912,114097249.0
2285,7,gcp,europe-west1,2048,MB,europe-west1,gcp,upload,/function/diff.000016.000024_area.fits,0.42912,62160469.0
2286,7,gcp,europe-west1,2048,MB,europe-west1,gcp,upload,/function/diff.000016.000027.fits,0.54432,109480637.0
2287,7,gcp,europe-west1,2048,MB,europe-west1,gcp,upload,/function/diff.000016.000027_area.fits,0.54432,62528080.0
2288,7,gcp,europe-west1,2048,MB,europe-west1,gcp,upload,/function/diff.000016.000029.fits,0.47232,81062994.0
2289,7,gcp,europe-west1,2048,MB,europe-west1,gcp,upload,/function/diff.000016.000029_area.fits,0.47232,57833249.5
2290,7,gcp,europe-west1,2048,MB,europe-west1,gcp,upload,/function/diff.000017.000021.fits,0.40608,95064486.5
2291,7,gcp,europe-west1,2048,MB,europe-west1,gcp,upload,/function/diff.000017.000021_area.fits,0.40608,60935656.5
2292,7,gcp,europe-west1,2048,MB,europe-west1,gcp,upload,/function/diff.000017.000025.fits,0.03168,54740774.0
2293,7,gcp,europe-west1,2048,MB,europe-west1,gcp,upload,/function/diff.000017.000025_area.fits,0.03168,52243453.5
2294,7,gcp,europe-west1,2048,MB,europe-west1,gcp,upload,/function/diff.000018.000021.fits,0.50976,107977091.0
2295,7,gcp,europe-west1,2048,MB,europe-west1,gcp,upload,/function/diff.000018.000021_area.fits,0.50976,60764070.5
2296,7,gcp,europe-west1,2048,MB,europe-west1,gcp,upload,/function/diff.000018.000024.fits,0.20736,72983335.0
2297,7,gcp,europe-west1,2048,MB,europe-west1,gcp,upload,/function/diff.000018.000024_area.fits,0.20736,46637683.0
2298,7,gcp,europe-west1,2048,MB,europe-west1,gcp,upload,/function/diff.000018.000029.fits,0.22176,74522383.5
2299,7,gcp,europe-west1,2048,MB,europe-west1,gcp,upload,/function/diff.000018.000029_area.fits,0.22176,52767339.0
2300,7,gcp,europe-west1,2048,MB,europe-west1,gcp,upload,/function/diff.000018.000030.fits,4.06368,860843184.0
2301,7,gcp,europe-west1,2048,MB,europe-west1,gcp,upload,/function/diff.000018.000030_area.fits,4.06368,154710414.5
2302,7,gcp,europe-west1,2048,MB,europe-west1,gcp,upload,/function/diff.000019.000021.fits,0.22176,100839283.5
2303,7,gcp,europe-west1,2048,MB,europe-west1,gcp,upload,/function/diff.000019.000021_area.fits,0.22176,52397857.0
2304,7,gcp,europe-west1,2048,MB,europe-west1,gcp,upload,/function/diff.000019.000023.fits,0.22176,82882817.0
2305,7,gcp,europe-west1,2048,MB,europe-west1,gcp,upload,/function/diff.000019.000023_area.fits,0.22176,52032831.5
2306,7,gcp,europe-west1,2048,MB,europe-west1,gcp,upload,/function/diff.000019.000024.fits,0.46656,87756696.5
2307,7,gcp,europe-west1,2048,MB,europe-west1,gcp,upload,/function/diff.000019.000024_area.fits,0.46656,55510976.0
2308,7,gcp,europe-west1,2048,MB,europe-west1,gcp,upload,/function/diff.000019.000027.fits,0.49248,104944012.0
2309,7,gcp,europe-west1,2048,MB,europe-west1,gcp,upload,/function/diff.000019.000027_area.fits,0.49248,63458973.5
2310,7,gcp,europe-west1,2048,MB,europe-west1,gcp,upload,/function/diff.000019.000029.fits,0.50976,113142329.0
2311,7,gcp,europe-west1,2048,MB,europe-west1,gcp,upload,/function/diff.000019.000029_area.fits,0.50976,67875467.5
2312,7,gcp,europe-west1,2048,MB,europe-west1,gcp,upload,/function/diff.000020.000025.fits,3.30624,571749056.0
2313,7,gcp,europe-west1,2048,MB,europe-west1,gcp,upload,/function/diff.000020.000025_area.fits,3.30624,129968530.0
2314,7,gcp,europe-west1,2048,MB,europe-west1,gcp,upload,/function/diff.000020.000026.fits,1.00512,210708095.5
2315,7,gcp,europe-west1,2048,MB,europe-west1,gcp,upload,/function/diff.000020.000026_area.fits,1.00512,72344898.0
2316,7,gcp,europe-west1,2048,MB,europe-west1,gcp,upload,/function/diff.000020.000027.fits,0.576,120267059.0
2317,7,gcp,europe-west1,2048,MB,europe-west1,gcp,upload,/function/diff.000020.000027_area.fits,0.576,66628589.5
2318,7,gcp,europe-west1,2048,MB,europe-west1,gcp,upload,/function/diff.000020.000028.fits,0.22176,85244058.0
2319,7,gcp,europe-west1,2048,MB,europe-west1,gcp,upload,/function/diff.000020.000028_area.fits,0.22176,55630313.0
2320,7,gcp,europe-west1,2048,MB,europe-west1,gcp,upload,/function/diff.000021.000024.fits,0.144,61439199.0
2321,7,gcp,europe-west1,2048,MB,europe-west1,gcp,upload,/function/diff.000021.000024_area.fits,0.144,52383368.5
2322,7,gcp,europe-west1,2048,MB,europe-west1,gcp,upload,/function/diff.000021.000027.fits,0.03168,49710345.5
2323,7,gcp,europe-west1,2048,MB,europe-west1,gcp,upload,/function/diff.000021.000027_area.fits,0.03168,47303993.0
2324,7,gcp,europe-west1,2048,MB,europe-west1,gcp,upload,/function/diff.000021.000029.fits,0.16128,62752038.0
2325,7,gcp,europe-west1,2048,MB,europe-west1,gcp,upload,/function/diff.000021.000029_area.fits,0.16128,47505225.0
2326,7,gcp,europe-west1,2048,MB,europe-west1,gcp,upload,/function/diff.000021.000030.fits,0.46656,95714570.0
2327,7,gcp,europe-west1,2048,MB,europe-west1,gcp,upload,/function/diff.000021.000030_area.fits,0.46656,58506724.5
2328,7,gcp,europe-west1,2048,MB,europe-west1,gcp,upload,/function/diff.000022.000025.fits,0.03456,47152545.5
2329,7,gcp,europe-west1,2048,MB,europe-west1,gcp,upload,/function/diff.000022.000025_area.fits,0.03456,49179129.5
2330,7,gcp,europe-west1,2048,MB,europe-west1,gcp,upload,/function/diff.000023.000027.fits,0.0288,49322221.0
2331,7,gcp,europe-west1,2048,MB,europe-west1,gcp,upload,/function/diff.000023.000027_area.fits,0.0288,48184153.5
2332,7,gcp,europe-west1,2048,MB,europe-west1,gcp,upload,/function/diff.000024.000029.fits,4.06368,836403455.0
2333,7,gcp,europe-west1,2048,MB,europe-west1,gcp,upload,/function/diff.000024.000029_area.fits,4.06368,151409537.5
2334,7,gcp,europe-west1,2048,MB,europe-west1,gcp,upload,/function/diff.000024.000030.fits,0.22464,86976701.0
2335,7,gcp,europe-west1,2048,MB,europe-west1,gcp,upload,/function/diff.000024.000030_area.fits,0.22464,56622891.5
2336,7,gcp,europe-west1,2048,MB,europe-west1,gcp,upload,/function/diff.000025.000026.fits,0.22176,76818417.0
2337,7,gcp,europe-west1,2048,MB,europe-west1,gcp,upload,/function/diff.000025.000026_area.fits,0.22176,52468019.5
2338,7,gcp,europe-west1,2048,MB,europe-west1,gcp,upload,/function/diff.000025.000027.fits,0.42912,76135150.0
2339,7,gcp,europe-west1,2048,MB,europe-west1,gcp,upload,/function/diff.000025.000027_area.fits,0.42912,59738100.0
2340,7,gcp,europe-west1,2048,MB,europe-west1,gcp,upload,/function/diff.000026.000027.fits,0.13248,53585159.0
2341,7,gcp,europe-west1,2048,MB,europe-west1,gcp,upload,/function/diff.000026.000027_area.fits,0.13248,48861259.5
2342,7,gcp,europe-west1,2048,MB,europe-west1,gcp,upload,/function/diff.000026.000028.fits,3.30624,593164317.0
2343,7,gcp,europe-west1,2048,MB,europe-west1,gcp,upload,/function/diff.000026.000028_area.fits,3.30624,138085428.5
2344,7,gcp,europe-west1,2048,MB,europe-west1,gcp,upload,/function/diff.000027.000028.fits,0.03456,54754098.5
2345,7,gcp,europe-west1,2048,MB,europe-west1,gcp,upload,/function/diff.000027.000028_area.fits,0.03456,50541334.5
2346,7,gcp,europe-west1,2048,MB,europe-west1,gcp,upload,/function/diff.000029.000030.fits,0.23328,76171371.5
2347,7,gcp,europe-west1,2048,MB,europe-west1,gcp,upload,/function/diff.000029.000030_area.fits,0.23328,50479472.0
2348,7,gcp,europe-west1,2048,MB,europe-west1,gcp,upload,/function/fit.000001.000007.txt,0.000287,54316193.5
2349,7,gcp,europe-west1,2048,MB,europe-west1,gcp,upload,/function/fit.000001.000011.txt,0.00029,53889713.0
2350,7,gcp,europe-west1,2048,MB,europe-west1,gcp,upload,/function/fit.000001.000012.txt,0.000288,57060085.5
2351,7,gcp,europe-west1,2048,MB,europe-west1,gcp,upload,/function/fit.000001.000020.txt,0.000284,61098888.5
2352,7,gcp,europe-west1,2048,MB,europe-west1,gcp,upload,/function/fit.000001.000025.txt,0.000286,54779106.0
2353,7,gcp,europe-west1,2048,MB,europe-west1,gcp,upload,/function/fit.000001.000026.txt,0.000287,51894636.5
2354,7,gcp,europe-west1,2048,MB,europe-west1,gcp,upload,/function/fit.000001.000028.txt,0.000286,55994797.0
2355,7,gcp,europe-west1,2048,MB,europe-west1,gcp,upload,/function/fit.000002.000006.txt,0.000282,52647685.5
2356,7,gcp,europe-west1,2048,MB,europe-west1,gcp,upload,/function/fit.000002.000009.txt,0.000285,54045357.5
2357,7,gcp,europe-west1,2048,MB,europe-west1,gcp,upload,/function/fit.000002.000015.txt,0.000288,49139877.0
2358,7,gcp,europe-west1,2048,MB,europe-west1,gcp,upload,/function/fit.000002.000016.txt,0.000278,51133193.0
2359,7,gcp,europe-west1,2048,MB,europe-west1,gcp,upload,/function/fit.000002.000019.txt,0.000281,52911954.0
2360,7,gcp,europe-west1,2048,MB,europe-west1,gcp,upload,/function/fit.000002.000020.txt,0.000286,50511423.5
2361,7,gcp,europe-west1,2048,MB,europe-west1,gcp,upload,/function/fit.000002.000023.txt,0.00028,48447046.5
2362,7,gcp,europe-west1,2048,MB,europe-west1,gcp,upload,/function/fit.000002.000025.txt,0.000281,48511789.5
2363,7,gcp,europe-west1,2048,MB,europe-west1,gcp,upload,/function/fit.000002.000026.txt,0.000286,52569108.5
2364,7,gcp,europe-west1,2048,MB,europe-west1,gcp,upload,/function/fit.000002.000027.txt,0.000286,56518929.0
2365,7,gcp,europe-west1,2048,MB,europe-west1,gcp,upload,/function/fit.000002.000028.txt,0.000283,52846520.0
2366,7,gcp,europe-west1,2048,MB,europe-west1,gcp,upload,/function/fit.000003.000005.txt,0.000288,56065508.5
2367,7,gcp,europe-west1,2048,MB,europe-west1,gcp,upload,/function/fit.000003.000006.txt,0.000279,51767548.5
2368,7,gcp,europe-west1,2048,MB,europe-west1,gcp,upload,/function/fit.000003.000016.txt,0.000279,54297918.5
2369,7,gcp,europe-west1,2048,MB,europe-west1,gcp,upload,/function/fit.000003.000019.txt,0.000282,57442802.5
2370,7,gcp,europe-west1,2048,MB,europe-west1,gcp,upload,/function/fit.000003.000023.txt,0.000281,53221256.0
2371,7,gcp,europe-west1,2048,MB,europe-west1,gcp,upload,/function/fit.000003.000024.txt,0.00029,53645294.5
2372,7,gcp,europe-west1,2048,MB,europe-west1,gcp,upload,/function/fit.000003.000029.txt,0.000284,49545099.5
2373,7,gcp,europe-west1,2048,MB,europe-west1,gcp,upload,/function/fit.000004.000008.txt,0.00029,47836731.5
2374,7,gcp,europe-west1,2048,MB,europe-west1,gcp,upload,/function/fit.000004.000010.txt,0.000285,54632195.5
2375,7,gcp,europe-west1,2048,MB,europe-west1,gcp,upload,/function/fit.000004.000014.txt,0.000288,54273463.5
2376,7,gcp,europe-west1,2048,MB,europe-west1,gcp,upload,/function/fit.000004.000015.txt,0.000288,54059734.5
2377,7,gcp,europe-west1,2048,MB,europe-west1,gcp,upload,/function/fit.000004.000016.txt,0.000278,47985912.5
2378,7,gcp,europe-west1,2048,MB,europe-west1,gcp,upload,/function/fit.000004.000017.txt,0.000291,49860425.0
2379,7,gcp,europe-west1,2048,MB,europe-west1,gcp,upload,/function/fit.000004.000019.txt,0.00028,49826976.5
2380,7,gcp,europe-west1,2048,MB,europe-west1,gcp,upload,/function/fit.000004.000020.txt,0.000283,56820240.5
2381,7,gcp,europe-west1,2048,MB,europe-west1,gcp,upload,/function/fit.000004.000021.txt,0.000286,49502858.5
2382,7,gcp,europe-west1,2048,MB,europe-west1,gcp,upload,/function/fit.000004.000025.txt,0.000285,49236877.5
2383,7,gcp,europe-west1,2048,MB,europe-west1,gcp,upload,/function/fit.000004.000027.txt,0.000287,51114510.5
2384,7,gcp,europe-west1,2048,MB,europe-west1,gcp,upload,/function/fit.000005.000006.txt,0.000282,47840116.5
2385,7,gcp,europe-west1,2048,MB,europe-west1,gcp,upload,/function/fit.000005.000016.txt,0.00028,49095977.0
2386,7,gcp,europe-west1,2048,MB,europe-west1,gcp,upload,/function/fit.000005.000019.txt,0.000283,49558127.0
2387,7,gcp,europe-west1,2048,MB,europe-west1,gcp,upload,/function/fit.000005.000023.txt,0.000282,54480765.0
2388,7,gcp,europe-west1,2048,MB,europe-west1,gcp,upload,/function/fit.000005.000024.txt,0.000282,55002939.5
2389,7,gcp,europe-west1,2048,MB,europe-west1,gcp,upload,/function/fit.000005.000029.txt,0.000288,53023013.5
2390,7,gcp,europe-west1,2048,MB,europe-west1,gcp,upload,/function/fit.000006.000009.txt,0.000281,51220611.5
2391,7,gcp,europe-west1,2048,MB,europe-west1,gcp,upload,/function/fit.000006.000016.txt,0.000282,53208954.5
2392,7,gcp,europe-west1,2048,MB,europe-west1,gcp,upload,/function/fit.000006.000019.txt,0.000284,52796868.5
2393,7,gcp,europe-west1,2048,MB,europe-west1,gcp,upload,/function/fit.000006.000023.txt,0.000286,49201624.0
2394,7,gcp,europe-west1,2048,MB,europe-west1,gcp,upload,/function/fit.000006.000027.txt,0.000277,51279632.0
2395,7,gcp,europe-west1,2048,MB,europe-west1,gcp,upload,/function/fit.000007.000008.txt,0.000286,50132235.0
2396,7,gcp,europe-west1,2048,MB,europe-west1,gcp,upload,/function/fit.000007.000011.txt,0.000294,53733553.0
2397,7,gcp,europe-west1,2048,MB,europe-west1,gcp,upload,/function/fit.000007.000012.txt,0.000291,46230120.5
2398,7,gcp,europe-west1,2048,MB,europe-west1,gcp,upload,/function/fit.000007.000013.txt,0.000295,52180400.5
2399,7,gcp,europe-west1,2048,MB,europe-west1,gcp,upload,/function/fit.000007.000020.txt,0.000285,50254990.0
2400,7,gcp,europe-west1,2048,MB,europe-west1,gcp,upload,/function/fit.000007.000025.txt,0.000285,50341921.0
2401,7,gcp,europe-west1,2048,MB,europe-west1,gcp,upload,/function/fit.000007.000026.txt,0.000286,56940012.5
2402,7,gcp,europe-west1,2048,MB,europe-west1,gcp,upload,/function/fit.000007.000028.txt,0.000279,50792858.0
2403,7,gcp,europe-west1,2048,MB,europe-west1,gcp,upload,/function/fit.000008.000012.txt,0.000285,54062277.5
2404,7,gcp,europe-west1,2048,MB,europe-west1,gcp,upload,/function/fit.000008.000013.txt,0.000288,51807093.5
2405,7,gcp,europe-west1,2048,MB,europe-west1,gcp,upload,/function/fit.000008.000014.txt,0.000294,45589764.5
2406,7,gcp,europe-west1,2048,MB,europe-west1,gcp,upload,/function/fit.000008.000015.txt,0.000291,51339060.5
2407,7,gcp,europe-west1,2048,MB,europe-west1,gcp,upload,/function/fit.000008.000017.txt,0.000289,48672924.0
2408,7,gcp,europe-west1,2048,MB,europe-west1,gcp,upload,/function/fit.000008.000020.txt,0.000292,54774836.0
2409,7,gcp,europe-west1,2048,MB,europe-west1,gcp,upload,/function/fit.000008.000022.txt,0.000291,46565251.0
2410,7,gcp,europe-west1,2048,MB,europe-west1,gcp,upload,/function/fit.000008.000025.txt,0.000292,51865948.5
2411,7,gcp,europe-west1,2048,MB,europe-west1,gcp,upload,/function/fit.000008.000027.txt,0.000285,52105591.0
2412,7,gcp,europe-west1,2048,MB,europe-west1,gcp,upload,/function/fit.000009.000016.txt,0.000275,48688510.0
2413,7,gcp,europe-west1,2048,MB,europe-west1,gcp,upload,/function/fit.000009.000019.txt,0.000278,44459116.0
2414,7,gcp,europe-west1,2048,MB,europe-west1,gcp,upload,/function/fit.000009.000020.txt,0.000277,54267853.5
2415,7,gcp,europe-west1,2048,MB,europe-west1,gcp,upload,/function/fit.000009.000023.txt,0.000284,51894826.5
2416,7,gcp,europe-west1,2048,MB,europe-west1,gcp,upload,/function/fit.000009.000026.txt,0.000285,48149042.0
2417,7,gcp,europe-west1,2048,MB,europe-west1,gcp,upload,/function/fit.000009.000027.txt,0.000285,53632686.5
2418,7,gcp,europe-west1,2048,MB,europe-west1,gcp,upload,/function/fit.000009.000028.txt,0.000288,46793829.0
2419,7,gcp,europe-west1,2048,MB,europe-west1,gcp,upload,/function/fit.000010.000015.txt,0.000284,49587797.5
2420,7,gcp,europe-west1,2048,MB,europe-west1,gcp,upload,/function/fit.000010.000016.txt,0.000285,51209726.0
2421,7,gcp,europe-west1,2048,MB,europe-west1,gcp,upload,/function/fit.000010.000017.txt,0.000287,50416001.0
2422,7,gcp,europe-west1,2048,MB,europe-west1,gcp,upload,/function/fit.000010.000018.txt,0.000287,48649697.0
2423,7,gcp,europe-west1,2048,MB,europe-west1,gcp,upload,/function/fit.000010.000019.txt,0.000281,49668319.0
2424,7,gcp,europe-west1,2048,MB,europe-west1,gcp,upload,/function/fit.000010.000021.txt,0.000288,50100555.0
2425,7,gcp,europe-west1,2048,MB,europe-west1,gcp,upload,/function/fit.000010.000024.txt,0.000288,51127258.5
2426,7,gcp,europe-west1,2048,MB,europe-west1,gcp,upload,/function/fit.000010.000027.txt,0.000279,50606002.0
2427,7,gcp,europe-west1,2048,MB,europe-west1,gcp,upload,/function/fit.000010.000029.txt,0.000283,51393323.5
2428,7,gcp,europe-west1,2048,MB,europe-west1,gcp,upload,/function/fit.000010.000030.txt,0.000286,50258151.0
2429,7,gcp,europe-west1,2048,MB,europe-west1,gcp,upload,/function/fit.000011.000020.txt,0.000283,51288302.0
2430,7,gcp,europe-west1,2048,MB,europe-west1,gcp,upload,/function/fit.000011.000026.txt,0.000282,47339584.0
2431,7,gcp,europe-west1,2048,MB,europe-west1,gcp,upload,/function/fit.000011.000028.txt,0.000288,50697366.5
2432,7,gcp,europe-west1,2048,MB,europe-west1,gcp,upload,/function/fit.000012.000013.txt,0.000291,50990798.5
2433,7,gcp,europe-west1,2048,MB,europe-west1,gcp,upload,/function/fit.000012.000014.txt,0.000287,47948053.5
2434,7,gcp,europe-west1,2048,MB,europe-west1,gcp,upload,/function/fit.000012.000020.txt,0.000286,48154463.0
2435,7,gcp,europe-west1,2048,MB,europe-west1,gcp,upload,/function/fit.000012.000022.txt,0.000292,48296785.0
2436,7,gcp,europe-west1,2048,MB,europe-west1,gcp,upload,/function/fit.000012.000025.txt,0.000289,52805795.5
2437,7,gcp,europe-west1,2048,MB,europe-west1,gcp,upload,/function/fit.000012.000026.txt,0.000284,51830512.0
2438,7,gcp,europe-west1,2048,MB,europe-west1,gcp,upload,/function/fit.000013.000014.txt,0.000289,53798283.5
2439,7,gcp,europe-west1,2048,MB,europe-west1,gcp,upload,/function/fit.000013.000020.txt,0.000285,50749013.0
2440,7,gcp,europe-west1,2048,MB,europe-west1,gcp,upload,/function/fit.000013.000022.txt,0.000295,53856779.5
2441,7,gcp,europe-west1,2048,MB,europe-west1,gcp,upload,/function/fit.000013.000025.txt,0.00029,48730850.0
2442,7,gcp,europe-west1,2048,MB,europe-west1,gcp,upload,/function/fit.000014.000015.txt,0.000283,55238566.0
2443,7,gcp,europe-west1,2048,MB,europe-west1,gcp,upload,/function/fit.000014.000017.txt,0.000295,46798371.0
2444,7,gcp,europe-west1,2048,MB,europe-west1,gcp,upload,/function/fit.000014.000022.txt,0.000293,51232638.0
2445,7,gcp,europe-west1,2048,MB,europe-west1,gcp,upload,/function/fit.000014.000025.txt,0.000292,54507939.5
2446,7,gcp,europe-west1,2048,MB,europe-west1,gcp,upload,/function/fit.000015.000016.txt,0.000284,51679437.0
2447,7,gcp,europe-west1,2048,MB,europe-west1,gcp,upload,/function/fit.000015.000017.txt,0.00029,49868436.5
2448,7,gcp,europe-west1,2048,MB,europe-west1,gcp,upload,/function/fit.000015.000019.txt,0.000285,51197519.5
2449,7,gcp,europe-west1,2048,MB,europe-west1,gcp,upload,/function/fit.000015.000020.txt,0.000285,49611717.5
2450,7,gcp,europe-west1,2048,MB,europe-west1,gcp,upload,/function/fit.000015.000021.txt,0.000283,44465771.0
2451,7,gcp,europe-west1,2048,MB,europe-west1,gcp,upload,/function/fit.000015.000025.txt,0.000287,50630036.0
2452,7,gcp,europe-west1,2048,MB,europe-west1,gcp,upload,/function/fit.000015.000026.txt,0.000283,46861108.0
2453,7,gcp,europe-west1,2048,MB,europe-west1,gcp,upload,/function/fit.000015.000027.txt,0.000289,46456924.5
2454,7,gcp,europe-west1,2048,MB,europe-west1,gcp,upload,/function/fit.000016.000019.txt,0.000283,48826040.0
2455,7,gcp,europe-west1,2048,MB,europe-west1,gcp,upload,/function/fit.000016.000021.txt,0.000282,52781894.0
2456,7,gcp,europe-west1,2048,MB,europe-west1,gcp,upload,/function/fit.000016.000023.txt,0.000282,47775777.5
2457,7,gcp,europe-west1,2048,MB,europe-west1,gcp,upload,/function/fit.000016.000024.txt,0.000279,48270400.0
2458,7,gcp,europe-west1,2048,MB,europe-west1,gcp,upload,/function/fit.000016.000027.txt,0.000279,55874161.5
2459,7,gcp,europe-west1,2048,MB,europe-west1,gcp,upload,/function/fit.000016.000029.txt,0.000282,46817988.5
2460,7,gcp,europe-west1,2048,MB,europe-west1,gcp,upload,/function/fit.000017.000021.txt,0.000288,52278046.0
2461,7,gcp,europe-west1,2048,MB,europe-west1,gcp,upload,/function/fit.000017.000025.txt,0.000287,47617084.5
2462,7,gcp,europe-west1,2048,MB,europe-west1,gcp,upload,/function/fit.000018.000021.txt,0.000288,51187967.0
2463,7,gcp,europe-west1,2048,MB,europe-west1,gcp,upload,/function/fit.000018.000024.txt,0.000286,47333149.0
2464,7,gcp,europe-west1,2048,MB,europe-west1,gcp,upload,/function/fit.000018.000029.txt,0.000288,51155729.0
2465,7,gcp,europe-west1,2048,MB,europe-west1,gcp,upload,/function/fit.000018.000030.txt,0.000294,51973237.5
2466,7,gcp,europe-west1,2048,MB,europe-west1,gcp,upload,/function/fit.000019.000021.txt,0.000288,47108603.0
2467,7,gcp,europe-west1,2048,MB,europe-west1,gcp,upload,/function/fit.000019.000023.txt,0.000287,48026633.0
2468,7,gcp,europe-west1,2048,MB,europe-west1,gcp,upload,/function/fit.000019.000024.txt,0.000281,50068890.0
2469,7,gcp,europe-west1,2048,MB,europe-west1,gcp,upload,/function/fit.000019.000027.txt,0.000279,45072324.5
2470,7,gcp,europe-west1,2048,MB,europe-west1,gcp,upload,/function/fit.000019.000029.txt,0.000283,47697015.0
2471,7,gcp,europe-west1,2048,MB,europe-west1,gcp,upload,/function/fit.000020.000025.txt,0.000289,51272004.0
2472,7,gcp,europe-west1,2048,MB,europe-west1,gcp,upload,/function/fit.000020.000026.txt,0.000286,48603079.0
2473,7,gcp,europe-west1,2048,MB,europe-west1,gcp,upload,/function/fit.000020.000027.txt,0.000286,40628938.0
2474,7,gcp,europe-west1,2048,MB,europe-west1,gcp,upload,/function/fit.000020.000028.txt,0.000289,49873181.5
2475,7,gcp,europe-west1,2048,MB,europe-west1,gcp,upload,/function/fit.000021.000024.txt,0.000285,50105293.0
2476,7,gcp,europe-west1,2048,MB,europe-west1,gcp,upload,/function/fit.000021.000027.txt,0.000277,52435248.5
2477,7,gcp,europe-west1,2048,MB,europe-west1,gcp,upload,/function/fit.000021.000029.txt,0.000281,50038886.0
2478,7,gcp,europe-west1,2048,MB,europe-west1,gcp,upload,/function/fit.000021.000030.txt,0.000284,49362016.5
2479,7,gcp,europe-west1,2048,MB,europe-west1,gcp,upload,/function/fit.000022.000025.txt,0.000286,46848000.5
2480,7,gcp,europe-west1,2048,MB,europe-west1,gcp,upload,/function/fit.000023.000027.txt,0.00028,48137777.5
2481,7,gcp,europe-west1,2048,MB,europe-west1,gcp,upload,/function/fit.000024.000029.txt,0.00029,42415890.5
2482,7,gcp,europe-west1,2048,MB,europe-west1,gcp,upload,/function/fit.000024.000030.txt,0.000289,51308820.0
2483,7,gcp,europe-west1,2048,MB,europe-west1,gcp,upload,/function/fit.000025.000026.txt,0.00029,48008425.0
2484,7,gcp,europe-west1,2048,MB,europe-west1,gcp,upload,/function/fit.000025.000027.txt,0.000282,51558263.0
2485,7,gcp,europe-west1,2048,MB,europe-west1,gcp,upload,/function/fit.000026.000027.txt,0.000283,49939393.5
2486,7,gcp,europe-west1,2048,MB,europe-west1,gcp,upload,/function/fit.000026.000028.txt,0.00029,48021480.5
2487,7,gcp,europe-west1,2048,MB,europe-west1,gcp,upload,/function/fit.000027.000028.txt,0.000278,48442089.5
2488,7,gcp,europe-west1,2048,MB,europe-west1,gcp,upload,/function/fit.000029.000030.txt,0.000283,49200995.0
2489,8,gcp,europe-west1,2048,MB,europe-west1,gcp,download,/function/diffs.tbl,0.016167,87654872.5
2490,8,gcp,europe-west1,2048,MB,europe-west1,gcp,download,/function/mStatFile,0.039792,50463563.0
2491,8,gcp,europe-west1,2048,MB,europe-west1,gcp,upload,/function/statfile.tbl,0.005863,48897317.0
2492,9,gcp,europe-west1,2048,MB,europe-west1,gcp,download,/function/fit.000001.000007.txt,0.000287,79666589.5
2493,9,gcp,europe-west1,2048,MB,europe-west1,gcp,download,/function/fit.000001.000011.txt,0.00029,63103999.5
2494,9,gcp,europe-west1,2048,MB,europe-west1,gcp,download,/function/fit.000001.000012.txt,0.000288,62283657.0
2495,9,gcp,europe-west1,2048,MB,europe-west1,gcp,download,/function/fit.000001.000020.txt,0.000284,52456769.0
2496,9,gcp,europe-west1,2048,MB,europe-west1,gcp,download,/function/fit.000001.000025.txt,0.000286,65119817.0
2497,9,gcp,europe-west1,2048,MB,europe-west1,gcp,download,/function/fit.000001.000026.txt,0.000287,61212680.5
2498,9,gcp,europe-west1,2048,MB,europe-west1,gcp,download,/function/fit.000001.000028.txt,0.000286,68268161.0
2499,9,gcp,europe-west1,2048,MB,europe-west1,gcp,download,/function/fit.000002.000006.txt,0.000282,62486599.5
2500,9,gcp,europe-west1,2048,MB,europe-west1,gcp,download,/function/fit.000002.000009.txt,0.000285,70328205.0
2501,9,gcp,europe-west1,2048,MB,europe-west1,gcp,download,/function/fit.000002.000015.txt,0.000288,58330540.5
2502,9,gcp,europe-west1,2048,MB,europe-west1,gcp,download,/function/fit.000002.000016.txt,0.000278,55676502.0
2503,9,gcp,europe-west1,2048,MB,europe-west1,gcp,download,/function/fit.000002.000019.txt,0.000281,60917174.5
2504,9,gcp,europe-west1,2048,MB,europe-west1,gcp,download,/function/fit.000002.000020.txt,0.000286,55420377.0
2505,9,gcp,europe-west1,2048,MB,europe-west1,gcp,download,/function/fit.000002.000023.txt,0.00028,61115863.5
2506,9,gcp,europe-west1,2048,MB,europe-west1,gcp,download,/function/fit.000002.000025.txt,0.000281,57621588.5
2507,9,gcp,europe-west1,2048,MB,europe-west1,gcp,download,/function/fit.000002.000026.txt,0.000286,66452653.5
2508,9,gcp,europe-west1,2048,MB,europe-west1,gcp,download,/function/fit.000002.000027.txt,0.000286,69050542.0
2509,9,gcp,europe-west1,2048,MB,europe-west1,gcp,download,/function/fit.000002.000028.txt,0.000283,58064859.0
2510,9,gcp,europe-west1,2048,MB,europe-west1,gcp,download,/function/fit.000003.000005.txt,0.000288,56624678.0
2511,9,gcp,europe-west1,2048,MB,europe-west1,gcp,download,/function/fit.000003.000006.txt,0.000279,60441157.0
2512,9,gcp,europe-west1,2048,MB,europe-west1,gcp,download,/function/fit.000003.000016.txt,0.000279,58094064.0
2513,9,gcp,europe-west1,2048,MB,europe-west1,gcp,download,/function/fit.000003.000019.txt,0.000282,71479730.0
2514,9,gcp,europe-west1,2048,MB,europe-west1,gcp,download,/function/fit.000003.000023.txt,0.000281,58942041.0
2515,9,gcp,europe-west1,2048,MB,europe-west1,gcp,download,/function/fit.000003.000024.txt,0.00029,60230124.5
2516,9,gcp,europe-west1,2048,MB,europe-west1,gcp,download,/function/fit.000003.000029.txt,0.000284,69633257.5
2517,9,gcp,europe-west1,2048,MB,europe-west1,gcp,download,/function/fit.000004.000008.txt,0.00029,60997135.0
2518,9,gcp,europe-west1,2048,MB,europe-west1,gcp,download,/function/fit.000004.000010.txt,0.000285,67456757.5
2519,9,gcp,europe-west1,2048,MB,europe-west1,gcp,download,/function/fit.000004.000014.txt,0.000288,53386623.0
2520,9,gcp,europe-west1,2048,MB,europe-west1,gcp,download,/function/fit.000004.000015.txt,0.000288,56593826.5
2521,9,gcp,europe-west1,2048,MB,europe-west1,gcp,download,/function/fit.000004.000016.txt,0.000278,59434035.0
2522,9,gcp,europe-west1,2048,MB,europe-west1,gcp,download,/function/fit.000004.000017.txt,0.000291,60440936.5
2523,9,gcp,europe-west1,2048,MB,europe-west1,gcp,download,/function/fit.000004.000019.txt,0.00028,58240254.0
2524,9,gcp,europe-west1,2048,MB,europe-west1,gcp,download,/function/fit.000004.000020.txt,0.000283,52880404.0
2525,9,gcp,europe-west1,2048,MB,europe-west1,gcp,download,/function/fit.000004.000021.txt,0.000286,53282491.0
2526,9,gcp,europe-west1,2048,MB,europe-west1,gcp,download,/function/fit.000004.000025.txt,0.000285,52657286.0
2527,9,gcp,europe-west1,2048,MB,europe-west1,gcp,download,/function/fit.000004.000027.txt,0.000287,58185060.5
2528,9,gcp,europe-west1,2048,MB,europe-west1,gcp,download,/function/fit.000005.000006.txt,0.000282,56803480.0
2529,9,gcp,europe-west1,2048,MB,europe-west1,gcp,download,/function/fit.000005.000016.txt,0.00028,58553417.5
2530,9,gcp,europe-west1,2048,MB,europe-west1,gcp,download,/function/fit.000005.000019.txt,0.000283,60351439.0
2531,9,gcp,europe-west1,2048,MB,europe-west1,gcp,download,/function/fit.000005.000023.txt,0.000282,56424834.0
2532,9,gcp,europe-west1,2048,MB,europe-west1,gcp,download,/function/fit.000005.000024.txt,0.000282,67398017.0
2533,9,gcp,europe-west1,2048,MB,europe-west1,gcp,download,/function/fit.000005.000029.txt,0.000288,49973204.5
2534,9,gcp,europe-west1,2048,MB,europe-west1,gcp,download,/function/fit.000006.000009.txt,0.000281,60793222.0
2535,9,gcp,europe-west1,2048,MB,europe-west1,gcp,download,/function/fit.000006.000016.txt,0.000282,60605021.5
2536,9,gcp,europe-west1,2048,MB,europe-west1,gcp,download,/function/fit.000006.000019.txt,0.000284,60782941.5
2537,9,gcp,europe-west1,2048,MB,europe-west1,gcp,download,/function/fit.000006.000023.txt,0.000286,60026779.0
2538,9,gcp,europe-west1,2048,MB,europe-west1,gcp,download,/function/fit.000006.000027.txt,0.000277,65337462.5
2539,9,gcp,europe-west1,2048,MB,europe-west1,gcp,download,/function/fit.000007.000008.txt,0.000286,55155307.0
2540,9,gcp,europe-west1,2048,MB,europe-west1,gcp,download,/function/fit.000007.000011.txt,0.000294,58916663.0
2541,9,gcp,europe-west1,2048,MB,europe-west1,gcp,download,/function/fit.000007.000012.txt,0.000291,58682164.5
2542,9,gcp,europe-west1,2048,MB,europe-west1,gcp,download,/function/fit.000007.000013.txt,0.000295,68228165.0
2543,9,gcp,europe-west1,2048,MB,europe-west1,gcp,download,/function/fit.000007.000020.txt,0.000285,55911517.5
2544,9,gcp,europe-west1,2048,MB,europe-west1,gcp,download,/function/fit.000007.000025.txt,0.000285,56236928.5
2545,9,gcp,europe-west1,2048,MB,europe-west1,gcp,download,/function/fit.000007.000026.txt,0.000286,63823755.0
2546,9,gcp,europe-west1,2048,MB,europe-west1,gcp,download,/function/fit.000007.000028.txt,0.000279,65621410.0
2547,9,gcp,europe-west1,2048,MB,europe-west1,gcp,download,/function/fit.000008.000012.txt,0.000285,55208305.5
2548,9,gcp,europe-west1,2048,MB,europe-west1,gcp,download,/function/fit.000008.000013.txt,0.000288,60752004.0
2549,9,gcp,europe-west1,2048,MB,europe-west1,gcp,download,/function/fit.000008.000014.txt,0.000294,58272975.5
2550,9,gcp,europe-west1,2048,MB,europe-west1,gcp,download,/function/fit.000008.000015.txt,0.000291,55254460.5
2551,9,gcp,europe-west1,2048,MB,europe-west1,gcp,download,/function/fit.000008.000017.txt,0.000289,54180859.0
2552,9,gcp,europe-west1,2048,MB,europe-west1,gcp,download,/function/fit.000008.000020.txt,0.000292,54349448.0
2553,9,gcp,europe-west1,2048,MB,europe-west1,gcp,download,/function/fit.000008.000022.txt,0.000291,59552131.5
2554,9,gcp,europe-west1,2048,MB,europe-west1,gcp,download,/function/fit.000008.000025.txt,0.000292,63861677.5
2555,9,gcp,europe-west1,2048,MB,europe-west1,gcp,download,/function/fit.000008.000027.txt,0.000285,61443669.0
2556,9,gcp,europe-west1,2048,MB,europe-west1,gcp,download,/function/fit.000009.000016.txt,0.000275,66996004.5
2557,9,gcp,europe-west1,2048,MB,europe-west1,gcp,download,/function/fit.000009.000019.txt,0.000278,59099383.5
2558,9,gcp,europe-west1,2048,MB,europe-west1,gcp,download,/function/fit.000009.000020.txt,0.000277,57354165.5
2559,9,gcp,europe-west1,2048,MB,europe-west1,gcp,download,/function/fit.000009.000023.txt,0.000284,52415216.0
2560,9,gcp,europe-west1,2048,MB,europe-west1,gcp,download,/function/fit.000009.000026.txt,0.000285,64908794.5
2561,9,gcp,europe-west1,2048,MB,europe-west1,gcp,download,/function/fit.000009.000027.txt,0.000285,58849541.0
2562,9,gcp,europe-west1,2048,MB,europe-west1,gcp,download,/function/fit.000009.000028.txt,0.000288,65426200.5
2563,9,gcp,europe-west1,2048,MB,europe-west1,gcp,download,/function/fit.000010.000015.txt,0.000284,66973474.5
2564,9,gcp,europe-west1,2048,MB,europe-west1,gcp,download,/function/fit.000010.000016.txt,0.000285,55835015.0
2565,9,gcp,europe-west1,2048,MB,europe-west1,gcp,download,/function/fit.000010.000017.txt,0.000287,65214525.5
2566,9,gcp,europe-west1,2048,MB,europe-west1,gcp,download,/function/fit.000010.000018.txt,0.000287,60051866.5
2567,9,gcp,europe-west1,2048,MB,europe-west1,gcp,download,/function/fit.000010.000019.txt,0.000281,52229646.5
2568,9,gcp,europe-west1,2048,MB,europe-west1,gcp,download,/function/fit.000010.000021.txt,0.000288,55637108.0
2569,9,gcp,europe-west1,2048,MB,europe-west1,gcp,download,/function/fit.000010.000024.txt,0.000288,50761085.0
2570,9,gcp,europe-west1,2048,MB,europe-west1,gcp,download,/function/fit.000010.000027.txt,0.000279,59839962.0
2571,9,gcp,europe-west1,2048,MB,europe-west1,gcp,download,/function/fit.000010.000029.txt,0.000283,60080171.0
2572,9,gcp,europe-west1,2048,MB,europe-west1,gcp,download,/function/fit.000010.000030.txt,0.000286,58579441.5
2573,9,gcp,europe-west1,2048,MB,europe-west1,gcp,download,/function/fit.000011.000020.txt,0.000283,65616975.5
2574,9,gcp,europe-west1,2048,MB,europe-west1,gcp,download,/function/fit.000011.000026.txt,0.000282,51822565.5
2575,9,gcp,europe-west1,2048,MB,europe-west1,gcp,download,/function/fit.000011.000028.txt,0.000288,57111511.0
2576,9,gcp,europe-west1,2048,MB,europe-west1,gcp,download,/function/fit.000012.000013.txt,0.000291,61344422.5
2577,9,gcp,europe-west1,2048,MB,europe-west1,gcp,download,/function/fit.000012.000014.txt,0.000287,55886781.0
2578,9,gcp,europe-west1,2048,MB,europe-west1,gcp,download,/function/fit.000012.000020.txt,0.000286,57051890.5
2579,9,gcp,europe-west1,2048,MB,europe-west1,gcp,download,/function/fit.000012.000022.txt,0.000292,59482735.0
2580,9,gcp,europe-west1,2048,MB,europe-west1,gcp,download,/function/fit.000012.000025.txt,0.000289,50461327.5
2581,9,gcp,europe-west1,2048,MB,europe-west1,gcp,download,/function/fit.000012.000026.txt,0.000284,64096451.5
2582,9,gcp,europe-west1,2048,MB,europe-west1,gcp,download,/function/fit.000013.000014.txt,0.000289,54217786.0
2583,9,gcp,europe-west1,2048,MB,europe-west1,gcp,download,/function/fit.000013.000020.txt,0.000285,62062885.0
2584,9,gcp,europe-west1,2048,MB,europe-west1,gcp,download,/function/fit.000013.000022.txt,0.000295,67206505.0
2585,9,gcp,europe-west1,2048,MB,europe-west1,gcp,download,/function/fit.000013.000025.txt,0.00029,53560966.0
2586,9,gcp,europe-west1,2048,MB,europe-west1,gcp,download,/function/fit.000014.000015.txt,0.000283,52707170.5
2587,9,gcp,europe-west1,2048,MB,europe-west1,gcp,download,/function/fit.000014.000017.txt,0.000295,67653704.5
2588,9,gcp,europe-west1,2048,MB,europe-west1,gcp,download,/function/fit.000014.000022.txt,0.000293,49906455.5
2589,9,gcp,europe-west1,2048,MB,europe-west1,gcp,download,/function/fit.000014.000025.txt,0.000292,60348645.0
2590,9,gcp,europe-west1,2048,MB,europe-west1,gcp,download,/function/fit.000015.000016.txt,0.000284,63556596.0
2591,9,gcp,europe-west1,2048,MB,europe-west1,gcp,download,/function/fit.000015.000017.txt,0.00029,70870318.5
2592,9,gcp,europe-west1,2048,MB,europe-west1,gcp,download,/function/fit.000015.000019.txt,0.000285,49848500.5
2593,9,gcp,europe-west1,2048,MB,europe-west1,gcp,download,/function/fit.000015.000020.txt,0.000285,62112571.0
2594,9,gcp,europe-west1,2048,MB,europe-west1,gcp,download,/function/fit.000015.000021.txt,0.000283,64872301.5
2595,9,gcp,europe-west1,2048,MB,europe-west1,gcp,download,/function/fit.000015.000025.txt,0.000287,56297368.0
2596,9,gcp,europe-west1,2048,MB,europe-west1,gcp,download,/function/fit.000015.000026.txt,0.000283,60605642.0
2597,9,gcp,europe-west1,2048,MB,europe-west1,gcp,download,/function/fit.000015.000027.txt,0.000289,59666471.0
2598,9,gcp,europe-west1,2048,MB,europe-west1,gcp,download,/function/fit.000016.000019.txt,0.000283,51884720.5
2599,9,gcp,europe-west1,2048,MB,europe-west1,gcp,download,/function/fit.000016.000021.txt,0.000282,43830471.0
2600,9,gcp,europe-west1,2048,MB,europe-west1,gcp,download,/function/fit.000016.000023.txt,0.000282,59861477.5
2601,9,gcp,europe-west1,2048,MB,europe-west1,gcp,download,/function/fit.000016.000024.txt,0.000279,54474142.5
2602,9,gcp,europe-west1,2048,MB,europe-west1,gcp,download,/function/fit.000016.000027.txt,0.000279,60899609.5
2603,9,gcp,europe-west1,2048,MB,europe-west1,gcp,download,/function/fit.000016.000029.txt,0.000282,55450362.5
2604,9,gcp,europe-west1,2048,MB,europe-west1,gcp,download,/function/fit.000017.000021.txt,0.000288,71253482.0
2605,9,gcp,europe-west1,2048,MB,europe-west1,gcp,download,/function/fit.000017.000025.txt,0.000287,54892584.5
2606,9,gcp,europe-west1,2048,MB,europe-west1,gcp,download,/function/fit.000018.000021.txt,0.000288,57291820.0
2607,9,gcp,europe-west1,2048,MB,europe-west1,gcp,download,/function/fit.000018.000024.txt,0.000286,56074746.0
2608,9,gcp,europe-west1,2048,MB,europe-west1,gcp,download,/function/fit.000018.000029.txt,0.000288,54842822.5
2609,9,gcp,europe-west1,2048,MB,europe-west1,gcp,download,/function/fit.000018.000030.txt,0.000294,48071820.0
2610,9,gcp,europe-west1,2048,MB,europe-west1,gcp,download,/function/fit.000019.000021.txt,0.000288,47269576.5
2611,9,gcp,europe-west1,2048,MB,europe-west1,gcp,download,/function/fit.000019.000023.txt,0.000287,46009058.5
2612,9,gcp,europe-west1,2048,MB,europe-west1,gcp,download,/function/fit.000019.000024.txt,0.000281,71500815.0
2613,9,gcp,europe-west1,2048,MB,europe-west1,gcp,download,/function/fit.000019.000027.txt,0.000279,75446663.0
2614,9,gcp,europe-west1,2048,MB,europe-west1,gcp,download,/function/fit.000019.000029.txt,0.000283,53021878.0
2615,9,gcp,europe-west1,2048,MB,europe-west1,gcp,download,/function/fit.000020.000025.txt,0.000289,56588860.5
2616,9,gcp,europe-west1,2048,MB,europe-west1,gcp,download,/function/fit.000020.000026.txt,0.000286,66491547.0
2617,9,gcp,europe-west1,2048,MB,europe-west1,gcp,download,/function/fit.000020.000027.txt,0.000286,53366251.5
2618,9,gcp,europe-west1,2048,MB,europe-west1,gcp,download,/function/fit.000020.000028.txt,0.000289,61590916.5
2619,9,gcp,europe-west1,2048,MB,europe-west1,gcp,download,/function/fit.000021.000024.txt,0.000285,65485913.5
2620,9,gcp,europe-west1,2048,MB,europe-west1,gcp,download,/function/fit.000021.000027.txt,0.000277,51921494.0
2621,9,gcp,europe-west1,2048,MB,europe-west1,gcp,download,/function/fit.000021.000029.txt,0.000281,63280122.5
2622,9,gcp,europe-west1,2048,MB,europe-west1,gcp,download,/function/fit.000021.000030.txt,0.000284,46334144.0
2623,9,gcp,europe-west1,2048,MB,europe-west1,gcp,download,/function/fit.000022.000025.txt,0.000286,49914616.5
2624,9,gcp,europe-west1,2048,MB,europe-west1,gcp,download,/function/fit.000023.000027.txt,0.00028,54670121.0
2625,9,gcp,europe-west1,2048,MB,europe-west1,gcp,download,/function/fit.000024.000029.txt,0.00029,49441135.5
2626,9,gcp,europe-west1,2048,MB,europe-west1,gcp,download,/function/fit.000024.000030.txt,0.000289,58018379.5
2627,9,gcp,europe-west1,2048,MB,europe-west1,gcp,download,/function/fit.000025.000026.txt,0.00029,43927594.5
2628,9,gcp,europe-west1,2048,MB,europe-west1,gcp,download,/function/fit.000025.000027.txt,0.000282,56401326.5
2629,9,gcp,europe-west1,2048,MB,europe-west1,gcp,download,/function/fit.000026.000027.txt,0.000283,41998241.0
2630,9,gcp,europe-west1,2048,MB,europe-west1,gcp,download,/function/fit.000026.000028.txt,0.00029,42296811.5
2631,9,gcp,europe-west1,2048,MB,europe-west1,gcp,download,/function/fit.000027.000028.txt,0.000278,65624379.5
2632,9,gcp,europe-west1,2048,MB,europe-west1,gcp,download,/function/fit.000029.000030.txt,0.000283,46705977.0
2633,9,gcp,europe-west1,2048,MB,europe-west1,gcp,download,/function/mConcatFit,0.048384,45987394.5
2634,9,gcp,europe-west1,2048,MB,europe-west1,gcp,download,/function/statfile.tbl,0.005863,43638146.5
2635,9,gcp,europe-west1,2048,MB,europe-west1,gcp,upload,/function/fits.tbl,0.029537,52190245.5
2636,10,gcp,europe-west1,1024,MB,europe-west1,gcp,download,/function/fits.tbl,0.029537,55786094.5
2637,10,gcp,europe-west1,1024,MB,europe-west1,gcp,download,/function/mBgModel,0.078616,122159421.0
2638,10,gcp,europe-west1,1024,MB,europe-west1,gcp,download,/function/pimages.tbl,0.00511,75391604.0
2639,10,gcp,europe-west1,1024,MB,europe-west1,gcp,upload,/function/corrections.tbl,0.001706,92347537.5
2640,11,gcp,europe-west1,1024,MB,europe-west1,gcp,download,/function/pimages.tbl,0.00511,117431931.5
2641,11,gcp,europe-west1,1024,MB,europe-west1,gcp,upload,/function/modpimages.tbl,0.00575,66118463.5
2642,13,gcp,europe-west1,1024,MB,europe-west1,gcp,download,/function/corrections.tbl,0.001706,49557912.5
2643,13,gcp,europe-west1,1024,MB,europe-west1,gcp,download,/function/mBackground,5.373736,158316464.5
2644,13,gcp,europe-west1,1024,MB,europe-west1,gcp,download,/function/modpimages.tbl,0.00575,49170450.0
2645,13,gcp,europe-west1,1024,MB,europe-west1,gcp,download,/function/p2mass-atlas-001020s-k0860033.fits,4.14432,214167572.0
2646,13,gcp,europe-west1,1024,MB,europe-west1,gcp,download,/function/p2mass-atlas-001020s-k0860033_area.fits,4.14432,656503973.0
2647,13,gcp,europe-west1,1024,MB,europe-west1,gcp,download,/function/p2mass-atlas-001020s-k0860044.fits,4.14432,179277967.0
2648,13,gcp,europe-west1,1024,MB,europe-west1,gcp,download,/function/p2mass-atlas-001020s-k0860044_area.fits,4.14432,179919870.5
2649,13,gcp,europe-west1,1024,MB,europe-west1,gcp,download,/function/p2mass-atlas-001020s-k0860056.fits,4.14432,345441822.5
2650,13,gcp,europe-west1,1024,MB,europe-west1,gcp,download,/function/p2mass-atlas-001020s-k0860056_area.fits,4.14432,181422654.5
2651,13,gcp,europe-west1,1024,MB,europe-west1,gcp,download,/function/p2mass-atlas-001020s-k0870221.fits,4.13568,240898158.0
2652,13,gcp,europe-west1,1024,MB,europe-west1,gcp,download,/function/p2mass-atlas-001020s-k0870221_area.fits,4.13568,150640230.5
2653,13,gcp,europe-west1,1024,MB,europe-west1,gcp,download,/function/p2mass-atlas-001020s-k0870233.fits,4.13568,181267257.0
2654,13,gcp,europe-west1,1024,MB,europe-west1,gcp,download,/function/p2mass-atlas-001020s-k0870233_area.fits,4.13568,148352429.5
2655,13,gcp,europe-west1,1024,MB,europe-west1,gcp,download,/function/p2mass-atlas-001020s-k0870245.fits,4.13568,191388853.0
2656,13,gcp,europe-west1,1024,MB,europe-west1,gcp,download,/function/p2mass-atlas-001020s-k0870245_area.fits,4.13568,136580645.5
2657,13,gcp,europe-west1,1024,MB,europe-west1,gcp,download,/function/p2mass-atlas-001021s-k0490221.fits,4.13568,263423239.0
2658,13,gcp,europe-west1,1024,MB,europe-west1,gcp,download,/function/p2mass-atlas-001021s-k0490221_area.fits,4.13568,179332767.0
2659,13,gcp,europe-west1,1024,MB,europe-west1,gcp,download,/function/p2mass-atlas-001021s-k0490233.fits,4.13568,284555332.0
2660,13,gcp,europe-west1,1024,MB,europe-west1,gcp,download,/function/p2mass-atlas-001021s-k0490233_area.fits,4.13568,155724338.0
2661,13,gcp,europe-west1,1024,MB,europe-west1,gcp,download,/function/p2mass-atlas-001021s-k0490245.fits,4.14432,195911346.5
2662,13,gcp,europe-west1,1024,MB,europe-west1,gcp,download,/function/p2mass-atlas-001021s-k0490245_area.fits,4.14432,178418689.0
2663,13,gcp,europe-west1,1024,MB,europe-west1,gcp,download,/function/p2mass-atlas-001021s-k0560033.fits,4.15296,257772168.0
2664,13,gcp,europe-west1,1024,MB,europe-west1,gcp,download,/function/p2mass-atlas-001021s-k0560033_area.fits,4.15296,143231757.0
2665,13,gcp,europe-west1,1024,MB,europe-west1,gcp,download,/function/p2mass-atlas-001021s-k0560044.fits,4.14432,202107203.0
2666,13,gcp,europe-west1,1024,MB,europe-west1,gcp,download,/function/p2mass-atlas-001021s-k0560044_area.fits,4.14432,153219881.5
2667,13,gcp,europe-west1,1024,MB,europe-west1,gcp,download,/function/p2mass-atlas-001021s-k0560056.fits,4.13568,174379045.0
2668,13,gcp,europe-west1,1024,MB,europe-west1,gcp,download,/function/p2mass-atlas-001021s-k0560056_area.fits,4.13568,181973551.5
2669,13,gcp,europe-west1,1024,MB,europe-west1,gcp,download,/function/p2mass-atlas-001021s-k0570221.fits,4.14432,192046869.5
2670,13,gcp,europe-west1,1024,MB,europe-west1,gcp,download,/function/p2mass-atlas-001021s-k0570221_area.fits,4.14432,139591259.0
2671,13,gcp,europe-west1,1024,MB,europe-west1,gcp,download,/function/p2mass-atlas-001021s-k0570233.fits,4.13568,177207626.5
2672,13,gcp,europe-west1,1024,MB,europe-west1,gcp,download,/function/p2mass-atlas-001021s-k0570233_area.fits,4.13568,154777295.5
2673,13,gcp,europe-west1,1024,MB,europe-west1,gcp,download,/function/p2mass-atlas-001021s-k0570245.fits,4.14432,182552614.5
2674,13,gcp,europe-west1,1024,MB,europe-west1,gcp,download,/function/p2mass-atlas-001021s-k0570245_area.fits,4.14432,120757399.0
2675,13,gcp,europe-west1,1024,MB,europe-west1,gcp,download,/function/p2mass-atlas-980914s-k0800033.fits,4.14432,171393253.0
2676,13,gcp,europe-west1,1024,MB,europe-west1,gcp,download,/function/p2mass-atlas-980914s-k0800033_area.fits,4.14432,175881072.0
2677,13,gcp,europe-west1,1024,MB,europe-west1,gcp,download,/function/p2mass-atlas-980914s-k0800044.fits,4.14432,138453266.5
2678,13,gcp,europe-west1,1024,MB,europe-west1,gcp,download,/function/p2mass-atlas-980914s-k0800044_area.fits,4.14432,165713427.5
2679,13,gcp,europe-west1,1024,MB,europe-west1,gcp,download,/function/p2mass-atlas-980914s-k0800056.fits,4.14432,169618915.0
2680,13,gcp,europe-west1,1024,MB,europe-west1,gcp,download,/function/p2mass-atlas-980914s-k0800056_area.fits,4.14432,161650487.0
2681,13,gcp,europe-west1,1024,MB,europe-west1,gcp,download,/function/p2mass-atlas-980914s-k0810221.fits,4.14432,242260826.5
2682,13,gcp,europe-west1,1024,MB,europe-west1,gcp,download,/function/p2mass-atlas-980914s-k0810221_area.fits,4.14432,147988203.0
2683,13,gcp,europe-west1,1024,MB,europe-west1,gcp,download,/function/p2mass-atlas-980914s-k0810233.fits,4.14432,202722614.5
2684,13,gcp,europe-west1,1024,MB,europe-west1,gcp,download,/function/p2mass-atlas-980914s-k0810233_area.fits,4.14432,116017078.0
2685,13,gcp,europe-west1,1024,MB,europe-west1,gcp,download,/function/p2mass-atlas-980914s-k0810245.fits,4.14432,171981547.5
2686,13,gcp,europe-west1,1024,MB,europe-west1,gcp,download,/function/p2mass-atlas-980914s-k0810245_area.fits,4.14432,135531632.0
2687,13,gcp,europe-west1,1024,MB,europe-west1,gcp,download,/function/p2mass-atlas-980914s-k0820033.fits,4.14432,183028561.0
2688,13,gcp,europe-west1,1024,MB,europe-west1,gcp,download,/function/p2mass-atlas-980914s-k0820033_area.fits,4.14432,160922882.0
2689,13,gcp,europe-west1,1024,MB,europe-west1,gcp,download,/function/p2mass-atlas-980914s-k0820044.fits,4.14432,187483772.0
2690,13,gcp,europe-west1,1024,MB,europe-west1,gcp,download,/function/p2mass-atlas-980914s-k0820044_area.fits,4.14432,166525430.5
2691,13,gcp,europe-west1,1024,MB,europe-west1,gcp,download,/function/p2mass-atlas-980914s-k0820056.fits,4.13568,191824768.0
2692,13,gcp,europe-west1,1024,MB,europe-west1,gcp,download,/function/p2mass-atlas-980914s-k0820056_area.fits,4.13568,138622439.0
2693,13,gcp,europe-west1,1024,MB,europe-west1,gcp,download,/function/p2mass-atlas-980914s-k0830221.fits,4.14432,179796116.5
2694,13,gcp,europe-west1,1024,MB,europe-west1,gcp,download,/function/p2mass-atlas-980914s-k0830221_area.fits,4.14432,174571719.0
2695,13,gcp,europe-west1,1024,MB,europe-west1,gcp,download,/function/p2mass-atlas-980914s-k0830233.fits,4.14432,150235610.5
2696,13,gcp,europe-west1,1024,MB,europe-west1,gcp,download,/function/p2mass-atlas-980914s-k0830233_area.fits,4.14432,153076909.0
2697,13,gcp,europe-west1,1024,MB,europe-west1,gcp,download,/function/p2mass-atlas-980914s-k0830245.fits,4.14432,175542954.0
2698,13,gcp,europe-west1,1024,MB,europe-west1,gcp,download,/function/p2mass-atlas-980914s-k0830245_area.fits,4.14432,111001882.5
2699,13,gcp,europe-west1,1024,MB,europe-west1,gcp,download,/function/p2mass-atlas-980914s-k0840033.fits,4.14432,192376053.0
2700,13,gcp,europe-west1,1024,MB,europe-west1,gcp,download,/function/p2mass-atlas-980914s-k0840033_area.fits,4.14432,189106053.5
2701,13,gcp,europe-west1,1024,MB,europe-west1,gcp,download,/function/p2mass-atlas-980914s-k0840044.fits,4.14432,139244535.0
2702,13,gcp,europe-west1,1024,MB,europe-west1,gcp,download,/function/p2mass-atlas-980914s-k0840044_area.fits,4.14432,197722032.0
2703,13,gcp,europe-west1,1024,MB,europe-west1,gcp,download,/function/p2mass-atlas-980914s-k0840056.fits,4.14432,203787335.5
2704,13,gcp,europe-west1,1024,MB,europe-west1,gcp,download,/function/p2mass-atlas-980914s-k0840056_area.fits,4.14432,136582018.5
2705,13,gcp,europe-west1,1024,MB,europe-west1,gcp,upload,/function/corrected/p2mass-atlas-001020s-k0860033_corrected.fits,4.14432,1378739718.5
2706,13,gcp,europe-west1,1024,MB,europe-west1,gcp,upload,/function/corrected/p2mass-atlas-001020s-k0860033_corrected_area.fits,4.14432,265194929.0
2707,13,gcp,europe-west1,1024,MB,europe-west1,gcp,upload,/function/corrected/p2mass-atlas-001020s-k0860044_corrected.fits,4.14432,1818778859.0
2708,13,gcp,europe-west1,1024,MB,europe-west1,gcp,upload,/function/corrected/p2mass-atlas-001020s-k0860044_corrected_area.fits,4.14432,270589281.0
2709,13,gcp,europe-west1,1024,MB,europe-west1,gcp,upload,/function/corrected/p2mass-atlas-001020s-k0860056_corrected.fits,4.14432,1733823098.5
2710,13,gcp,europe-west1,1024,MB,europe-west1,gcp,upload,/function/corrected/p2mass-atlas-001020s-k0860056_corrected_area.fits,4.14432,154253105.5
2711,13,gcp,europe-west1,1024,MB,europe-west1,gcp,upload,/function/corrected/p2mass-atlas-001020s-k0870221_corrected.fits,4.13568,1780332791.5
2712,13,gcp,europe-west1,1024,MB,europe-west1,gcp,upload,/function/corrected/p2mass-atlas-001020s-k0870221_corrected_area.fits,4.13568,276531030.0
2713,13,gcp,europe-west1,1024,MB,europe-west1,gcp,upload,/function/corrected/p2mass-atlas-001020s-k0870233_corrected.fits,4.13568,1875336875.0
2714,13,gcp,europe-west1,1024,MB,europe-west1,gcp,upload,/function/corrected/p2mass-atlas-001020s-k0870233_corrected_area.fits,4.13568,284470846.5
2715,13,gcp,europe-west1,1024,MB,europe-west1,gcp,upload,/function/corrected/p2mass-atlas-001020s-k0870245_corrected.fits,4.13568,1831703956.5
2716,13,gcp,europe-west1,1024,MB,europe-west1,gcp,upload,/function/corrected/p2mass-atlas-001020s-k0870245_corrected_area.fits,4.13568,256664904.5
2717,13,gcp,europe-west1,1024,MB,europe-west1,gcp,upload,/function/corrected/p2mass-atlas-001021s-k0490221_corrected.fits,4.13568,1840924357.0
2718,13,gcp,europe-west1,1024,MB,europe-west1,gcp,upload,/function/corrected/p2mass-atlas-001021s-k0490221_corrected_area.fits,4.13568,324390859.0
2719,13,gcp,europe-west1,1024,MB,europe-west1,gcp,upload,/function/corrected/p2mass-atlas-001021s-k0490233_corrected.fits,4.13568,1873622582.5
2720,13,gcp,europe-west1,1024,MB,europe-west1,gcp,upload,/function/corrected/p2mass-atlas-001021s-k0490233_corrected_area.fits,4.13568,279663858.0
2721,13,gcp,europe-west1,1024,MB,europe-west1,gcp,upload,/function/corrected/p2mass-atlas-001021s-k0490245_corrected.fits,4.14432,1809508368.5
2722,13,gcp,europe-west1,1024,MB,europe-west1,gcp,upload,/function/corrected/p2mass-atlas-001021s-k0490245_corrected_area.fits,4.14432,326829432.5
2723,13,gcp,europe-west1,1024,MB,europe-west1,gcp,upload,/function/corrected/p2mass-atlas-001021s-k0560033_corrected.fits,4.15296,1829191853.5
2724,13,gcp,europe-west1,1024,MB,europe-west1,gcp,upload,/function/corrected/p2mass-atlas-001021s-k0560033_corrected_area.fits,4.15296,269107950.0
2725,13,gcp,europe-west1,1024,MB,europe-west1,gcp,upload,/function/corrected/p2mass-atlas-001021s-k0560044_corrected.fits,4.14432,1782987952.0
2726,13,gcp,europe-west1,1024,MB,europe-west1,gcp,upload,/function/corrected/p2mass-atlas-001021s-k0560044_corrected_area.fits,4.14432,358165603.5
2727,13,gcp,europe-west1,1024,MB,europe-west1,gcp,upload,/function/corrected/p2mass-atlas-001021s-k0560056_corrected.fits,4.13568,1775635621.0
2728,13,gcp,europe-west1,1024,MB,europe-west1,gcp,upload,/function/corrected/p2mass-atlas-001021s-k0560056_corrected_area.fits,4.13568,368180420.0
2729,13,gcp,europe-west1,1024,MB,europe-west1,gcp,upload,/function/corrected/p2mass-atlas-001021s-k0570221_corrected.fits,4.14432,1868308153.5
2730,13,gcp,europe-west1,1024,MB,europe-west1,gcp,upload,/function/corrected/p2mass-atlas-001021s-k0570221_corrected_area.fits,4.14432,299793166.0
2731,13,gcp,europe-west1,1024,MB,europe-west1,gcp,upload,/function/corrected/p2mass-atlas-001021s-k0570233_corrected.fits,4.13568,1787435251.5
2732,13,gcp,europe-west1,1024,MB,europe-west1,gcp,upload,/function/corrected/p2mass-atlas-001021s-k0570233_corrected_area.fits,4.13568,334222704.0
2733,13,gcp,europe-west1,1024,MB,europe-west1,gcp,upload,/function/corrected/p2mass-atlas-001021s-k0570245_corrected.fits,4.14432,1853429574.0
2734,13,gcp,europe-west1,1024,MB,europe-west1,gcp,upload,/function/corrected/p2mass-atlas-001021s-k0570245_corrected_area.fits,4.14432,276863954.0
2735,13,gcp,europe-west1,1024,MB,europe-west1,gcp,upload,/function/corrected/p2mass-atlas-980914s-k0800033_corrected.fits,4.14432,1793663239.0
2736,13,gcp,europe-west1,1024,MB,europe-west1,gcp,upload,/function/corrected/p2mass-atlas-980914s-k0800033_corrected_area.fits,4.14432,188004602.0
2737,13,gcp,europe-west1,1024,MB,europe-west1,gcp,upload,/function/corrected/p2mass-atlas-980914s-k0800044_corrected.fits,4.14432,1772187862.5
2738,13,gcp,europe-west1,1024,MB,europe-west1,gcp,upload,/function/corrected/p2mass-atlas-980914s-k0800044_corrected_area.fits,4.14432,258716834.5
2739,13,gcp,europe-west1,1024,MB,europe-west1,gcp,upload,/function/corrected/p2mass-atlas-980914s-k0800056_corrected.fits,4.14432,1422270381.0
2740,13,gcp,europe-west1,1024,MB,europe-west1,gcp,upload,/function/corrected/p2mass-atlas-980914s-k0800056_corrected_area.fits,4.14432,206547674.5
2741,13,gcp,europe-west1,1024,MB,europe-west1,gcp,upload,/function/corrected/p2mass-atlas-980914s-k0810221_corrected.fits,4.14432,1145544888.0
2742,13,gcp,europe-west1,1024,MB,europe-west1,gcp,upload,/function/corrected/p2mass-atlas-980914s-k0810221_corrected_area.fits,4.14432,208584085.5
2743,13,gcp,europe-west1,1024,MB,europe-west1,gcp,upload,/function/corrected/p2mass-atlas-980914s-k0810233_corrected.fits,4.14432,1207627142.5
2744,13,gcp,europe-west1,1024,MB,europe-west1,gcp,upload,/function/corrected/p2mass-atlas-980914s-k0810233_corrected_area.fits,4.14432,206258293.5
2745,13,gcp,europe-west1,1024,MB,europe-west1,gcp,upload,/function/corrected/p2mass-atlas-980914s-k0810245_corrected.fits,4.14432,2133305061.5
2746,13,gcp,europe-west1,1024,MB,europe-west1,gcp,upload,/function/corrected/p2mass-atlas-980914s-k0810245_corrected_area.fits,4.14432,293209270.5
2747,13,gcp,europe-west1,1024,MB,europe-west1,gcp,upload,/function/corrected/p2mass-atlas-980914s-k0820033_corrected.fits,4.14432,1805878916.0
2748,13,gcp,europe-west1,1024,MB,europe-west1,gcp,upload,/function/corrected/p2mass-atlas-980914s-k0820033_corrected_area.fits,4.14432,197259805.5
2749,13,gcp,europe-west1,1024,MB,europe-west1,gcp,upload,/function/corrected/p2mass-atlas-980914s-k0820044_corrected.fits,4.14432,1841043377.0
2750,13,gcp,europe-west1,1024,MB,europe-west1,gcp,upload,/function/corrected/p2mass-atlas-980914s-k0820044_corrected_area.fits,4.14432,216190160.0
2751,13,gcp,europe-west1,1024,MB,europe-west1,gcp,upload,/function/corrected/p2mass-atlas-980914s-k0820056_corrected.fits,4.13568,1807801708.5
2752,13,gcp,europe-west1,1024,MB,europe-west1,gcp,upload,/function/corrected/p2mass-atlas-980914s-k0820056_corrected_area.fits,4.13568,205136617.5
2753,13,gcp,europe-west1,1024,MB,europe-west1,gcp,upload,/function/corrected/p2mass-atlas-980914s-k0830221_corrected.fits,4.14432,1782786952.0
2754,13,gcp,europe-west1,1024,MB,europe-west1,gcp,upload,/function/corrected/p2mass-atlas-980914s-k0830221_corrected_area.fits,4.14432,203615031.5
2755,13,gcp,europe-west1,1024,MB,europe-west1,gcp,upload,/function/corrected/p2mass-atlas-980914s-k0830233_corrected.fits,4.14432,1797528618.5
2756,13,gcp,europe-west1,1024,MB,europe-west1,gcp,upload,/function/corrected/p2mass-atlas-980914s-k0830233_corrected_area.fits,4.14432,197653429.0
2757,13,gcp,europe-west1,1024,MB,europe-west1,gcp,upload,/function/corrected/p2mass-atlas-980914s-k0830245_corrected.fits,4.14432,1859628888.5
2758,13,gcp,europe-west1,1024,MB,europe-west1,gcp,upload,/function/corrected/p2mass-atlas-980914s-k0830245_corrected_area.fits,4.14432,199900762.0
2759,13,gcp,europe-west1,1024,MB,europe-west1,gcp,upload,/function/corrected/p2mass-atlas-980914s-k0840033_corrected.fits,4.14432,1968568006.5
2760,13,gcp,europe-west1,1024,MB,europe-west1,gcp,upload,/function/corrected/p2mass-atlas-980914s-k0840033_corrected_area.fits,4.14432,209564844.5
2761,13,gcp,europe-west1,1024,MB,europe-west1,gcp,upload,/function/corrected/p2mass-atlas-980914s-k0840044_corrected.fits,4.14432,1895254596.5
2762,13,gcp,europe-west1,1024,MB,europe-west1,gcp,upload,/function/corrected/p2mass-atlas-980914s-k0840044_corrected_area.fits,4.14432,275538960.0
2763,13,gcp,europe-west1,1024,MB,europe-west1,gcp,upload,/function/corrected/p2mass-atlas-980914s-k0840056_corrected.fits,4.14432,1969085421.0
2764,13,gcp,europe-west1,1024,MB,europe-west1,gcp,upload,/function/corrected/p2mass-atlas-980914s-k0840056_corrected_area.fits,4.14432,247968514.0
2765,14,gcp,europe-west1,1024,MB,europe-west1,gcp,download,/function/cimages.tbl,0.00511,61791724.5
2766,14,gcp,europe-west1,1024,MB,europe-west1,gcp,download,/function/corrected/p2mass-atlas-001020s-k0860033_corrected.fits,4.14432,171034616.0
2767,14,gcp,europe-west1,1024,MB,europe-west1,gcp,download,/function/corrected/p2mass-atlas-001020s-k0860044_corrected.fits,4.14432,176536422.5
2768,14,gcp,europe-west1,1024,MB,europe-west1,gcp,download,/function/corrected/p2mass-atlas-001020s-k0860056_corrected.fits,4.14432,128147815.5
2769,14,gcp,europe-west1,1024,MB,europe-west1,gcp,download,/function/corrected/p2mass-atlas-001020s-k0870221_corrected.fits,4.13568,167501400.0
2770,14,gcp,europe-west1,1024,MB,europe-west1,gcp,download,/function/corrected/p2mass-atlas-001020s-k0870233_corrected.fits,4.13568,190620039.5
2771,14,gcp,europe-west1,1024,MB,europe-west1,gcp,download,/function/corrected/p2mass-atlas-001020s-k0870245_corrected.fits,4.13568,165266973.0
2772,14,gcp,europe-west1,1024,MB,europe-west1,gcp,download,/function/corrected/p2mass-atlas-001021s-k0490221_corrected.fits,4.13568,178222301.0
2773,14,gcp,europe-west1,1024,MB,europe-west1,gcp,download,/function/corrected/p2mass-atlas-001021s-k0490233_corrected.fits,4.13568,162800861.0
2774,14,gcp,europe-west1,1024,MB,europe-west1,gcp,download,/function/corrected/p2mass-atlas-001021s-k0490245_corrected.fits,4.14432,144392398.5
2775,14,gcp,europe-west1,1024,MB,europe-west1,gcp,download,/function/corrected/p2mass-atlas-001021s-k0560033_corrected.fits,4.15296,140850984.5
2776,14,gcp,europe-west1,1024,MB,europe-west1,gcp,download,/function/corrected/p2mass-atlas-001021s-k0560044_corrected.fits,4.14432,137515555.5
2777,14,gcp,europe-west1,1024,MB,europe-west1,gcp,download,/function/corrected/p2mass-atlas-001021s-k0560056_corrected.fits,4.13568,142297838.0
2778,14,gcp,europe-west1,1024,MB,europe-west1,gcp,download,/function/corrected/p2mass-atlas-001021s-k0570221_corrected.fits,4.14432,130703194.0
2779,14,gcp,europe-west1,1024,MB,europe-west1,gcp,download,/function/corrected/p2mass-atlas-001021s-k0570233_corrected.fits,4.13568,168123028.5
2780,14,gcp,europe-west1,1024,MB,europe-west1,gcp,download,/function/corrected/p2mass-atlas-001021s-k0570245_corrected.fits,4.14432,134067463.5
2781,14,gcp,europe-west1,1024,MB,europe-west1,gcp,download,/function/corrected/p2mass-atlas-980914s-k0800033_corrected.fits,4.14432,161589339.5
2782,14,gcp,europe-west1,1024,MB,europe-west1,gcp,download,/function/corrected/p2mass-atlas-980914s-k0800044_corrected.fits,4.14432,175833389.0
2783,14,gcp,europe-west1,1024,MB,europe-west1,gcp,download,/function/corrected/p2mass-atlas-980914s-k0800056_corrected.fits,4.14432,169043694.5
2784,14,gcp,europe-west1,1024,MB,europe-west1,gcp,download,/function/corrected/p2mass-atlas-980914s-k0810221_corrected.fits,4.14432,175139770.0
2785,14,gcp,europe-west1,1024,MB,europe-west1,gcp,download,/function/corrected/p2mass-atlas-980914s-k0810233_corrected.fits,4.14432,121177532.0
2786,14,gcp,europe-west1,1024,MB,europe-west1,gcp,download,/function/corrected/p2mass-atlas-980914s-k0810245_corrected.fits,4.14432,121671920.0
2787,14,gcp,europe-west1,1024,MB,europe-west1,gcp,download,/function/corrected/p2mass-atlas-980914s-k0820033_corrected.fits,4.14432,157865413.0
2788,14,gcp,europe-west1,1024,MB,europe-west1,gcp,download,/function/corrected/p2mass-atlas-980914s-k0820044_corrected.fits,4.14432,107714274.0
2789,14,gcp,europe-west1,1024,MB,europe-west1,gcp,download,/function/corrected/p2mass-atlas-980914s-k0820056_corrected.fits,4.13568,127941005.5
2790,14,gcp,europe-west1,1024,MB,europe-west1,gcp,download,/function/corrected/p2mass-atlas-980914s-k0830221_corrected.fits,4.14432,144347787.0
2791,14,gcp,europe-west1,1024,MB,europe-west1,gcp,download,/function/corrected/p2mass-atlas-980914s-k0830233_corrected.fits,4.14432,133228556.5
2792,14,gcp,europe-west1,1024,MB,europe-west1,gcp,download,/function/corrected/p2mass-atlas-980914s-k0830245_corrected.fits,4.14432,160326507.0
2793,14,gcp,europe-west1,1024,MB,europe-west1,gcp,download,/function/corrected/p2mass-atlas-980914s-k0840033_corrected.fits,4.14432,131650508.0
2794,14,gcp,europe-west1,1024,MB,europe-west1,gcp,download,/function/corrected/p2mass-atlas-980914s-k0840044_corrected.fits,4.14432,228635618.5
2795,14,gcp,europe-west1,1024,MB,europe-west1,gcp,download,/function/corrected/p2mass-atlas-980914s-k0840056_corrected.fits,4.14432,161183314.0
2796,14,gcp,europe-west1,1024,MB,europe-west1,gcp,download,/function/mImgtbl,5.496352,153013870.0
2797,14,gcp,europe-west1,1024,MB,europe-west1,gcp,upload,/function/cimages.tbl,0.015252,51308601.5
2798,15,gcp,europe-west1,1024,MB,europe-west1,gcp,download,/function/cimages.tbl,0.015252,60929303.0
2799,15,gcp,europe-west1,1024,MB,europe-west1,gcp,download,/function/corrected/p2mass-atlas-001020s-k0860033_corrected.fits,4.14432,144476599.0
2800,15,gcp,europe-west1,1024,MB,europe-west1,gcp,download,/function/corrected/p2mass-atlas-001020s-k0860033_corrected_area.fits,4.14432,116515131.5
2801,15,gcp,europe-west1,1024,MB,europe-west1,gcp,download,/function/corrected/p2mass-atlas-001020s-k0860044_corrected.fits,4.14432,126324714.5
2802,15,gcp,europe-west1,1024,MB,europe-west1,gcp,download,/function/corrected/p2mass-atlas-001020s-k0860044_corrected_area.fits,4.14432,130511298.5
2803,15,gcp,europe-west1,1024,MB,europe-west1,gcp,download,/function/corrected/p2mass-atlas-001020s-k0860056_corrected.fits,4.14432,124286227.5
2804,15,gcp,europe-west1,1024,MB,europe-west1,gcp,download,/function/corrected/p2mass-atlas-001020s-k0860056_corrected_area.fits,4.14432,110368852.5
2805,15,gcp,europe-west1,1024,MB,europe-west1,gcp,download,/function/corrected/p2mass-atlas-001020s-k0870221_corrected.fits,4.13568,242785870.5
2806,15,gcp,europe-west1,1024,MB,europe-west1,gcp,download,/function/corrected/p2mass-atlas-001020s-k0870221_corrected_area.fits,4.13568,134830993.0
2807,15,gcp,europe-west1,1024,MB,europe-west1,gcp,download,/function/corrected/p2mass-atlas-001020s-k0870233_corrected.fits,4.13568,177424598.0
2808,15,gcp,europe-west1,1024,MB,europe-west1,gcp,download,/function/corrected/p2mass-atlas-001020s-k0870233_corrected_area.fits,4.13568,116578727.5
2809,15,gcp,europe-west1,1024,MB,europe-west1,gcp,download,/function/corrected/p2mass-atlas-001020s-k0870245_corrected.fits,4.13568,135267079.0
2810,15,gcp,europe-west1,1024,MB,europe-west1,gcp,download,/function/corrected/p2mass-atlas-001020s-k0870245_corrected_area.fits,4.13568,113807740.0
2811,15,gcp,europe-west1,1024,MB,europe-west1,gcp,download,/function/corrected/p2mass-atlas-001021s-k0490221_corrected.fits,4.13568,139646344.5
2812,15,gcp,europe-west1,1024,MB,europe-west1,gcp,download,/function/corrected/p2mass-atlas-001021s-k0490221_corrected_area.fits,4.13568,119170047.5
2813,15,gcp,europe-west1,1024,MB,europe-west1,gcp,download,/function/corrected/p2mass-atlas-001021s-k0490233_corrected.fits,4.13568,155962799.0
2814,15,gcp,europe-west1,1024,MB,europe-west1,gcp,download,/function/corrected/p2mass-atlas-001021s-k0490233_corrected_area.fits,4.13568,141651965.5
2815,15,gcp,europe-west1,1024,MB,europe-west1,gcp,download,/function/corrected/p2mass-atlas-001021s-k0490245_corrected.fits,4.14432,135991141.0
2816,15,gcp,europe-west1,1024,MB,europe-west1,gcp,download,/function/corrected/p2mass-atlas-001021s-k0490245_corrected_area.fits,4.14432,118387711.5
2817,15,gcp,europe-west1,1024,MB,europe-west1,gcp,download,/function/corrected/p2mass-atlas-001021s-k0560033_corrected.fits,4.15296,164866883.5
2818,15,gcp,europe-west1,1024,MB,europe-west1,gcp,download,/function/corrected/p2mass-atlas-001021s-k0560033_corrected_area.fits,4.15296,126829889.0
2819,15,gcp,europe-west1,1024,MB,europe-west1,gcp,download,/function/corrected/p2mass-atlas-001021s-k0560044_corrected.fits,4.14432,112553034.5
2820,15,gcp,europe-west1,1024,MB,europe-west1,gcp,download,/function/corrected/p2mass-atlas-001021s-k0560044_corrected_area.fits,4.14432,118624775.5
2821,15,gcp,europe-west1,1024,MB,europe-west1,gcp,download,/function/corrected/p2mass-atlas-001021s-k0560056_corrected.fits,4.13568,126216448.0
2822,15,gcp,europe-west1,1024,MB,europe-west1,gcp,download,/function/corrected/p2mass-atlas-001021s-k0560056_corrected_area.fits,4.13568,147141008.5
2823,15,gcp,europe-west1,1024,MB,europe-west1,gcp,download,/function/corrected/p2mass-atlas-001021s-k0570221_corrected.fits,4.14432,131936406.0
2824,15,gcp,europe-west1,1024,MB,europe-west1,gcp,download,/function/corrected/p2mass-atlas-001021s-k0570221_corrected_area.fits,4.14432,125355051.5
2825,15,gcp,europe-west1,1024,MB,europe-west1,gcp,download,/function/corrected/p2mass-atlas-001021s-k0570233_corrected.fits,4.13568,131815671.0
2826,15,gcp,europe-west1,1024,MB,europe-west1,gcp,download,/function/corrected/p2mass-atlas-001021s-k0570233_corrected_area.fits,4.13568,146947212.0
2827,15,gcp,europe-west1,1024,MB,europe-west1,gcp,download,/function/corrected/p2mass-atlas-001021s-k0570245_corrected.fits,4.14432,177481025.5
2828,15,gcp,europe-west1,1024,MB,europe-west1,gcp,download,/function/corrected/p2mass-atlas-001021s-k0570245_corrected_area.fits,4.14432,119799206.0
2829,15,gcp,europe-west1,1024,MB,europe-west1,gcp,download,/function/corrected/p2mass-atlas-980914s-k0800033_corrected.fits,4.14432,127095255.5
2830,15,gcp,europe-west1,1024,MB,europe-west1,gcp,download,/function/corrected/p2mass-atlas-980914s-k0800033_corrected_area.fits,4.14432,114686042.0
2831,15,gcp,europe-west1,1024,MB,europe-west1,gcp,download,/function/corrected/p2mass-atlas-980914s-k0800044_corrected.fits,4.14432,116612060.0
2832,15,gcp,europe-west1,1024,MB,europe-west1,gcp,download,/function/corrected/p2mass-atlas-980914s-k0800044_corrected_area.fits,4.14432,122632158.5
2833,15,gcp,europe-west1,1024,MB,europe-west1,gcp,download,/function/corrected/p2mass-atlas-980914s-k0800056_corrected.fits,4.14432,125472433.5
2834,15,gcp,europe-west1,1024,MB,europe-west1,gcp,download,/function/corrected/p2mass-atlas-980914s-k0800056_corrected_area.fits,4.14432,125425058.5
2835,15,gcp,europe-west1,1024,MB,europe-west1,gcp,download,/function/corrected/p2mass-atlas-980914s-k0810221_corrected.fits,4.14432,128854957.5
2836,15,gcp,europe-west1,1024,MB,europe-west1,gcp,download,/function/corrected/p2mass-atlas-980914s-k0810221_corrected_area.fits,4.14432,115875794.0
2837,15,gcp,europe-west1,1024,MB,europe-west1,gcp,download,/function/corrected/p2mass-atlas-980914s-k0810233_corrected.fits,4.14432,154267233.5
2838,15,gcp,europe-west1,1024,MB,europe-west1,gcp,download,/function/corrected/p2mass-atlas-980914s-k0810233_corrected_area.fits,4.14432,99279391.0
2839,15,gcp,europe-west1,1024,MB,europe-west1,gcp,download,/function/corrected/p2mass-atlas-980914s-k0810245_corrected.fits,4.14432,154235986.5
2840,15,gcp,europe-west1,1024,MB,europe-west1,gcp,download,/function/corrected/p2mass-atlas-980914s-k0810245_corrected_area.fits,4.14432,130990439.0
2841,15,gcp,europe-west1,1024,MB,europe-west1,gcp,download,/function/corrected/p2mass-atlas-980914s-k0820033_corrected.fits,4.14432,126108910.0
2842,15,gcp,europe-west1,1024,MB,europe-west1,gcp,download,/function/corrected/p2mass-atlas-980914s-k0820033_corrected_area.fits,4.14432,109334792.0
2843,15,gcp,europe-west1,1024,MB,europe-west1,gcp,download,/function/corrected/p2mass-atlas-980914s-k0820044_corrected.fits,4.14432,144669451.5
2844,15,gcp,europe-west1,1024,MB,europe-west1,gcp,download,/function/corrected/p2mass-atlas-980914s-k0820044_corrected_area.fits,4.14432,139969052.0
2845,15,gcp,europe-west1,1024,MB,europe-west1,gcp,download,/function/corrected/p2mass-atlas-980914s-k0820056_corrected.fits,4.13568,159196198.5
2846,15,gcp,europe-west1,1024,MB,europe-west1,gcp,download,/function/corrected/p2mass-atlas-980914s-k0820056_corrected_area.fits,4.13568,126525625.5
2847,15,gcp,europe-west1,1024,MB,europe-west1,gcp,download,/function/corrected/p2mass-atlas-980914s-k0830221_corrected.fits,4.14432,129168290.0
2848,15,gcp,europe-west1,1024,MB,europe-west1,gcp,download,/function/corrected/p2mass-atlas-980914s-k0830221_corrected_area.fits,4.14432,108266970.0
2849,15,gcp,europe-west1,1024,MB,europe-west1,gcp,download,/function/corrected/p2mass-atlas-980914s-k0830233_corrected.fits,4.14432,102914255.5
2850,15,gcp,europe-west1,1024,MB,europe-west1,gcp,download,/function/corrected/p2mass-atlas-980914s-k0830233_corrected_area.fits,4.14432,108000787.0
2851,15,gcp,europe-west1,1024,MB,europe-west1,gcp,download,/function/corrected/p2mass-atlas-980914s-k0830245_corrected.fits,4.14432,126735205.5
2852,15,gcp,europe-west1,1024,MB,europe-west1,gcp,download,/function/corrected/p2mass-atlas-980914s-k0830245_corrected_area.fits,4.14432,124656040.5
2853,15,gcp,europe-west1,1024,MB,europe-west1,gcp,download,/function/corrected/p2mass-atlas-980914s-k0840033_corrected.fits,4.14432,149019877.5
2854,15,gcp,europe-west1,1024,MB,europe-west1,gcp,download,/function/corrected/p2mass-atlas-980914s-k0840033_corrected_area.fits,4.14432,106200890.0
2855,15,gcp,europe-west1,1024,MB,europe-west1,gcp,download,/function/corrected/p2mass-atlas-980914s-k0840044_corrected.fits,4.14432,118351580.0
2856,15,gcp,europe-west1,1024,MB,europe-west1,gcp,download,/function/corrected/p2mass-atlas-980914s-k0840044_corrected_area.fits,4.14432,135824510.5
2857,15,gcp,europe-west1,1024,MB,europe-west1,gcp,download,/function/corrected/p2mass-atlas-980914s-k0840056_corrected.fits,4.14432,156225036.5
2858,15,gcp,europe-west1,1024,MB,europe-west1,gcp,download,/function/corrected/p2mass-atlas-980914s-k0840056_corrected_area.fits,4.14432,110796958.5
2859,15,gcp,europe-west1,1024,MB,europe-west1,gcp,download,/function/mAdd,5.411176,166082203.5
2860,15,gcp,europe-west1,1024,MB,europe-west1,gcp,download,/function/region.hdr,0.000277,42422481.0
2861,15,gcp,europe-west1,1024,MB,europe-west1,gcp,upload,/function/mosaic.fits,57.21408,23438219628.0
2862,15,gcp,europe-west1,1024,MB,europe-west1,gcp,upload,/function/mosaic_area.fits,57.21408,1499894117.5
2863,16,gcp,europe-west1,1024,MB,europe-west1,gcp,download,/function/mShrink,5.374048,185942544.0
2864,16,gcp,europe-west1,1024,MB,europe-west1,gcp,download,/function/mosaic.fits,57.21408,1387440127.0
2865,16,gcp,europe-west1,1024,MB,europe-west1,gcp,upload,/function/mosaic_shrinked.fits,25.42176,9629912766.0
2866,17,gcp,europe-west1,1024,MB,europe-west1,gcp,download,/function/mViewer,6.537816,326139869.5
2867,17,gcp,europe-west1,1024,MB,europe-west1,gcp,download,/function/mosaic_shrinked.fits,25.42176,738162946.5
2868,17,gcp,europe-west1,1024,MB,europe-west1,gcp,upload,/function/final.png,2.387093,520560420.5
2869,2,gcp,europe-west1,1024,MB,europe-west1,gcp,download,/function/input/2mass-atlas-001020s-k0860033.fits,1.430932,101485386.0
2870,2,gcp,europe-west1,1024,MB,europe-west1,gcp,download,/function/input/2mass-atlas-001020s-k0860044.fits,1.431122,89420930.0
2871,2,gcp,europe-west1,1024,MB,europe-west1,gcp,download,/function/input/2mass-atlas-001020s-k0860056.fits,1.431548,91031079.0
2872,2,gcp,europe-west1,1024,MB,europe-west1,gcp,download,/function/input/2mass-atlas-001020s-k0870221.fits,1.415237,105926098.5
2873,2,gcp,europe-west1,1024,MB,europe-west1,gcp,download,/function/input/2mass-atlas-001020s-k0870233.fits,1.417782,95493510.5
2874,2,gcp,europe-west1,1024,MB,europe-west1,gcp,download,/function/input/2mass-atlas-001020s-k0870245.fits,1.428497,92841804.0
2875,2,gcp,europe-west1,1024,MB,europe-west1,gcp,download,/function/input/2mass-atlas-001021s-k0490221.fits,1.474539,100125000.0
2876,2,gcp,europe-west1,1024,MB,europe-west1,gcp,download,/function/input/2mass-atlas-001021s-k0490233.fits,1.473388,112452510.0
2877,2,gcp,europe-west1,1024,MB,europe-west1,gcp,download,/function/input/2mass-atlas-001021s-k0490245.fits,1.475153,141084096.0
2878,2,gcp,europe-west1,1024,MB,europe-west1,gcp,download,/function/input/2mass-atlas-001021s-k0560033.fits,1.475337,113670517.0
2879,2,gcp,europe-west1,1024,MB,europe-west1,gcp,download,/function/input/2mass-atlas-001021s-k0560044.fits,1.475774,112530720.5
2880,2,gcp,europe-west1,1024,MB,europe-west1,gcp,download,/function/input/2mass-atlas-001021s-k0560056.fits,1.477972,102681101.0
2881,2,gcp,europe-west1,1024,MB,europe-west1,gcp,download,/function/input/2mass-atlas-001021s-k0570221.fits,1.474794,111827085.0
2882,2,gcp,europe-west1,1024,MB,europe-west1,gcp,download,/function/input/2mass-atlas-001021s-k0570233.fits,1.472843,117027515.0
2883,2,gcp,europe-west1,1024,MB,europe-west1,gcp,download,/function/input/2mass-atlas-001021s-k0570245.fits,1.474299,101655476.0
2884,2,gcp,europe-west1,1024,MB,europe-west1,gcp,download,/function/input/2mass-atlas-980914s-k0800033.fits,1.466856,118779906.5
2885,2,gcp,europe-west1,1024,MB,europe-west1,gcp,download,/function/input/2mass-atlas-980914s-k0800044.fits,1.46705,95115215.0
2886,2,gcp,europe-west1,1024,MB,europe-west1,gcp,download,/function/input/2mass-atlas-980914s-k0800056.fits,1.467462,110026213.0
2887,2,gcp,europe-west1,1024,MB,europe-west1,gcp,download,/function/input/2mass-atlas-980914s-k0810221.fits,1.467205,109004239.0
2888,2,gcp,europe-west1,1024,MB,europe-west1,gcp,download,/function/input/2mass-atlas-980914s-k0810233.fits,1.468091,102753015.0
2889,2,gcp,europe-west1,1024,MB,europe-west1,gcp,download,/function/input/2mass-atlas-980914s-k0810245.fits,1.468524,115474892.5
2890,2,gcp,europe-west1,1024,MB,europe-west1,gcp,download,/function/input/2mass-atlas-980914s-k0820033.fits,1.468069,90877265.5
2891,2,gcp,europe-west1,1024,MB,europe-west1,gcp,download,/function/input/2mass-atlas-980914s-k0820044.fits,1.465354,139915689.0
2892,2,gcp,europe-west1,1024,MB,europe-west1,gcp,download,/function/input/2mass-atlas-980914s-k0820056.fits,1.467195,106190804.0
2893,2,gcp,europe-west1,1024,MB,europe-west1,gcp,download,/function/input/2mass-atlas-980914s-k0830221.fits,1.471563,89317579.0
2894,2,gcp,europe-west1,1024,MB,europe-west1,gcp,download,/function/input/2mass-atlas-980914s-k0830233.fits,1.468954,101368233.0
2895,2,gcp,europe-west1,1024,MB,europe-west1,gcp,download,/function/input/2mass-atlas-980914s-k0830245.fits,1.46679,91840880.0
2896,2,gcp,europe-west1,1024,MB,europe-west1,gcp,download,/function/input/2mass-atlas-980914s-k0840033.fits,1.467584,103416074.0
2897,2,gcp,europe-west1,1024,MB,europe-west1,gcp,download,/function/input/2mass-atlas-980914s-k0840044.fits,1.466204,111174694.5
2898,2,gcp,europe-west1,1024,MB,europe-west1,gcp,download,/function/input/2mass-atlas-980914s-k0840056.fits,1.46731,94588858.0
2899,2,gcp,europe-west1,1024,MB,europe-west1,gcp,download,/function/mProjectPP,5.457288,212571230.0
2900,2,gcp,europe-west1,1024,MB,europe-west1,gcp,download,/function/region.hdr,0.000277,51590380.5
2901,2,gcp,europe-west1,1024,MB,europe-west1,gcp,upload,/function/p2mass-atlas-001020s-k0860033.fits,4.14432,1578021342.0
2902,2,gcp,europe-west1,1024,MB,europe-west1,gcp,upload,/function/p2mass-atlas-001020s-k0860033_area.fits,4.14432,271804147.0
2903,2,gcp,europe-west1,1024,MB,europe-west1,gcp,upload,/function/p2mass-atlas-001020s-k0860044.fits,4.14432,1814869501.5
2904,2,gcp,europe-west1,1024,MB,europe-west1,gcp,upload,/function/p2mass-atlas-001020s-k0860044_area.fits,4.14432,206776685.0
2905,2,gcp,europe-west1,1024,MB,europe-west1,gcp,upload,/function/p2mass-atlas-001020s-k0860056.fits,4.14432,1646208298.5
2906,2,gcp,europe-west1,1024,MB,europe-west1,gcp,upload,/function/p2mass-atlas-001020s-k0860056_area.fits,4.14432,219353193.0
2907,2,gcp,europe-west1,1024,MB,europe-west1,gcp,upload,/function/p2mass-atlas-001020s-k0870221.fits,4.13568,1976665149.5
2908,2,gcp,europe-west1,1024,MB,europe-west1,gcp,upload,/function/p2mass-atlas-001020s-k0870221_area.fits,4.13568,285725337.5
2909,2,gcp,europe-west1,1024,MB,europe-west1,gcp,upload,/function/p2mass-atlas-001020s-k0870233.fits,4.13568,2005941212.0
2910,2,gcp,europe-west1,1024,MB,europe-west1,gcp,upload,/function/p2mass-atlas-001020s-k0870233_area.fits,4.13568,268680292.0
2911,2,gcp,europe-west1,1024,MB,europe-west1,gcp,upload,/function/p2mass-atlas-001020s-k0870245.fits,4.13568,1983717661.5
2912,2,gcp,europe-west1,1024,MB,europe-west1,gcp,upload,/function/p2mass-atlas-001020s-k0870245_area.fits,4.13568,296557416.0
2913,2,gcp,europe-west1,1024,MB,europe-west1,gcp,upload,/function/p2mass-atlas-001021s-k0490221.fits,4.13568,1761739427.5
2914,2,gcp,europe-west1,1024,MB,europe-west1,gcp,upload,/function/p2mass-atlas-001021s-k0490221_area.fits,4.13568,250506956.0
2915,2,gcp,europe-west1,1024,MB,europe-west1,gcp,upload,/function/p2mass-atlas-001021s-k0490233.fits,4.13568,1617333906.0
2916,2,gcp,europe-west1,1024,MB,europe-west1,gcp,upload,/function/p2mass-atlas-001021s-k0490233_area.fits,4.13568,328816487.0
2917,2,gcp,europe-west1,1024,MB,europe-west1,gcp,upload,/function/p2mass-atlas-001021s-k0490245.fits,4.14432,1577032250.5
2918,2,gcp,europe-west1,1024,MB,europe-west1,gcp,upload,/function/p2mass-atlas-001021s-k0490245_area.fits,4.14432,345983395.0
2919,2,gcp,europe-west1,1024,MB,europe-west1,gcp,upload,/function/p2mass-atlas-001021s-k0560033.fits,4.15296,1416417329.5
2920,2,gcp,europe-west1,1024,MB,europe-west1,gcp,upload,/function/p2mass-atlas-001021s-k0560033_area.fits,4.15296,242806809.0
2921,2,gcp,europe-west1,1024,MB,europe-west1,gcp,upload,/function/p2mass-atlas-001021s-k0560044.fits,4.14432,1526170141.5
2922,2,gcp,europe-west1,1024,MB,europe-west1,gcp,upload,/function/p2mass-atlas-001021s-k0560044_area.fits,4.14432,318329421.5
2923,2,gcp,europe-west1,1024,MB,europe-west1,gcp,upload,/function/p2mass-atlas-001021s-k0560056.fits,4.13568,1578008129.5
2924,2,gcp,europe-west1,1024,MB,europe-west1,gcp,upload,/function/p2mass-atlas-001021s-k0560056_area.fits,4.13568,293406881.0
2925,2,gcp,europe-west1,1024,MB,europe-west1,gcp,upload,/function/p2mass-atlas-001021s-k0570221.fits,4.14432,1538083005.5
2926,2,gcp,europe-west1,1024,MB,europe-west1,gcp,upload,/function/p2mass-atlas-001021s-k0570221_area.fits,4.14432,298699786.5
2927,2,gcp,europe-west1,1024,MB,europe-west1,gcp,upload,/function/p2mass-atlas-001021s-k0570233.fits,4.13568,1790887536.5
2928,2,gcp,europe-west1,1024,MB,europe-west1,gcp,upload,/function/p2mass-atlas-001021s-k0570233_area.fits,4.13568,340868283.5
2929,2,gcp,europe-west1,1024,MB,europe-west1,gcp,upload,/function/p2mass-atlas-001021s-k0570245.fits,4.14432,1827957579.0
2930,2,gcp,europe-west1,1024,MB,europe-west1,gcp,upload,/function/p2mass-atlas-001021s-k0570245_area.fits,4.14432,286231052.0
2931,2,gcp,europe-west1,1024,MB,europe-west1,gcp,upload,/function/p2mass-atlas-980914s-k0800033.fits,4.14432,1750189966.5
2932,2,gcp,europe-west1,1024,MB,europe-west1,gcp,upload,/function/p2mass-atlas-980914s-k0800033_area.fits,4.14432,256359215.5
2933,2,gcp,europe-west1,1024,MB,europe-west1,gcp,upload,/function/p2mass-atlas-980914s-k0800044.fits,4.14432,1130971529.0
2934,2,gcp,europe-west1,1024,MB,europe-west1,gcp,upload,/function/p2mass-atlas-980914s-k0800044_area.fits,4.14432,241118950.5
2935,2,gcp,europe-west1,1024,MB,europe-west1,gcp,upload,/function/p2mass-atlas-980914s-k0800056.fits,4.14432,1156558491.5
2936,2,gcp,europe-west1,1024,MB,europe-west1,gcp,upload,/function/p2mass-atlas-980914s-k0800056_area.fits,4.14432,205179535.0
2937,2,gcp,europe-west1,1024,MB,europe-west1,gcp,upload,/function/p2mass-atlas-980914s-k0810221.fits,4.14432,1196472365.0
2938,2,gcp,europe-west1,1024,MB,europe-west1,gcp,upload,/function/p2mass-atlas-980914s-k0810221_area.fits,4.14432,191182131.5
2939,2,gcp,europe-west1,1024,MB,europe-west1,gcp,upload,/function/p2mass-atlas-980914s-k0810233.fits,4.14432,1493882198.0
2940,2,gcp,europe-west1,1024,MB,europe-west1,gcp,upload,/function/p2mass-atlas-980914s-k0810233_area.fits,4.14432,198669307.5
2941,2,gcp,europe-west1,1024,MB,europe-west1,gcp,upload,/function/p2mass-atlas-980914s-k0810245.fits,4.14432,1482655799.5
2942,2,gcp,europe-west1,1024,MB,europe-west1,gcp,upload,/function/p2mass-atlas-980914s-k0810245_area.fits,4.14432,252159991.0
2943,2,gcp,europe-west1,1024,MB,europe-west1,gcp,upload,/function/p2mass-atlas-980914s-k0820033.fits,4.14432,1548541447.5
2944,2,gcp,europe-west1,1024,MB,europe-west1,gcp,upload,/function/p2mass-atlas-980914s-k0820033_area.fits,4.14432,201892804.0
2945,2,gcp,europe-west1,1024,MB,europe-west1,gcp,upload,/function/p2mass-atlas-980914s-k0820044.fits,4.14432,1877821378.5
2946,2,gcp,europe-west1,1024,MB,europe-west1,gcp,upload,/function/p2mass-atlas-980914s-k0820044_area.fits,4.14432,175376685.5
2947,2,gcp,europe-west1,1024,MB,europe-west1,gcp,upload,/function/p2mass-atlas-980914s-k0820056.fits,4.13568,1790709315.5
2948,2,gcp,europe-west1,1024,MB,europe-west1,gcp,upload,/function/p2mass-atlas-980914s-k0820056_area.fits,4.13568,194545720.5
2949,2,gcp,europe-west1,1024,MB,europe-west1,gcp,upload,/function/p2mass-atlas-980914s-k0830221.fits,4.14432,1853460409.5
2950,2,gcp,europe-west1,1024,MB,europe-west1,gcp,upload,/function/p2mass-atlas-980914s-k0830221_area.fits,4.14432,197301591.0
2951,2,gcp,europe-west1,1024,MB,europe-west1,gcp,upload,/function/p2mass-atlas-980914s-k0830233.fits,4.14432,1859829727.5
2952,2,gcp,europe-west1,1024,MB,europe-west1,gcp,upload,/function/p2mass-atlas-980914s-k0830233_area.fits,4.14432,224131133.5
2953,2,gcp,europe-west1,1024,MB,europe-west1,gcp,upload,/function/p2mass-atlas-980914s-k0830245.fits,4.14432,1866022757.5
2954,2,gcp,europe-west1,1024,MB,europe-west1,gcp,upload,/function/p2mass-atlas-980914s-k0830245_area.fits,4.14432,195328881.0
2955,2,gcp,europe-west1,1024,MB,europe-west1,gcp,upload,/function/p2mass-atlas-980914s-k0840033.fits,4.14432,1851957147.5
2956,2,gcp,europe-west1,1024,MB,europe-west1,gcp,upload,/function/p2mass-atlas-980914s-k0840033_area.fits,4.14432,269719542.0
2957,2,gcp,europe-west1,1024,MB,europe-west1,gcp,upload,/function/p2mass-atlas-980914s-k0840044.fits,4.14432,1036646861.5
2958,2,gcp,europe-west1,1024,MB,europe-west1,gcp,upload,/function/p2mass-atlas-980914s-k0840044_area.fits,4.14432,233020384.5
2959,2,gcp,europe-west1,1024,MB,europe-west1,gcp,upload,/function/p2mass-atlas-980914s-k0840056.fits,4.14432,1240340134.5
2960,2,gcp,europe-west1,1024,MB,europe-west1,gcp,upload,/function/p2mass-atlas-980914s-k0840056_area.fits,4.14432,240079725.5
2961,3,gcp,europe-west1,1024,MB,europe-west1,gcp,download,/function/input.imglist,0.001123,69213579.5
2962,3,gcp,europe-west1,1024,MB,europe-west1,gcp,download,/function/input/2mass-atlas-001020s-k0860033.fits,1.430932,95681512.5
2963,3,gcp,europe-west1,1024,MB,europe-west1,gcp,download,/function/input/2mass-atlas-001020s-k0860044.fits,1.431122,75002946.5
2964,3,gcp,europe-west1,1024,MB,europe-west1,gcp,download,/function/input/2mass-atlas-001020s-k0860056.fits,1.431548,92197105.5
2965,3,gcp,europe-west1,1024,MB,europe-west1,gcp,download,/function/input/2mass-atlas-001020s-k0870221.fits,1.415237,82074776.0
2966,3,gcp,europe-west1,1024,MB,europe-west1,gcp,download,/function/input/2mass-atlas-001020s-k0870233.fits,1.417782,150244728.0
2967,3,gcp,europe-west1,1024,MB,europe-west1,gcp,download,/function/input/2mass-atlas-001020s-k0870245.fits,1.428497,70693711.5
2968,3,gcp,europe-west1,1024,MB,europe-west1,gcp,download,/function/input/2mass-atlas-001021s-k0490221.fits,1.474539,96870560.5
2969,3,gcp,europe-west1,1024,MB,europe-west1,gcp,download,/function/input/2mass-atlas-001021s-k0490233.fits,1.473388,83695539.5
2970,3,gcp,europe-west1,1024,MB,europe-west1,gcp,download,/function/input/2mass-atlas-001021s-k0490245.fits,1.475153,94338970.0
2971,3,gcp,europe-west1,1024,MB,europe-west1,gcp,download,/function/input/2mass-atlas-001021s-k0560033.fits,1.475337,93834905.5
2972,3,gcp,europe-west1,1024,MB,europe-west1,gcp,download,/function/input/2mass-atlas-001021s-k0560044.fits,1.475774,81224901.0
2973,3,gcp,europe-west1,1024,MB,europe-west1,gcp,download,/function/input/2mass-atlas-001021s-k0560056.fits,1.477972,95720109.5
2974,3,gcp,europe-west1,1024,MB,europe-west1,gcp,download,/function/input/2mass-atlas-001021s-k0570221.fits,1.474794,74932537.5
2975,3,gcp,europe-west1,1024,MB,europe-west1,gcp,download,/function/input/2mass-atlas-001021s-k0570233.fits,1.472843,75558523.0
2976,3,gcp,europe-west1,1024,MB,europe-west1,gcp,download,/function/input/2mass-atlas-001021s-k0570245.fits,1.474299,81617845.5
2977,3,gcp,europe-west1,1024,MB,europe-west1,gcp,download,/function/input/2mass-atlas-980914s-k0800033.fits,1.466856,88145407.5
2978,3,gcp,europe-west1,1024,MB,europe-west1,gcp,download,/function/input/2mass-atlas-980914s-k0800044.fits,1.46705,94001167.0
2979,3,gcp,europe-west1,1024,MB,europe-west1,gcp,download,/function/input/2mass-atlas-980914s-k0800056.fits,1.467462,84523179.5
2980,3,gcp,europe-west1,1024,MB,europe-west1,gcp,download,/function/input/2mass-atlas-980914s-k0810221.fits,1.467205,73110164.0
2981,3,gcp,europe-west1,1024,MB,europe-west1,gcp,download,/function/input/2mass-atlas-980914s-k0810233.fits,1.468091,89839848.0
2982,3,gcp,europe-west1,1024,MB,europe-west1,gcp,download,/function/input/2mass-atlas-980914s-k0810245.fits,1.468524,92218562.5
2983,3,gcp,europe-west1,1024,MB,europe-west1,gcp,download,/function/input/2mass-atlas-980914s-k0820033.fits,1.468069,97923790.5
2984,3,gcp,europe-west1,1024,MB,europe-west1,gcp,download,/function/input/2mass-atlas-980914s-k0820044.fits,1.465354,89476411.0
2985,3,gcp,europe-west1,1024,MB,europe-west1,gcp,download,/function/input/2mass-atlas-980914s-k0820056.fits,1.467195,78437980.0
2986,3,gcp,europe-west1,1024,MB,europe-west1,gcp,download,/function/input/2mass-atlas-980914s-k0830221.fits,1.471563,95510912.0
2987,3,gcp,europe-west1,1024,MB,europe-west1,gcp,download,/function/input/2mass-atlas-980914s-k0830233.fits,1.468954,87597514.5
2988,3,gcp,europe-west1,1024,MB,europe-west1,gcp,download,/function/input/2mass-atlas-980914s-k0830245.fits,1.46679,83048589.0
2989,3,gcp,europe-west1,1024,MB,europe-west1,gcp,download,/function/input/2mass-atlas-980914s-k0840033.fits,1.467584,83318398.0
2990,3,gcp,europe-west1,1024,MB,europe-west1,gcp,download,/function/input/2mass-atlas-980914s-k0840044.fits,1.466204,98181591.0
2991,3,gcp,europe-west1,1024,MB,europe-west1,gcp,download,/function/input/2mass-atlas-980914s-k0840056.fits,1.46731,94398015.5
2992,3,gcp,europe-west1,1024,MB,europe-west1,gcp,download,/function/mImgtbl,5.496352,167564225.0
2993,3,gcp,europe-west1,1024,MB,europe-west1,gcp,upload,/function/images.tbl,0.01394,61919110.5
2994,4,gcp,europe-west1,1024,MB,europe-west1,gcp,download,/function/images.tbl,0.01394,109500260.0
2995,4,gcp,europe-west1,1024,MB,europe-west1,gcp,download,/function/mDAGTbls,5.47904,304802873.0
2996,4,gcp,europe-west1,1024,MB,europe-west1,gcp,download,/function/region.hdr,0.000277,69665573.5
2997,4,gcp,europe-west1,1024,MB,europe-west1,gcp,upload,/function/cimages.tbl,0.00511,59222385.5
2998,4,gcp,europe-west1,1024,MB,europe-west1,gcp,upload,/function/pimages.tbl,0.00511,62379121.0
2999,4,gcp,europe-west1,1024,MB,europe-west1,gcp,upload,/function/rimages.tbl,0.00508,90413798.5
3000,5,gcp,europe-west1,1024,MB,europe-west1,gcp,download,/function/mOverlaps,0.504048,130467794.0
3001,5,gcp,europe-west1,1024,MB,europe-west1,gcp,download,/function/pimages.tbl,0.00511,108597355.5
3002,5,gcp,europe-west1,1024,MB,europe-west1,gcp,upload,/function/diffs.tbl,0.016167,96772537.5
3003,6,gcp,europe-west1,1024,MB,europe-west1,gcp,download,/function/diffs.tbl,0.016167,103599916.5
3004,7,gcp,europe-west1,1024,MB,europe-west1,gcp,download,/function/mDiff,5.373008,164760758.5
3005,7,gcp,europe-west1,1024,MB,europe-west1,gcp,download,/function/mFitplane,5.372232,161271688.0
3006,7,gcp,europe-west1,1024,MB,europe-west1,gcp,download,/function/p2mass-atlas-001020s-k0860033.fits,4.14432,139103721.5
3007,7,gcp,europe-west1,1024,MB,europe-west1,gcp,download,/function/p2mass-atlas-001020s-k0860033_area.fits,4.14432,137472135.5
3008,7,gcp,europe-west1,1024,MB,europe-west1,gcp,download,/function/p2mass-atlas-001020s-k0860044.fits,4.14432,119737951.5
3009,7,gcp,europe-west1,1024,MB,europe-west1,gcp,download,/function/p2mass-atlas-001020s-k0860044_area.fits,4.14432,113410544.0
3010,7,gcp,europe-west1,1024,MB,europe-west1,gcp,download,/function/p2mass-atlas-001020s-k0860056.fits,4.14432,140832727.5
3011,7,gcp,europe-west1,1024,MB,europe-west1,gcp,download,/function/p2mass-atlas-001020s-k0860056_area.fits,4.14432,109624585.5
3012,7,gcp,europe-west1,1024,MB,europe-west1,gcp,download,/function/p2mass-atlas-001020s-k0870221.fits,4.13568,132787510.0
3013,7,gcp,europe-west1,1024,MB,europe-west1,gcp,download,/function/p2mass-atlas-001020s-k0870221_area.fits,4.13568,109597894.5
3014,7,gcp,europe-west1,1024,MB,europe-west1,gcp,download,/function/p2mass-atlas-001020s-k0870233.fits,4.13568,125699810.0
3015,7,gcp,europe-west1,1024,MB,europe-west1,gcp,download,/function/p2mass-atlas-001020s-k0870233_area.fits,4.13568,119076809.5
3016,7,gcp,europe-west1,1024,MB,europe-west1,gcp,download,/function/p2mass-atlas-001020s-k0870245.fits,4.13568,156053905.5
3017,7,gcp,europe-west1,1024,MB,europe-west1,gcp,download,/function/p2mass-atlas-001020s-k0870245_area.fits,4.13568,131044921.0
3018,7,gcp,europe-west1,1024,MB,europe-west1,gcp,download,/function/p2mass-atlas-001021s-k0490221.fits,4.13568,120903123.5
3019,7,gcp,europe-west1,1024,MB,europe-west1,gcp,download,/function/p2mass-atlas-001021s-k0490221_area.fits,4.13568,112656309.5
3020,7,gcp,europe-west1,1024,MB,europe-west1,gcp,download,/function/p2mass-atlas-001021s-k0490233.fits,4.13568,134906167.0
3021,7,gcp,europe-west1,1024,MB,europe-west1,gcp,download,/function/p2mass-atlas-001021s-k0490233_area.fits,4.13568,125830904.5
3022,7,gcp,europe-west1,1024,MB,europe-west1,gcp,download,/function/p2mass-atlas-001021s-k0490245.fits,4.14432,157494859.0
3023,7,gcp,europe-west1,1024,MB,europe-west1,gcp,download,/function/p2mass-atlas-001021s-k0490245_area.fits,4.14432,125636633.0
3024,7,gcp,europe-west1,1024,MB,europe-west1,gcp,download,/function/p2mass-atlas-001021s-k0560033.fits,4.15296,139348884.0
3025,7,gcp,europe-west1,1024,MB,europe-west1,gcp,download,/function/p2mass-atlas-001021s-k0560033_area.fits,4.15296,128448205.0
3026,7,gcp,europe-west1,1024,MB,europe-west1,gcp,download,/function/p2mass-atlas-001021s-k0560044.fits,4.14432,131984788.0
3027,7,gcp,europe-west1,1024,MB,europe-west1,gcp,download,/function/p2mass-atlas-001021s-k0560044_area.fits,4.14432,114550488.0
3028,7,gcp,europe-west1,1024,MB,europe-west1,gcp,download,/function/p2mass-atlas-001021s-k0560056.fits,4.13568,150491346.0
3029,7,gcp,europe-west1,1024,MB,europe-west1,gcp,download,/function/p2mass-atlas-001021s-k0560056_area.fits,4.13568,133216880.5
3030,7,gcp,europe-west1,1024,MB,europe-west1,gcp,download,/function/p2mass-atlas-001021s-k0570221.fits,4.14432,135630394.5
3031,7,gcp,europe-west1,1024,MB,europe-west1,gcp,download,/function/p2mass-atlas-001021s-k0570221_area.fits,4.14432,115617237.5
3032,7,gcp,europe-west1,1024,MB,europe-west1,gcp,download,/function/p2mass-atlas-001021s-k0570233.fits,4.13568,132395826.5
3033,7,gcp,europe-west1,1024,MB,europe-west1,gcp,download,/function/p2mass-atlas-001021s-k0570233_area.fits,4.13568,116137377.5
3034,7,gcp,europe-west1,1024,MB,europe-west1,gcp,download,/function/p2mass-atlas-001021s-k0570245.fits,4.14432,174490845.5
3035,7,gcp,europe-west1,1024,MB,europe-west1,gcp,download,/function/p2mass-atlas-001021s-k0570245_area.fits,4.14432,133925416.5
3036,7,gcp,europe-west1,1024,MB,europe-west1,gcp,download,/function/p2mass-atlas-980914s-k0800033.fits,4.14432,121265905.5
3037,7,gcp,europe-west1,1024,MB,europe-west1,gcp,download,/function/p2mass-atlas-980914s-k0800033_area.fits,4.14432,120898835.5
3038,7,gcp,europe-west1,1024,MB,europe-west1,gcp,download,/function/p2mass-atlas-980914s-k0800044.fits,4.14432,145230059.0
3039,7,gcp,europe-west1,1024,MB,europe-west1,gcp,download,/function/p2mass-atlas-980914s-k0800044_area.fits,4.14432,113326314.0
3040,7,gcp,europe-west1,1024,MB,europe-west1,gcp,download,/function/p2mass-atlas-980914s-k0800056.fits,4.14432,127797116.5
3041,7,gcp,europe-west1,1024,MB,europe-west1,gcp,download,/function/p2mass-atlas-980914s-k0800056_area.fits,4.14432,109925739.5
3042,7,gcp,europe-west1,1024,MB,europe-west1,gcp,download,/function/p2mass-atlas-980914s-k0810221.fits,4.14432,135038327.5
3043,7,gcp,europe-west1,1024,MB,europe-west1,gcp,download,/function/p2mass-atlas-980914s-k0810221_area.fits,4.14432,117492513.0
3044,7,gcp,europe-west1,1024,MB,europe-west1,gcp,download,/function/p2mass-atlas-980914s-k0810233.fits,4.14432,125977132.0
3045,7,gcp,europe-west1,1024,MB,europe-west1,gcp,download,/function/p2mass-atlas-980914s-k0810233_area.fits,4.14432,125206005.0
3046,7,gcp,europe-west1,1024,MB,europe-west1,gcp,download,/function/p2mass-atlas-980914s-k0810245.fits,4.14432,130336621.0
3047,7,gcp,europe-west1,1024,MB,europe-west1,gcp,download,/function/p2mass-atlas-980914s-k0810245_area.fits,4.14432,119195671.0
3048,7,gcp,europe-west1,1024,MB,europe-west1,gcp,download,/function/p2mass-atlas-980914s-k0820033.fits,4.14432,125297355.0
3049,7,gcp,europe-west1,1024,MB,europe-west1,gcp,download,/function/p2mass-atlas-980914s-k0820033_area.fits,4.14432,130948081.0
3050,7,gcp,europe-west1,1024,MB,europe-west1,gcp,download,/function/p2mass-atlas-980914s-k0820044.fits,4.14432,138063556.5
3051,7,gcp,europe-west1,1024,MB,europe-west1,gcp,download,/function/p2mass-atlas-980914s-k0820044_area.fits,4.14432,111402285.0
3052,7,gcp,europe-west1,1024,MB,europe-west1,gcp,download,/function/p2mass-atlas-980914s-k0820056.fits,4.13568,137955405.0
3053,7,gcp,europe-west1,1024,MB,europe-west1,gcp,download,/function/p2mass-atlas-980914s-k0820056_area.fits,4.13568,116039443.5
3054,7,gcp,europe-west1,1024,MB,europe-west1,gcp,download,/function/p2mass-atlas-980914s-k0830221.fits,4.14432,126094745.0
3055,7,gcp,europe-west1,1024,MB,europe-west1,gcp,download,/function/p2mass-atlas-980914s-k0830221_area.fits,4.14432,119567457.5
3056,7,gcp,europe-west1,1024,MB,europe-west1,gcp,download,/function/p2mass-atlas-980914s-k0830233.fits,4.14432,127541653.0
3057,7,gcp,europe-west1,1024,MB,europe-west1,gcp,download,/function/p2mass-atlas-980914s-k0830233_area.fits,4.14432,126077670.5
3058,7,gcp,europe-west1,1024,MB,europe-west1,gcp,download,/function/p2mass-atlas-980914s-k0830245.fits,4.14432,152093473.0
3059,7,gcp,europe-west1,1024,MB,europe-west1,gcp,download,/function/p2mass-atlas-980914s-k0830245_area.fits,4.14432,119475282.0
3060,7,gcp,europe-west1,1024,MB,europe-west1,gcp,download,/function/p2mass-atlas-980914s-k0840033.fits,4.14432,172386060.0
3061,7,gcp,europe-west1,1024,MB,europe-west1,gcp,download,/function/p2mass-atlas-980914s-k0840033_area.fits,4.14432,162443949.5
3062,7,gcp,europe-west1,1024,MB,europe-west1,gcp,download,/function/p2mass-atlas-980914s-k0840044.fits,4.14432,125267513.5
3063,7,gcp,europe-west1,1024,MB,europe-west1,gcp,download,/function/p2mass-atlas-980914s-k0840044_area.fits,4.14432,141424169.0
3064,7,gcp,europe-west1,1024,MB,europe-west1,gcp,download,/function/p2mass-atlas-980914s-k0840056.fits,4.14432,121107550.5
3065,7,gcp,europe-west1,1024,MB,europe-west1,gcp,download,/function/p2mass-atlas-980914s-k0840056_area.fits,4.14432,110165435.5
3066,7,gcp,europe-west1,1024,MB,europe-west1,gcp,download,/function/region.hdr,0.000277,42735595.5
3067,7,gcp,europe-west1,1024,MB,europe-west1,gcp,upload,/function/diff.000001.000007.fits,1.02528,265033334.0
3068,7,gcp,europe-west1,1024,MB,europe-west1,gcp,upload,/function/diff.000001.000007_area.fits,1.02528,80931518.5
3069,7,gcp,europe-west1,1024,MB,europe-west1,gcp,upload,/function/diff.000001.000011.fits,3.31776,848626169.5
3070,7,gcp,europe-west1,1024,MB,europe-west1,gcp,upload,/function/diff.000001.000011_area.fits,3.31776,133791124.5
3071,7,gcp,europe-west1,1024,MB,europe-west1,gcp,upload,/function/diff.000001.000012.fits,0.22176,103674370.0
3072,7,gcp,europe-west1,1024,MB,europe-west1,gcp,upload,/function/diff.000001.000012_area.fits,0.22176,78579728.5
3073,7,gcp,europe-west1,1024,MB,europe-west1,gcp,upload,/function/diff.000001.000020.fits,0.14112,113548725.5
3074,7,gcp,europe-west1,1024,MB,europe-west1,gcp,upload,/function/diff.000001.000020_area.fits,0.14112,62075249.5
3075,7,gcp,europe-west1,1024,MB,europe-west1,gcp,upload,/function/diff.000001.000025.fits,0.03744,57240619.0
3076,7,gcp,europe-west1,1024,MB,europe-west1,gcp,upload,/function/diff.000001.000025_area.fits,0.03744,64541630.5
3077,7,gcp,europe-west1,1024,MB,europe-west1,gcp,upload,/function/diff.000001.000026.fits,0.59328,154890538.5
3078,7,gcp,europe-west1,1024,MB,europe-west1,gcp,upload,/function/diff.000001.000026_area.fits,0.59328,69845787.0
3079,7,gcp,europe-west1,1024,MB,europe-west1,gcp,upload,/function/diff.000001.000028.fits,0.4464,157572250.0
3080,7,gcp,europe-west1,1024,MB,europe-west1,gcp,upload,/function/diff.000001.000028_area.fits,0.4464,70376702.0
3081,7,gcp,europe-west1,1024,MB,europe-west1,gcp,upload,/function/diff.000002.000006.fits,0.4464,92448049.0
3082,7,gcp,europe-west1,1024,MB,europe-west1,gcp,upload,/function/diff.000002.000006_area.fits,0.4464,65178344.0
3083,7,gcp,europe-west1,1024,MB,europe-west1,gcp,upload,/function/diff.000002.000009.fits,3.33792,803066080.5
3084,7,gcp,europe-west1,1024,MB,europe-west1,gcp,upload,/function/diff.000002.000009_area.fits,3.33792,135242686.5
3085,7,gcp,europe-west1,1024,MB,europe-west1,gcp,upload,/function/diff.000002.000015.fits,0.22464,137835320.5
3086,7,gcp,europe-west1,1024,MB,europe-west1,gcp,upload,/function/diff.000002.000015_area.fits,0.22464,59335441.5
3087,7,gcp,europe-west1,1024,MB,europe-west1,gcp,upload,/function/diff.000002.000016.fits,0.14112,64855530.0
3088,7,gcp,europe-west1,1024,MB,europe-west1,gcp,upload,/function/diff.000002.000016_area.fits,0.14112,52669415.5
3089,7,gcp,europe-west1,1024,MB,europe-west1,gcp,upload,/function/diff.000002.000019.fits,0.12672,81644852.0
3090,7,gcp,europe-west1,1024,MB,europe-west1,gcp,upload,/function/diff.000002.000019_area.fits,0.12672,51483755.5
3091,7,gcp,europe-west1,1024,MB,europe-west1,gcp,upload,/function/diff.000002.000020.fits,0.14688,60705201.5
3092,7,gcp,europe-west1,1024,MB,europe-west1,gcp,upload,/function/diff.000002.000020_area.fits,0.14688,56769002.0
3093,7,gcp,europe-west1,1024,MB,europe-west1,gcp,upload,/function/diff.000002.000023.fits,0.40032,140863507.0
3094,7,gcp,europe-west1,1024,MB,europe-west1,gcp,upload,/function/diff.000002.000023_area.fits,0.40032,60029683.0
3095,7,gcp,europe-west1,1024,MB,europe-west1,gcp,upload,/function/diff.000002.000025.fits,0.03168,52368174.5
3096,7,gcp,europe-west1,1024,MB,europe-west1,gcp,upload,/function/diff.000002.000025_area.fits,0.03168,51595145.5
3097,7,gcp,europe-west1,1024,MB,europe-west1,gcp,upload,/function/diff.000002.000026.fits,0.52704,148253627.5
3098,7,gcp,europe-west1,1024,MB,europe-west1,gcp,upload,/function/diff.000002.000026_area.fits,0.52704,58898797.0
3099,7,gcp,europe-west1,1024,MB,europe-west1,gcp,upload,/function/diff.000002.000027.fits,1.01952,264975853.0
3100,7,gcp,europe-west1,1024,MB,europe-west1,gcp,upload,/function/diff.000002.000027_area.fits,1.01952,78264155.5
3101,7,gcp,europe-west1,1024,MB,europe-west1,gcp,upload,/function/diff.000002.000028.fits,0.46656,90633857.0
3102,7,gcp,europe-west1,1024,MB,europe-west1,gcp,upload,/function/diff.000002.000028_area.fits,0.46656,59921276.5
3103,7,gcp,europe-west1,1024,MB,europe-west1,gcp,upload,/function/diff.000003.000005.fits,4.06368,998103332.0
3104,7,gcp,europe-west1,1024,MB,europe-west1,gcp,upload,/function/diff.000003.000005_area.fits,4.06368,186244360.0
3105,7,gcp,europe-west1,1024,MB,europe-west1,gcp,upload,/function/diff.000003.000006.fits,0.42912,117062739.5
3106,7,gcp,europe-west1,1024,MB,europe-west1,gcp,upload,/function/diff.000003.000006_area.fits,0.42912,58827554.0
3107,7,gcp,europe-west1,1024,MB,europe-west1,gcp,upload,/function/diff.000003.000016.fits,0.13248,69122978.0
3108,7,gcp,europe-west1,1024,MB,europe-west1,gcp,upload,/function/diff.000003.000016_area.fits,0.13248,63338053.0
3109,7,gcp,europe-west1,1024,MB,europe-west1,gcp,upload,/function/diff.000003.000019.fits,0.14688,68679495.0
3110,7,gcp,europe-west1,1024,MB,europe-west1,gcp,upload,/function/diff.000003.000019_area.fits,0.14688,52264286.0
3111,7,gcp,europe-west1,1024,MB,europe-west1,gcp,upload,/function/diff.000003.000023.fits,0.46656,129924229.0
3112,7,gcp,europe-west1,1024,MB,europe-west1,gcp,upload,/function/diff.000003.000023_area.fits,0.46656,59250661.5
3113,7,gcp,europe-west1,1024,MB,europe-west1,gcp,upload,/function/diff.000003.000024.fits,0.22464,86053468.0
3114,7,gcp,europe-west1,1024,MB,europe-west1,gcp,upload,/function/diff.000003.000024_area.fits,0.22464,58434526.0
3115,7,gcp,europe-west1,1024,MB,europe-west1,gcp,upload,/function/diff.000003.000029.fits,0.20736,78016905.0
3116,7,gcp,europe-west1,1024,MB,europe-west1,gcp,upload,/function/diff.000003.000029_area.fits,0.20736,59206791.5
3117,7,gcp,europe-west1,1024,MB,europe-west1,gcp,upload,/function/diff.000004.000008.fits,0.576,140942377.0
3118,7,gcp,europe-west1,1024,MB,europe-west1,gcp,upload,/function/diff.000004.000008_area.fits,0.576,65164571.0
3119,7,gcp,europe-west1,1024,MB,europe-west1,gcp,upload,/function/diff.000004.000010.fits,0.55296,122186451.0
3120,7,gcp,europe-west1,1024,MB,europe-west1,gcp,upload,/function/diff.000004.000010_area.fits,0.55296,66731538.5
3121,7,gcp,europe-west1,1024,MB,europe-west1,gcp,upload,/function/diff.000004.000014.fits,0.42912,121658494.5
3122,7,gcp,europe-west1,1024,MB,europe-west1,gcp,upload,/function/diff.000004.000014_area.fits,0.42912,57971888.5
3123,7,gcp,europe-west1,1024,MB,europe-west1,gcp,upload,/function/diff.000004.000015.fits,1.01952,255892354.5
3124,7,gcp,europe-west1,1024,MB,europe-west1,gcp,upload,/function/diff.000004.000015_area.fits,1.01952,73168733.0
3125,7,gcp,europe-west1,1024,MB,europe-west1,gcp,upload,/function/diff.000004.000016.fits,0.03168,50668167.5
3126,7,gcp,europe-west1,1024,MB,europe-west1,gcp,upload,/function/diff.000004.000016_area.fits,0.03168,53431901.5
3127,7,gcp,europe-west1,1024,MB,europe-west1,gcp,upload,/function/diff.000004.000017.fits,3.33216,614573334.0
3128,7,gcp,europe-west1,1024,MB,europe-west1,gcp,upload,/function/diff.000004.000017_area.fits,3.33216,164803505.5
3129,7,gcp,europe-west1,1024,MB,europe-west1,gcp,upload,/function/diff.000004.000019.fits,0.0288,54581157.0
3130,7,gcp,europe-west1,1024,MB,europe-west1,gcp,upload,/function/diff.000004.000019_area.fits,0.0288,57412811.5
3131,7,gcp,europe-west1,1024,MB,europe-west1,gcp,upload,/function/diff.000004.000020.fits,0.03456,57111442.5
3132,7,gcp,europe-west1,1024,MB,europe-west1,gcp,upload,/function/diff.000004.000020_area.fits,0.03456,52177166.0
3133,7,gcp,europe-west1,1024,MB,europe-west1,gcp,upload,/function/diff.000004.000021.fits,0.49248,107951223.5
3134,7,gcp,europe-west1,1024,MB,europe-west1,gcp,upload,/function/diff.000004.000021_area.fits,0.49248,68779417.0
3135,7,gcp,europe-west1,1024,MB,europe-west1,gcp,upload,/function/diff.000004.000025.fits,0.13248,54701632.5
3136,7,gcp,europe-west1,1024,MB,europe-west1,gcp,upload,/function/diff.000004.000025_area.fits,0.13248,52153736.5
3137,7,gcp,europe-west1,1024,MB,europe-west1,gcp,upload,/function/diff.000004.000027.fits,0.22176,86355785.0
3138,7,gcp,europe-west1,1024,MB,europe-west1,gcp,upload,/function/diff.000004.000027_area.fits,0.22176,56406730.5
3139,7,gcp,europe-west1,1024,MB,europe-west1,gcp,upload,/function/diff.000005.000006.fits,0.47232,88041869.0
3140,7,gcp,europe-west1,1024,MB,europe-west1,gcp,upload,/function/diff.000005.000006_area.fits,0.47232,64212797.0
3141,7,gcp,europe-west1,1024,MB,europe-west1,gcp,upload,/function/diff.000005.000016.fits,0.14976,68163060.5
3142,7,gcp,europe-west1,1024,MB,europe-west1,gcp,upload,/function/diff.000005.000016_area.fits,0.14976,54744591.5
3143,7,gcp,europe-west1,1024,MB,europe-west1,gcp,upload,/function/diff.000005.000019.fits,0.16128,71545418.5
3144,7,gcp,europe-west1,1024,MB,europe-west1,gcp,upload,/function/diff.000005.000019_area.fits,0.16128,59494044.0
3145,7,gcp,europe-west1,1024,MB,europe-west1,gcp,upload,/function/diff.000005.000023.fits,0.50976,149749492.5
3146,7,gcp,europe-west1,1024,MB,europe-west1,gcp,upload,/function/diff.000005.000023_area.fits,0.50976,60637545.5
3147,7,gcp,europe-west1,1024,MB,europe-west1,gcp,upload,/function/diff.000005.000024.fits,0.23616,81114702.5
3148,7,gcp,europe-west1,1024,MB,europe-west1,gcp,upload,/function/diff.000005.000024_area.fits,0.23616,55309669.5
3149,7,gcp,europe-west1,1024,MB,europe-west1,gcp,upload,/function/diff.000005.000029.fits,0.22176,66753633.5
3150,7,gcp,europe-west1,1024,MB,europe-west1,gcp,upload,/function/diff.000005.000029_area.fits,0.22176,56468720.0
3151,7,gcp,europe-west1,1024,MB,europe-west1,gcp,upload,/function/diff.000006.000009.fits,0.54432,147783982.5
3152,7,gcp,europe-west1,1024,MB,europe-west1,gcp,upload,/function/diff.000006.000009_area.fits,0.54432,71290767.0
3153,7,gcp,europe-west1,1024,MB,europe-west1,gcp,upload,/function/diff.000006.000016.fits,0.22176,123417531.0
3154,7,gcp,europe-west1,1024,MB,europe-west1,gcp,upload,/function/diff.000006.000016_area.fits,0.22176,56458202.5
3155,7,gcp,europe-west1,1024,MB,europe-west1,gcp,upload,/function/diff.000006.000019.fits,0.22752,69123609.5
3156,7,gcp,europe-west1,1024,MB,europe-west1,gcp,upload,/function/diff.000006.000019_area.fits,0.22752,60258160.0
3157,7,gcp,europe-west1,1024,MB,europe-west1,gcp,upload,/function/diff.000006.000023.fits,4.06656,1160663936.5
3158,7,gcp,europe-west1,1024,MB,europe-west1,gcp,upload,/function/diff.000006.000023_area.fits,4.06656,151909859.5
3159,7,gcp,europe-west1,1024,MB,europe-west1,gcp,upload,/function/diff.000006.000027.fits,0.03168,56722761.0
3160,7,gcp,europe-west1,1024,MB,europe-west1,gcp,upload,/function/diff.000006.000027_area.fits,0.03168,55931436.5
3161,7,gcp,europe-west1,1024,MB,europe-west1,gcp,upload,/function/diff.000007.000008.fits,0.03168,60901319.0
3162,7,gcp,europe-west1,1024,MB,europe-west1,gcp,upload,/function/diff.000007.000008_area.fits,0.03168,47451228.0
3163,7,gcp,europe-west1,1024,MB,europe-west1,gcp,upload,/function/diff.000007.000011.fits,0.22464,85099824.0
3164,7,gcp,europe-west1,1024,MB,europe-west1,gcp,upload,/function/diff.000007.000011_area.fits,0.22464,57237728.0
3165,7,gcp,europe-west1,1024,MB,europe-west1,gcp,upload,/function/diff.000007.000012.fits,3.31776,771337500.5
3166,7,gcp,europe-west1,1024,MB,europe-west1,gcp,upload,/function/diff.000007.000012_area.fits,3.31776,176363178.5
3167,7,gcp,europe-west1,1024,MB,europe-west1,gcp,upload,/function/diff.000007.000013.fits,0.22464,74026352.0
3168,7,gcp,europe-west1,1024,MB,europe-west1,gcp,upload,/function/diff.000007.000013_area.fits,0.22464,62230532.5
3169,7,gcp,europe-west1,1024,MB,europe-west1,gcp,upload,/function/diff.000007.000020.fits,0.53568,170747251.0
3170,7,gcp,europe-west1,1024,MB,europe-west1,gcp,upload,/function/diff.000007.000020_area.fits,0.53568,65109213.5
3171,7,gcp,europe-west1,1024,MB,europe-west1,gcp,upload,/function/diff.000007.000025.fits,0.46656,93682340.5
3172,7,gcp,europe-west1,1024,MB,europe-west1,gcp,upload,/function/diff.000007.000025_area.fits,0.46656,73324179.5
3173,7,gcp,europe-west1,1024,MB,europe-west1,gcp,upload,/function/diff.000007.000026.fits,0.144,64032207.5
3174,7,gcp,europe-west1,1024,MB,europe-west1,gcp,upload,/function/diff.000007.000026_area.fits,0.144,55988462.0
3175,7,gcp,europe-west1,1024,MB,europe-west1,gcp,upload,/function/diff.000007.000028.fits,0.03168,58677462.5
3176,7,gcp,europe-west1,1024,MB,europe-west1,gcp,upload,/function/diff.000007.000028_area.fits,0.03168,50308997.5
3177,7,gcp,europe-west1,1024,MB,europe-west1,gcp,upload,/function/diff.000008.000012.fits,0.14112,78952628.5
3178,7,gcp,europe-west1,1024,MB,europe-west1,gcp,upload,/function/diff.000008.000012_area.fits,0.14112,60986680.0
3179,7,gcp,europe-west1,1024,MB,europe-west1,gcp,upload,/function/diff.000008.000013.fits,0.53568,154908747.5
3180,7,gcp,europe-west1,1024,MB,europe-west1,gcp,upload,/function/diff.000008.000013_area.fits,0.53568,59142838.0
3181,7,gcp,europe-west1,1024,MB,europe-west1,gcp,upload,/function/diff.000008.000014.fits,3.30624,955178948.5
3182,7,gcp,europe-west1,1024,MB,europe-west1,gcp,upload,/function/diff.000008.000014_area.fits,3.30624,174414724.5
3183,7,gcp,europe-west1,1024,MB,europe-west1,gcp,upload,/function/diff.000008.000015.fits,0.144,61711654.0
3184,7,gcp,europe-west1,1024,MB,europe-west1,gcp,upload,/function/diff.000008.000015_area.fits,0.144,50251380.0
3185,7,gcp,europe-west1,1024,MB,europe-west1,gcp,upload,/function/diff.000008.000017.fits,0.4608,87761524.0
3186,7,gcp,europe-west1,1024,MB,europe-west1,gcp,upload,/function/diff.000008.000017_area.fits,0.4608,67478681.0
3187,7,gcp,europe-west1,1024,MB,europe-west1,gcp,upload,/function/diff.000008.000020.fits,0.22176,123464206.5
3188,7,gcp,europe-west1,1024,MB,europe-west1,gcp,upload,/function/diff.000008.000020_area.fits,0.22176,52937497.0
3189,7,gcp,europe-west1,1024,MB,europe-west1,gcp,upload,/function/diff.000008.000022.fits,0.4464,131180304.0
3190,7,gcp,europe-west1,1024,MB,europe-west1,gcp,upload,/function/diff.000008.000022_area.fits,0.4464,56613771.0
3191,7,gcp,europe-west1,1024,MB,europe-west1,gcp,upload,/function/diff.000008.000025.fits,1.00512,306971092.5
3192,7,gcp,europe-west1,1024,MB,europe-west1,gcp,upload,/function/diff.000008.000025_area.fits,1.00512,68763295.0
3193,7,gcp,europe-west1,1024,MB,europe-west1,gcp,upload,/function/diff.000008.000027.fits,0.03456,49346303.0
3194,7,gcp,europe-west1,1024,MB,europe-west1,gcp,upload,/function/diff.000008.000027_area.fits,0.03456,56227562.5
3195,7,gcp,europe-west1,1024,MB,europe-west1,gcp,upload,/function/diff.000009.000016.fits,0.03456,55441419.0
3196,7,gcp,europe-west1,1024,MB,europe-west1,gcp,upload,/function/diff.000009.000016_area.fits,0.03456,52935565.5
3197,7,gcp,europe-west1,1024,MB,europe-west1,gcp,upload,/function/diff.000009.000019.fits,0.03168,54443894.5
3198,7,gcp,europe-west1,1024,MB,europe-west1,gcp,upload,/function/diff.000009.000019_area.fits,0.03168,47483554.5
3199,7,gcp,europe-west1,1024,MB,europe-west1,gcp,upload,/function/diff.000009.000020.fits,0.03456,57235440.5
3200,7,gcp,europe-west1,1024,MB,europe-west1,gcp,upload,/function/diff.000009.000020_area.fits,0.03456,50467451.5
3201,7,gcp,europe-west1,1024,MB,europe-west1,gcp,upload,/function/diff.000009.000023.fits,0.48672,124936407.5
3202,7,gcp,europe-west1,1024,MB,europe-west1,gcp,upload,/function/diff.000009.000023_area.fits,0.48672,75898992.0
3203,7,gcp,europe-west1,1024,MB,europe-west1,gcp,upload,/function/diff.000009.000026.fits,0.43488,122853046.5
3204,7,gcp,europe-west1,1024,MB,europe-west1,gcp,upload,/function/diff.000009.000026_area.fits,0.43488,56737608.5
3205,7,gcp,europe-west1,1024,MB,europe-west1,gcp,upload,/function/diff.000009.000027.fits,0.22176,105333808.5
3206,7,gcp,europe-west1,1024,MB,europe-west1,gcp,upload,/function/diff.000009.000027_area.fits,0.22176,61826292.0
3207,7,gcp,europe-west1,1024,MB,europe-west1,gcp,upload,/function/diff.000009.000028.fits,0.58464,140751545.5
3208,7,gcp,europe-west1,1024,MB,europe-west1,gcp,upload,/function/diff.000009.000028_area.fits,0.58464,65045055.0
3209,7,gcp,europe-west1,1024,MB,europe-west1,gcp,upload,/function/diff.000010.000015.fits,0.14112,59817768.0
3210,7,gcp,europe-west1,1024,MB,europe-west1,gcp,upload,/function/diff.000010.000015_area.fits,0.14112,78776213.5
3211,7,gcp,europe-west1,1024,MB,europe-west1,gcp,upload,/function/diff.000010.000016.fits,0.22176,127909044.0
3212,7,gcp,europe-west1,1024,MB,europe-west1,gcp,upload,/function/diff.000010.000016_area.fits,0.22176,53641314.0
3213,7,gcp,europe-west1,1024,MB,europe-west1,gcp,upload,/function/diff.000010.000017.fits,0.45216,120055974.5
3214,7,gcp,europe-west1,1024,MB,europe-west1,gcp,upload,/function/diff.000010.000017_area.fits,0.45216,56555001.0
3215,7,gcp,europe-west1,1024,MB,europe-west1,gcp,upload,/function/diff.000010.000018.fits,0.47232,99288542.0
3216,7,gcp,europe-west1,1024,MB,europe-west1,gcp,upload,/function/diff.000010.000018_area.fits,0.47232,62616320.5
3217,7,gcp,europe-west1,1024,MB,europe-west1,gcp,upload,/function/diff.000010.000019.fits,0.21024,93933730.5
3218,7,gcp,europe-west1,1024,MB,europe-west1,gcp,upload,/function/diff.000010.000019_area.fits,0.21024,51646704.5
3219,7,gcp,europe-west1,1024,MB,europe-west1,gcp,upload,/function/diff.000010.000021.fits,4.0752,1159417950.5
3220,7,gcp,europe-west1,1024,MB,europe-west1,gcp,upload,/function/diff.000010.000021_area.fits,4.0752,147561217.5
3221,7,gcp,europe-west1,1024,MB,europe-west1,gcp,upload,/function/diff.000010.000024.fits,0.1296,88301232.0
3222,7,gcp,europe-west1,1024,MB,europe-west1,gcp,upload,/function/diff.000010.000024_area.fits,0.1296,49914186.5
3223,7,gcp,europe-west1,1024,MB,europe-west1,gcp,upload,/function/diff.000010.000027.fits,0.03456,51455380.5
3224,7,gcp,europe-west1,1024,MB,europe-west1,gcp,upload,/function/diff.000010.000027_area.fits,0.03456,53395917.5
3225,7,gcp,europe-west1,1024,MB,europe-west1,gcp,upload,/function/diff.000010.000029.fits,0.14688,61611845.5
3226,7,gcp,europe-west1,1024,MB,europe-west1,gcp,upload,/function/diff.000010.000029_area.fits,0.14688,55732773.0
3227,7,gcp,europe-west1,1024,MB,europe-west1,gcp,upload,/function/diff.000010.000030.fits,0.42912,118650126.0
3228,7,gcp,europe-west1,1024,MB,europe-west1,gcp,upload,/function/diff.000010.000030_area.fits,0.42912,74833338.0
3229,7,gcp,europe-west1,1024,MB,europe-west1,gcp,upload,/function/diff.000011.000020.fits,0.03168,47663064.0
3230,7,gcp,europe-west1,1024,MB,europe-west1,gcp,upload,/function/diff.000011.000020_area.fits,0.03168,52939756.0
3231,7,gcp,europe-west1,1024,MB,europe-west1,gcp,upload,/function/diff.000011.000026.fits,0.46656,130358365.5
3232,7,gcp,europe-west1,1024,MB,europe-west1,gcp,upload,/function/diff.000011.000026_area.fits,0.46656,63275573.0
3233,7,gcp,europe-west1,1024,MB,europe-west1,gcp,upload,/function/diff.000011.000028.fits,0.53568,133104887.0
3234,7,gcp,europe-west1,1024,MB,europe-west1,gcp,upload,/function/diff.000011.000028_area.fits,0.53568,58853443.0
3235,7,gcp,europe-west1,1024,MB,europe-west1,gcp,upload,/function/diff.000012.000013.fits,1.02528,264460429.5
3236,7,gcp,europe-west1,1024,MB,europe-west1,gcp,upload,/function/diff.000012.000013_area.fits,1.02528,70999637.0
3237,7,gcp,europe-west1,1024,MB,europe-west1,gcp,upload,/function/diff.000012.000014.fits,0.03744,55098496.5
3238,7,gcp,europe-west1,1024,MB,europe-west1,gcp,upload,/function/diff.000012.000014_area.fits,0.03744,53625225.0
3239,7,gcp,europe-west1,1024,MB,europe-west1,gcp,upload,/function/diff.000012.000020.fits,0.4464,121270285.0
3240,7,gcp,europe-west1,1024,MB,europe-west1,gcp,upload,/function/diff.000012.000020_area.fits,0.4464,55767876.5
3241,7,gcp,europe-west1,1024,MB,europe-west1,gcp,upload,/function/diff.000012.000022.fits,0.22176,90685685.0
3242,7,gcp,europe-west1,1024,MB,europe-west1,gcp,upload,/function/diff.000012.000022_area.fits,0.22176,58169335.0
3243,7,gcp,europe-west1,1024,MB,europe-west1,gcp,upload,/function/diff.000012.000025.fits,0.59328,161636895.5
3244,7,gcp,europe-west1,1024,MB,europe-west1,gcp,upload,/function/diff.000012.000025_area.fits,0.59328,70071822.5
3245,7,gcp,europe-west1,1024,MB,europe-west1,gcp,upload,/function/diff.000012.000026.fits,0.03456,55134181.0
3246,7,gcp,europe-west1,1024,MB,europe-west1,gcp,upload,/function/diff.000012.000026_area.fits,0.03456,54237516.5
3247,7,gcp,europe-west1,1024,MB,europe-west1,gcp,upload,/function/diff.000013.000014.fits,0.4608,102712313.0
3248,7,gcp,europe-west1,1024,MB,europe-west1,gcp,upload,/function/diff.000013.000014_area.fits,0.4608,68901410.5
3249,7,gcp,europe-west1,1024,MB,europe-west1,gcp,upload,/function/diff.000013.000020.fits,0.03168,58212387.5
3250,7,gcp,europe-west1,1024,MB,europe-west1,gcp,upload,/function/diff.000013.000020_area.fits,0.03168,52494766.5
3251,7,gcp,europe-west1,1024,MB,europe-west1,gcp,upload,/function/diff.000013.000022.fits,3.31776,781141542.5
3252,7,gcp,europe-west1,1024,MB,europe-west1,gcp,upload,/function/diff.000013.000022_area.fits,3.31776,163669631.0
3253,7,gcp,europe-west1,1024,MB,europe-west1,gcp,upload,/function/diff.000013.000025.fits,0.144,68141456.5
3254,7,gcp,europe-west1,1024,MB,europe-west1,gcp,upload,/function/diff.000013.000025_area.fits,0.144,55761800.5
3255,7,gcp,europe-west1,1024,MB,europe-west1,gcp,upload,/function/diff.000014.000015.fits,0.03168,57610535.5
3256,7,gcp,europe-west1,1024,MB,europe-west1,gcp,upload,/function/diff.000014.000015_area.fits,0.03168,55427368.0
3257,7,gcp,europe-west1,1024,MB,europe-west1,gcp,upload,/function/diff.000014.000017.fits,0.52128,187331967.5
3258,7,gcp,europe-west1,1024,MB,europe-west1,gcp,upload,/function/diff.000014.000017_area.fits,0.52128,69709354.0
3259,7,gcp,europe-west1,1024,MB,europe-west1,gcp,upload,/function/diff.000014.000022.fits,0.58464,157505304.0
3260,7,gcp,europe-west1,1024,MB,europe-west1,gcp,upload,/function/diff.000014.000022_area.fits,0.58464,66919264.0
3261,7,gcp,europe-west1,1024,MB,europe-west1,gcp,upload,/function/diff.000014.000025.fits,0.22176,82501873.5
3262,7,gcp,europe-west1,1024,MB,europe-west1,gcp,upload,/function/diff.000014.000025_area.fits,0.22176,50521901.0
3263,7,gcp,europe-west1,1024,MB,europe-west1,gcp,upload,/function/diff.000015.000016.fits,0.4464,88224253.5
3264,7,gcp,europe-west1,1024,MB,europe-west1,gcp,upload,/function/diff.000015.000016_area.fits,0.4464,71522404.0
3265,7,gcp,europe-west1,1024,MB,europe-west1,gcp,upload,/function/diff.000015.000017.fits,0.22464,80551633.0
3266,7,gcp,europe-west1,1024,MB,europe-west1,gcp,upload,/function/diff.000015.000017_area.fits,0.22464,52275449.0
3267,7,gcp,europe-west1,1024,MB,europe-west1,gcp,upload,/function/diff.000015.000019.fits,0.40608,133366377.5
3268,7,gcp,europe-west1,1024,MB,europe-west1,gcp,upload,/function/diff.000015.000019_area.fits,0.40608,57745372.0
3269,7,gcp,europe-west1,1024,MB,europe-west1,gcp,upload,/function/diff.000015.000020.fits,0.46656,124916343.0
3270,7,gcp,europe-west1,1024,MB,europe-west1,gcp,upload,/function/diff.000015.000020_area.fits,0.46656,68207280.5
3271,7,gcp,europe-west1,1024,MB,europe-west1,gcp,upload,/function/diff.000015.000021.fits,0.1296,61558717.0
3272,7,gcp,europe-west1,1024,MB,europe-west1,gcp,upload,/function/diff.000015.000021_area.fits,0.1296,45916789.0
3273,7,gcp,europe-west1,1024,MB,europe-west1,gcp,upload,/function/diff.000015.000025.fits,0.52704,159753425.5
3274,7,gcp,europe-west1,1024,MB,europe-west1,gcp,upload,/function/diff.000015.000025_area.fits,0.52704,63585360.5
3275,7,gcp,europe-west1,1024,MB,europe-west1,gcp,upload,/function/diff.000015.000026.fits,0.03168,52762996.0
3276,7,gcp,europe-west1,1024,MB,europe-west1,gcp,upload,/function/diff.000015.000026_area.fits,0.03168,44975688.5
3277,7,gcp,europe-west1,1024,MB,europe-west1,gcp,upload,/function/diff.000015.000027.fits,3.33216,828634228.0
3278,7,gcp,europe-west1,1024,MB,europe-west1,gcp,upload,/function/diff.000015.000027_area.fits,3.33216,125801154.5
3279,7,gcp,europe-west1,1024,MB,europe-west1,gcp,upload,/function/diff.000016.000019.fits,4.0752,1177025466.0
3280,7,gcp,europe-west1,1024,MB,europe-west1,gcp,upload,/function/diff.000016.000019_area.fits,4.0752,152988171.0
3281,7,gcp,europe-west1,1024,MB,europe-west1,gcp,upload,/function/diff.000016.000021.fits,0.22752,69370162.5
3282,7,gcp,europe-west1,1024,MB,europe-west1,gcp,upload,/function/diff.000016.000021_area.fits,0.22752,53554231.0
3283,7,gcp,europe-west1,1024,MB,europe-west1,gcp,upload,/function/diff.000016.000023.fits,0.21024,105694659.5
3284,7,gcp,europe-west1,1024,MB,europe-west1,gcp,upload,/function/diff.000016.000023_area.fits,0.21024,51519943.0
3285,7,gcp,europe-west1,1024,MB,europe-west1,gcp,upload,/function/diff.000016.000024.fits,0.42912,110308269.0
3286,7,gcp,europe-west1,1024,MB,europe-west1,gcp,upload,/function/diff.000016.000024_area.fits,0.42912,63922952.5
3287,7,gcp,europe-west1,1024,MB,europe-west1,gcp,upload,/function/diff.000016.000027.fits,0.54432,120463579.5
3288,7,gcp,europe-west1,1024,MB,europe-west1,gcp,upload,/function/diff.000016.000027_area.fits,0.54432,61346621.5
3289,7,gcp,europe-west1,1024,MB,europe-west1,gcp,upload,/function/diff.000016.000029.fits,0.47232,85786173.5
3290,7,gcp,europe-west1,1024,MB,europe-west1,gcp,upload,/function/diff.000016.000029_area.fits,0.47232,58063137.5
3291,7,gcp,europe-west1,1024,MB,europe-west1,gcp,upload,/function/diff.000017.000021.fits,0.40608,141952571.0
3292,7,gcp,europe-west1,1024,MB,europe-west1,gcp,upload,/function/diff.000017.000021_area.fits,0.40608,58230354.0
3293,7,gcp,europe-west1,1024,MB,europe-west1,gcp,upload,/function/diff.000017.000025.fits,0.03168,49973412.5
3294,7,gcp,europe-west1,1024,MB,europe-west1,gcp,upload,/function/diff.000017.000025_area.fits,0.03168,54473373.5
3295,7,gcp,europe-west1,1024,MB,europe-west1,gcp,upload,/function/diff.000018.000021.fits,0.50976,111913581.5
3296,7,gcp,europe-west1,1024,MB,europe-west1,gcp,upload,/function/diff.000018.000021_area.fits,0.50976,63315018.0
3297,7,gcp,europe-west1,1024,MB,europe-west1,gcp,upload,/function/diff.000018.000024.fits,0.20736,71439744.0
3298,7,gcp,europe-west1,1024,MB,europe-west1,gcp,upload,/function/diff.000018.000024_area.fits,0.20736,55215068.0
3299,7,gcp,europe-west1,1024,MB,europe-west1,gcp,upload,/function/diff.000018.000029.fits,0.22176,126522342.0
3300,7,gcp,europe-west1,1024,MB,europe-west1,gcp,upload,/function/diff.000018.000029_area.fits,0.22176,52205478.5
3301,7,gcp,europe-west1,1024,MB,europe-west1,gcp,upload,/function/diff.000018.000030.fits,4.06368,1296676856.0
3302,7,gcp,europe-west1,1024,MB,europe-west1,gcp,upload,/function/diff.000018.000030_area.fits,4.06368,139951539.5
3303,7,gcp,europe-west1,1024,MB,europe-west1,gcp,upload,/function/diff.000019.000021.fits,0.22176,130645747.5
3304,7,gcp,europe-west1,1024,MB,europe-west1,gcp,upload,/function/diff.000019.000021_area.fits,0.22176,54943720.0
3305,7,gcp,europe-west1,1024,MB,europe-west1,gcp,upload,/function/diff.000019.000023.fits,0.22176,88479316.0
3306,7,gcp,europe-west1,1024,MB,europe-west1,gcp,upload,/function/diff.000019.000023_area.fits,0.22176,57359155.0
3307,7,gcp,europe-west1,1024,MB,europe-west1,gcp,upload,/function/diff.000019.000024.fits,0.46656,90929399.5
3308,7,gcp,europe-west1,1024,MB,europe-west1,gcp,upload,/function/diff.000019.000024_area.fits,0.46656,84943158.5
3309,7,gcp,europe-west1,1024,MB,europe-west1,gcp,upload,/function/diff.000019.000027.fits,0.49248,111329650.0
3310,7,gcp,europe-west1,1024,MB,europe-west1,gcp,upload,/function/diff.000019.000027_area.fits,0.49248,68760882.5
3311,7,gcp,europe-west1,1024,MB,europe-west1,gcp,upload,/function/diff.000019.000029.fits,0.50976,138446992.0
3312,7,gcp,europe-west1,1024,MB,europe-west1,gcp,upload,/function/diff.000019.000029_area.fits,0.50976,66430942.5
3313,7,gcp,europe-west1,1024,MB,europe-west1,gcp,upload,/function/diff.000020.000025.fits,3.30624,805444267.0
3314,7,gcp,europe-west1,1024,MB,europe-west1,gcp,upload,/function/diff.000020.000025_area.fits,3.30624,125891992.0
3315,7,gcp,europe-west1,1024,MB,europe-west1,gcp,upload,/function/diff.000020.000026.fits,1.00512,244435633.0
3316,7,gcp,europe-west1,1024,MB,europe-west1,gcp,upload,/function/diff.000020.000026_area.fits,1.00512,69064375.0
3317,7,gcp,europe-west1,1024,MB,europe-west1,gcp,upload,/function/diff.000020.000027.fits,0.576,163641230.0
3318,7,gcp,europe-west1,1024,MB,europe-west1,gcp,upload,/function/diff.000020.000027_area.fits,0.576,65184467.0
3319,7,gcp,europe-west1,1024,MB,europe-west1,gcp,upload,/function/diff.000020.000028.fits,0.22176,91552466.0
3320,7,gcp,europe-west1,1024,MB,europe-west1,gcp,upload,/function/diff.000020.000028_area.fits,0.22176,52832304.0
3321,7,gcp,europe-west1,1024,MB,europe-west1,gcp,upload,/function/diff.000021.000024.fits,0.144,66591026.0
3322,7,gcp,europe-west1,1024,MB,europe-west1,gcp,upload,/function/diff.000021.000024_area.fits,0.144,50088941.0
3323,7,gcp,europe-west1,1024,MB,europe-west1,gcp,upload,/function/diff.000021.000027.fits,0.03168,60175577.0
3324,7,gcp,europe-west1,1024,MB,europe-west1,gcp,upload,/function/diff.000021.000027_area.fits,0.03168,51507763.0
3325,7,gcp,europe-west1,1024,MB,europe-west1,gcp,upload,/function/diff.000021.000029.fits,0.16128,74155032.0
3326,7,gcp,europe-west1,1024,MB,europe-west1,gcp,upload,/function/diff.000021.000029_area.fits,0.16128,48587513.0
3327,7,gcp,europe-west1,1024,MB,europe-west1,gcp,upload,/function/diff.000021.000030.fits,0.46656,84134118.0
3328,7,gcp,europe-west1,1024,MB,europe-west1,gcp,upload,/function/diff.000021.000030_area.fits,0.46656,65252358.5
3329,7,gcp,europe-west1,1024,MB,europe-west1,gcp,upload,/function/diff.000022.000025.fits,0.03456,53798401.0
3330,7,gcp,europe-west1,1024,MB,europe-west1,gcp,upload,/function/diff.000022.000025_area.fits,0.03456,49139661.5
3331,7,gcp,europe-west1,1024,MB,europe-west1,gcp,upload,/function/diff.000023.000027.fits,0.0288,45369481.5
3332,7,gcp,europe-west1,1024,MB,europe-west1,gcp,upload,/function/diff.000023.000027_area.fits,0.0288,46546549.0
3333,7,gcp,europe-west1,1024,MB,europe-west1,gcp,upload,/function/diff.000024.000029.fits,4.06368,1282641714.5
3334,7,gcp,europe-west1,1024,MB,europe-west1,gcp,upload,/function/diff.000024.000029_area.fits,4.06368,157772785.5
3335,7,gcp,europe-west1,1024,MB,europe-west1,gcp,upload,/function/diff.000024.000030.fits,0.22464,94137619.5
3336,7,gcp,europe-west1,1024,MB,europe-west1,gcp,upload,/function/diff.000024.000030_area.fits,0.22464,56059634.5
3337,7,gcp,europe-west1,1024,MB,europe-west1,gcp,upload,/function/diff.000025.000026.fits,0.22176,78782419.0
3338,7,gcp,europe-west1,1024,MB,europe-west1,gcp,upload,/function/diff.000025.000026_area.fits,0.22176,60772011.0
3339,7,gcp,europe-west1,1024,MB,europe-west1,gcp,upload,/function/diff.000025.000027.fits,0.42912,125073687.0
3340,7,gcp,europe-west1,1024,MB,europe-west1,gcp,upload,/function/diff.000025.000027_area.fits,0.42912,63078022.0
3341,7,gcp,europe-west1,1024,MB,europe-west1,gcp,upload,/function/diff.000026.000027.fits,0.13248,58606516.5
3342,7,gcp,europe-west1,1024,MB,europe-west1,gcp,upload,/function/diff.000026.000027_area.fits,0.13248,53734888.0
3343,7,gcp,europe-west1,1024,MB,europe-west1,gcp,upload,/function/diff.000026.000028.fits,3.30624,787502401.0
3344,7,gcp,europe-west1,1024,MB,europe-west1,gcp,upload,/function/diff.000026.000028_area.fits,3.30624,142494868.0
3345,7,gcp,europe-west1,1024,MB,europe-west1,gcp,upload,/function/diff.000027.000028.fits,0.03456,55137686.0
3346,7,gcp,europe-west1,1024,MB,europe-west1,gcp,upload,/function/diff.000027.000028_area.fits,0.03456,48020075.5
3347,7,gcp,europe-west1,1024,MB,europe-west1,gcp,upload,/function/diff.000029.000030.fits,0.23328,73550850.5
3348,7,gcp,europe-west1,1024,MB,europe-west1,gcp,upload,/function/diff.000029.000030_area.fits,0.23328,60535779.5
3349,7,gcp,europe-west1,1024,MB,europe-west1,gcp,upload,/function/fit.000001.000007.txt,0.000287,62481600.0
3350,7,gcp,europe-west1,1024,MB,europe-west1,gcp,upload,/function/fit.000001.000011.txt,0.00029,53008490.0
3351,7,gcp,europe-west1,1024,MB,europe-west1,gcp,upload,/function/fit.000001.000012.txt,0.000288,89795847.0
3352,7,gcp,europe-west1,1024,MB,europe-west1,gcp,upload,/function/fit.000001.000020.txt,0.000284,58506973.5
3353,7,gcp,europe-west1,1024,MB,europe-west1,gcp,upload,/function/fit.000001.000025.txt,0.000286,58193269.0
3354,7,gcp,europe-west1,1024,MB,europe-west1,gcp,upload,/function/fit.000001.000026.txt,0.000287,54024511.5
3355,7,gcp,europe-west1,1024,MB,europe-west1,gcp,upload,/function/fit.000001.000028.txt,0.000286,56234598.0
3356,7,gcp,europe-west1,1024,MB,europe-west1,gcp,upload,/function/fit.000002.000006.txt,0.000282,61554365.5
3357,7,gcp,europe-west1,1024,MB,europe-west1,gcp,upload,/function/fit.000002.000009.txt,0.000285,53806241.0
3358,7,gcp,europe-west1,1024,MB,europe-west1,gcp,upload,/function/fit.000002.000015.txt,0.000288,60540213.5
3359,7,gcp,europe-west1,1024,MB,europe-west1,gcp,upload,/function/fit.000002.000016.txt,0.000278,56571908.0
3360,7,gcp,europe-west1,1024,MB,europe-west1,gcp,upload,/function/fit.000002.000019.txt,0.000281,52658971.5
3361,7,gcp,europe-west1,1024,MB,europe-west1,gcp,upload,/function/fit.000002.000020.txt,0.000286,53845349.0
3362,7,gcp,europe-west1,1024,MB,europe-west1,gcp,upload,/function/fit.000002.000023.txt,0.00028,54177897.5
3363,7,gcp,europe-west1,1024,MB,europe-west1,gcp,upload,/function/fit.000002.000025.txt,0.000281,51184289.0
3364,7,gcp,europe-west1,1024,MB,europe-west1,gcp,upload,/function/fit.000002.000026.txt,0.000286,54043760.0
3365,7,gcp,europe-west1,1024,MB,europe-west1,gcp,upload,/function/fit.000002.000027.txt,0.000286,56786835.0
3366,7,gcp,europe-west1,1024,MB,europe-west1,gcp,upload,/function/fit.000002.000028.txt,0.000283,59759755.0
3367,7,gcp,europe-west1,1024,MB,europe-west1,gcp,upload,/function/fit.000003.000005.txt,0.000288,52615918.0
3368,7,gcp,europe-west1,1024,MB,europe-west1,gcp,upload,/function/fit.000003.000006.txt,0.000279,54527211.0
3369,7,gcp,europe-west1,1024,MB,europe-west1,gcp,upload,/function/fit.000003.000016.txt,0.000279,50485511.5
3370,7,gcp,europe-west1,1024,MB,europe-west1,gcp,upload,/function/fit.000003.000019.txt,0.000282,50204861.5
3371,7,gcp,europe-west1,1024,MB,europe-west1,gcp,upload,/function/fit.000003.000023.txt,0.000281,51697966.5
3372,7,gcp,europe-west1,1024,MB,europe-west1,gcp,upload,/function/fit.000003.000024.txt,0.00029,53365035.5
3373,7,gcp,europe-west1,1024,MB,europe-west1,gcp,upload,/function/fit.000003.000029.txt,0.000284,61162900.0
3374,7,gcp,europe-west1,1024,MB,europe-west1,gcp,upload,/function/fit.000004.000008.txt,0.00029,52304838.5
3375,7,gcp,europe-west1,1024,MB,europe-west1,gcp,upload,/function/fit.000004.000010.txt,0.000285,51992270.5
3376,7,gcp,europe-west1,1024,MB,europe-west1,gcp,upload,/function/fit.000004.000014.txt,0.000288,48351808.5
3377,7,gcp,europe-west1,1024,MB,europe-west1,gcp,upload,/function/fit.000004.000015.txt,0.000288,48071516.0
3378,7,gcp,europe-west1,1024,MB,europe-west1,gcp,upload,/function/fit.000004.000016.txt,0.000278,53018654.5
3379,7,gcp,europe-west1,1024,MB,europe-west1,gcp,upload,/function/fit.000004.000017.txt,0.000291,53832462.0
3380,7,gcp,europe-west1,1024,MB,europe-west1,gcp,upload,/function/fit.000004.000019.txt,0.00028,54966825.5
3381,7,gcp,europe-west1,1024,MB,europe-west1,gcp,upload,/function/fit.000004.000020.txt,0.000283,52652415.5
3382,7,gcp,europe-west1,1024,MB,europe-west1,gcp,upload,/function/fit.000004.000021.txt,0.000286,48896208.5
3383,7,gcp,europe-west1,1024,MB,europe-west1,gcp,upload,/function/fit.000004.000025.txt,0.000285,52681042.0
3384,7,gcp,europe-west1,1024,MB,europe-west1,gcp,upload,/function/fit.000004.000027.txt,0.000287,60893468.5
3385,7,gcp,europe-west1,1024,MB,europe-west1,gcp,upload,/function/fit.000005.000006.txt,0.000282,50231200.5
3386,7,gcp,europe-west1,1024,MB,europe-west1,gcp,upload,/function/fit.000005.000016.txt,0.00028,52713052.5
3387,7,gcp,europe-west1,1024,MB,europe-west1,gcp,upload,/function/fit.000005.000019.txt,0.000283,52151251.0
3388,7,gcp,europe-west1,1024,MB,europe-west1,gcp,upload,/function/fit.000005.000023.txt,0.000282,51206320.0
3389,7,gcp,europe-west1,1024,MB,europe-west1,gcp,upload,/function/fit.000005.000024.txt,0.000282,58167457.5
3390,7,gcp,europe-west1,1024,MB,europe-west1,gcp,upload,/function/fit.000005.000029.txt,0.000288,53101829.0
3391,7,gcp,europe-west1,1024,MB,europe-west1,gcp,upload,/function/fit.000006.000009.txt,0.000281,50098442.5
3392,7,gcp,europe-west1,1024,MB,europe-west1,gcp,upload,/function/fit.000006.000016.txt,0.000282,51330890.5
3393,7,gcp,europe-west1,1024,MB,europe-west1,gcp,upload,/function/fit.000006.000019.txt,0.000284,56695061.5
3394,7,gcp,europe-west1,1024,MB,europe-west1,gcp,upload,/function/fit.000006.000023.txt,0.000286,55024249.5
3395,7,gcp,europe-west1,1024,MB,europe-west1,gcp,upload,/function/fit.000006.000027.txt,0.000277,48106385.0
3396,7,gcp,europe-west1,1024,MB,europe-west1,gcp,upload,/function/fit.000007.000008.txt,0.000286,51613007.0
3397,7,gcp,europe-west1,1024,MB,europe-west1,gcp,upload,/function/fit.000007.000011.txt,0.000294,50010795.0
3398,7,gcp,europe-west1,1024,MB,europe-west1,gcp,upload,/function/fit.000007.000012.txt,0.000291,51325598.0
3399,7,gcp,europe-west1,1024,MB,europe-west1,gcp,upload,/function/fit.000007.000013.txt,0.000295,52757499.0
3400,7,gcp,europe-west1,1024,MB,europe-west1,gcp,upload,/function/fit.000007.000020.txt,0.000285,45877016.5
3401,7,gcp,europe-west1,1024,MB,europe-west1,gcp,upload,/function/fit.000007.000025.txt,0.000285,54970694.5
3402,7,gcp,europe-west1,1024,MB,europe-west1,gcp,upload,/function/fit.000007.000026.txt,0.000286,51763588.5
3403,7,gcp,europe-west1,1024,MB,europe-west1,gcp,upload,/function/fit.000007.000028.txt,0.000279,58409098.5
3404,7,gcp,europe-west1,1024,MB,europe-west1,gcp,upload,/function/fit.000008.000012.txt,0.000285,56746701.0
3405,7,gcp,europe-west1,1024,MB,europe-west1,gcp,upload,/function/fit.000008.000013.txt,0.000288,53330659.5
3406,7,gcp,europe-west1,1024,MB,europe-west1,gcp,upload,/function/fit.000008.000014.txt,0.000294,54493374.5
3407,7,gcp,europe-west1,1024,MB,europe-west1,gcp,upload,/function/fit.000008.000015.txt,0.000291,51753109.5
3408,7,gcp,europe-west1,1024,MB,europe-west1,gcp,upload,/function/fit.000008.000017.txt,0.000289,49173778.0
3409,7,gcp,europe-west1,1024,MB,europe-west1,gcp,upload,/function/fit.000008.000020.txt,0.000292,48912919.0
3410,7,gcp,europe-west1,1024,MB,europe-west1,gcp,upload,/function/fit.000008.000022.txt,0.000291,49056221.5
3411,7,gcp,europe-west1,1024,MB,europe-west1,gcp,upload,/function/fit.000008.000025.txt,0.000292,52505564.0
3412,7,gcp,europe-west1,1024,MB,europe-west1,gcp,upload,/function/fit.000008.000027.txt,0.000285,51718360.0
3413,7,gcp,europe-west1,1024,MB,europe-west1,gcp,upload,/function/fit.000009.000016.txt,0.000275,52146505.0
3414,7,gcp,europe-west1,1024,MB,europe-west1,gcp,upload,/function/fit.000009.000019.txt,0.000278,48387798.0
3415,7,gcp,europe-west1,1024,MB,europe-west1,gcp,upload,/function/fit.000009.000020.txt,0.000277,50685746.0
3416,7,gcp,europe-west1,1024,MB,europe-west1,gcp,upload,/function/fit.000009.000023.txt,0.000284,52935229.5
3417,7,gcp,europe-west1,1024,MB,europe-west1,gcp,upload,/function/fit.000009.000026.txt,0.000285,51837727.5
3418,7,gcp,europe-west1,1024,MB,europe-west1,gcp,upload,/function/fit.000009.000027.txt,0.000285,48385508.0
3419,7,gcp,europe-west1,1024,MB,europe-west1,gcp,upload,/function/fit.000009.000028.txt,0.000288,49469950.5
3420,7,gcp,europe-west1,1024,MB,europe-west1,gcp,upload,/function/fit.000010.000015.txt,0.000284,48369065.0
3421,7,gcp,europe-west1,1024,MB,europe-west1,gcp,upload,/function/fit.000010.000016.txt,0.000285,49055842.5
3422,7,gcp,europe-west1,1024,MB,europe-west1,gcp,upload,/function/fit.000010.000017.txt,0.000287,53864192.0
3423,7,gcp,europe-west1,1024,MB,europe-west1,gcp,upload,/function/fit.000010.000018.txt,0.000287,49745164.5
3424,7,gcp,europe-west1,1024,MB,europe-west1,gcp,upload,/function/fit.000010.000019.txt,0.000281,52631370.5
3425,7,gcp,europe-west1,1024,MB,europe-west1,gcp,upload,/function/fit.000010.000021.txt,0.000288,52864994.5
3426,7,gcp,europe-west1,1024,MB,europe-west1,gcp,upload,/function/fit.000010.000024.txt,0.000288,47906661.5
3427,7,gcp,europe-west1,1024,MB,europe-west1,gcp,upload,/function/fit.000010.000027.txt,0.000279,51282404.0
3428,7,gcp,europe-west1,1024,MB,europe-west1,gcp,upload,/function/fit.000010.000029.txt,0.000283,50547605.0
3429,7,gcp,europe-west1,1024,MB,europe-west1,gcp,upload,/function/fit.000010.000030.txt,0.000286,52039872.0
3430,7,gcp,europe-west1,1024,MB,europe-west1,gcp,upload,/function/fit.000011.000020.txt,0.000283,49468411.0
3431,7,gcp,europe-west1,1024,MB,europe-west1,gcp,upload,/function/fit.000011.000026.txt,0.000282,56742895.0
3432,7,gcp,europe-west1,1024,MB,europe-west1,gcp,upload,/function/fit.000011.000028.txt,0.000288,48931691.5
3433,7,gcp,europe-west1,1024,MB,europe-west1,gcp,upload,/function/fit.000012.000013.txt,0.000291,52511277.5
3434,7,gcp,europe-west1,1024,MB,europe-west1,gcp,upload,/function/fit.000012.000014.txt,0.000287,54147580.0
3435,7,gcp,europe-west1,1024,MB,europe-west1,gcp,upload,/function/fit.000012.000020.txt,0.000286,46815546.0
3436,7,gcp,europe-west1,1024,MB,europe-west1,gcp,upload,/function/fit.000012.000022.txt,0.000292,50727424.0
3437,7,gcp,europe-west1,1024,MB,europe-west1,gcp,upload,/function/fit.000012.000025.txt,0.000289,48958399.0
3438,7,gcp,europe-west1,1024,MB,europe-west1,gcp,upload,/function/fit.000012.000026.txt,0.000284,58688191.0
3439,7,gcp,europe-west1,1024,MB,europe-west1,gcp,upload,/function/fit.000013.000014.txt,0.000289,51646438.0
3440,7,gcp,europe-west1,1024,MB,europe-west1,gcp,upload,/function/fit.000013.000020.txt,0.000285,52843358.5
3441,7,gcp,europe-west1,1024,MB,europe-west1,gcp,upload,/function/fit.000013.000022.txt,0.000295,49268984.0
3442,7,gcp,europe-west1,1024,MB,europe-west1,gcp,upload,/function/fit.000013.000025.txt,0.00029,46643345.5
3443,7,gcp,europe-west1,1024,MB,europe-west1,gcp,upload,/function/fit.000014.000015.txt,0.000283,55194773.0
3444,7,gcp,europe-west1,1024,MB,europe-west1,gcp,upload,/function/fit.000014.000017.txt,0.000295,53709914.0
3445,7,gcp,europe-west1,1024,MB,europe-west1,gcp,upload,/function/fit.000014.000022.txt,0.000293,55301041.5
3446,7,gcp,europe-west1,1024,MB,europe-west1,gcp,upload,/function/fit.000014.000025.txt,0.000292,52829712.5
3447,7,gcp,europe-west1,1024,MB,europe-west1,gcp,upload,/function/fit.000015.000016.txt,0.000284,50301703.5
3448,7,gcp,europe-west1,1024,MB,europe-west1,gcp,upload,/function/fit.000015.000017.txt,0.00029,48412767.0
3449,7,gcp,europe-west1,1024,MB,europe-west1,gcp,upload,/function/fit.000015.000019.txt,0.000285,51972003.5
3450,7,gcp,europe-west1,1024,MB,europe-west1,gcp,upload,/function/fit.000015.000020.txt,0.000285,60074383.5
3451,7,gcp,europe-west1,1024,MB,europe-west1,gcp,upload,/function/fit.000015.000021.txt,0.000283,54042257.5
3452,7,gcp,europe-west1,1024,MB,europe-west1,gcp,upload,/function/fit.000015.000025.txt,0.000287,50266591.5
3453,7,gcp,europe-west1,1024,MB,europe-west1,gcp,upload,/function/fit.000015.000026.txt,0.000283,52683364.0
3454,7,gcp,europe-west1,1024,MB,europe-west1,gcp,upload,/function/fit.000015.000027.txt,0.000289,48414294.5
3455,7,gcp,europe-west1,1024,MB,europe-west1,gcp,upload,/function/fit.000016.000019.txt,0.000283,47910944.0
3456,7,gcp,europe-west1,1024,MB,europe-west1,gcp,upload,/function/fit.000016.000021.txt,0.000282,53903294.0
3457,7,gcp,europe-west1,1024,MB,europe-west1,gcp,upload,/function/fit.000016.000023.txt,0.000282,51242821.0
3458,7,gcp,europe-west1,1024,MB,europe-west1,gcp,upload,/function/fit.000016.000024.txt,0.000279,47030699.0
3459,7,gcp,europe-west1,1024,MB,europe-west1,gcp,upload,/function/fit.000016.000027.txt,0.000279,56248106.0
3460,7,gcp,europe-west1,1024,MB,europe-west1,gcp,upload,/function/fit.000016.000029.txt,0.000282,51432201.5
3461,7,gcp,europe-west1,1024,MB,europe-west1,gcp,upload,/function/fit.000017.000021.txt,0.000288,49835149.5
3462,7,gcp,europe-west1,1024,MB,europe-west1,gcp,upload,/function/fit.000017.000025.txt,0.000287,48887395.0
3463,7,gcp,europe-west1,1024,MB,europe-west1,gcp,upload,/function/fit.000018.000021.txt,0.000288,49934052.0
3464,7,gcp,europe-west1,1024,MB,europe-west1,gcp,upload,/function/fit.000018.000024.txt,0.000286,51764852.0
3465,7,gcp,europe-west1,1024,MB,europe-west1,gcp,upload,/function/fit.000018.000029.txt,0.000288,50815568.0
3466,7,gcp,europe-west1,1024,MB,europe-west1,gcp,upload,/function/fit.000018.000030.txt,0.000294,53337145.0
3467,7,gcp,europe-west1,1024,MB,europe-west1,gcp,upload,/function/fit.000019.000021.txt,0.000288,52510897.0
3468,7,gcp,europe-west1,1024,MB,europe-west1,gcp,upload,/function/fit.000019.000023.txt,0.000287,58420189.0
3469,7,gcp,europe-west1,1024,MB,europe-west1,gcp,upload,/function/fit.000019.000024.txt,0.000281,44996892.5
3470,7,gcp,europe-west1,1024,MB,europe-west1,gcp,upload,/function/fit.000019.000027.txt,0.000279,46544850.5
3471,7,gcp,europe-west1,1024,MB,europe-west1,gcp,upload,/function/fit.000019.000029.txt,0.000283,50775858.5
3472,7,gcp,europe-west1,1024,MB,europe-west1,gcp,upload,/function/fit.000020.000025.txt,0.000289,52761165.5
3473,7,gcp,europe-west1,1024,MB,europe-west1,gcp,upload,/function/fit.000020.000026.txt,0.000286,46628370.5
3474,7,gcp,europe-west1,1024,MB,europe-west1,gcp,upload,/function/fit.000020.000027.txt,0.000286,49856832.0
3475,7,gcp,europe-west1,1024,MB,europe-west1,gcp,upload,/function/fit.000020.000028.txt,0.000289,57815346.0
3476,7,gcp,europe-west1,1024,MB,europe-west1,gcp,upload,/function/fit.000021.000024.txt,0.000285,48073783.0
3477,7,gcp,europe-west1,1024,MB,europe-west1,gcp,upload,/function/fit.000021.000027.txt,0.000277,46854668.5
3478,7,gcp,europe-west1,1024,MB,europe-west1,gcp,upload,/function/fit.000021.000029.txt,0.000281,50524870.5
3479,7,gcp,europe-west1,1024,MB,europe-west1,gcp,upload,/function/fit.000021.000030.txt,0.000284,46908779.0
3480,7,gcp,europe-west1,1024,MB,europe-west1,gcp,upload,/function/fit.000022.000025.txt,0.000286,52145295.5
3481,7,gcp,europe-west1,1024,MB,europe-west1,gcp,upload,/function/fit.000023.000027.txt,0.00028,44297208.5
3482,7,gcp,europe-west1,1024,MB,europe-west1,gcp,upload,/function/fit.000024.000029.txt,0.00029,50055491.0
3483,7,gcp,europe-west1,1024,MB,europe-west1,gcp,upload,/function/fit.000024.000030.txt,0.000289,53033972.5
3484,7,gcp,europe-west1,1024,MB,europe-west1,gcp,upload,/function/fit.000025.000026.txt,0.00029,50634965.5
3485,7,gcp,europe-west1,1024,MB,europe-west1,gcp,upload,/function/fit.000025.000027.txt,0.000282,51640221.5
3486,7,gcp,europe-west1,1024,MB,europe-west1,gcp,upload,/function/fit.000026.000027.txt,0.000283,52188115.0
3487,7,gcp,europe-west1,1024,MB,europe-west1,gcp,upload,/function/fit.000026.000028.txt,0.00029,45518470.0
3488,7,gcp,europe-west1,1024,MB,europe-west1,gcp,upload,/function/fit.000027.000028.txt,0.000278,54801411.5
3489,7,gcp,europe-west1,1024,MB,europe-west1,gcp,upload,/function/fit.000029.000030.txt,0.000283,57217010.5
3490,8,gcp,europe-west1,1024,MB,europe-west1,gcp,download,/function/diffs.tbl,0.016167,126886921.0
3491,8,gcp,europe-west1,1024,MB,europe-west1,gcp,download,/function/mStatFile,0.039792,63101800.0
3492,8,gcp,europe-west1,1024,MB,europe-west1,gcp,upload,/function/statfile.tbl,0.005863,68555650.0
3493,9,gcp,europe-west1,1024,MB,europe-west1,gcp,download,/function/fit.000001.000007.txt,0.000287,67224673.0
3494,9,gcp,europe-west1,1024,MB,europe-west1,gcp,download,/function/fit.000001.000011.txt,0.00029,63095598.5
3495,9,gcp,europe-west1,1024,MB,europe-west1,gcp,download,/function/fit.000001.000012.txt,0.000288,66487128.0
3496,9,gcp,europe-west1,1024,MB,europe-west1,gcp,download,/function/fit.000001.000020.txt,0.000284,64794570.0
3497,9,gcp,europe-west1,1024,MB,europe-west1,gcp,download,/function/fit.000001.000025.txt,0.000286,62611766.0
3498,9,gcp,europe-west1,1024,MB,europe-west1,gcp,download,/function/fit.000001.000026.txt,0.000287,61503554.5
3499,9,gcp,europe-west1,1024,MB,europe-west1,gcp,download,/function/fit.000001.000028.txt,0.000286,70635369.5
3500,9,gcp,europe-west1,1024,MB,europe-west1,gcp,download,/function/fit.000002.000006.txt,0.000282,49092473.5
3501,9,gcp,europe-west1,1024,MB,europe-west1,gcp,download,/function/fit.000002.000009.txt,0.000285,64344684.0
3502,9,gcp,europe-west1,1024,MB,europe-west1,gcp,download,/function/fit.000002.000015.txt,0.000288,52585262.0
3503,9,gcp,europe-west1,1024,MB,europe-west1,gcp,download,/function/fit.000002.000016.txt,0.000278,70698149.5
3504,9,gcp,europe-west1,1024,MB,europe-west1,gcp,download,/function/fit.000002.000019.txt,0.000281,58224370.5
3505,9,gcp,europe-west1,1024,MB,europe-west1,gcp,download,/function/fit.000002.000020.txt,0.000286,55068539.5
3506,9,gcp,europe-west1,1024,MB,europe-west1,gcp,download,/function/fit.000002.000023.txt,0.00028,60678685.5
3507,9,gcp,europe-west1,1024,MB,europe-west1,gcp,download,/function/fit.000002.000025.txt,0.000281,58101130.0
3508,9,gcp,europe-west1,1024,MB,europe-west1,gcp,download,/function/fit.000002.000026.txt,0.000286,64050975.5
3509,9,gcp,europe-west1,1024,MB,europe-west1,gcp,download,/function/fit.000002.000027.txt,0.000286,64874626.5
3510,9,gcp,europe-west1,1024,MB,europe-west1,gcp,download,/function/fit.000002.000028.txt,0.000283,63740664.0
3511,9,gcp,europe-west1,1024,MB,europe-west1,gcp,download,/function/fit.000003.000005.txt,0.000288,66850179.0
3512,9,gcp,europe-west1,1024,MB,europe-west1,gcp,download,/function/fit.000003.000006.txt,0.000279,58675491.0
3513,9,gcp,europe-west1,1024,MB,europe-west1,gcp,download,/function/fit.000003.000016.txt,0.000279,62347195.0
3514,9,gcp,europe-west1,1024,MB,europe-west1,gcp,download,/function/fit.000003.000019.txt,0.000282,60628253.5
3515,9,gcp,europe-west1,1024,MB,europe-west1,gcp,download,/function/fit.000003.000023.txt,0.000281,60662000.0
3516,9,gcp,europe-west1,1024,MB,europe-west1,gcp,download,/function/fit.000003.000024.txt,0.00029,63769471.0
3517,9,gcp,europe-west1,1024,MB,europe-west1,gcp,download,/function/fit.000003.000029.txt,0.000284,79408735.0
3518,9,gcp,europe-west1,1024,MB,europe-west1,gcp,download,/function/fit.000004.000008.txt,0.00029,62573215.0
3519,9,gcp,europe-west1,1024,MB,europe-west1,gcp,download,/function/fit.000004.000010.txt,0.000285,63399949.0
3520,9,gcp,europe-west1,1024,MB,europe-west1,gcp,download,/function/fit.000004.000014.txt,0.000288,66081111.5
3521,9,gcp,europe-west1,1024,MB,europe-west1,gcp,download,/function/fit.000004.000015.txt,0.000288,60400411.5
3522,9,gcp,europe-west1,1024,MB,europe-west1,gcp,download,/function/fit.000004.000016.txt,0.000278,59340625.0
3523,9,gcp,europe-west1,1024,MB,europe-west1,gcp,download,/function/fit.000004.000017.txt,0.000291,60040507.0
3524,9,gcp,europe-west1,1024,MB,europe-west1,gcp,download,/function/fit.000004.000019.txt,0.00028,74456093.0
3525,9,gcp,europe-west1,1024,MB,europe-west1,gcp,download,/function/fit.000004.000020.txt,0.000283,67091232.5
3526,9,gcp,europe-west1,1024,MB,europe-west1,gcp,download,/function/fit.000004.000021.txt,0.000286,71749905.0
3527,9,gcp,europe-west1,1024,MB,europe-west1,gcp,download,/function/fit.000004.000025.txt,0.000285,54079357.0
3528,9,gcp,europe-west1,1024,MB,europe-west1,gcp,download,/function/fit.000004.000027.txt,0.000287,56528245.5
3529,9,gcp,europe-west1,1024,MB,europe-west1,gcp,download,/function/fit.000005.000006.txt,0.000282,76905396.5
3530,9,gcp,europe-west1,1024,MB,europe-west1,gcp,download,/function/fit.000005.000016.txt,0.00028,81817141.5
3531,9,gcp,europe-west1,1024,MB,europe-west1,gcp,download,/function/fit.000005.000019.txt,0.000283,52335334.0
3532,9,gcp,europe-west1,1024,MB,europe-west1,gcp,download,/function/fit.000005.000023.txt,0.000282,51012961.5
3533,9,gcp,europe-west1,1024,MB,europe-west1,gcp,download,/function/fit.000005.000024.txt,0.000282,50462809.5
3534,9,gcp,europe-west1,1024,MB,europe-west1,gcp,download,/function/fit.000005.000029.txt,0.000288,57044539.0
3535,9,gcp,europe-west1,1024,MB,europe-west1,gcp,download,/function/fit.000006.000009.txt,0.000281,68385705.5
3536,9,gcp,europe-west1,1024,MB,europe-west1,gcp,download,/function/fit.000006.000016.txt,0.000282,62759140.5
3537,9,gcp,europe-west1,1024,MB,europe-west1,gcp,download,/function/fit.000006.000019.txt,0.000284,59560588.5
3538,9,gcp,europe-west1,1024,MB,europe-west1,gcp,download,/function/fit.000006.000023.txt,0.000286,58796072.0
3539,9,gcp,europe-west1,1024,MB,europe-west1,gcp,download,/function/fit.000006.000027.txt,0.000277,67489773.0
3540,9,gcp,europe-west1,1024,MB,europe-west1,gcp,download,/function/fit.000007.000008.txt,0.000286,60503774.0
3541,9,gcp,europe-west1,1024,MB,europe-west1,gcp,download,/function/fit.000007.000011.txt,0.000294,57021256.0
3542,9,gcp,europe-west1,1024,MB,europe-west1,gcp,download,/function/fit.000007.000012.txt,0.000291,61739462.0
3543,9,gcp,europe-west1,1024,MB,europe-west1,gcp,download,/function/fit.000007.000013.txt,0.000295,55301692.5
3544,9,gcp,europe-west1,1024,MB,europe-west1,gcp,download,/function/fit.000007.000020.txt,0.000285,61992570.0
3545,9,gcp,europe-west1,1024,MB,europe-west1,gcp,download,/function/fit.000007.000025.txt,0.000285,60404726.0
3546,9,gcp,europe-west1,1024,MB,europe-west1,gcp,download,/function/fit.000007.000026.txt,0.000286,64789784.5
3547,9,gcp,europe-west1,1024,MB,europe-west1,gcp,download,/function/fit.000007.000028.txt,0.000279,75728081.0
3548,9,gcp,europe-west1,1024,MB,europe-west1,gcp,download,/function/fit.000008.000012.txt,0.000285,66259230.5
3549,9,gcp,europe-west1,1024,MB,europe-west1,gcp,download,/function/fit.000008.000013.txt,0.000288,63817622.0
3550,9,gcp,europe-west1,1024,MB,europe-west1,gcp,download,/function/fit.000008.000014.txt,0.000294,75849536.0
3551,9,gcp,europe-west1,1024,MB,europe-west1,gcp,download,/function/fit.000008.000015.txt,0.000291,53845212.5
3552,9,gcp,europe-west1,1024,MB,europe-west1,gcp,download,/function/fit.000008.000017.txt,0.000289,52381923.0
3553,9,gcp,europe-west1,1024,MB,europe-west1,gcp,download,/function/fit.000008.000020.txt,0.000292,64369599.5
3554,9,gcp,europe-west1,1024,MB,europe-west1,gcp,download,/function/fit.000008.000022.txt,0.000291,59344037.5
3555,9,gcp,europe-west1,1024,MB,europe-west1,gcp,download,/function/fit.000008.000025.txt,0.000292,60884522.5
3556,9,gcp,europe-west1,1024,MB,europe-west1,gcp,download,/function/fit.000008.000027.txt,0.000285,66555678.0
3557,9,gcp,europe-west1,1024,MB,europe-west1,gcp,download,/function/fit.000009.000016.txt,0.000275,66369985.0
3558,9,gcp,europe-west1,1024,MB,europe-west1,gcp,download,/function/fit.000009.000019.txt,0.000278,62348244.5
3559,9,gcp,europe-west1,1024,MB,europe-west1,gcp,download,/function/fit.000009.000020.txt,0.000277,55707225.0
3560,9,gcp,europe-west1,1024,MB,europe-west1,gcp,download,/function/fit.000009.000023.txt,0.000284,56751024.0
3561,9,gcp,europe-west1,1024,MB,europe-west1,gcp,download,/function/fit.000009.000026.txt,0.000285,59381672.0
3562,9,gcp,europe-west1,1024,MB,europe-west1,gcp,download,/function/fit.000009.000027.txt,0.000285,58605451.0
3563,9,gcp,europe-west1,1024,MB,europe-west1,gcp,download,/function/fit.000009.000028.txt,0.000288,58599150.0
3564,9,gcp,europe-west1,1024,MB,europe-west1,gcp,download,/function/fit.000010.000015.txt,0.000284,60409134.0
3565,9,gcp,europe-west1,1024,MB,europe-west1,gcp,download,/function/fit.000010.000016.txt,0.000285,64149025.5
3566,9,gcp,europe-west1,1024,MB,europe-west1,gcp,download,/function/fit.000010.000017.txt,0.000287,65413253.0
3567,9,gcp,europe-west1,1024,MB,europe-west1,gcp,download,/function/fit.000010.000018.txt,0.000287,70515080.0
3568,9,gcp,europe-west1,1024,MB,europe-west1,gcp,download,/function/fit.000010.000019.txt,0.000281,61027429.0
3569,9,gcp,europe-west1,1024,MB,europe-west1,gcp,download,/function/fit.000010.000021.txt,0.000288,66753809.5
3570,9,gcp,europe-west1,1024,MB,europe-west1,gcp,download,/function/fit.000010.000024.txt,0.000288,61690552.5
3571,9,gcp,europe-west1,1024,MB,europe-west1,gcp,download,/function/fit.000010.000027.txt,0.000279,63962892.5
3572,9,gcp,europe-west1,1024,MB,europe-west1,gcp,download,/function/fit.000010.000029.txt,0.000283,51821708.5
3573,9,gcp,europe-west1,1024,MB,europe-west1,gcp,download,/function/fit.000010.000030.txt,0.000286,54484815.0
3574,9,gcp,europe-west1,1024,MB,europe-west1,gcp,download,/function/fit.000011.000020.txt,0.000283,73655460.5
3575,9,gcp,europe-west1,1024,MB,europe-west1,gcp,download,/function/fit.000011.000026.txt,0.000282,57935986.5
3576,9,gcp,europe-west1,1024,MB,europe-west1,gcp,download,/function/fit.000011.000028.txt,0.000288,60640854.5
3577,9,gcp,europe-west1,1024,MB,europe-west1,gcp,download,/function/fit.000012.000013.txt,0.000291,59671117.5
3578,9,gcp,europe-west1,1024,MB,europe-west1,gcp,download,/function/fit.000012.000014.txt,0.000287,43806725.0
3579,9,gcp,europe-west1,1024,MB,europe-west1,gcp,download,/function/fit.000012.000020.txt,0.000286,62967397.0
3580,9,gcp,europe-west1,1024,MB,europe-west1,gcp,download,/function/fit.000012.000022.txt,0.000292,59731734.0
3581,9,gcp,europe-west1,1024,MB,europe-west1,gcp,download,/function/fit.000012.000025.txt,0.000289,59982611.5
3582,9,gcp,europe-west1,1024,MB,europe-west1,gcp,download,/function/fit.000012.000026.txt,0.000284,52742160.0
3583,9,gcp,europe-west1,1024,MB,europe-west1,gcp,download,/function/fit.000013.000014.txt,0.000289,69586557.0
3584,9,gcp,europe-west1,1024,MB,europe-west1,gcp,download,/function/fit.000013.000020.txt,0.000285,54314514.0
3585,9,gcp,europe-west1,1024,MB,europe-west1,gcp,download,/function/fit.000013.000022.txt,0.000295,62777508.5
3586,9,gcp,europe-west1,1024,MB,europe-west1,gcp,download,/function/fit.000013.000025.txt,0.00029,63394860.5
3587,9,gcp,europe-west1,1024,MB,europe-west1,gcp,download,/function/fit.000014.000015.txt,0.000283,74269383.5
3588,9,gcp,europe-west1,1024,MB,europe-west1,gcp,download,/function/fit.000014.000017.txt,0.000295,82066376.0
3589,9,gcp,europe-west1,1024,MB,europe-west1,gcp,download,/function/fit.000014.000022.txt,0.000293,61205168.5
3590,9,gcp,europe-west1,1024,MB,europe-west1,gcp,download,/function/fit.000014.000025.txt,0.000292,61953519.0
3591,9,gcp,europe-west1,1024,MB,europe-west1,gcp,download,/function/fit.000015.000016.txt,0.000284,60934146.5
3592,9,gcp,europe-west1,1024,MB,europe-west1,gcp,download,/function/fit.000015.000017.txt,0.00029,50585317.5
3593,9,gcp,europe-west1,1024,MB,europe-west1,gcp,download,/function/fit.000015.000019.txt,0.000285,68464957.0
3594,9,gcp,europe-west1,1024,MB,europe-west1,gcp,download,/function/fit.000015.000020.txt,0.000285,46635606.0
3595,9,gcp,europe-west1,1024,MB,europe-west1,gcp,download,/function/fit.000015.000021.txt,0.000283,46046466.5
3596,9,gcp,europe-west1,1024,MB,europe-west1,gcp,download,/function/fit.000015.000025.txt,0.000287,66478088.0
3597,9,gcp,europe-west1,1024,MB,europe-west1,gcp,download,/function/fit.000015.000026.txt,0.000283,59316021.5
3598,9,gcp,europe-west1,1024,MB,europe-west1,gcp,download,/function/fit.000015.000027.txt,0.000289,64156055.5
3599,9,gcp,europe-west1,1024,MB,europe-west1,gcp,download,/function/fit.000016.000019.txt,0.000283,54449311.0
3600,9,gcp,europe-west1,1024,MB,europe-west1,gcp,download,/function/fit.000016.000021.txt,0.000282,59957041.5
3601,9,gcp,europe-west1,1024,MB,europe-west1,gcp,download,/function/fit.000016.000023.txt,0.000282,54191372.0
3602,9,gcp,europe-west1,1024,MB,europe-west1,gcp,download,/function/fit.000016.000024.txt,0.000279,50622085.0
3603,9,gcp,europe-west1,1024,MB,europe-west1,gcp,download,/function/fit.000016.000027.txt,0.000279,52177858.5
3604,9,gcp,europe-west1,1024,MB,europe-west1,gcp,download,/function/fit.000016.000029.txt,0.000282,60191501.5
3605,9,gcp,europe-west1,1024,MB,europe-west1,gcp,download,/function/fit.000017.000021.txt,0.000288,56522409.0
3606,9,gcp,europe-west1,1024,MB,europe-west1,gcp,download,/function/fit.000017.000025.txt,0.000287,59490578.5
3607,9,gcp,europe-west1,1024,MB,europe-west1,gcp,download,/function/fit.000018.000021.txt,0.000288,57917477.0
3608,9,gcp,europe-west1,1024,MB,europe-west1,gcp,download,/function/fit.000018.000024.txt,0.000286,46934494.5
3609,9,gcp,europe-west1,1024,MB,europe-west1,gcp,download,/function/fit.000018.000029.txt,0.000288,61417594.0
3610,9,gcp,europe-west1,1024,MB,europe-west1,gcp,download,/function/fit.000018.000030.txt,0.000294,55097956.5
3611,9,gcp,europe-west1,1024,MB,europe-west1,gcp,download,/function/fit.000019.000021.txt,0.000288,58549224.5
3612,9,gcp,europe-west1,1024,MB,europe-west1,gcp,download,/function/fit.000019.000023.txt,0.000287,76722251.0
3613,9,gcp,europe-west1,1024,MB,europe-west1,gcp,download,/function/fit.000019.000024.txt,0.000281,50023688.0
3614,9,gcp,europe-west1,1024,MB,europe-west1,gcp,download,/function/fit.000019.000027.txt,0.000279,55534900.0
3615,9,gcp,europe-west1,1024,MB,europe-west1,gcp,download,/function/fit.000019.000029.txt,0.000283,45633764.0
3616,9,gcp,europe-west1,1024,MB,europe-west1,gcp,download,/function/fit.000020.000025.txt,0.000289,63812812.5
3617,9,gcp,europe-west1,1024,MB,europe-west1,gcp,download,/function/fit.000020.000026.txt,0.000286,53008921.5
3618,9,gcp,europe-west1,1024,MB,europe-west1,gcp,download,/function/fit.000020.000027.txt,0.000286,69054947.0
3619,9,gcp,europe-west1,1024,MB,europe-west1,gcp,download,/function/fit.000020.000028.txt,0.000289,53789218.0
3620,9,gcp,europe-west1,1024,MB,europe-west1,gcp,download,/function/fit.000021.000024.txt,0.000285,63226658.0
3621,9,gcp,europe-west1,1024,MB,europe-west1,gcp,download,/function/fit.000021.000027.txt,0.000277,69144579.0
3622,9,gcp,europe-west1,1024,MB,europe-west1,gcp,download,/function/fit.000021.000029.txt,0.000281,62676558.0
3623,9,gcp,europe-west1,1024,MB,europe-west1,gcp,download,/function/fit.000021.000030.txt,0.000284,63712158.5
3624,9,gcp,europe-west1,1024,MB,europe-west1,gcp,download,/function/fit.000022.000025.txt,0.000286,51636806.0
3625,9,gcp,europe-west1,1024,MB,europe-west1,gcp,download,/function/fit.000023.000027.txt,0.00028,53141980.5
3626,9,gcp,europe-west1,1024,MB,europe-west1,gcp,download,/function/fit.000024.000029.txt,0.00029,60129847.5
3627,9,gcp,europe-west1,1024,MB,europe-west1,gcp,download,/function/fit.000024.000030.txt,0.000289,48522359.5
3628,9,gcp,europe-west1,1024,MB,europe-west1,gcp,download,/function/fit.000025.000026.txt,0.00029,57276911.0
3629,9,gcp,europe-west1,1024,MB,europe-west1,gcp,download,/function/fit.000025.000027.txt,0.000282,65960802.5
3630,9,gcp,europe-west1,1024,MB,europe-west1,gcp,download,/function/fit.000026.000027.txt,0.000283,60629772.5
3631,9,gcp,europe-west1,1024,MB,europe-west1,gcp,download,/function/fit.000026.000028.txt,0.00029,55654340.5
3632,9,gcp,europe-west1,1024,MB,europe-west1,gcp,download,/function/fit.000027.000028.txt,0.000278,49887840.5
3633,9,gcp,europe-west1,1024,MB,europe-west1,gcp,download,/function/fit.000029.000030.txt,0.000283,69751996.5
3634,9,gcp,europe-west1,1024,MB,europe-west1,gcp,download,/function/mConcatFit,0.048384,65171325.0
3635,9,gcp,europe-west1,1024,MB,europe-west1,gcp,download,/function/statfile.tbl,0.005863,49642687.0
3636,9,gcp,europe-west1,1024,MB,europe-west1,gcp,upload,/function/fits.tbl,0.029537,143122976.0
3637,10,gcp,europe-west1,512,MB,europe-west1,gcp,download,/function/fits.tbl,0.029537,99177287.5
3638,10,gcp,europe-west1,512,MB,europe-west1,gcp,download,/function/mBgModel,0.078616,306544262.0
3639,10,gcp,europe-west1,512,MB,europe-west1,gcp,download,/function/pimages.tbl,0.00511,108049518.0
3640,10,gcp,europe-west1,512,MB,europe-west1,gcp,upload,/function/corrections.tbl,0.001706,121045055.0
3641,11,gcp,europe-west1,512,MB,europe-west1,gcp,download,/function/pimages.tbl,0.00511,303752055.5
3642,11,gcp,europe-west1,512,MB,europe-west1,gcp,upload,/function/modpimages.tbl,0.00575,150266889.0
3643,13,gcp,europe-west1,512,MB,europe-west1,gcp,download,/function/corrections.tbl,0.001706,57976719.5
3644,13,gcp,europe-west1,512,MB,europe-west1,gcp,download,/function/mBackground,5.373736,344495691.5
3645,13,gcp,europe-west1,512,MB,europe-west1,gcp,download,/function/modpimages.tbl,0.00575,61287781.5
3646,13,gcp,europe-west1,512,MB,europe-west1,gcp,download,/function/p2mass-atlas-001020s-k0860033.fits,4.14432,239955910.0
3647,13,gcp,europe-west1,512,MB,europe-west1,gcp,download,/function/p2mass-atlas-001020s-k0860033_area.fits,4.14432,249224182.5
3648,13,gcp,europe-west1,512,MB,europe-west1,gcp,download,/function/p2mass-atlas-001020s-k0860044.fits,4.14432,221323456.0
3649,13,gcp,europe-west1,512,MB,europe-west1,gcp,download,/function/p2mass-atlas-001020s-k0860044_area.fits,4.14432,823552630.0
3650,13,gcp,europe-west1,512,MB,europe-west1,gcp,download,/function/p2mass-atlas-001020s-k0860056.fits,4.14432,689563112.0
3651,13,gcp,europe-west1,512,MB,europe-west1,gcp,download,/function/p2mass-atlas-001020s-k0860056_area.fits,4.14432,247021988.5
3652,13,gcp,europe-west1,512,MB,europe-west1,gcp,download,/function/p2mass-atlas-001020s-k0870221.fits,4.13568,239073511.5
3653,13,gcp,europe-west1,512,MB,europe-west1,gcp,download,/function/p2mass-atlas-001020s-k0870221_area.fits,4.13568,183545893.0
3654,13,gcp,europe-west1,512,MB,europe-west1,gcp,download,/function/p2mass-atlas-001020s-k0870233.fits,4.13568,620092860.0
3655,13,gcp,europe-west1,512,MB,europe-west1,gcp,download,/function/p2mass-atlas-001020s-k0870233_area.fits,4.13568,277248453.5
3656,13,gcp,europe-west1,512,MB,europe-west1,gcp,download,/function/p2mass-atlas-001020s-k0870245.fits,4.13568,262874077.0
3657,13,gcp,europe-west1,512,MB,europe-west1,gcp,download,/function/p2mass-atlas-001020s-k0870245_area.fits,4.13568,283591907.5
3658,13,gcp,europe-west1,512,MB,europe-west1,gcp,download,/function/p2mass-atlas-001021s-k0490221.fits,4.13568,232591048.5
3659,13,gcp,europe-west1,512,MB,europe-west1,gcp,download,/function/p2mass-atlas-001021s-k0490221_area.fits,4.13568,251520798.5
3660,13,gcp,europe-west1,512,MB,europe-west1,gcp,download,/function/p2mass-atlas-001021s-k0490233.fits,4.13568,323638507.5
3661,13,gcp,europe-west1,512,MB,europe-west1,gcp,download,/function/p2mass-atlas-001021s-k0490233_area.fits,4.13568,727254444.0
3662,13,gcp,europe-west1,512,MB,europe-west1,gcp,download,/function/p2mass-atlas-001021s-k0490245.fits,4.14432,294880337.0
3663,13,gcp,europe-west1,512,MB,europe-west1,gcp,download,/function/p2mass-atlas-001021s-k0490245_area.fits,4.14432,765540823.0
3664,13,gcp,europe-west1,512,MB,europe-west1,gcp,download,/function/p2mass-atlas-001021s-k0560033.fits,4.15296,699225616.5
3665,13,gcp,europe-west1,512,MB,europe-west1,gcp,download,/function/p2mass-atlas-001021s-k0560033_area.fits,4.15296,262620063.0
3666,13,gcp,europe-west1,512,MB,europe-west1,gcp,download,/function/p2mass-atlas-001021s-k0560044.fits,4.14432,201021587.0
3667,13,gcp,europe-west1,512,MB,europe-west1,gcp,download,/function/p2mass-atlas-001021s-k0560044_area.fits,4.14432,167386292.0
3668,13,gcp,europe-west1,512,MB,europe-west1,gcp,download,/function/p2mass-atlas-001021s-k0560056.fits,4.13568,263894744.0
3669,13,gcp,europe-west1,512,MB,europe-west1,gcp,download,/function/p2mass-atlas-001021s-k0560056_area.fits,4.13568,175708331.5
3670,13,gcp,europe-west1,512,MB,europe-west1,gcp,download,/function/p2mass-atlas-001021s-k0570221.fits,4.14432,278728794.5
3671,13,gcp,europe-west1,512,MB,europe-west1,gcp,download,/function/p2mass-atlas-001021s-k0570221_area.fits,4.14432,289170456.0
3672,13,gcp,europe-west1,512,MB,europe-west1,gcp,download,/function/p2mass-atlas-001021s-k0570233.fits,4.13568,315628882.0
3673,13,gcp,europe-west1,512,MB,europe-west1,gcp,download,/function/p2mass-atlas-001021s-k0570233_area.fits,4.13568,263985538.0
3674,13,gcp,europe-west1,512,MB,europe-west1,gcp,download,/function/p2mass-atlas-001021s-k0570245.fits,4.14432,339290333.0
3675,13,gcp,europe-west1,512,MB,europe-west1,gcp,download,/function/p2mass-atlas-001021s-k0570245_area.fits,4.14432,242021210.0
3676,13,gcp,europe-west1,512,MB,europe-west1,gcp,download,/function/p2mass-atlas-980914s-k0800033.fits,4.14432,230884383.5
3677,13,gcp,europe-west1,512,MB,europe-west1,gcp,download,/function/p2mass-atlas-980914s-k0800033_area.fits,4.14432,249421073.5
3678,13,gcp,europe-west1,512,MB,europe-west1,gcp,download,/function/p2mass-atlas-980914s-k0800044.fits,4.14432,293362649.5
3679,13,gcp,europe-west1,512,MB,europe-west1,gcp,download,/function/p2mass-atlas-980914s-k0800044_area.fits,4.14432,315551115.5
3680,13,gcp,europe-west1,512,MB,europe-west1,gcp,download,/function/p2mass-atlas-980914s-k0800056.fits,4.14432,290152654.0
3681,13,gcp,europe-west1,512,MB,europe-west1,gcp,download,/function/p2mass-atlas-980914s-k0800056_area.fits,4.14432,227897427.5
3682,13,gcp,europe-west1,512,MB,europe-west1,gcp,download,/function/p2mass-atlas-980914s-k0810221.fits,4.14432,232710387.0
3683,13,gcp,europe-west1,512,MB,europe-west1,gcp,download,/function/p2mass-atlas-980914s-k0810221_area.fits,4.14432,325253573.0
3684,13,gcp,europe-west1,512,MB,europe-west1,gcp,download,/function/p2mass-atlas-980914s-k0810233.fits,4.14432,252557640.5
3685,13,gcp,europe-west1,512,MB,europe-west1,gcp,download,/function/p2mass-atlas-980914s-k0810233_area.fits,4.14432,286326548.0
3686,13,gcp,europe-west1,512,MB,europe-west1,gcp,download,/function/p2mass-atlas-980914s-k0810245.fits,4.14432,407872413.0
3687,13,gcp,europe-west1,512,MB,europe-west1,gcp,download,/function/p2mass-atlas-980914s-k0810245_area.fits,4.14432,466323881.0
3688,13,gcp,europe-west1,512,MB,europe-west1,gcp,download,/function/p2mass-atlas-980914s-k0820033.fits,4.14432,269787329.5
3689,13,gcp,europe-west1,512,MB,europe-west1,gcp,download,/function/p2mass-atlas-980914s-k0820033_area.fits,4.14432,254873656.0
3690,13,gcp,europe-west1,512,MB,europe-west1,gcp,download,/function/p2mass-atlas-980914s-k0820044.fits,4.14432,217035722.0
3691,13,gcp,europe-west1,512,MB,europe-west1,gcp,download,/function/p2mass-atlas-980914s-k0820044_area.fits,4.14432,245168995.5
3692,13,gcp,europe-west1,512,MB,europe-west1,gcp,download,/function/p2mass-atlas-980914s-k0820056.fits,4.13568,298232435.5
3693,13,gcp,europe-west1,512,MB,europe-west1,gcp,download,/function/p2mass-atlas-980914s-k0820056_area.fits,4.13568,284425315.0
3694,13,gcp,europe-west1,512,MB,europe-west1,gcp,download,/function/p2mass-atlas-980914s-k0830221.fits,4.14432,258548024.0
3695,13,gcp,europe-west1,512,MB,europe-west1,gcp,download,/function/p2mass-atlas-980914s-k0830221_area.fits,4.14432,294812335.5
3696,13,gcp,europe-west1,512,MB,europe-west1,gcp,download,/function/p2mass-atlas-980914s-k0830233.fits,4.14432,522163755.5
3697,13,gcp,europe-west1,512,MB,europe-west1,gcp,download,/function/p2mass-atlas-980914s-k0830233_area.fits,4.14432,338461772.5
3698,13,gcp,europe-west1,512,MB,europe-west1,gcp,download,/function/p2mass-atlas-980914s-k0830245.fits,4.14432,309117893.5
3699,13,gcp,europe-west1,512,MB,europe-west1,gcp,download,/function/p2mass-atlas-980914s-k0830245_area.fits,4.14432,245840028.0
3700,13,gcp,europe-west1,512,MB,europe-west1,gcp,download,/function/p2mass-atlas-980914s-k0840033.fits,4.14432,375354303.0
3701,13,gcp,europe-west1,512,MB,europe-west1,gcp,download,/function/p2mass-atlas-980914s-k0840033_area.fits,4.14432,331169538.5
3702,13,gcp,europe-west1,512,MB,europe-west1,gcp,download,/function/p2mass-atlas-980914s-k0840044.fits,4.14432,422983077.5
3703,13,gcp,europe-west1,512,MB,europe-west1,gcp,download,/function/p2mass-atlas-980914s-k0840044_area.fits,4.14432,302387501.5
3704,13,gcp,europe-west1,512,MB,europe-west1,gcp,download,/function/p2mass-atlas-980914s-k0840056.fits,4.14432,303297300.5
3705,13,gcp,europe-west1,512,MB,europe-west1,gcp,download,/function/p2mass-atlas-980914s-k0840056_area.fits,4.14432,452356856.5
3706,13,gcp,europe-west1,512,MB,europe-west1,gcp,upload,/function/corrected/p2mass-atlas-001020s-k0860033_corrected.fits,4.14432,2063899144.0
3707,13,gcp,europe-west1,512,MB,europe-west1,gcp,upload,/function/corrected/p2mass-atlas-001020s-k0860033_corrected_area.fits,4.14432,350554654.0
3708,13,gcp,europe-west1,512,MB,europe-west1,gcp,upload,/function/corrected/p2mass-atlas-001020s-k0860044_corrected.fits,4.14432,2252250828.5
3709,13,gcp,europe-west1,512,MB,europe-west1,gcp,upload,/function/corrected/p2mass-atlas-001020s-k0860044_corrected_area.fits,4.14432,259503176.0
3710,13,gcp,europe-west1,512,MB,europe-west1,gcp,upload,/function/corrected/p2mass-atlas-001020s-k0860056_corrected.fits,4.14432,3031509828.0
3711,13,gcp,europe-west1,512,MB,europe-west1,gcp,upload,/function/corrected/p2mass-atlas-001020s-k0860056_corrected_area.fits,4.14432,223529396.5
3712,13,gcp,europe-west1,512,MB,europe-west1,gcp,upload,/function/corrected/p2mass-atlas-001020s-k0870221_corrected.fits,4.13568,2086077950.5
3713,13,gcp,europe-west1,512,MB,europe-west1,gcp,upload,/function/corrected/p2mass-atlas-001020s-k0870221_corrected_area.fits,4.13568,246678535.5
3714,13,gcp,europe-west1,512,MB,europe-west1,gcp,upload,/function/corrected/p2mass-atlas-001020s-k0870233_corrected.fits,4.13568,2977193827.0
3715,13,gcp,europe-west1,512,MB,europe-west1,gcp,upload,/function/corrected/p2mass-atlas-001020s-k0870233_corrected_area.fits,4.13568,510906591.0
3716,13,gcp,europe-west1,512,MB,europe-west1,gcp,upload,/function/corrected/p2mass-atlas-001020s-k0870245_corrected.fits,4.13568,3028168908.0
3717,13,gcp,europe-west1,512,MB,europe-west1,gcp,upload,/function/corrected/p2mass-atlas-001020s-k0870245_corrected_area.fits,4.13568,507636772.5
3718,13,gcp,europe-west1,512,MB,europe-west1,gcp,upload,/function/corrected/p2mass-atlas-001021s-k0490221_corrected.fits,4.13568,2281855268.0
3719,13,gcp,europe-west1,512,MB,europe-west1,gcp,upload,/function/corrected/p2mass-atlas-001021s-k0490221_corrected_area.fits,4.13568,378256657.0
3720,13,gcp,europe-west1,512,MB,europe-west1,gcp,upload,/function/corrected/p2mass-atlas-001021s-k0490233_corrected.fits,4.13568,3043850845.5
3721,13,gcp,europe-west1,512,MB,europe-west1,gcp,upload,/function/corrected/p2mass-atlas-001021s-k0490233_corrected_area.fits,4.13568,450841306.0
3722,13,gcp,europe-west1,512,MB,europe-west1,gcp,upload,/function/corrected/p2mass-atlas-001021s-k0490245_corrected.fits,4.14432,3113701548.0
3723,13,gcp,europe-west1,512,MB,europe-west1,gcp,upload,/function/corrected/p2mass-atlas-001021s-k0490245_corrected_area.fits,4.14432,401129236.0
3724,13,gcp,europe-west1,512,MB,europe-west1,gcp,upload,/function/corrected/p2mass-atlas-001021s-k0560033_corrected.fits,4.15296,2103417387.5
3725,13,gcp,europe-west1,512,MB,europe-west1,gcp,upload,/function/corrected/p2mass-atlas-001021s-k0560033_corrected_area.fits,4.15296,502201280.0
3726,13,gcp,europe-west1,512,MB,europe-west1,gcp,upload,/function/corrected/p2mass-atlas-001021s-k0560044_corrected.fits,4.14432,2752428813.0
3727,13,gcp,europe-west1,512,MB,europe-west1,gcp,upload,/function/corrected/p2mass-atlas-001021s-k0560044_corrected_area.fits,4.14432,390283948.5
3728,13,gcp,europe-west1,512,MB,europe-west1,gcp,upload,/function/corrected/p2mass-atlas-001021s-k0560056_corrected.fits,4.13568,2941727913.0
3729,13,gcp,europe-west1,512,MB,europe-west1,gcp,upload,/function/corrected/p2mass-atlas-001021s-k0560056_corrected_area.fits,4.13568,565569662.0
3730,13,gcp,europe-west1,512,MB,europe-west1,gcp,upload,/function/corrected/p2mass-atlas-001021s-k0570221_corrected.fits,4.14432,3024536827.5
3731,13,gcp,europe-west1,512,MB,europe-west1,gcp,upload,/function/corrected/p2mass-atlas-001021s-k0570221_corrected_area.fits,4.14432,509197954.5
3732,13,gcp,europe-west1,512,MB,europe-west1,gcp,upload,/function/corrected/p2mass-atlas-001021s-k0570233_corrected.fits,4.13568,3121207996.5
3733,13,gcp,europe-west1,512,MB,europe-west1,gcp,upload,/function/corrected/p2mass-atlas-001021s-k0570233_corrected_area.fits,4.13568,510806337.5
3734,13,gcp,europe-west1,512,MB,europe-west1,gcp,upload,/function/corrected/p2mass-atlas-001021s-k0570245_corrected.fits,4.14432,3620821298.0
3735,13,gcp,europe-west1,512,MB,europe-west1,gcp,upload,/function/corrected/p2mass-atlas-001021s-k0570245_corrected_area.fits,4.14432,617232007.5
3736,13,gcp,europe-west1,512,MB,europe-west1,gcp,upload,/function/corrected/p2mass-atlas-980914s-k0800033_corrected.fits,4.14432,3485986612.5
3737,13,gcp,europe-west1,512,MB,europe-west1,gcp,upload,/function/corrected/p2mass-atlas-980914s-k0800033_corrected_area.fits,4.14432,460198598.0
3738,13,gcp,europe-west1,512,MB,europe-west1,gcp,upload,/function/corrected/p2mass-atlas-980914s-k0800044_corrected.fits,4.14432,3305493445.0
3739,13,gcp,europe-west1,512,MB,europe-west1,gcp,upload,/function/corrected/p2mass-atlas-980914s-k0800044_corrected_area.fits,4.14432,472885413.0
3740,13,gcp,europe-west1,512,MB,europe-west1,gcp,upload,/function/corrected/p2mass-atlas-980914s-k0800056_corrected.fits,4.14432,3202788107.5
3741,13,gcp,europe-west1,512,MB,europe-west1,gcp,upload,/function/corrected/p2mass-atlas-980914s-k0800056_corrected_area.fits,4.14432,468703122.5
3742,13,gcp,europe-west1,512,MB,europe-west1,gcp,upload,/function/corrected/p2mass-atlas-980914s-k0810221_corrected.fits,4.14432,3138194984.5
3743,13,gcp,europe-west1,512,MB,europe-west1,gcp,upload,/function/corrected/p2mass-atlas-980914s-k0810221_corrected_area.fits,4.14432,396067422.5
3744,13,gcp,europe-west1,512,MB,europe-west1,gcp,upload,/function/corrected/p2mass-atlas-980914s-k0810233_corrected.fits,4.14432,3227336512.0
3745,13,gcp,europe-west1,512,MB,europe-west1,gcp,upload,/function/corrected/p2mass-atlas-980914s-k0810233_corrected_area.fits,4.14432,387017024.5
3746,13,gcp,europe-west1,512,MB,europe-west1,gcp,upload,/function/corrected/p2mass-atlas-980914s-k0810245_corrected.fits,4.14432,3949967614.0
3747,13,gcp,europe-west1,512,MB,europe-west1,gcp,upload,/function/corrected/p2mass-atlas-980914s-k0810245_corrected_area.fits,4.14432,572141221.0
3748,13,gcp,europe-west1,512,MB,europe-west1,gcp,upload,/function/corrected/p2mass-atlas-980914s-k0820033_corrected.fits,4.14432,3110673200.0
3749,13,gcp,europe-west1,512,MB,europe-west1,gcp,upload,/function/corrected/p2mass-atlas-980914s-k0820033_corrected_area.fits,4.14432,312592463.0
3750,13,gcp,europe-west1,512,MB,europe-west1,gcp,upload,/function/corrected/p2mass-atlas-980914s-k0820044_corrected.fits,4.14432,3726765416.5
3751,13,gcp,europe-west1,512,MB,europe-west1,gcp,upload,/function/corrected/p2mass-atlas-980914s-k0820044_corrected_area.fits,4.14432,306195600.5
3752,13,gcp,europe-west1,512,MB,europe-west1,gcp,upload,/function/corrected/p2mass-atlas-980914s-k0820056_corrected.fits,4.13568,3579484068.0
3753,13,gcp,europe-west1,512,MB,europe-west1,gcp,upload,/function/corrected/p2mass-atlas-980914s-k0820056_corrected_area.fits,4.13568,295761535.0
3754,13,gcp,europe-west1,512,MB,europe-west1,gcp,upload,/function/corrected/p2mass-atlas-980914s-k0830221_corrected.fits,4.14432,3395530338.0
3755,13,gcp,europe-west1,512,MB,europe-west1,gcp,upload,/function/corrected/p2mass-atlas-980914s-k0830221_corrected_area.fits,4.14432,301869197.5
3756,13,gcp,europe-west1,512,MB,europe-west1,gcp,upload,/function/corrected/p2mass-atlas-980914s-k0830233_corrected.fits,4.14432,3423246683.5
3757,13,gcp,europe-west1,512,MB,europe-west1,gcp,upload,/function/corrected/p2mass-atlas-980914s-k0830233_corrected_area.fits,4.14432,300899534.0
3758,13,gcp,europe-west1,512,MB,europe-west1,gcp,upload,/function/corrected/p2mass-atlas-980914s-k0830245_corrected.fits,4.14432,3175601320.0
3759,13,gcp,europe-west1,512,MB,europe-west1,gcp,upload,/function/corrected/p2mass-atlas-980914s-k0830245_corrected_area.fits,4.14432,323095473.5
3760,13,gcp,europe-west1,512,MB,europe-west1,gcp,upload,/function/corrected/p2mass-atlas-980914s-k0840033_corrected.fits,4.14432,3467082514.0
3761,13,gcp,europe-west1,512,MB,europe-west1,gcp,upload,/function/corrected/p2mass-atlas-980914s-k0840033_corrected_area.fits,4.14432,451515541.0
3762,13,gcp,europe-west1,512,MB,europe-west1,gcp,upload,/function/corrected/p2mass-atlas-980914s-k0840044_corrected.fits,4.14432,3382290998.0
3763,13,gcp,europe-west1,512,MB,europe-west1,gcp,upload,/function/corrected/p2mass-atlas-980914s-k0840044_corrected_area.fits,4.14432,506904058.0
3764,13,gcp,europe-west1,512,MB,europe-west1,gcp,upload,/function/corrected/p2mass-atlas-980914s-k0840056_corrected.fits,4.14432,3367171007.5
3765,13,gcp,europe-west1,512,MB,europe-west1,gcp,upload,/function/corrected/p2mass-atlas-980914s-k0840056_corrected_area.fits,4.14432,416347020.0
3766,14,gcp,europe-west1,512,MB,europe-west1,gcp,download,/function/cimages.tbl,0.00511,86806920.5
3767,14,gcp,europe-west1,512,MB,europe-west1,gcp,download,/function/corrected/p2mass-atlas-001020s-k0860033_corrected.fits,4.14432,219925156.0
3768,14,gcp,europe-west1,512,MB,europe-west1,gcp,download,/function/corrected/p2mass-atlas-001020s-k0860044_corrected.fits,4.14432,250080011.0
3769,14,gcp,europe-west1,512,MB,europe-west1,gcp,download,/function/corrected/p2mass-atlas-001020s-k0860056_corrected.fits,4.14432,218068377.5
3770,14,gcp,europe-west1,512,MB,europe-west1,gcp,download,/function/corrected/p2mass-atlas-001020s-k0870221_corrected.fits,4.13568,291788307.0
3771,14,gcp,europe-west1,512,MB,europe-west1,gcp,download,/function/corrected/p2mass-atlas-001020s-k0870233_corrected.fits,4.13568,205003557.5
3772,14,gcp,europe-west1,512,MB,europe-west1,gcp,download,/function/corrected/p2mass-atlas-001020s-k0870245_corrected.fits,4.13568,217164828.0
3773,14,gcp,europe-west1,512,MB,europe-west1,gcp,download,/function/corrected/p2mass-atlas-001021s-k0490221_corrected.fits,4.13568,246973994.5
3774,14,gcp,europe-west1,512,MB,europe-west1,gcp,download,/function/corrected/p2mass-atlas-001021s-k0490233_corrected.fits,4.13568,295118326.5
3775,14,gcp,europe-west1,512,MB,europe-west1,gcp,download,/function/corrected/p2mass-atlas-001021s-k0490245_corrected.fits,4.14432,231772554.5
3776,14,gcp,europe-west1,512,MB,europe-west1,gcp,download,/function/corrected/p2mass-atlas-001021s-k0560033_corrected.fits,4.15296,217609677.5
3777,14,gcp,europe-west1,512,MB,europe-west1,gcp,download,/function/corrected/p2mass-atlas-001021s-k0560044_corrected.fits,4.14432,282001470.0
3778,14,gcp,europe-west1,512,MB,europe-west1,gcp,download,/function/corrected/p2mass-atlas-001021s-k0560056_corrected.fits,4.13568,211685958.0
3779,14,gcp,europe-west1,512,MB,europe-west1,gcp,download,/function/corrected/p2mass-atlas-001021s-k0570221_corrected.fits,4.14432,287016730.5
3780,14,gcp,europe-west1,512,MB,europe-west1,gcp,download,/function/corrected/p2mass-atlas-001021s-k0570233_corrected.fits,4.13568,302402849.5
3781,14,gcp,europe-west1,512,MB,europe-west1,gcp,download,/function/corrected/p2mass-atlas-001021s-k0570245_corrected.fits,4.14432,289298358.0
3782,14,gcp,europe-west1,512,MB,europe-west1,gcp,download,/function/corrected/p2mass-atlas-980914s-k0800033_corrected.fits,4.14432,287399709.5
3783,14,gcp,europe-west1,512,MB,europe-west1,gcp,download,/function/corrected/p2mass-atlas-980914s-k0800044_corrected.fits,4.14432,222658198.0
3784,14,gcp,europe-west1,512,MB,europe-west1,gcp,download,/function/corrected/p2mass-atlas-980914s-k0800056_corrected.fits,4.14432,294663269.0
3785,14,gcp,europe-west1,512,MB,europe-west1,gcp,download,/function/corrected/p2mass-atlas-980914s-k0810221_corrected.fits,4.14432,287125952.5
3786,14,gcp,europe-west1,512,MB,europe-west1,gcp,download,/function/corrected/p2mass-atlas-980914s-k0810233_corrected.fits,4.14432,289990358.5
3787,14,gcp,europe-west1,512,MB,europe-west1,gcp,download,/function/corrected/p2mass-atlas-980914s-k0810245_corrected.fits,4.14432,257821370.5
3788,14,gcp,europe-west1,512,MB,europe-west1,gcp,download,/function/corrected/p2mass-atlas-980914s-k0820033_corrected.fits,4.14432,280863159.0
3789,14,gcp,europe-west1,512,MB,europe-west1,gcp,download,/function/corrected/p2mass-atlas-980914s-k0820044_corrected.fits,4.14432,282927171.5
3790,14,gcp,europe-west1,512,MB,europe-west1,gcp,download,/function/corrected/p2mass-atlas-980914s-k0820056_corrected.fits,4.13568,212577225.0
3791,14,gcp,europe-west1,512,MB,europe-west1,gcp,download,/function/corrected/p2mass-atlas-980914s-k0830221_corrected.fits,4.14432,244520096.5
3792,14,gcp,europe-west1,512,MB,europe-west1,gcp,download,/function/corrected/p2mass-atlas-980914s-k0830233_corrected.fits,4.14432,251996972.0
3793,14,gcp,europe-west1,512,MB,europe-west1,gcp,download,/function/corrected/p2mass-atlas-980914s-k0830245_corrected.fits,4.14432,264617466.0
3794,14,gcp,europe-west1,512,MB,europe-west1,gcp,download,/function/corrected/p2mass-atlas-980914s-k0840033_corrected.fits,4.14432,245961198.5
3795,14,gcp,europe-west1,512,MB,europe-west1,gcp,download,/function/corrected/p2mass-atlas-980914s-k0840044_corrected.fits,4.14432,570287106.0
3796,14,gcp,europe-west1,512,MB,europe-west1,gcp,download,/function/corrected/p2mass-atlas-980914s-k0840056_corrected.fits,4.14432,289124988.0
3797,14,gcp,europe-west1,512,MB,europe-west1,gcp,download,/function/mImgtbl,5.496352,294833276.0
3798,14,gcp,europe-west1,512,MB,europe-west1,gcp,upload,/function/cimages.tbl,0.015252,120314110.0
3799,16,gcp,europe-west1,512,MB,europe-west1,gcp,download,/function/mShrink,5.374048,294907397.0
3800,16,gcp,europe-west1,512,MB,europe-west1,gcp,download,/function/mosaic.fits,57.21408,2811185090.0
3801,16,gcp,europe-west1,512,MB,europe-west1,gcp,upload,/function/mosaic_shrinked.fits,25.42176,18344381109.5
3802,17,gcp,europe-west1,512,MB,europe-west1,gcp,download,/function/mViewer,6.537816,692324417.0
3803,17,gcp,europe-west1,512,MB,europe-west1,gcp,download,/function/mosaic_shrinked.fits,25.42176,1100581160.5
3804,17,gcp,europe-west1,512,MB,europe-west1,gcp,upload,/function/final.png,2.387093,958783118.0
3805,2,gcp,europe-west1,512,MB,europe-west1,gcp,download,/function/input/2mass-atlas-001020s-k0860033.fits,1.430932,108736425.5
3806,2,gcp,europe-west1,512,MB,europe-west1,gcp,download,/function/input/2mass-atlas-001020s-k0860044.fits,1.431122,152069398.0
3807,2,gcp,europe-west1,512,MB,europe-west1,gcp,download,/function/input/2mass-atlas-001020s-k0860056.fits,1.431548,910415715.5
3808,2,gcp,europe-west1,512,MB,europe-west1,gcp,download,/function/input/2mass-atlas-001020s-k0870221.fits,1.415237,94324774.0
3809,2,gcp,europe-west1,512,MB,europe-west1,gcp,download,/function/input/2mass-atlas-001020s-k0870233.fits,1.417782,141072499.5
3810,2,gcp,europe-west1,512,MB,europe-west1,gcp,download,/function/input/2mass-atlas-001020s-k0870245.fits,1.428497,608925066.0
3811,2,gcp,europe-west1,512,MB,europe-west1,gcp,download,/function/input/2mass-atlas-001021s-k0490221.fits,1.474539,99625449.5
3812,2,gcp,europe-west1,512,MB,europe-west1,gcp,download,/function/input/2mass-atlas-001021s-k0490233.fits,1.473388,108694374.5
3813,2,gcp,europe-west1,512,MB,europe-west1,gcp,download,/function/input/2mass-atlas-001021s-k0490245.fits,1.475153,897623793.5
3814,2,gcp,europe-west1,512,MB,europe-west1,gcp,download,/function/input/2mass-atlas-001021s-k0560033.fits,1.475337,126284873.0
3815,2,gcp,europe-west1,512,MB,europe-west1,gcp,download,/function/input/2mass-atlas-001021s-k0560044.fits,1.475774,86896101.5
3816,2,gcp,europe-west1,512,MB,europe-west1,gcp,download,/function/input/2mass-atlas-001021s-k0560056.fits,1.477972,115021402.0
3817,2,gcp,europe-west1,512,MB,europe-west1,gcp,download,/function/input/2mass-atlas-001021s-k0570221.fits,1.474794,90222289.5
3818,2,gcp,europe-west1,512,MB,europe-west1,gcp,download,/function/input/2mass-atlas-001021s-k0570233.fits,1.472843,206810481.0
3819,2,gcp,europe-west1,512,MB,europe-west1,gcp,download,/function/input/2mass-atlas-001021s-k0570245.fits,1.474299,165101983.0
3820,2,gcp,europe-west1,512,MB,europe-west1,gcp,download,/function/input/2mass-atlas-980914s-k0800033.fits,1.466856,120113281.0
3821,2,gcp,europe-west1,512,MB,europe-west1,gcp,download,/function/input/2mass-atlas-980914s-k0800044.fits,1.46705,205054349.5
3822,2,gcp,europe-west1,512,MB,europe-west1,gcp,download,/function/input/2mass-atlas-980914s-k0800056.fits,1.467462,108661469.0
3823,2,gcp,europe-west1,512,MB,europe-west1,gcp,download,/function/input/2mass-atlas-980914s-k0810221.fits,1.467205,140306246.5
3824,2,gcp,europe-west1,512,MB,europe-west1,gcp,download,/function/input/2mass-atlas-980914s-k0810233.fits,1.468091,159251775.5
3825,2,gcp,europe-west1,512,MB,europe-west1,gcp,download,/function/input/2mass-atlas-980914s-k0810245.fits,1.468524,100003917.0
3826,2,gcp,europe-west1,512,MB,europe-west1,gcp,download,/function/input/2mass-atlas-980914s-k0820033.fits,1.468069,208976591.0
3827,2,gcp,europe-west1,512,MB,europe-west1,gcp,download,/function/input/2mass-atlas-980914s-k0820044.fits,1.465354,105144364.5
3828,2,gcp,europe-west1,512,MB,europe-west1,gcp,download,/function/input/2mass-atlas-980914s-k0820056.fits,1.467195,121587504.0
3829,2,gcp,europe-west1,512,MB,europe-west1,gcp,download,/function/input/2mass-atlas-980914s-k0830221.fits,1.471563,106066041.5
3830,2,gcp,europe-west1,512,MB,europe-west1,gcp,download,/function/input/2mass-atlas-980914s-k0830233.fits,1.468954,104335452.5
3831,2,gcp,europe-west1,512,MB,europe-west1,gcp,download,/function/input/2mass-atlas-980914s-k0830245.fits,1.46679,223290373.5
3832,2,gcp,europe-west1,512,MB,europe-west1,gcp,download,/function/input/2mass-atlas-980914s-k0840033.fits,1.467584,182257813.5
3833,2,gcp,europe-west1,512,MB,europe-west1,gcp,download,/function/input/2mass-atlas-980914s-k0840044.fits,1.466204,124098625.5
3834,2,gcp,europe-west1,512,MB,europe-west1,gcp,download,/function/input/2mass-atlas-980914s-k0840056.fits,1.46731,178342958.5
3835,2,gcp,europe-west1,512,MB,europe-west1,gcp,download,/function/mProjectPP,5.457288,386992762.5
3836,2,gcp,europe-west1,512,MB,europe-west1,gcp,download,/function/region.hdr,0.000277,68489876.0
3837,2,gcp,europe-west1,512,MB,europe-west1,gcp,upload,/function/p2mass-atlas-001020s-k0860033.fits,4.14432,3272819125.5
3838,2,gcp,europe-west1,512,MB,europe-west1,gcp,upload,/function/p2mass-atlas-001020s-k0860033_area.fits,4.14432,396644542.5
3839,2,gcp,europe-west1,512,MB,europe-west1,gcp,upload,/function/p2mass-atlas-001020s-k0860044.fits,4.14432,3428333146.0
3840,2,gcp,europe-west1,512,MB,europe-west1,gcp,upload,/function/p2mass-atlas-001020s-k0860044_area.fits,4.14432,389545431.0
3841,2,gcp,europe-west1,512,MB,europe-west1,gcp,upload,/function/p2mass-atlas-001020s-k0860056.fits,4.14432,1359389098.5
3842,2,gcp,europe-west1,512,MB,europe-west1,gcp,upload,/function/p2mass-atlas-001020s-k0860056_area.fits,4.14432,178328744.0
3843,2,gcp,europe-west1,512,MB,europe-west1,gcp,upload,/function/p2mass-atlas-001020s-k0870221.fits,4.13568,2350931875.0
3844,2,gcp,europe-west1,512,MB,europe-west1,gcp,upload,/function/p2mass-atlas-001020s-k0870221_area.fits,4.13568,399616197.5
3845,2,gcp,europe-west1,512,MB,europe-west1,gcp,upload,/function/p2mass-atlas-001020s-k0870233.fits,4.13568,3426655291.0
3846,2,gcp,europe-west1,512,MB,europe-west1,gcp,upload,/function/p2mass-atlas-001020s-k0870233_area.fits,4.13568,556297748.0
3847,2,gcp,europe-west1,512,MB,europe-west1,gcp,upload,/function/p2mass-atlas-001020s-k0870245.fits,4.13568,2910534767.5
3848,2,gcp,europe-west1,512,MB,europe-west1,gcp,upload,/function/p2mass-atlas-001020s-k0870245_area.fits,4.13568,455124574.0
3849,2,gcp,europe-west1,512,MB,europe-west1,gcp,upload,/function/p2mass-atlas-001021s-k0490221.fits,4.13568,2103300268.5
3850,2,gcp,europe-west1,512,MB,europe-west1,gcp,upload,/function/p2mass-atlas-001021s-k0490221_area.fits,4.13568,287737230.5
3851,2,gcp,europe-west1,512,MB,europe-west1,gcp,upload,/function/p2mass-atlas-001021s-k0490233.fits,4.13568,3395625573.0
3852,2,gcp,europe-west1,512,MB,europe-west1,gcp,upload,/function/p2mass-atlas-001021s-k0490233_area.fits,4.13568,498887121.5
3853,2,gcp,europe-west1,512,MB,europe-west1,gcp,upload,/function/p2mass-atlas-001021s-k0490245.fits,4.14432,1244599098.0
3854,2,gcp,europe-west1,512,MB,europe-west1,gcp,upload,/function/p2mass-atlas-001021s-k0490245_area.fits,4.14432,330236337.0
3855,2,gcp,europe-west1,512,MB,europe-west1,gcp,upload,/function/p2mass-atlas-001021s-k0560033.fits,4.15296,3016345475.0
3856,2,gcp,europe-west1,512,MB,europe-west1,gcp,upload,/function/p2mass-atlas-001021s-k0560033_area.fits,4.15296,510998024.0
3857,2,gcp,europe-west1,512,MB,europe-west1,gcp,upload,/function/p2mass-atlas-001021s-k0560044.fits,4.14432,1141076834.5
3858,2,gcp,europe-west1,512,MB,europe-west1,gcp,upload,/function/p2mass-atlas-001021s-k0560044_area.fits,4.14432,253013987.5
3859,2,gcp,europe-west1,512,MB,europe-west1,gcp,upload,/function/p2mass-atlas-001021s-k0560056.fits,4.13568,1144280941.5
3860,2,gcp,europe-west1,512,MB,europe-west1,gcp,upload,/function/p2mass-atlas-001021s-k0560056_area.fits,4.13568,235739606.5
3861,2,gcp,europe-west1,512,MB,europe-west1,gcp,upload,/function/p2mass-atlas-001021s-k0570221.fits,4.14432,1127791557.5
3862,2,gcp,europe-west1,512,MB,europe-west1,gcp,upload,/function/p2mass-atlas-001021s-k0570221_area.fits,4.14432,231334887.5
3863,2,gcp,europe-west1,512,MB,europe-west1,gcp,upload,/function/p2mass-atlas-001021s-k0570233.fits,4.13568,3231182075.5
3864,2,gcp,europe-west1,512,MB,europe-west1,gcp,upload,/function/p2mass-atlas-001021s-k0570233_area.fits,4.13568,561996217.5
3865,2,gcp,europe-west1,512,MB,europe-west1,gcp,upload,/function/p2mass-atlas-001021s-k0570245.fits,4.14432,3267666083.0
3866,2,gcp,europe-west1,512,MB,europe-west1,gcp,upload,/function/p2mass-atlas-001021s-k0570245_area.fits,4.14432,451344237.5
3867,2,gcp,europe-west1,512,MB,europe-west1,gcp,upload,/function/p2mass-atlas-980914s-k0800033.fits,4.14432,3249346325.0
3868,2,gcp,europe-west1,512,MB,europe-west1,gcp,upload,/function/p2mass-atlas-980914s-k0800033_area.fits,4.14432,383214709.5
3869,2,gcp,europe-west1,512,MB,europe-west1,gcp,upload,/function/p2mass-atlas-980914s-k0800044.fits,4.14432,3403856566.0
3870,2,gcp,europe-west1,512,MB,europe-west1,gcp,upload,/function/p2mass-atlas-980914s-k0800044_area.fits,4.14432,429194884.0
3871,2,gcp,europe-west1,512,MB,europe-west1,gcp,upload,/function/p2mass-atlas-980914s-k0800056.fits,4.14432,3361212734.0
3872,2,gcp,europe-west1,512,MB,europe-west1,gcp,upload,/function/p2mass-atlas-980914s-k0800056_area.fits,4.14432,402751513.0
3873,2,gcp,europe-west1,512,MB,europe-west1,gcp,upload,/function/p2mass-atlas-980914s-k0810221.fits,4.14432,3710740607.0
3874,2,gcp,europe-west1,512,MB,europe-west1,gcp,upload,/function/p2mass-atlas-980914s-k0810221_area.fits,4.14432,295208405.5
3875,2,gcp,europe-west1,512,MB,europe-west1,gcp,upload,/function/p2mass-atlas-980914s-k0810233.fits,4.14432,3746393148.5
3876,2,gcp,europe-west1,512,MB,europe-west1,gcp,upload,/function/p2mass-atlas-980914s-k0810233_area.fits,4.14432,346050721.0
3877,2,gcp,europe-west1,512,MB,europe-west1,gcp,upload,/function/p2mass-atlas-980914s-k0810245.fits,4.14432,4139254785.5
3878,2,gcp,europe-west1,512,MB,europe-west1,gcp,upload,/function/p2mass-atlas-980914s-k0810245_area.fits,4.14432,469307031.5
3879,2,gcp,europe-west1,512,MB,europe-west1,gcp,upload,/function/p2mass-atlas-980914s-k0820033.fits,4.14432,3803621674.5
3880,2,gcp,europe-west1,512,MB,europe-west1,gcp,upload,/function/p2mass-atlas-980914s-k0820033_area.fits,4.14432,369876863.5
3881,2,gcp,europe-west1,512,MB,europe-west1,gcp,upload,/function/p2mass-atlas-980914s-k0820044.fits,4.14432,4195127012.0
3882,2,gcp,europe-west1,512,MB,europe-west1,gcp,upload,/function/p2mass-atlas-980914s-k0820044_area.fits,4.14432,298413256.0
3883,2,gcp,europe-west1,512,MB,europe-west1,gcp,upload,/function/p2mass-atlas-980914s-k0820056.fits,4.13568,3384188110.0
3884,2,gcp,europe-west1,512,MB,europe-west1,gcp,upload,/function/p2mass-atlas-980914s-k0820056_area.fits,4.13568,315871812.0
3885,2,gcp,europe-west1,512,MB,europe-west1,gcp,upload,/function/p2mass-atlas-980914s-k0830221.fits,4.14432,3446850763.5
3886,2,gcp,europe-west1,512,MB,europe-west1,gcp,upload,/function/p2mass-atlas-980914s-k0830221_area.fits,4.14432,233635609.5
3887,2,gcp,europe-west1,512,MB,europe-west1,gcp,upload,/function/p2mass-atlas-980914s-k0830233.fits,4.14432,3410432085.5
3888,2,gcp,europe-west1,512,MB,europe-west1,gcp,upload,/function/p2mass-atlas-980914s-k0830233_area.fits,4.14432,341547261.0
3889,2,gcp,europe-west1,512,MB,europe-west1,gcp,upload,/function/p2mass-atlas-980914s-k0830245.fits,4.14432,3382605443.5
3890,2,gcp,europe-west1,512,MB,europe-west1,gcp,upload,/function/p2mass-atlas-980914s-k0830245_area.fits,4.14432,325074253.5
3891,2,gcp,europe-west1,512,MB,europe-west1,gcp,upload,/function/p2mass-atlas-980914s-k0840033.fits,4.14432,3298711636.0
3892,2,gcp,europe-west1,512,MB,europe-west1,gcp,upload,/function/p2mass-atlas-980914s-k0840033_area.fits,4.14432,386046030.5
3893,2,gcp,europe-west1,512,MB,europe-west1,gcp,upload,/function/p2mass-atlas-980914s-k0840044.fits,4.14432,2964470741.0
3894,2,gcp,europe-west1,512,MB,europe-west1,gcp,upload,/function/p2mass-atlas-980914s-k0840044_area.fits,4.14432,406401468.0
3895,2,gcp,europe-west1,512,MB,europe-west1,gcp,upload,/function/p2mass-atlas-980914s-k0840056.fits,4.14432,2912627679.5
3896,2,gcp,europe-west1,512,MB,europe-west1,gcp,upload,/function/p2mass-atlas-980914s-k0840056_area.fits,4.14432,498195849.0
3897,3,gcp,europe-west1,512,MB,europe-west1,gcp,download,/function/input.imglist,0.001123,56229690.0
3898,3,gcp,europe-west1,512,MB,europe-west1,gcp,download,/function/input/2mass-atlas-001020s-k0860033.fits,1.430932,114959698.5
3899,3,gcp,europe-west1,512,MB,europe-west1,gcp,download,/function/input/2mass-atlas-001020s-k0860044.fits,1.431122,105682481.5
3900,3,gcp,europe-west1,512,MB,europe-west1,gcp,download,/function/input/2mass-atlas-001020s-k0860056.fits,1.431548,98383212.5
3901,3,gcp,europe-west1,512,MB,europe-west1,gcp,download,/function/input/2mass-atlas-001020s-k0870221.fits,1.415237,141025087.0
3902,3,gcp,europe-west1,512,MB,europe-west1,gcp,download,/function/input/2mass-atlas-001020s-k0870233.fits,1.417782,388981062.0
3903,3,gcp,europe-west1,512,MB,europe-west1,gcp,download,/function/input/2mass-atlas-001020s-k0870245.fits,1.428497,105594483.0
3904,3,gcp,europe-west1,512,MB,europe-west1,gcp,download,/function/input/2mass-atlas-001021s-k0490221.fits,1.474539,143192444.0
3905,3,gcp,europe-west1,512,MB,europe-west1,gcp,download,/function/input/2mass-atlas-001021s-k0490233.fits,1.473388,102869430.5
3906,3,gcp,europe-west1,512,MB,europe-west1,gcp,download,/function/input/2mass-atlas-001021s-k0490245.fits,1.475153,113765179.0
3907,3,gcp,europe-west1,512,MB,europe-west1,gcp,download,/function/input/2mass-atlas-001021s-k0560033.fits,1.475337,165147010.5
3908,3,gcp,europe-west1,512,MB,europe-west1,gcp,download,/function/input/2mass-atlas-001021s-k0560044.fits,1.475774,98435038.5
3909,3,gcp,europe-west1,512,MB,europe-west1,gcp,download,/function/input/2mass-atlas-001021s-k0560056.fits,1.477972,97767080.5
3910,3,gcp,europe-west1,512,MB,europe-west1,gcp,download,/function/input/2mass-atlas-001021s-k0570221.fits,1.474794,113973573.0
3911,3,gcp,europe-west1,512,MB,europe-west1,gcp,download,/function/input/2mass-atlas-001021s-k0570233.fits,1.472843,94092768.0
3912,3,gcp,europe-west1,512,MB,europe-west1,gcp,download,/function/input/2mass-atlas-001021s-k0570245.fits,1.474299,99734561.0
3913,3,gcp,europe-west1,512,MB,europe-west1,gcp,download,/function/input/2mass-atlas-980914s-k0800033.fits,1.466856,100090343.5
3914,3,gcp,europe-west1,512,MB,europe-west1,gcp,download,/function/input/2mass-atlas-980914s-k0800044.fits,1.46705,100336416.5
3915,3,gcp,europe-west1,512,MB,europe-west1,gcp,download,/function/input/2mass-atlas-980914s-k0800056.fits,1.467462,94176978.5
3916,3,gcp,europe-west1,512,MB,europe-west1,gcp,download,/function/input/2mass-atlas-980914s-k0810221.fits,1.467205,111074255.0
3917,3,gcp,europe-west1,512,MB,europe-west1,gcp,download,/function/input/2mass-atlas-980914s-k0810233.fits,1.468091,106731318.5
3918,3,gcp,europe-west1,512,MB,europe-west1,gcp,download,/function/input/2mass-atlas-980914s-k0810245.fits,1.468524,114241987.5
3919,3,gcp,europe-west1,512,MB,europe-west1,gcp,download,/function/input/2mass-atlas-980914s-k0820033.fits,1.468069,118147265.0
3920,3,gcp,europe-west1,512,MB,europe-west1,gcp,download,/function/input/2mass-atlas-980914s-k0820044.fits,1.465354,101802068.0
3921,3,gcp,europe-west1,512,MB,europe-west1,gcp,download,/function/input/2mass-atlas-980914s-k0820056.fits,1.467195,120742393.0
3922,3,gcp,europe-west1,512,MB,europe-west1,gcp,download,/function/input/2mass-atlas-980914s-k0830221.fits,1.471563,105819080.0
3923,3,gcp,europe-west1,512,MB,europe-west1,gcp,download,/function/input/2mass-atlas-980914s-k0830233.fits,1.468954,105869672.5
3924,3,gcp,europe-west1,512,MB,europe-west1,gcp,download,/function/input/2mass-atlas-980914s-k0830245.fits,1.46679,103030942.0
3925,3,gcp,europe-west1,512,MB,europe-west1,gcp,download,/function/input/2mass-atlas-980914s-k0840033.fits,1.467584,94296435.0
3926,3,gcp,europe-west1,512,MB,europe-west1,gcp,download,/function/input/2mass-atlas-980914s-k0840044.fits,1.466204,104462088.0
3927,3,gcp,europe-west1,512,MB,europe-west1,gcp,download,/function/input/2mass-atlas-980914s-k0840056.fits,1.46731,102841979.5
3928,3,gcp,europe-west1,512,MB,europe-west1,gcp,download,/function/mImgtbl,5.496352,245811806.0
3929,3,gcp,europe-west1,512,MB,europe-west1,gcp,upload,/function/images.tbl,0.01394,142627086.0
3930,4,gcp,europe-west1,512,MB,europe-west1,gcp,download,/function/images.tbl,0.01394,270658326.5
3931,4,gcp,europe-west1,512,MB,europe-west1,gcp,download,/function/mDAGTbls,5.47904,528627209.0
3932,4,gcp,europe-west1,512,MB,europe-west1,gcp,download,/function/region.hdr,0.000277,119050038.5
3933,4,gcp,europe-west1,512,MB,europe-west1,gcp,upload,/function/cimages.tbl,0.00511,62826488.0
3934,4,gcp,europe-west1,512,MB,europe-west1,gcp,upload,/function/pimages.tbl,0.00511,81994766.0
3935,4,gcp,europe-west1,512,MB,europe-west1,gcp,upload,/function/rimages.tbl,0.00508,128049609.0
3936,5,gcp,europe-west1,512,MB,europe-west1,gcp,download,/function/mOverlaps,0.504048,202089823.0
3937,5,gcp,europe-west1,512,MB,europe-west1,gcp,download,/function/pimages.tbl,0.00511,250626427.5
3938,5,gcp,europe-west1,512,MB,europe-west1,gcp,upload,/function/diffs.tbl,0.016167,147003437.0
3939,6,gcp,europe-west1,512,MB,europe-west1,gcp,download,/function/diffs.tbl,0.016167,291415027.5
3940,7,gcp,europe-west1,512,MB,europe-west1,gcp,download,/function/mDiff,5.373008,295096706.5
3941,7,gcp,europe-west1,512,MB,europe-west1,gcp,download,/function/mFitplane,5.372232,285598554.0
3942,7,gcp,europe-west1,512,MB,europe-west1,gcp,download,/function/p2mass-atlas-001020s-k0860033.fits,4.14432,214099100.0
3943,7,gcp,europe-west1,512,MB,europe-west1,gcp,download,/function/p2mass-atlas-001020s-k0860033_area.fits,4.14432,207944791.5
3944,7,gcp,europe-west1,512,MB,europe-west1,gcp,download,/function/p2mass-atlas-001020s-k0860044.fits,4.14432,214115984.0
3945,7,gcp,europe-west1,512,MB,europe-west1,gcp,download,/function/p2mass-atlas-001020s-k0860044_area.fits,4.14432,264111298.5
3946,7,gcp,europe-west1,512,MB,europe-west1,gcp,download,/function/p2mass-atlas-001020s-k0860056.fits,4.14432,266611026.5
3947,7,gcp,europe-west1,512,MB,europe-west1,gcp,download,/function/p2mass-atlas-001020s-k0860056_area.fits,4.14432,201903629.0
3948,7,gcp,europe-west1,512,MB,europe-west1,gcp,download,/function/p2mass-atlas-001020s-k0870221.fits,4.13568,226319310.5
3949,7,gcp,europe-west1,512,MB,europe-west1,gcp,download,/function/p2mass-atlas-001020s-k0870221_area.fits,4.13568,224672481.0
3950,7,gcp,europe-west1,512,MB,europe-west1,gcp,download,/function/p2mass-atlas-001020s-k0870233.fits,4.13568,279278996.5
3951,7,gcp,europe-west1,512,MB,europe-west1,gcp,download,/function/p2mass-atlas-001020s-k0870233_area.fits,4.13568,208767231.0
3952,7,gcp,europe-west1,512,MB,europe-west1,gcp,download,/function/p2mass-atlas-001020s-k0870245.fits,4.13568,211448450.5
3953,7,gcp,europe-west1,512,MB,europe-west1,gcp,download,/function/p2mass-atlas-001020s-k0870245_area.fits,4.13568,208661685.5
3954,7,gcp,europe-west1,512,MB,europe-west1,gcp,download,/function/p2mass-atlas-001021s-k0490221.fits,4.13568,214419630.5
3955,7,gcp,europe-west1,512,MB,europe-west1,gcp,download,/function/p2mass-atlas-001021s-k0490221_area.fits,4.13568,211459002.5
3956,7,gcp,europe-west1,512,MB,europe-west1,gcp,download,/function/p2mass-atlas-001021s-k0490233.fits,4.13568,210357140.0
3957,7,gcp,europe-west1,512,MB,europe-west1,gcp,download,/function/p2mass-atlas-001021s-k0490233_area.fits,4.13568,274574248.5
3958,7,gcp,europe-west1,512,MB,europe-west1,gcp,download,/function/p2mass-atlas-001021s-k0490245.fits,4.14432,207031599.0
3959,7,gcp,europe-west1,512,MB,europe-west1,gcp,download,/function/p2mass-atlas-001021s-k0490245_area.fits,4.14432,290881779.0
3960,7,gcp,europe-west1,512,MB,europe-west1,gcp,download,/function/p2mass-atlas-001021s-k0560033.fits,4.15296,271534602.5
3961,7,gcp,europe-west1,512,MB,europe-west1,gcp,download,/function/p2mass-atlas-001021s-k0560033_area.fits,4.15296,217248643.0
3962,7,gcp,europe-west1,512,MB,europe-west1,gcp,download,/function/p2mass-atlas-001021s-k0560044.fits,4.14432,212197718.0
3963,7,gcp,europe-west1,512,MB,europe-west1,gcp,download,/function/p2mass-atlas-001021s-k0560044_area.fits,4.14432,227866603.0
3964,7,gcp,europe-west1,512,MB,europe-west1,gcp,download,/function/p2mass-atlas-001021s-k0560056.fits,4.13568,290443806.5
3965,7,gcp,europe-west1,512,MB,europe-west1,gcp,download,/function/p2mass-atlas-001021s-k0560056_area.fits,4.13568,205961351.0
3966,7,gcp,europe-west1,512,MB,europe-west1,gcp,download,/function/p2mass-atlas-001021s-k0570221.fits,4.14432,283323651.5
3967,7,gcp,europe-west1,512,MB,europe-west1,gcp,download,/function/p2mass-atlas-001021s-k0570221_area.fits,4.14432,214419137.0
3968,7,gcp,europe-west1,512,MB,europe-west1,gcp,download,/function/p2mass-atlas-001021s-k0570233.fits,4.13568,275985207.0
3969,7,gcp,europe-west1,512,MB,europe-west1,gcp,download,/function/p2mass-atlas-001021s-k0570233_area.fits,4.13568,233273087.5
3970,7,gcp,europe-west1,512,MB,europe-west1,gcp,download,/function/p2mass-atlas-001021s-k0570245.fits,4.14432,318698611.0
3971,7,gcp,europe-west1,512,MB,europe-west1,gcp,download,/function/p2mass-atlas-001021s-k0570245_area.fits,4.14432,207748418.0
3972,7,gcp,europe-west1,512,MB,europe-west1,gcp,download,/function/p2mass-atlas-980914s-k0800033.fits,4.14432,218390339.0
3973,7,gcp,europe-west1,512,MB,europe-west1,gcp,download,/function/p2mass-atlas-980914s-k0800033_area.fits,4.14432,195782663.0
3974,7,gcp,europe-west1,512,MB,europe-west1,gcp,download,/function/p2mass-atlas-980914s-k0800044.fits,4.14432,214903948.5
3975,7,gcp,europe-west1,512,MB,europe-west1,gcp,download,/function/p2mass-atlas-980914s-k0800044_area.fits,4.14432,281268619.5
3976,7,gcp,europe-west1,512,MB,europe-west1,gcp,download,/function/p2mass-atlas-980914s-k0800056.fits,4.14432,212876093.0
3977,7,gcp,europe-west1,512,MB,europe-west1,gcp,download,/function/p2mass-atlas-980914s-k0800056_area.fits,4.14432,207998714.5
3978,7,gcp,europe-west1,512,MB,europe-west1,gcp,download,/function/p2mass-atlas-980914s-k0810221.fits,4.14432,221567961.0
3979,7,gcp,europe-west1,512,MB,europe-west1,gcp,download,/function/p2mass-atlas-980914s-k0810221_area.fits,4.14432,271167775.5
3980,7,gcp,europe-west1,512,MB,europe-west1,gcp,download,/function/p2mass-atlas-980914s-k0810233.fits,4.14432,214302280.0
3981,7,gcp,europe-west1,512,MB,europe-west1,gcp,download,/function/p2mass-atlas-980914s-k0810233_area.fits,4.14432,262350997.0
3982,7,gcp,europe-west1,512,MB,europe-west1,gcp,download,/function/p2mass-atlas-980914s-k0810245.fits,4.14432,230040780.5
3983,7,gcp,europe-west1,512,MB,europe-west1,gcp,download,/function/p2mass-atlas-980914s-k0810245_area.fits,4.14432,291591105.5
3984,7,gcp,europe-west1,512,MB,europe-west1,gcp,download,/function/p2mass-atlas-980914s-k0820033.fits,4.14432,202840721.5
3985,7,gcp,europe-west1,512,MB,europe-west1,gcp,download,/function/p2mass-atlas-980914s-k0820033_area.fits,4.14432,212124120.5
3986,7,gcp,europe-west1,512,MB,europe-west1,gcp,download,/function/p2mass-atlas-980914s-k0820044.fits,4.14432,211923948.0
3987,7,gcp,europe-west1,512,MB,europe-west1,gcp,download,/function/p2mass-atlas-980914s-k0820044_area.fits,4.14432,208695063.5
3988,7,gcp,europe-west1,512,MB,europe-west1,gcp,download,/function/p2mass-atlas-980914s-k0820056.fits,4.13568,227796307.0
3989,7,gcp,europe-west1,512,MB,europe-west1,gcp,download,/function/p2mass-atlas-980914s-k0820056_area.fits,4.13568,214735069.5
3990,7,gcp,europe-west1,512,MB,europe-west1,gcp,download,/function/p2mass-atlas-980914s-k0830221.fits,4.14432,217065678.5
3991,7,gcp,europe-west1,512,MB,europe-west1,gcp,download,/function/p2mass-atlas-980914s-k0830221_area.fits,4.14432,220063427.5
3992,7,gcp,europe-west1,512,MB,europe-west1,gcp,download,/function/p2mass-atlas-980914s-k0830233.fits,4.14432,290432329.5
3993,7,gcp,europe-west1,512,MB,europe-west1,gcp,download,/function/p2mass-atlas-980914s-k0830233_area.fits,4.14432,210133208.0
3994,7,gcp,europe-west1,512,MB,europe-west1,gcp,download,/function/p2mass-atlas-980914s-k0830245.fits,4.14432,223268324.5
3995,7,gcp,europe-west1,512,MB,europe-west1,gcp,download,/function/p2mass-atlas-980914s-k0830245_area.fits,4.14432,192092635.5
3996,7,gcp,europe-west1,512,MB,europe-west1,gcp,download,/function/p2mass-atlas-980914s-k0840033.fits,4.14432,453221550.5
3997,7,gcp,europe-west1,512,MB,europe-west1,gcp,download,/function/p2mass-atlas-980914s-k0840033_area.fits,4.14432,214087137.5
3998,7,gcp,europe-west1,512,MB,europe-west1,gcp,download,/function/p2mass-atlas-980914s-k0840044.fits,4.14432,267190310.0
3999,7,gcp,europe-west1,512,MB,europe-west1,gcp,download,/function/p2mass-atlas-980914s-k0840044_area.fits,4.14432,229653961.0
4000,7,gcp,europe-west1,512,MB,europe-west1,gcp,download,/function/p2mass-atlas-980914s-k0840056.fits,4.14432,213079169.0
4001,7,gcp,europe-west1,512,MB,europe-west1,gcp,download,/function/p2mass-atlas-980914s-k0840056_area.fits,4.14432,252913583.0
4002,7,gcp,europe-west1,512,MB,europe-west1,gcp,download,/function/region.hdr,0.000277,49519621.0
4003,7,gcp,europe-west1,512,MB,europe-west1,gcp,upload,/function/diff.000001.000007.fits,1.02528,539578514.5
4004,7,gcp,europe-west1,512,MB,europe-west1,gcp,upload,/function/diff.000001.000007_area.fits,1.02528,95569109.0
4005,7,gcp,europe-west1,512,MB,europe-west1,gcp,upload,/function/diff.000001.000011.fits,3.31776,1561309903.5
4006,7,gcp,europe-west1,512,MB,europe-west1,gcp,upload,/function/diff.000001.000011_area.fits,3.31776,307718256.5
4007,7,gcp,europe-west1,512,MB,europe-west1,gcp,upload,/function/diff.000001.000012.fits,0.22176,152528108.5
4008,7,gcp,europe-west1,512,MB,europe-west1,gcp,upload,/function/diff.000001.000012_area.fits,0.22176,104748482.5
4009,7,gcp,europe-west1,512,MB,europe-west1,gcp,upload,/function/diff.000001.000020.fits,0.14112,152064408.0
4010,7,gcp,europe-west1,512,MB,europe-west1,gcp,upload,/function/diff.000001.000020_area.fits,0.14112,60795013.0
4011,7,gcp,europe-west1,512,MB,europe-west1,gcp,upload,/function/diff.000001.000025.fits,0.03744,73132810.5
4012,7,gcp,europe-west1,512,MB,europe-west1,gcp,upload,/function/diff.000001.000025_area.fits,0.03744,51956450.0
4013,7,gcp,europe-west1,512,MB,europe-west1,gcp,upload,/function/diff.000001.000026.fits,0.59328,344744965.5
4014,7,gcp,europe-west1,512,MB,europe-west1,gcp,upload,/function/diff.000001.000026_area.fits,0.59328,76738996.5
4015,7,gcp,europe-west1,512,MB,europe-west1,gcp,upload,/function/diff.000001.000028.fits,0.4464,167963637.5
4016,7,gcp,europe-west1,512,MB,europe-west1,gcp,upload,/function/diff.000001.000028_area.fits,0.4464,114992622.5
4017,7,gcp,europe-west1,512,MB,europe-west1,gcp,upload,/function/diff.000002.000006.fits,0.4464,138238270.0
4018,7,gcp,europe-west1,512,MB,europe-west1,gcp,upload,/function/diff.000002.000006_area.fits,0.4464,68841008.5
4019,7,gcp,europe-west1,512,MB,europe-west1,gcp,upload,/function/diff.000002.000009.fits,3.33792,1553858783.0
4020,7,gcp,europe-west1,512,MB,europe-west1,gcp,upload,/function/diff.000002.000009_area.fits,3.33792,186397361.5
4021,7,gcp,europe-west1,512,MB,europe-west1,gcp,upload,/function/diff.000002.000015.fits,0.22464,182491500.5
4022,7,gcp,europe-west1,512,MB,europe-west1,gcp,upload,/function/diff.000002.000015_area.fits,0.22464,95749017.5
4023,7,gcp,europe-west1,512,MB,europe-west1,gcp,upload,/function/diff.000002.000016.fits,0.14112,66487000.0
4024,7,gcp,europe-west1,512,MB,europe-west1,gcp,upload,/function/diff.000002.000016_area.fits,0.14112,68643068.0
4025,7,gcp,europe-west1,512,MB,europe-west1,gcp,upload,/function/diff.000002.000019.fits,0.12672,80316560.0
4026,7,gcp,europe-west1,512,MB,europe-west1,gcp,upload,/function/diff.000002.000019_area.fits,0.12672,63313802.0
4027,7,gcp,europe-west1,512,MB,europe-west1,gcp,upload,/function/diff.000002.000020.fits,0.14688,79516659.0
4028,7,gcp,europe-west1,512,MB,europe-west1,gcp,upload,/function/diff.000002.000020_area.fits,0.14688,62533191.0
4029,7,gcp,europe-west1,512,MB,europe-west1,gcp,upload,/function/diff.000002.000023.fits,0.40032,234519677.5
4030,7,gcp,europe-west1,512,MB,europe-west1,gcp,upload,/function/diff.000002.000023_area.fits,0.40032,73643692.0
4031,7,gcp,europe-west1,512,MB,europe-west1,gcp,upload,/function/diff.000002.000025.fits,0.03168,59995520.0
4032,7,gcp,europe-west1,512,MB,europe-west1,gcp,upload,/function/diff.000002.000025_area.fits,0.03168,59841814.5
4033,7,gcp,europe-west1,512,MB,europe-west1,gcp,upload,/function/diff.000002.000026.fits,0.52704,264626172.5
4034,7,gcp,europe-west1,512,MB,europe-west1,gcp,upload,/function/diff.000002.000026_area.fits,0.52704,70030886.0
4035,7,gcp,europe-west1,512,MB,europe-west1,gcp,upload,/function/diff.000002.000027.fits,1.01952,505959370.5
4036,7,gcp,europe-west1,512,MB,europe-west1,gcp,upload,/function/diff.000002.000027_area.fits,1.01952,76733581.5
4037,7,gcp,europe-west1,512,MB,europe-west1,gcp,upload,/function/diff.000002.000028.fits,0.46656,103507881.0
4038,7,gcp,europe-west1,512,MB,europe-west1,gcp,upload,/function/diff.000002.000028_area.fits,0.46656,98909687.5
4039,7,gcp,europe-west1,512,MB,europe-west1,gcp,upload,/function/diff.000003.000005.fits,4.06368,2535420597.0
4040,7,gcp,europe-west1,512,MB,europe-west1,gcp,upload,/function/diff.000003.000005_area.fits,4.06368,311368801.0
4041,7,gcp,europe-west1,512,MB,europe-west1,gcp,upload,/function/diff.000003.000006.fits,0.42912,208738701.0
4042,7,gcp,europe-west1,512,MB,europe-west1,gcp,upload,/function/diff.000003.000006_area.fits,0.42912,105683982.5
4043,7,gcp,europe-west1,512,MB,europe-west1,gcp,upload,/function/diff.000003.000016.fits,0.13248,82707119.5
4044,7,gcp,europe-west1,512,MB,europe-west1,gcp,upload,/function/diff.000003.000016_area.fits,0.13248,69944015.0
4045,7,gcp,europe-west1,512,MB,europe-west1,gcp,upload,/function/diff.000003.000019.fits,0.14688,97471187.5
4046,7,gcp,europe-west1,512,MB,europe-west1,gcp,upload,/function/diff.000003.000019_area.fits,0.14688,63388764.0
4047,7,gcp,europe-west1,512,MB,europe-west1,gcp,upload,/function/diff.000003.000023.fits,0.46656,225341127.0
4048,7,gcp,europe-west1,512,MB,europe-west1,gcp,upload,/function/diff.000003.000023_area.fits,0.46656,66675886.0
4049,7,gcp,europe-west1,512,MB,europe-west1,gcp,upload,/function/diff.000003.000024.fits,0.22464,172024398.5
4050,7,gcp,europe-west1,512,MB,europe-west1,gcp,upload,/function/diff.000003.000024_area.fits,0.22464,59627085.5
4051,7,gcp,europe-west1,512,MB,europe-west1,gcp,upload,/function/diff.000003.000029.fits,0.20736,160798147.5
4052,7,gcp,europe-west1,512,MB,europe-west1,gcp,upload,/function/diff.000003.000029_area.fits,0.20736,57059734.0
4053,7,gcp,europe-west1,512,MB,europe-west1,gcp,upload,/function/diff.000004.000008.fits,0.576,230692706.0
4054,7,gcp,europe-west1,512,MB,europe-west1,gcp,upload,/function/diff.000004.000008_area.fits,0.576,75155318.0
4055,7,gcp,europe-west1,512,MB,europe-west1,gcp,upload,/function/diff.000004.000010.fits,0.55296,278565413.5
4056,7,gcp,europe-west1,512,MB,europe-west1,gcp,upload,/function/diff.000004.000010_area.fits,0.55296,100809587.0
4057,7,gcp,europe-west1,512,MB,europe-west1,gcp,upload,/function/diff.000004.000014.fits,0.42912,178618404.0
4058,7,gcp,europe-west1,512,MB,europe-west1,gcp,upload,/function/diff.000004.000014_area.fits,0.42912,132583599.5
4059,7,gcp,europe-west1,512,MB,europe-west1,gcp,upload,/function/diff.000004.000015.fits,1.01952,476350637.5
4060,7,gcp,europe-west1,512,MB,europe-west1,gcp,upload,/function/diff.000004.000015_area.fits,1.01952,138444893.5
4061,7,gcp,europe-west1,512,MB,europe-west1,gcp,upload,/function/diff.000004.000016.fits,0.03168,61062329.0
4062,7,gcp,europe-west1,512,MB,europe-west1,gcp,upload,/function/diff.000004.000016_area.fits,0.03168,56462808.5
4063,7,gcp,europe-west1,512,MB,europe-west1,gcp,upload,/function/diff.000004.000017.fits,3.33216,1609971918.5
4064,7,gcp,europe-west1,512,MB,europe-west1,gcp,upload,/function/diff.000004.000017_area.fits,3.33216,236163656.5
4065,7,gcp,europe-west1,512,MB,europe-west1,gcp,upload,/function/diff.000004.000019.fits,0.0288,55898624.5
4066,7,gcp,europe-west1,512,MB,europe-west1,gcp,upload,/function/diff.000004.000019_area.fits,0.0288,70649116.5
4067,7,gcp,europe-west1,512,MB,europe-west1,gcp,upload,/function/diff.000004.000020.fits,0.03456,69896152.5
4068,7,gcp,europe-west1,512,MB,europe-west1,gcp,upload,/function/diff.000004.000020_area.fits,0.03456,58846888.0
4069,7,gcp,europe-west1,512,MB,europe-west1,gcp,upload,/function/diff.000004.000021.fits,0.49248,199088590.0
4070,7,gcp,europe-west1,512,MB,europe-west1,gcp,upload,/function/diff.000004.000021_area.fits,0.49248,82955304.0
4071,7,gcp,europe-west1,512,MB,europe-west1,gcp,upload,/function/diff.000004.000025.fits,0.13248,85773605.0
4072,7,gcp,europe-west1,512,MB,europe-west1,gcp,upload,/function/diff.000004.000025_area.fits,0.13248,60325193.5
4073,7,gcp,europe-west1,512,MB,europe-west1,gcp,upload,/function/diff.000004.000027.fits,0.22176,180327186.5
4074,7,gcp,europe-west1,512,MB,europe-west1,gcp,upload,/function/diff.000004.000027_area.fits,0.22176,60296937.5
4075,7,gcp,europe-west1,512,MB,europe-west1,gcp,upload,/function/diff.000005.000006.fits,0.47232,190981907.5
4076,7,gcp,europe-west1,512,MB,europe-west1,gcp,upload,/function/diff.000005.000006_area.fits,0.47232,103713795.0
4077,7,gcp,europe-west1,512,MB,europe-west1,gcp,upload,/function/diff.000005.000016.fits,0.14976,86555118.0
4078,7,gcp,europe-west1,512,MB,europe-west1,gcp,upload,/function/diff.000005.000016_area.fits,0.14976,64121244.0
4079,7,gcp,europe-west1,512,MB,europe-west1,gcp,upload,/function/diff.000005.000019.fits,0.16128,140949735.5
4080,7,gcp,europe-west1,512,MB,europe-west1,gcp,upload,/function/diff.000005.000019_area.fits,0.16128,75321699.0
4081,7,gcp,europe-west1,512,MB,europe-west1,gcp,upload,/function/diff.000005.000023.fits,0.50976,282326958.0
4082,7,gcp,europe-west1,512,MB,europe-west1,gcp,upload,/function/diff.000005.000023_area.fits,0.50976,72386024.0
4083,7,gcp,europe-west1,512,MB,europe-west1,gcp,upload,/function/diff.000005.000024.fits,0.23616,135533264.5
4084,7,gcp,europe-west1,512,MB,europe-west1,gcp,upload,/function/diff.000005.000024_area.fits,0.23616,65481534.0
4085,7,gcp,europe-west1,512,MB,europe-west1,gcp,upload,/function/diff.000005.000029.fits,0.22176,146076628.5
4086,7,gcp,europe-west1,512,MB,europe-west1,gcp,upload,/function/diff.000005.000029_area.fits,0.22176,58368185.0
4087,7,gcp,europe-west1,512,MB,europe-west1,gcp,upload,/function/diff.000006.000009.fits,0.54432,244470742.5
4088,7,gcp,europe-west1,512,MB,europe-west1,gcp,upload,/function/diff.000006.000009_area.fits,0.54432,78524450.5
4089,7,gcp,europe-west1,512,MB,europe-west1,gcp,upload,/function/diff.000006.000016.fits,0.22176,185971960.0
4090,7,gcp,europe-west1,512,MB,europe-west1,gcp,upload,/function/diff.000006.000016_area.fits,0.22176,93577236.0
4091,7,gcp,europe-west1,512,MB,europe-west1,gcp,upload,/function/diff.000006.000019.fits,0.22752,115878311.5
4092,7,gcp,europe-west1,512,MB,europe-west1,gcp,upload,/function/diff.000006.000019_area.fits,0.22752,58112323.0
4093,7,gcp,europe-west1,512,MB,europe-west1,gcp,upload,/function/diff.000006.000023.fits,4.06656,2361377820.5
4094,7,gcp,europe-west1,512,MB,europe-west1,gcp,upload,/function/diff.000006.000023_area.fits,4.06656,289050424.0
4095,7,gcp,europe-west1,512,MB,europe-west1,gcp,upload,/function/diff.000006.000027.fits,0.03168,91725649.5
4096,7,gcp,europe-west1,512,MB,europe-west1,gcp,upload,/function/diff.000006.000027_area.fits,0.03168,57519050.5
4097,7,gcp,europe-west1,512,MB,europe-west1,gcp,upload,/function/diff.000007.000008.fits,0.03168,64552224.0
4098,7,gcp,europe-west1,512,MB,europe-west1,gcp,upload,/function/diff.000007.000008_area.fits,0.03168,53719172.5
4099,7,gcp,europe-west1,512,MB,europe-west1,gcp,upload,/function/diff.000007.000011.fits,0.22464,141039346.0
4100,7,gcp,europe-west1,512,MB,europe-west1,gcp,upload,/function/diff.000007.000011_area.fits,0.22464,75517813.0
4101,7,gcp,europe-west1,512,MB,europe-west1,gcp,upload,/function/diff.000007.000012.fits,3.31776,1622569526.0
4102,7,gcp,europe-west1,512,MB,europe-west1,gcp,upload,/function/diff.000007.000012_area.fits,3.31776,289450934.5
4103,7,gcp,europe-west1,512,MB,europe-west1,gcp,upload,/function/diff.000007.000013.fits,0.22464,221785761.5
4104,7,gcp,europe-west1,512,MB,europe-west1,gcp,upload,/function/diff.000007.000013_area.fits,0.22464,70724383.0
4105,7,gcp,europe-west1,512,MB,europe-west1,gcp,upload,/function/diff.000007.000020.fits,0.53568,261180073.5
4106,7,gcp,europe-west1,512,MB,europe-west1,gcp,upload,/function/diff.000007.000020_area.fits,0.53568,64565307.0
4107,7,gcp,europe-west1,512,MB,europe-west1,gcp,upload,/function/diff.000007.000025.fits,0.46656,231616908.0
4108,7,gcp,europe-west1,512,MB,europe-west1,gcp,upload,/function/diff.000007.000025_area.fits,0.46656,81687355.0
4109,7,gcp,europe-west1,512,MB,europe-west1,gcp,upload,/function/diff.000007.000026.fits,0.144,97375897.0
4110,7,gcp,europe-west1,512,MB,europe-west1,gcp,upload,/function/diff.000007.000026_area.fits,0.144,62823671.0
4111,7,gcp,europe-west1,512,MB,europe-west1,gcp,upload,/function/diff.000007.000028.fits,0.03168,61415779.0
4112,7,gcp,europe-west1,512,MB,europe-west1,gcp,upload,/function/diff.000007.000028_area.fits,0.03168,73159554.0
4113,7,gcp,europe-west1,512,MB,europe-west1,gcp,upload,/function/diff.000008.000012.fits,0.14112,139291230.0
4114,7,gcp,europe-west1,512,MB,europe-west1,gcp,upload,/function/diff.000008.000012_area.fits,0.14112,54506287.5
4115,7,gcp,europe-west1,512,MB,europe-west1,gcp,upload,/function/diff.000008.000013.fits,0.53568,277479728.5
4116,7,gcp,europe-west1,512,MB,europe-west1,gcp,upload,/function/diff.000008.000013_area.fits,0.53568,80581700.5
4117,7,gcp,europe-west1,512,MB,europe-west1,gcp,upload,/function/diff.000008.000014.fits,3.30624,1913796756.5
4118,7,gcp,europe-west1,512,MB,europe-west1,gcp,upload,/function/diff.000008.000014_area.fits,3.30624,197607493.5
4119,7,gcp,europe-west1,512,MB,europe-west1,gcp,upload,/function/diff.000008.000015.fits,0.144,95637242.5
4120,7,gcp,europe-west1,512,MB,europe-west1,gcp,upload,/function/diff.000008.000015_area.fits,0.144,52728837.0
4121,7,gcp,europe-west1,512,MB,europe-west1,gcp,upload,/function/diff.000008.000017.fits,0.4608,164077655.0
4122,7,gcp,europe-west1,512,MB,europe-west1,gcp,upload,/function/diff.000008.000017_area.fits,0.4608,64761830.0
4123,7,gcp,europe-west1,512,MB,europe-west1,gcp,upload,/function/diff.000008.000020.fits,0.22176,184356320.0
4124,7,gcp,europe-west1,512,MB,europe-west1,gcp,upload,/function/diff.000008.000020_area.fits,0.22176,65359792.5
4125,7,gcp,europe-west1,512,MB,europe-west1,gcp,upload,/function/diff.000008.000022.fits,0.4464,139898736.5
4126,7,gcp,europe-west1,512,MB,europe-west1,gcp,upload,/function/diff.000008.000022_area.fits,0.4464,71753322.0
4127,7,gcp,europe-west1,512,MB,europe-west1,gcp,upload,/function/diff.000008.000025.fits,1.00512,580223276.0
4128,7,gcp,europe-west1,512,MB,europe-west1,gcp,upload,/function/diff.000008.000025_area.fits,1.00512,80122167.5
4129,7,gcp,europe-west1,512,MB,europe-west1,gcp,upload,/function/diff.000008.000027.fits,0.03456,57177106.0
4130,7,gcp,europe-west1,512,MB,europe-west1,gcp,upload,/function/diff.000008.000027_area.fits,0.03456,56715324.0
4131,7,gcp,europe-west1,512,MB,europe-west1,gcp,upload,/function/diff.000009.000016.fits,0.03456,61271063.5
4132,7,gcp,europe-west1,512,MB,europe-west1,gcp,upload,/function/diff.000009.000016_area.fits,0.03456,55007462.5
4133,7,gcp,europe-west1,512,MB,europe-west1,gcp,upload,/function/diff.000009.000019.fits,0.03168,119349097.5
4134,7,gcp,europe-west1,512,MB,europe-west1,gcp,upload,/function/diff.000009.000019_area.fits,0.03168,49192474.0
4135,7,gcp,europe-west1,512,MB,europe-west1,gcp,upload,/function/diff.000009.000020.fits,0.03456,58390930.0
4136,7,gcp,europe-west1,512,MB,europe-west1,gcp,upload,/function/diff.000009.000020_area.fits,0.03456,55796694.5
4137,7,gcp,europe-west1,512,MB,europe-west1,gcp,upload,/function/diff.000009.000023.fits,0.48672,206035308.5
4138,7,gcp,europe-west1,512,MB,europe-west1,gcp,upload,/function/diff.000009.000023_area.fits,0.48672,85465727.5
4139,7,gcp,europe-west1,512,MB,europe-west1,gcp,upload,/function/diff.000009.000026.fits,0.43488,127477568.0
4140,7,gcp,europe-west1,512,MB,europe-west1,gcp,upload,/function/diff.000009.000026_area.fits,0.43488,85125359.0
4141,7,gcp,europe-west1,512,MB,europe-west1,gcp,upload,/function/diff.000009.000027.fits,0.22176,123010990.0
4142,7,gcp,europe-west1,512,MB,europe-west1,gcp,upload,/function/diff.000009.000027_area.fits,0.22176,63589274.0
4143,7,gcp,europe-west1,512,MB,europe-west1,gcp,upload,/function/diff.000009.000028.fits,0.58464,320479302.5
4144,7,gcp,europe-west1,512,MB,europe-west1,gcp,upload,/function/diff.000009.000028_area.fits,0.58464,76319287.0
4145,7,gcp,europe-west1,512,MB,europe-west1,gcp,upload,/function/diff.000010.000015.fits,0.14112,62974234.5
4146,7,gcp,europe-west1,512,MB,europe-west1,gcp,upload,/function/diff.000010.000015_area.fits,0.14112,59244284.0
4147,7,gcp,europe-west1,512,MB,europe-west1,gcp,upload,/function/diff.000010.000016.fits,0.22176,186580157.5
4148,7,gcp,europe-west1,512,MB,europe-west1,gcp,upload,/function/diff.000010.000016_area.fits,0.22176,60240346.0
4149,7,gcp,europe-west1,512,MB,europe-west1,gcp,upload,/function/diff.000010.000017.fits,0.45216,129574125.5
4150,7,gcp,europe-west1,512,MB,europe-west1,gcp,upload,/function/diff.000010.000017_area.fits,0.45216,75879665.5
4151,7,gcp,europe-west1,512,MB,europe-west1,gcp,upload,/function/diff.000010.000018.fits,0.47232,122931227.0
4152,7,gcp,europe-west1,512,MB,europe-west1,gcp,upload,/function/diff.000010.000018_area.fits,0.47232,64988222.0
4153,7,gcp,europe-west1,512,MB,europe-west1,gcp,upload,/function/diff.000010.000019.fits,0.21024,135137176.0
4154,7,gcp,europe-west1,512,MB,europe-west1,gcp,upload,/function/diff.000010.000019_area.fits,0.21024,64274518.5
4155,7,gcp,europe-west1,512,MB,europe-west1,gcp,upload,/function/diff.000010.000021.fits,4.0752,2345535225.5
4156,7,gcp,europe-west1,512,MB,europe-west1,gcp,upload,/function/diff.000010.000021_area.fits,4.0752,281033188.5
4157,7,gcp,europe-west1,512,MB,europe-west1,gcp,upload,/function/diff.000010.000024.fits,0.1296,74326512.5
4158,7,gcp,europe-west1,512,MB,europe-west1,gcp,upload,/function/diff.000010.000024_area.fits,0.1296,51438991.0
4159,7,gcp,europe-west1,512,MB,europe-west1,gcp,upload,/function/diff.000010.000027.fits,0.03456,60094124.0
4160,7,gcp,europe-west1,512,MB,europe-west1,gcp,upload,/function/diff.000010.000027_area.fits,0.03456,50341756.5
4161,7,gcp,europe-west1,512,MB,europe-west1,gcp,upload,/function/diff.000010.000029.fits,0.14688,74074170.5
4162,7,gcp,europe-west1,512,MB,europe-west1,gcp,upload,/function/diff.000010.000029_area.fits,0.14688,53528417.5
4163,7,gcp,europe-west1,512,MB,europe-west1,gcp,upload,/function/diff.000010.000030.fits,0.42912,251818478.5
4164,7,gcp,europe-west1,512,MB,europe-west1,gcp,upload,/function/diff.000010.000030_area.fits,0.42912,98099615.5
4165,7,gcp,europe-west1,512,MB,europe-west1,gcp,upload,/function/diff.000011.000020.fits,0.03168,55146122.5
4166,7,gcp,europe-west1,512,MB,europe-west1,gcp,upload,/function/diff.000011.000020_area.fits,0.03168,48154016.5
4167,7,gcp,europe-west1,512,MB,europe-west1,gcp,upload,/function/diff.000011.000026.fits,0.46656,230883136.5
4168,7,gcp,europe-west1,512,MB,europe-west1,gcp,upload,/function/diff.000011.000026_area.fits,0.46656,67903725.5
4169,7,gcp,europe-west1,512,MB,europe-west1,gcp,upload,/function/diff.000011.000028.fits,0.53568,318865296.0
4170,7,gcp,europe-west1,512,MB,europe-west1,gcp,upload,/function/diff.000011.000028_area.fits,0.53568,63702985.5
4171,7,gcp,europe-west1,512,MB,europe-west1,gcp,upload,/function/diff.000012.000013.fits,1.02528,472387476.0
4172,7,gcp,europe-west1,512,MB,europe-west1,gcp,upload,/function/diff.000012.000013_area.fits,1.02528,148123174.0
4173,7,gcp,europe-west1,512,MB,europe-west1,gcp,upload,/function/diff.000012.000014.fits,0.03744,55120740.0
4174,7,gcp,europe-west1,512,MB,europe-west1,gcp,upload,/function/diff.000012.000014_area.fits,0.03744,53691202.0
4175,7,gcp,europe-west1,512,MB,europe-west1,gcp,upload,/function/diff.000012.000020.fits,0.4464,128320884.0
4176,7,gcp,europe-west1,512,MB,europe-west1,gcp,upload,/function/diff.000012.000020_area.fits,0.4464,117963839.0
4177,7,gcp,europe-west1,512,MB,europe-west1,gcp,upload,/function/diff.000012.000022.fits,0.22176,134254752.5
4178,7,gcp,europe-west1,512,MB,europe-west1,gcp,upload,/function/diff.000012.000022_area.fits,0.22176,58791505.0
4179,7,gcp,europe-west1,512,MB,europe-west1,gcp,upload,/function/diff.000012.000025.fits,0.59328,323307850.5
4180,7,gcp,europe-west1,512,MB,europe-west1,gcp,upload,/function/diff.000012.000025_area.fits,0.59328,80580459.0
4181,7,gcp,europe-west1,512,MB,europe-west1,gcp,upload,/function/diff.000012.000026.fits,0.03456,54385951.0
4182,7,gcp,europe-west1,512,MB,europe-west1,gcp,upload,/function/diff.000012.000026_area.fits,0.03456,60462917.5
4183,7,gcp,europe-west1,512,MB,europe-west1,gcp,upload,/function/diff.000013.000014.fits,0.4608,219832447.0
4184,7,gcp,europe-west1,512,MB,europe-west1,gcp,upload,/function/diff.000013.000014_area.fits,0.4608,65992467.0
4185,7,gcp,europe-west1,512,MB,europe-west1,gcp,upload,/function/diff.000013.000020.fits,0.03168,60407706.5
4186,7,gcp,europe-west1,512,MB,europe-west1,gcp,upload,/function/diff.000013.000020_area.fits,0.03168,51681301.5
4187,7,gcp,europe-west1,512,MB,europe-west1,gcp,upload,/function/diff.000013.000022.fits,3.31776,1672020283.5
4188,7,gcp,europe-west1,512,MB,europe-west1,gcp,upload,/function/diff.000013.000022_area.fits,3.31776,226161215.0
4189,7,gcp,europe-west1,512,MB,europe-west1,gcp,upload,/function/diff.000013.000025.fits,0.144,130046585.5
4190,7,gcp,europe-west1,512,MB,europe-west1,gcp,upload,/function/diff.000013.000025_area.fits,0.144,51094110.0
4191,7,gcp,europe-west1,512,MB,europe-west1,gcp,upload,/function/diff.000014.000015.fits,0.03168,95324894.0
4192,7,gcp,europe-west1,512,MB,europe-west1,gcp,upload,/function/diff.000014.000015_area.fits,0.03168,51042651.0
4193,7,gcp,europe-west1,512,MB,europe-west1,gcp,upload,/function/diff.000014.000017.fits,0.52128,252306886.5
4194,7,gcp,europe-west1,512,MB,europe-west1,gcp,upload,/function/diff.000014.000017_area.fits,0.52128,75871305.0
4195,7,gcp,europe-west1,512,MB,europe-west1,gcp,upload,/function/diff.000014.000022.fits,0.58464,301698087.5
4196,7,gcp,europe-west1,512,MB,europe-west1,gcp,upload,/function/diff.000014.000022_area.fits,0.58464,93275931.0
4197,7,gcp,europe-west1,512,MB,europe-west1,gcp,upload,/function/diff.000014.000025.fits,0.22176,145472802.0
4198,7,gcp,europe-west1,512,MB,europe-west1,gcp,upload,/function/diff.000014.000025_area.fits,0.22176,75626464.0
4199,7,gcp,europe-west1,512,MB,europe-west1,gcp,upload,/function/diff.000015.000016.fits,0.4464,172960062.5
4200,7,gcp,europe-west1,512,MB,europe-west1,gcp,upload,/function/diff.000015.000016_area.fits,0.4464,74677507.0
4201,7,gcp,europe-west1,512,MB,europe-west1,gcp,upload,/function/diff.000015.000017.fits,0.22464,118335652.0
4202,7,gcp,europe-west1,512,MB,europe-west1,gcp,upload,/function/diff.000015.000017_area.fits,0.22464,59553707.0
4203,7,gcp,europe-west1,512,MB,europe-west1,gcp,upload,/function/diff.000015.000019.fits,0.40608,206715592.5
4204,7,gcp,europe-west1,512,MB,europe-west1,gcp,upload,/function/diff.000015.000019_area.fits,0.40608,90539583.5
4205,7,gcp,europe-west1,512,MB,europe-west1,gcp,upload,/function/diff.000015.000020.fits,0.46656,133274161.0
4206,7,gcp,europe-west1,512,MB,europe-west1,gcp,upload,/function/diff.000015.000020_area.fits,0.46656,77493816.0
4207,7,gcp,europe-west1,512,MB,europe-west1,gcp,upload,/function/diff.000015.000021.fits,0.1296,61477348.0
4208,7,gcp,europe-west1,512,MB,europe-west1,gcp,upload,/function/diff.000015.000021_area.fits,0.1296,64020151.0
4209,7,gcp,europe-west1,512,MB,europe-west1,gcp,upload,/function/diff.000015.000025.fits,0.52704,343280769.0
4210,7,gcp,europe-west1,512,MB,europe-west1,gcp,upload,/function/diff.000015.000025_area.fits,0.52704,66538650.0
4211,7,gcp,europe-west1,512,MB,europe-west1,gcp,upload,/function/diff.000015.000026.fits,0.03168,52886480.0
4212,7,gcp,europe-west1,512,MB,europe-west1,gcp,upload,/function/diff.000015.000026_area.fits,0.03168,54603507.0
4213,7,gcp,europe-west1,512,MB,europe-west1,gcp,upload,/function/diff.000015.000027.fits,3.33216,1671550185.5
4214,7,gcp,europe-west1,512,MB,europe-west1,gcp,upload,/function/diff.000015.000027_area.fits,3.33216,196567940.5
4215,7,gcp,europe-west1,512,MB,europe-west1,gcp,upload,/function/diff.000016.000019.fits,4.0752,2327657411.0
4216,7,gcp,europe-west1,512,MB,europe-west1,gcp,upload,/function/diff.000016.000019_area.fits,4.0752,234135920.0
4217,7,gcp,europe-west1,512,MB,europe-west1,gcp,upload,/function/diff.000016.000021.fits,0.22752,151221643.0
4218,7,gcp,europe-west1,512,MB,europe-west1,gcp,upload,/function/diff.000016.000021_area.fits,0.22752,76173552.5
4219,7,gcp,europe-west1,512,MB,europe-west1,gcp,upload,/function/diff.000016.000023.fits,0.21024,117402934.0
4220,7,gcp,europe-west1,512,MB,europe-west1,gcp,upload,/function/diff.000016.000023_area.fits,0.21024,63642235.0
4221,7,gcp,europe-west1,512,MB,europe-west1,gcp,upload,/function/diff.000016.000024.fits,0.42912,203656616.5
4222,7,gcp,europe-west1,512,MB,europe-west1,gcp,upload,/function/diff.000016.000024_area.fits,0.42912,117690681.5
4223,7,gcp,europe-west1,512,MB,europe-west1,gcp,upload,/function/diff.000016.000027.fits,0.54432,282526339.5
4224,7,gcp,europe-west1,512,MB,europe-west1,gcp,upload,/function/diff.000016.000027_area.fits,0.54432,69681662.5
4225,7,gcp,europe-west1,512,MB,europe-west1,gcp,upload,/function/diff.000016.000029.fits,0.47232,218961062.5
4226,7,gcp,europe-west1,512,MB,europe-west1,gcp,upload,/function/diff.000016.000029_area.fits,0.47232,59632296.0
4227,7,gcp,europe-west1,512,MB,europe-west1,gcp,upload,/function/diff.000017.000021.fits,0.40608,255950160.0
4228,7,gcp,europe-west1,512,MB,europe-west1,gcp,upload,/function/diff.000017.000021_area.fits,0.40608,68626044.0
4229,7,gcp,europe-west1,512,MB,europe-west1,gcp,upload,/function/diff.000017.000025.fits,0.03168,59976450.0
4230,7,gcp,europe-west1,512,MB,europe-west1,gcp,upload,/function/diff.000017.000025_area.fits,0.03168,50361741.0
4231,7,gcp,europe-west1,512,MB,europe-west1,gcp,upload,/function/diff.000018.000021.fits,0.50976,255940120.0
4232,7,gcp,europe-west1,512,MB,europe-west1,gcp,upload,/function/diff.000018.000021_area.fits,0.50976,79804308.0
4233,7,gcp,europe-west1,512,MB,europe-west1,gcp,upload,/function/diff.000018.000024.fits,0.20736,127747190.0
4234,7,gcp,europe-west1,512,MB,europe-west1,gcp,upload,/function/diff.000018.000024_area.fits,0.20736,60272704.5
4235,7,gcp,europe-west1,512,MB,europe-west1,gcp,upload,/function/diff.000018.000029.fits,0.22176,158275285.0
4236,7,gcp,europe-west1,512,MB,europe-west1,gcp,upload,/function/diff.000018.000029_area.fits,0.22176,64449628.0
4237,7,gcp,europe-west1,512,MB,europe-west1,gcp,upload,/function/diff.000018.000030.fits,4.06368,2331371743.5
4238,7,gcp,europe-west1,512,MB,europe-west1,gcp,upload,/function/diff.000018.000030_area.fits,4.06368,197481137.5
4239,7,gcp,europe-west1,512,MB,europe-west1,gcp,upload,/function/diff.000019.000021.fits,0.22176,186831953.0
4240,7,gcp,europe-west1,512,MB,europe-west1,gcp,upload,/function/diff.000019.000021_area.fits,0.22176,53831918.0
4241,7,gcp,europe-west1,512,MB,europe-west1,gcp,upload,/function/diff.000019.000023.fits,0.22176,147895822.0
4242,7,gcp,europe-west1,512,MB,europe-west1,gcp,upload,/function/diff.000019.000023_area.fits,0.22176,50984829.5
4243,7,gcp,europe-west1,512,MB,europe-west1,gcp,upload,/function/diff.000019.000024.fits,0.46656,206789790.0
4244,7,gcp,europe-west1,512,MB,europe-west1,gcp,upload,/function/diff.000019.000024_area.fits,0.46656,63090242.0
4245,7,gcp,europe-west1,512,MB,europe-west1,gcp,upload,/function/diff.000019.000027.fits,0.49248,215952808.0
4246,7,gcp,europe-west1,512,MB,europe-west1,gcp,upload,/function/diff.000019.000027_area.fits,0.49248,79003196.0
4247,7,gcp,europe-west1,512,MB,europe-west1,gcp,upload,/function/diff.000019.000029.fits,0.50976,313468531.0
4248,7,gcp,europe-west1,512,MB,europe-west1,gcp,upload,/function/diff.000019.000029_area.fits,0.50976,80096857.0
4249,7,gcp,europe-west1,512,MB,europe-west1,gcp,upload,/function/diff.000020.000025.fits,3.30624,1558049476.0
4250,7,gcp,europe-west1,512,MB,europe-west1,gcp,upload,/function/diff.000020.000025_area.fits,3.30624,271582907.5
4251,7,gcp,europe-west1,512,MB,europe-west1,gcp,upload,/function/diff.000020.000026.fits,1.00512,450309573.0
4252,7,gcp,europe-west1,512,MB,europe-west1,gcp,upload,/function/diff.000020.000026_area.fits,1.00512,130828495.0
4253,7,gcp,europe-west1,512,MB,europe-west1,gcp,upload,/function/diff.000020.000027.fits,0.576,281437992.5
4254,7,gcp,europe-west1,512,MB,europe-west1,gcp,upload,/function/diff.000020.000027_area.fits,0.576,77369657.0
4255,7,gcp,europe-west1,512,MB,europe-west1,gcp,upload,/function/diff.000020.000028.fits,0.22176,234286495.0
4256,7,gcp,europe-west1,512,MB,europe-west1,gcp,upload,/function/diff.000020.000028_area.fits,0.22176,74801283.0
4257,7,gcp,europe-west1,512,MB,europe-west1,gcp,upload,/function/diff.000021.000024.fits,0.144,69552760.5
4258,7,gcp,europe-west1,512,MB,europe-west1,gcp,upload,/function/diff.000021.000024_area.fits,0.144,51212910.0
4259,7,gcp,europe-west1,512,MB,europe-west1,gcp,upload,/function/diff.000021.000027.fits,0.03168,63975872.5
4260,7,gcp,europe-west1,512,MB,europe-west1,gcp,upload,/function/diff.000021.000027_area.fits,0.03168,55138023.5
4261,7,gcp,europe-west1,512,MB,europe-west1,gcp,upload,/function/diff.000021.000029.fits,0.16128,99151620.0
4262,7,gcp,europe-west1,512,MB,europe-west1,gcp,upload,/function/diff.000021.000029_area.fits,0.16128,92922711.0
4263,7,gcp,europe-west1,512,MB,europe-west1,gcp,upload,/function/diff.000021.000030.fits,0.46656,126121754.0
4264,7,gcp,europe-west1,512,MB,europe-west1,gcp,upload,/function/diff.000021.000030_area.fits,0.46656,74421481.5
4265,7,gcp,europe-west1,512,MB,europe-west1,gcp,upload,/function/diff.000022.000025.fits,0.03456,61570890.5
4266,7,gcp,europe-west1,512,MB,europe-west1,gcp,upload,/function/diff.000022.000025_area.fits,0.03456,51749980.0
4267,7,gcp,europe-west1,512,MB,europe-west1,gcp,upload,/function/diff.000023.000027.fits,0.0288,56918552.5
4268,7,gcp,europe-west1,512,MB,europe-west1,gcp,upload,/function/diff.000023.000027_area.fits,0.0288,82737516.5
4269,7,gcp,europe-west1,512,MB,europe-west1,gcp,upload,/function/diff.000024.000029.fits,4.06368,2480146509.5
4270,7,gcp,europe-west1,512,MB,europe-west1,gcp,upload,/function/diff.000024.000029_area.fits,4.06368,289531918.0
4271,7,gcp,europe-west1,512,MB,europe-west1,gcp,upload,/function/diff.000024.000030.fits,0.22464,167885910.0
4272,7,gcp,europe-west1,512,MB,europe-west1,gcp,upload,/function/diff.000024.000030_area.fits,0.22464,55248225.0
4273,7,gcp,europe-west1,512,MB,europe-west1,gcp,upload,/function/diff.000025.000026.fits,0.22176,206807980.0
4274,7,gcp,europe-west1,512,MB,europe-west1,gcp,upload,/function/diff.000025.000026_area.fits,0.22176,63681989.0
4275,7,gcp,europe-west1,512,MB,europe-west1,gcp,upload,/function/diff.000025.000027.fits,0.42912,215236838.5
4276,7,gcp,europe-west1,512,MB,europe-west1,gcp,upload,/function/diff.000025.000027_area.fits,0.42912,61458700.0
4277,7,gcp,europe-west1,512,MB,europe-west1,gcp,upload,/function/diff.000026.000027.fits,0.13248,70535108.5
4278,7,gcp,europe-west1,512,MB,europe-west1,gcp,upload,/function/diff.000026.000027_area.fits,0.13248,55840993.0
4279,7,gcp,europe-west1,512,MB,europe-west1,gcp,upload,/function/diff.000026.000028.fits,3.30624,1491697767.5
4280,7,gcp,europe-west1,512,MB,europe-west1,gcp,upload,/function/diff.000026.000028_area.fits,3.30624,239786852.5
4281,7,gcp,europe-west1,512,MB,europe-west1,gcp,upload,/function/diff.000027.000028.fits,0.03456,59505030.5
4282,7,gcp,europe-west1,512,MB,europe-west1,gcp,upload,/function/diff.000027.000028_area.fits,0.03456,52783450.5
4283,7,gcp,europe-west1,512,MB,europe-west1,gcp,upload,/function/diff.000029.000030.fits,0.23328,149948404.0
4284,7,gcp,europe-west1,512,MB,europe-west1,gcp,upload,/function/diff.000029.000030_area.fits,0.23328,71071777.0
4285,7,gcp,europe-west1,512,MB,europe-west1,gcp,upload,/function/fit.000001.000007.txt,0.000287,59942102.0
4286,7,gcp,europe-west1,512,MB,europe-west1,gcp,upload,/function/fit.000001.000011.txt,0.00029,56581660.0
4287,7,gcp,europe-west1,512,MB,europe-west1,gcp,upload,/function/fit.000001.000012.txt,0.000288,55455248.5
4288,7,gcp,europe-west1,512,MB,europe-west1,gcp,upload,/function/fit.000001.000020.txt,0.000284,57915733.0
4289,7,gcp,europe-west1,512,MB,europe-west1,gcp,upload,/function/fit.000001.000025.txt,0.000286,59071759.5
4290,7,gcp,europe-west1,512,MB,europe-west1,gcp,upload,/function/fit.000001.000026.txt,0.000287,68583029.5
4291,7,gcp,europe-west1,512,MB,europe-west1,gcp,upload,/function/fit.000001.000028.txt,0.000286,58532538.0
4292,7,gcp,europe-west1,512,MB,europe-west1,gcp,upload,/function/fit.000002.000006.txt,0.000282,65889849.5
4293,7,gcp,europe-west1,512,MB,europe-west1,gcp,upload,/function/fit.000002.000009.txt,0.000285,60242404.5
4294,7,gcp,europe-west1,512,MB,europe-west1,gcp,upload,/function/fit.000002.000015.txt,0.000288,59027910.0
4295,7,gcp,europe-west1,512,MB,europe-west1,gcp,upload,/function/fit.000002.000016.txt,0.000278,55909374.5
4296,7,gcp,europe-west1,512,MB,europe-west1,gcp,upload,/function/fit.000002.000019.txt,0.000281,80000617.5
4297,7,gcp,europe-west1,512,MB,europe-west1,gcp,upload,/function/fit.000002.000020.txt,0.000286,57861467.0
4298,7,gcp,europe-west1,512,MB,europe-west1,gcp,upload,/function/fit.000002.000023.txt,0.00028,59587839.0
4299,7,gcp,europe-west1,512,MB,europe-west1,gcp,upload,/function/fit.000002.000025.txt,0.000281,62496468.0
4300,7,gcp,europe-west1,512,MB,europe-west1,gcp,upload,/function/fit.000002.000026.txt,0.000286,55695900.0
4301,7,gcp,europe-west1,512,MB,europe-west1,gcp,upload,/function/fit.000002.000027.txt,0.000286,51952019.0
4302,7,gcp,europe-west1,512,MB,europe-west1,gcp,upload,/function/fit.000002.000028.txt,0.000283,61401350.5
4303,7,gcp,europe-west1,512,MB,europe-west1,gcp,upload,/function/fit.000003.000005.txt,0.000288,55634254.0
4304,7,gcp,europe-west1,512,MB,europe-west1,gcp,upload,/function/fit.000003.000006.txt,0.000279,66436167.5
4305,7,gcp,europe-west1,512,MB,europe-west1,gcp,upload,/function/fit.000003.000016.txt,0.000279,58709746.5
4306,7,gcp,europe-west1,512,MB,europe-west1,gcp,upload,/function/fit.000003.000019.txt,0.000282,56727428.0
4307,7,gcp,europe-west1,512,MB,europe-west1,gcp,upload,/function/fit.000003.000023.txt,0.000281,56060585.5
4308,7,gcp,europe-west1,512,MB,europe-west1,gcp,upload,/function/fit.000003.000024.txt,0.00029,56154563.5
4309,7,gcp,europe-west1,512,MB,europe-west1,gcp,upload,/function/fit.000003.000029.txt,0.000284,58380431.0
4310,7,gcp,europe-west1,512,MB,europe-west1,gcp,upload,/function/fit.000004.000008.txt,0.00029,69181953.0
4311,7,gcp,europe-west1,512,MB,europe-west1,gcp,upload,/function/fit.000004.000010.txt,0.000285,54005487.5
4312,7,gcp,europe-west1,512,MB,europe-west1,gcp,upload,/function/fit.000004.000014.txt,0.000288,58298536.0
4313,7,gcp,europe-west1,512,MB,europe-west1,gcp,upload,/function/fit.000004.000015.txt,0.000288,50982195.0
4314,7,gcp,europe-west1,512,MB,europe-west1,gcp,upload,/function/fit.000004.000016.txt,0.000278,67974192.0
4315,7,gcp,europe-west1,512,MB,europe-west1,gcp,upload,/function/fit.000004.000017.txt,0.000291,59394548.0
4316,7,gcp,europe-west1,512,MB,europe-west1,gcp,upload,/function/fit.000004.000019.txt,0.00028,56550111.5
4317,7,gcp,europe-west1,512,MB,europe-west1,gcp,upload,/function/fit.000004.000020.txt,0.000283,56397482.0
4318,7,gcp,europe-west1,512,MB,europe-west1,gcp,upload,/function/fit.000004.000021.txt,0.000286,59524567.5
4319,7,gcp,europe-west1,512,MB,europe-west1,gcp,upload,/function/fit.000004.000025.txt,0.000285,59776064.5
4320,7,gcp,europe-west1,512,MB,europe-west1,gcp,upload,/function/fit.000004.000027.txt,0.000287,58502388.5
4321,7,gcp,europe-west1,512,MB,europe-west1,gcp,upload,/function/fit.000005.000006.txt,0.000282,59887532.0
4322,7,gcp,europe-west1,512,MB,europe-west1,gcp,upload,/function/fit.000005.000016.txt,0.00028,64607637.0
4323,7,gcp,europe-west1,512,MB,europe-west1,gcp,upload,/function/fit.000005.000019.txt,0.000283,55500428.0
4324,7,gcp,europe-west1,512,MB,europe-west1,gcp,upload,/function/fit.000005.000023.txt,0.000282,57078802.0
4325,7,gcp,europe-west1,512,MB,europe-west1,gcp,upload,/function/fit.000005.000024.txt,0.000282,53195859.5
4326,7,gcp,europe-west1,512,MB,europe-west1,gcp,upload,/function/fit.000005.000029.txt,0.000288,63063184.0
4327,7,gcp,europe-west1,512,MB,europe-west1,gcp,upload,/function/fit.000006.000009.txt,0.000281,64121066.0
4328,7,gcp,europe-west1,512,MB,europe-west1,gcp,upload,/function/fit.000006.000016.txt,0.000282,79505613.5
4329,7,gcp,europe-west1,512,MB,europe-west1,gcp,upload,/function/fit.000006.000019.txt,0.000284,57341918.0
4330,7,gcp,europe-west1,512,MB,europe-west1,gcp,upload,/function/fit.000006.000023.txt,0.000286,54991506.0
4331,7,gcp,europe-west1,512,MB,europe-west1,gcp,upload,/function/fit.000006.000027.txt,0.000277,55315258.0
4332,7,gcp,europe-west1,512,MB,europe-west1,gcp,upload,/function/fit.000007.000008.txt,0.000286,54402518.5
4333,7,gcp,europe-west1,512,MB,europe-west1,gcp,upload,/function/fit.000007.000011.txt,0.000294,55414115.5
4334,7,gcp,europe-west1,512,MB,europe-west1,gcp,upload,/function/fit.000007.000012.txt,0.000291,55228734.0
4335,7,gcp,europe-west1,512,MB,europe-west1,gcp,upload,/function/fit.000007.000013.txt,0.000295,58036271.5
4336,7,gcp,europe-west1,512,MB,europe-west1,gcp,upload,/function/fit.000007.000020.txt,0.000285,52884514.5
4337,7,gcp,europe-west1,512,MB,europe-west1,gcp,upload,/function/fit.000007.000025.txt,0.000285,58010272.0
4338,7,gcp,europe-west1,512,MB,europe-west1,gcp,upload,/function/fit.000007.000026.txt,0.000286,69002146.5
4339,7,gcp,europe-west1,512,MB,europe-west1,gcp,upload,/function/fit.000007.000028.txt,0.000279,65861582.5
4340,7,gcp,europe-west1,512,MB,europe-west1,gcp,upload,/function/fit.000008.000012.txt,0.000285,54122393.5
4341,7,gcp,europe-west1,512,MB,europe-west1,gcp,upload,/function/fit.000008.000013.txt,0.000288,66498482.0
4342,7,gcp,europe-west1,512,MB,europe-west1,gcp,upload,/function/fit.000008.000014.txt,0.000294,57362002.5
4343,7,gcp,europe-west1,512,MB,europe-west1,gcp,upload,/function/fit.000008.000015.txt,0.000291,47546300.0
4344,7,gcp,europe-west1,512,MB,europe-west1,gcp,upload,/function/fit.000008.000017.txt,0.000289,60243718.0
4345,7,gcp,europe-west1,512,MB,europe-west1,gcp,upload,/function/fit.000008.000020.txt,0.000292,62128358.0
4346,7,gcp,europe-west1,512,MB,europe-west1,gcp,upload,/function/fit.000008.000022.txt,0.000291,53504748.0
4347,7,gcp,europe-west1,512,MB,europe-west1,gcp,upload,/function/fit.000008.000025.txt,0.000292,75994330.5
4348,7,gcp,europe-west1,512,MB,europe-west1,gcp,upload,/function/fit.000008.000027.txt,0.000285,56205442.5
4349,7,gcp,europe-west1,512,MB,europe-west1,gcp,upload,/function/fit.000009.000016.txt,0.000275,56046720.5
4350,7,gcp,europe-west1,512,MB,europe-west1,gcp,upload,/function/fit.000009.000019.txt,0.000278,51159572.0
4351,7,gcp,europe-west1,512,MB,europe-west1,gcp,upload,/function/fit.000009.000020.txt,0.000277,54246939.5
4352,7,gcp,europe-west1,512,MB,europe-west1,gcp,upload,/function/fit.000009.000023.txt,0.000284,71138691.0
4353,7,gcp,europe-west1,512,MB,europe-west1,gcp,upload,/function/fit.000009.000026.txt,0.000285,59568931.0
4354,7,gcp,europe-west1,512,MB,europe-west1,gcp,upload,/function/fit.000009.000027.txt,0.000285,57266757.5
4355,7,gcp,europe-west1,512,MB,europe-west1,gcp,upload,/function/fit.000009.000028.txt,0.000288,53808062.0
4356,7,gcp,europe-west1,512,MB,europe-west1,gcp,upload,/function/fit.000010.000015.txt,0.000284,49183718.5
4357,7,gcp,europe-west1,512,MB,europe-west1,gcp,upload,/function/fit.000010.000016.txt,0.000285,57305298.0
4358,7,gcp,europe-west1,512,MB,europe-west1,gcp,upload,/function/fit.000010.000017.txt,0.000287,59988254.0
4359,7,gcp,europe-west1,512,MB,europe-west1,gcp,upload,/function/fit.000010.000018.txt,0.000287,57976769.0
4360,7,gcp,europe-west1,512,MB,europe-west1,gcp,upload,/function/fit.000010.000019.txt,0.000281,67302293.0
4361,7,gcp,europe-west1,512,MB,europe-west1,gcp,upload,/function/fit.000010.000021.txt,0.000288,49711997.5
4362,7,gcp,europe-west1,512,MB,europe-west1,gcp,upload,/function/fit.000010.000024.txt,0.000288,56528450.5
4363,7,gcp,europe-west1,512,MB,europe-west1,gcp,upload,/function/fit.000010.000027.txt,0.000279,51749261.5
4364,7,gcp,europe-west1,512,MB,europe-west1,gcp,upload,/function/fit.000010.000029.txt,0.000283,66545131.0
4365,7,gcp,europe-west1,512,MB,europe-west1,gcp,upload,/function/fit.000010.000030.txt,0.000286,59378214.5
4366,7,gcp,europe-west1,512,MB,europe-west1,gcp,upload,/function/fit.000011.000020.txt,0.000283,64900835.0
4367,7,gcp,europe-west1,512,MB,europe-west1,gcp,upload,/function/fit.000011.000026.txt,0.000282,54277799.0
4368,7,gcp,europe-west1,512,MB,europe-west1,gcp,upload,/function/fit.000011.000028.txt,0.000288,56054161.0
4369,7,gcp,europe-west1,512,MB,europe-west1,gcp,upload,/function/fit.000012.000013.txt,0.000291,57367257.5
4370,7,gcp,europe-west1,512,MB,europe-west1,gcp,upload,/function/fit.000012.000014.txt,0.000287,59053083.0
4371,7,gcp,europe-west1,512,MB,europe-west1,gcp,upload,/function/fit.000012.000020.txt,0.000286,50125242.0
4372,7,gcp,europe-west1,512,MB,europe-west1,gcp,upload,/function/fit.000012.000022.txt,0.000292,60668917.0
4373,7,gcp,europe-west1,512,MB,europe-west1,gcp,upload,/function/fit.000012.000025.txt,0.000289,54012415.5
4374,7,gcp,europe-west1,512,MB,europe-west1,gcp,upload,/function/fit.000012.000026.txt,0.000284,64456519.5
4375,7,gcp,europe-west1,512,MB,europe-west1,gcp,upload,/function/fit.000013.000014.txt,0.000289,51667763.0
4376,7,gcp,europe-west1,512,MB,europe-west1,gcp,upload,/function/fit.000013.000020.txt,0.000285,52292857.5
4377,7,gcp,europe-west1,512,MB,europe-west1,gcp,upload,/function/fit.000013.000022.txt,0.000295,52034077.5
4378,7,gcp,europe-west1,512,MB,europe-west1,gcp,upload,/function/fit.000013.000025.txt,0.00029,51592060.5
4379,7,gcp,europe-west1,512,MB,europe-west1,gcp,upload,/function/fit.000014.000015.txt,0.000283,62700939.0
4380,7,gcp,europe-west1,512,MB,europe-west1,gcp,upload,/function/fit.000014.000017.txt,0.000295,55846485.5
4381,7,gcp,europe-west1,512,MB,europe-west1,gcp,upload,/function/fit.000014.000022.txt,0.000293,57105128.0
4382,7,gcp,europe-west1,512,MB,europe-west1,gcp,upload,/function/fit.000014.000025.txt,0.000292,52284578.5
4383,7,gcp,europe-west1,512,MB,europe-west1,gcp,upload,/function/fit.000015.000016.txt,0.000284,54736896.0
4384,7,gcp,europe-west1,512,MB,europe-west1,gcp,upload,/function/fit.000015.000017.txt,0.00029,52002284.0
4385,7,gcp,europe-west1,512,MB,europe-west1,gcp,upload,/function/fit.000015.000019.txt,0.000285,56608376.5
4386,7,gcp,europe-west1,512,MB,europe-west1,gcp,upload,/function/fit.000015.000020.txt,0.000285,52395460.0
4387,7,gcp,europe-west1,512,MB,europe-west1,gcp,upload,/function/fit.000015.000021.txt,0.000283,52260756.0
4388,7,gcp,europe-west1,512,MB,europe-west1,gcp,upload,/function/fit.000015.000025.txt,0.000287,55466858.5
4389,7,gcp,europe-west1,512,MB,europe-west1,gcp,upload,/function/fit.000015.000026.txt,0.000283,50633435.5
4390,7,gcp,europe-west1,512,MB,europe-west1,gcp,upload,/function/fit.000015.000027.txt,0.000289,53238066.0
4391,7,gcp,europe-west1,512,MB,europe-west1,gcp,upload,/function/fit.000016.000019.txt,0.000283,53572138.5
4392,7,gcp,europe-west1,512,MB,europe-west1,gcp,upload,/function/fit.000016.000021.txt,0.000282,65403778.5
4393,7,gcp,europe-west1,512,MB,europe-west1,gcp,upload,/function/fit.000016.000023.txt,0.000282,51248236.5
4394,7,gcp,europe-west1,512,MB,europe-west1,gcp,upload,/function/fit.000016.000024.txt,0.000279,53231255.0
4395,7,gcp,europe-west1,512,MB,europe-west1,gcp,upload,/function/fit.000016.000027.txt,0.000279,52239475.0
4396,7,gcp,europe-west1,512,MB,europe-west1,gcp,upload,/function/fit.000016.000029.txt,0.000282,54855603.0
4397,7,gcp,europe-west1,512,MB,europe-west1,gcp,upload,/function/fit.000017.000021.txt,0.000288,54186825.0
4398,7,gcp,europe-west1,512,MB,europe-west1,gcp,upload,/function/fit.000017.000025.txt,0.000287,58203321.0
4399,7,gcp,europe-west1,512,MB,europe-west1,gcp,upload,/function/fit.000018.000021.txt,0.000288,54947093.5
4400,7,gcp,europe-west1,512,MB,europe-west1,gcp,upload,/function/fit.000018.000024.txt,0.000286,60281790.5
4401,7,gcp,europe-west1,512,MB,europe-west1,gcp,upload,/function/fit.000018.000029.txt,0.000288,53175807.5
4402,7,gcp,europe-west1,512,MB,europe-west1,gcp,upload,/function/fit.000018.000030.txt,0.000294,56389142.0
4403,7,gcp,europe-west1,512,MB,europe-west1,gcp,upload,/function/fit.000019.000021.txt,0.000288,49788334.0
4404,7,gcp,europe-west1,512,MB,europe-west1,gcp,upload,/function/fit.000019.000023.txt,0.000287,52237561.5
4405,7,gcp,europe-west1,512,MB,europe-west1,gcp,upload,/function/fit.000019.000024.txt,0.000281,56266427.0
4406,7,gcp,europe-west1,512,MB,europe-west1,gcp,upload,/function/fit.000019.000027.txt,0.000279,55285623.0
4407,7,gcp,europe-west1,512,MB,europe-west1,gcp,upload,/function/fit.000019.000029.txt,0.000283,56171710.5
4408,7,gcp,europe-west1,512,MB,europe-west1,gcp,upload,/function/fit.000020.000025.txt,0.000289,56878882.0
4409,7,gcp,europe-west1,512,MB,europe-west1,gcp,upload,/function/fit.000020.000026.txt,0.000286,55729767.0
4410,7,gcp,europe-west1,512,MB,europe-west1,gcp,upload,/function/fit.000020.000027.txt,0.000286,64031348.5
4411,7,gcp,europe-west1,512,MB,europe-west1,gcp,upload,/function/fit.000020.000028.txt,0.000289,50761394.0
4412,7,gcp,europe-west1,512,MB,europe-west1,gcp,upload,/function/fit.000021.000024.txt,0.000285,53096530.5
4413,7,gcp,europe-west1,512,MB,europe-west1,gcp,upload,/function/fit.000021.000027.txt,0.000277,47215001.0
4414,7,gcp,europe-west1,512,MB,europe-west1,gcp,upload,/function/fit.000021.000029.txt,0.000281,50689364.5
4415,7,gcp,europe-west1,512,MB,europe-west1,gcp,upload,/function/fit.000021.000030.txt,0.000284,52667460.5
4416,7,gcp,europe-west1,512,MB,europe-west1,gcp,upload,/function/fit.000022.000025.txt,0.000286,50964132.0
4417,7,gcp,europe-west1,512,MB,europe-west1,gcp,upload,/function/fit.000023.000027.txt,0.00028,51204637.0
4418,7,gcp,europe-west1,512,MB,europe-west1,gcp,upload,/function/fit.000024.000029.txt,0.00029,47816417.5
4419,7,gcp,europe-west1,512,MB,europe-west1,gcp,upload,/function/fit.000024.000030.txt,0.000289,79396744.5
4420,7,gcp,europe-west1,512,MB,europe-west1,gcp,upload,/function/fit.000025.000026.txt,0.00029,60139478.5
4421,7,gcp,europe-west1,512,MB,europe-west1,gcp,upload,/function/fit.000025.000027.txt,0.000282,49813505.5
4422,7,gcp,europe-west1,512,MB,europe-west1,gcp,upload,/function/fit.000026.000027.txt,0.000283,53569862.5
4423,7,gcp,europe-west1,512,MB,europe-west1,gcp,upload,/function/fit.000026.000028.txt,0.00029,61955925.0
4424,7,gcp,europe-west1,512,MB,europe-west1,gcp,upload,/function/fit.000027.000028.txt,0.000278,82035845.5
4425,7,gcp,europe-west1,512,MB,europe-west1,gcp,upload,/function/fit.000029.000030.txt,0.000283,51301227.0
4426,8,gcp,europe-west1,512,MB,europe-west1,gcp,download,/function/diffs.tbl,0.016167,305214404.0
4427,8,gcp,europe-west1,512,MB,europe-west1,gcp,download,/function/mStatFile,0.039792,100816817.5
4428,8,gcp,europe-west1,512,MB,europe-west1,gcp,upload,/function/statfile.tbl,0.005863,125280140.5
4429,9,gcp,europe-west1,512,MB,europe-west1,gcp,download,/function/fit.000001.000007.txt,0.000287,83891492.0
4430,9,gcp,europe-west1,512,MB,europe-west1,gcp,download,/function/fit.000001.000011.txt,0.00029,77722629.5
4431,9,gcp,europe-west1,512,MB,europe-west1,gcp,download,/function/fit.000001.000012.txt,0.000288,60735156.5
4432,9,gcp,europe-west1,512,MB,europe-west1,gcp,download,/function/fit.000001.000020.txt,0.000284,61022113.5
4433,9,gcp,europe-west1,512,MB,europe-west1,gcp,download,/function/fit.000001.000025.txt,0.000286,66978511.0
4434,9,gcp,europe-west1,512,MB,europe-west1,gcp,download,/function/fit.000001.000026.txt,0.000287,62788870.0
4435,9,gcp,europe-west1,512,MB,europe-west1,gcp,download,/function/fit.000001.000028.txt,0.000286,63065422.0
4436,9,gcp,europe-west1,512,MB,europe-west1,gcp,download,/function/fit.000002.000006.txt,0.000282,56013579.5
4437,9,gcp,europe-west1,512,MB,europe-west1,gcp,download,/function/fit.000002.000009.txt,0.000285,65130230.5
4438,9,gcp,europe-west1,512,MB,europe-west1,gcp,download,/function/fit.000002.000015.txt,0.000288,66867217.5
4439,9,gcp,europe-west1,512,MB,europe-west1,gcp,download,/function/fit.000002.000016.txt,0.000278,64951079.0
4440,9,gcp,europe-west1,512,MB,europe-west1,gcp,download,/function/fit.000002.000019.txt,0.000281,62137151.0
4441,9,gcp,europe-west1,512,MB,europe-west1,gcp,download,/function/fit.000002.000020.txt,0.000286,62476556.5
4442,9,gcp,europe-west1,512,MB,europe-west1,gcp,download,/function/fit.000002.000023.txt,0.00028,62244045.5
4443,9,gcp,europe-west1,512,MB,europe-west1,gcp,download,/function/fit.000002.000025.txt,0.000281,58770541.0
4444,9,gcp,europe-west1,512,MB,europe-west1,gcp,download,/function/fit.000002.000026.txt,0.000286,66954564.5
4445,9,gcp,europe-west1,512,MB,europe-west1,gcp,download,/function/fit.000002.000027.txt,0.000286,64916673.5
4446,9,gcp,europe-west1,512,MB,europe-west1,gcp,download,/function/fit.000002.000028.txt,0.000283,65523498.5
4447,9,gcp,europe-west1,512,MB,europe-west1,gcp,download,/function/fit.000003.000005.txt,0.000288,65787666.0
4448,9,gcp,europe-west1,512,MB,europe-west1,gcp,download,/function/fit.000003.000006.txt,0.000279,62771940.0
4449,9,gcp,europe-west1,512,MB,europe-west1,gcp,download,/function/fit.000003.000016.txt,0.000279,64677441.0
4450,9,gcp,europe-west1,512,MB,europe-west1,gcp,download,/function/fit.000003.000019.txt,0.000282,66035557.0
4451,9,gcp,europe-west1,512,MB,europe-west1,gcp,download,/function/fit.000003.000023.txt,0.000281,65132092.0
4452,9,gcp,europe-west1,512,MB,europe-west1,gcp,download,/function/fit.000003.000024.txt,0.00029,73446411.0
4453,9,gcp,europe-west1,512,MB,europe-west1,gcp,download,/function/fit.000003.000029.txt,0.000284,71808097.0
4454,9,gcp,europe-west1,512,MB,europe-west1,gcp,download,/function/fit.000004.000008.txt,0.00029,56056239.0
4455,9,gcp,europe-west1,512,MB,europe-west1,gcp,download,/function/fit.000004.000010.txt,0.000285,64916525.5
4456,9,gcp,europe-west1,512,MB,europe-west1,gcp,download,/function/fit.000004.000014.txt,0.000288,60192211.0
4457,9,gcp,europe-west1,512,MB,europe-west1,gcp,download,/function/fit.000004.000015.txt,0.000288,63756614.5
4458,9,gcp,europe-west1,512,MB,europe-west1,gcp,download,/function/fit.000004.000016.txt,0.000278,89294102.5
4459,9,gcp,europe-west1,512,MB,europe-west1,gcp,download,/function/fit.000004.000017.txt,0.000291,73952193.5
4460,9,gcp,europe-west1,512,MB,europe-west1,gcp,download,/function/fit.000004.000019.txt,0.00028,77067076.0
4461,9,gcp,europe-west1,512,MB,europe-west1,gcp,download,/function/fit.000004.000020.txt,0.000283,66703115.5
4462,9,gcp,europe-west1,512,MB,europe-west1,gcp,download,/function/fit.000004.000021.txt,0.000286,62941696.5
4463,9,gcp,europe-west1,512,MB,europe-west1,gcp,download,/function/fit.000004.000025.txt,0.000285,58862897.5
4464,9,gcp,europe-west1,512,MB,europe-west1,gcp,download,/function/fit.000004.000027.txt,0.000287,71596873.0
4465,9,gcp,europe-west1,512,MB,europe-west1,gcp,download,/function/fit.000005.000006.txt,0.000282,67300152.0
4466,9,gcp,europe-west1,512,MB,europe-west1,gcp,download,/function/fit.000005.000016.txt,0.00028,60446020.0
4467,9,gcp,europe-west1,512,MB,europe-west1,gcp,download,/function/fit.000005.000019.txt,0.000283,66019627.0
4468,9,gcp,europe-west1,512,MB,europe-west1,gcp,download,/function/fit.000005.000023.txt,0.000282,76579085.5
4469,9,gcp,europe-west1,512,MB,europe-west1,gcp,download,/function/fit.000005.000024.txt,0.000282,63414394.5
4470,9,gcp,europe-west1,512,MB,europe-west1,gcp,download,/function/fit.000005.000029.txt,0.000288,62439870.0
4471,9,gcp,europe-west1,512,MB,europe-west1,gcp,download,/function/fit.000006.000009.txt,0.000281,62089879.5
4472,9,gcp,europe-west1,512,MB,europe-west1,gcp,download,/function/fit.000006.000016.txt,0.000282,66600810.0
4473,9,gcp,europe-west1,512,MB,europe-west1,gcp,download,/function/fit.000006.000019.txt,0.000284,68543767.5
4474,9,gcp,europe-west1,512,MB,europe-west1,gcp,download,/function/fit.000006.000023.txt,0.000286,61236838.5
4475,9,gcp,europe-west1,512,MB,europe-west1,gcp,download,/function/fit.000006.000027.txt,0.000277,64923248.5
4476,9,gcp,europe-west1,512,MB,europe-west1,gcp,download,/function/fit.000007.000008.txt,0.000286,63380949.5
4477,9,gcp,europe-west1,512,MB,europe-west1,gcp,download,/function/fit.000007.000011.txt,0.000294,68146208.5
4478,9,gcp,europe-west1,512,MB,europe-west1,gcp,download,/function/fit.000007.000012.txt,0.000291,69670300.5
4479,9,gcp,europe-west1,512,MB,europe-west1,gcp,download,/function/fit.000007.000013.txt,0.000295,60090051.5
4480,9,gcp,europe-west1,512,MB,europe-west1,gcp,download,/function/fit.000007.000020.txt,0.000285,72063811.0
4481,9,gcp,europe-west1,512,MB,europe-west1,gcp,download,/function/fit.000007.000025.txt,0.000285,68711147.5
4482,9,gcp,europe-west1,512,MB,europe-west1,gcp,download,/function/fit.000007.000026.txt,0.000286,62640429.0
4483,9,gcp,europe-west1,512,MB,europe-west1,gcp,download,/function/fit.000007.000028.txt,0.000279,60284960.0
4484,9,gcp,europe-west1,512,MB,europe-west1,gcp,download,/function/fit.000008.000012.txt,0.000285,57065795.0
4485,9,gcp,europe-west1,512,MB,europe-west1,gcp,download,/function/fit.000008.000013.txt,0.000288,56757302.5
4486,9,gcp,europe-west1,512,MB,europe-west1,gcp,download,/function/fit.000008.000014.txt,0.000294,69139196.5
4487,9,gcp,europe-west1,512,MB,europe-west1,gcp,download,/function/fit.000008.000015.txt,0.000291,73762985.5
4488,9,gcp,europe-west1,512,MB,europe-west1,gcp,download,/function/fit.000008.000017.txt,0.000289,59032875.0
4489,9,gcp,europe-west1,512,MB,europe-west1,gcp,download,/function/fit.000008.000020.txt,0.000292,64849023.0
4490,9,gcp,europe-west1,512,MB,europe-west1,gcp,download,/function/fit.000008.000022.txt,0.000291,69917754.5
4491,9,gcp,europe-west1,512,MB,europe-west1,gcp,download,/function/fit.000008.000025.txt,0.000292,61394158.0
4492,9,gcp,europe-west1,512,MB,europe-west1,gcp,download,/function/fit.000008.000027.txt,0.000285,68790283.5
4493,9,gcp,europe-west1,512,MB,europe-west1,gcp,download,/function/fit.000009.000016.txt,0.000275,71549831.0
4494,9,gcp,europe-west1,512,MB,europe-west1,gcp,download,/function/fit.000009.000019.txt,0.000278,64156712.5
4495,9,gcp,europe-west1,512,MB,europe-west1,gcp,download,/function/fit.000009.000020.txt,0.000277,68995137.0
4496,9,gcp,europe-west1,512,MB,europe-west1,gcp,download,/function/fit.000009.000023.txt,0.000284,65791453.0
4497,9,gcp,europe-west1,512,MB,europe-west1,gcp,download,/function/fit.000009.000026.txt,0.000285,61971864.5
4498,9,gcp,europe-west1,512,MB,europe-west1,gcp,download,/function/fit.000009.000027.txt,0.000285,59241805.0
4499,9,gcp,europe-west1,512,MB,europe-west1,gcp,download,/function/fit.000009.000028.txt,0.000288,78136165.5
4500,9,gcp,europe-west1,512,MB,europe-west1,gcp,download,/function/fit.000010.000015.txt,0.000284,63503673.0
4501,9,gcp,europe-west1,512,MB,europe-west1,gcp,download,/function/fit.000010.000016.txt,0.000285,58556733.5
4502,9,gcp,europe-west1,512,MB,europe-west1,gcp,download,/function/fit.000010.000017.txt,0.000287,60721596.0
4503,9,gcp,europe-west1,512,MB,europe-west1,gcp,download,/function/fit.000010.000018.txt,0.000287,57933042.0
4504,9,gcp,europe-west1,512,MB,europe-west1,gcp,download,/function/fit.000010.000019.txt,0.000281,68858499.0
4505,9,gcp,europe-west1,512,MB,europe-west1,gcp,download,/function/fit.000010.000021.txt,0.000288,63195360.0
4506,9,gcp,europe-west1,512,MB,europe-west1,gcp,download,/function/fit.000010.000024.txt,0.000288,58986234.0
4507,9,gcp,europe-west1,512,MB,europe-west1,gcp,download,/function/fit.000010.000027.txt,0.000279,58875063.0
4508,9,gcp,europe-west1,512,MB,europe-west1,gcp,download,/function/fit.000010.000029.txt,0.000283,60078350.5
4509,9,gcp,europe-west1,512,MB,europe-west1,gcp,download,/function/fit.000010.000030.txt,0.000286,58851961.0
4510,9,gcp,europe-west1,512,MB,europe-west1,gcp,download,/function/fit.000011.000020.txt,0.000283,63439039.0
4511,9,gcp,europe-west1,512,MB,europe-west1,gcp,download,/function/fit.000011.000026.txt,0.000282,62144369.0
4512,9,gcp,europe-west1,512,MB,europe-west1,gcp,download,/function/fit.000011.000028.txt,0.000288,58581741.5
4513,9,gcp,europe-west1,512,MB,europe-west1,gcp,download,/function/fit.000012.000013.txt,0.000291,76888887.5
4514,9,gcp,europe-west1,512,MB,europe-west1,gcp,download,/function/fit.000012.000014.txt,0.000287,72503912.0
4515,9,gcp,europe-west1,512,MB,europe-west1,gcp,download,/function/fit.000012.000020.txt,0.000286,67007372.5
4516,9,gcp,europe-west1,512,MB,europe-west1,gcp,download,/function/fit.000012.000022.txt,0.000292,61921221.0
4517,9,gcp,europe-west1,512,MB,europe-west1,gcp,download,/function/fit.000012.000025.txt,0.000289,60437680.5
4518,9,gcp,europe-west1,512,MB,europe-west1,gcp,download,/function/fit.000012.000026.txt,0.000284,68220857.5
4519,9,gcp,europe-west1,512,MB,europe-west1,gcp,download,/function/fit.000013.000014.txt,0.000289,64286683.5
4520,9,gcp,europe-west1,512,MB,europe-west1,gcp,download,/function/fit.000013.000020.txt,0.000285,67778233.5
4521,9,gcp,europe-west1,512,MB,europe-west1,gcp,download,/function/fit.000013.000022.txt,0.000295,65979900.5
4522,9,gcp,europe-west1,512,MB,europe-west1,gcp,download,/function/fit.000013.000025.txt,0.00029,62295276.0
4523,9,gcp,europe-west1,512,MB,europe-west1,gcp,download,/function/fit.000014.000015.txt,0.000283,61791119.5
4524,9,gcp,europe-west1,512,MB,europe-west1,gcp,download,/function/fit.000014.000017.txt,0.000295,276046731.0
4525,9,gcp,europe-west1,512,MB,europe-west1,gcp,download,/function/fit.000014.000022.txt,0.000293,66721979.0
4526,9,gcp,europe-west1,512,MB,europe-west1,gcp,download,/function/fit.000014.000025.txt,0.000292,73479466.5
4527,9,gcp,europe-west1,512,MB,europe-west1,gcp,download,/function/fit.000015.000016.txt,0.000284,58956305.5
4528,9,gcp,europe-west1,512,MB,europe-west1,gcp,download,/function/fit.000015.000017.txt,0.00029,52877523.5
4529,9,gcp,europe-west1,512,MB,europe-west1,gcp,download,/function/fit.000015.000019.txt,0.000285,66325032.0
4530,9,gcp,europe-west1,512,MB,europe-west1,gcp,download,/function/fit.000015.000020.txt,0.000285,55313342.5
4531,9,gcp,europe-west1,512,MB,europe-west1,gcp,download,/function/fit.000015.000021.txt,0.000283,66500619.5
4532,9,gcp,europe-west1,512,MB,europe-west1,gcp,download,/function/fit.000015.000025.txt,0.000287,67999920.0
4533,9,gcp,europe-west1,512,MB,europe-west1,gcp,download,/function/fit.000015.000026.txt,0.000283,62703222.0
4534,9,gcp,europe-west1,512,MB,europe-west1,gcp,download,/function/fit.000015.000027.txt,0.000289,73224768.0
4535,9,gcp,europe-west1,512,MB,europe-west1,gcp,download,/function/fit.000016.000019.txt,0.000283,58579816.0
4536,9,gcp,europe-west1,512,MB,europe-west1,gcp,download,/function/fit.000016.000021.txt,0.000282,60046743.5
4537,9,gcp,europe-west1,512,MB,europe-west1,gcp,download,/function/fit.000016.000023.txt,0.000282,79694724.5
4538,9,gcp,europe-west1,512,MB,europe-west1,gcp,download,/function/fit.000016.000024.txt,0.000279,67712975.0
4539,9,gcp,europe-west1,512,MB,europe-west1,gcp,download,/function/fit.000016.000027.txt,0.000279,59274601.5
4540,9,gcp,europe-west1,512,MB,europe-west1,gcp,download,/function/fit.000016.000029.txt,0.000282,53699357.5
4541,9,gcp,europe-west1,512,MB,europe-west1,gcp,download,/function/fit.000017.000021.txt,0.000288,69640792.5
4542,9,gcp,europe-west1,512,MB,europe-west1,gcp,download,/function/fit.000017.000025.txt,0.000287,63363698.5
4543,9,gcp,europe-west1,512,MB,europe-west1,gcp,download,/function/fit.000018.000021.txt,0.000288,64995070.0
4544,9,gcp,europe-west1,512,MB,europe-west1,gcp,download,/function/fit.000018.000024.txt,0.000286,65132792.5
4545,9,gcp,europe-west1,512,MB,europe-west1,gcp,download,/function/fit.000018.000029.txt,0.000288,59889673.5
4546,9,gcp,europe-west1,512,MB,europe-west1,gcp,download,/function/fit.000018.000030.txt,0.000294,62574452.5
4547,9,gcp,europe-west1,512,MB,europe-west1,gcp,download,/function/fit.000019.000021.txt,0.000288,62979765.0
4548,9,gcp,europe-west1,512,MB,europe-west1,gcp,download,/function/fit.000019.000023.txt,0.000287,75148938.0
4549,9,gcp,europe-west1,512,MB,europe-west1,gcp,download,/function/fit.000019.000024.txt,0.000281,58995908.0
4550,9,gcp,europe-west1,512,MB,europe-west1,gcp,download,/function/fit.000019.000027.txt,0.000279,74841361.5
4551,9,gcp,europe-west1,512,MB,europe-west1,gcp,download,/function/fit.000019.000029.txt,0.000283,72248379.0
4552,9,gcp,europe-west1,512,MB,europe-west1,gcp,download,/function/fit.000020.000025.txt,0.000289,71407411.5
4553,9,gcp,europe-west1,512,MB,europe-west1,gcp,download,/function/fit.000020.000026.txt,0.000286,62542077.5
4554,9,gcp,europe-west1,512,MB,europe-west1,gcp,download,/function/fit.000020.000027.txt,0.000286,57657028.0
4555,9,gcp,europe-west1,512,MB,europe-west1,gcp,download,/function/fit.000020.000028.txt,0.000289,71236479.5
4556,9,gcp,europe-west1,512,MB,europe-west1,gcp,download,/function/fit.000021.000024.txt,0.000285,65316221.0
4557,9,gcp,europe-west1,512,MB,europe-west1,gcp,download,/function/fit.000021.000027.txt,0.000277,71133688.5
4558,9,gcp,europe-west1,512,MB,europe-west1,gcp,download,/function/fit.000021.000029.txt,0.000281,70894908.5
4559,9,gcp,europe-west1,512,MB,europe-west1,gcp,download,/function/fit.000021.000030.txt,0.000284,61317858.0
4560,9,gcp,europe-west1,512,MB,europe-west1,gcp,download,/function/fit.000022.000025.txt,0.000286,63074042.5
4561,9,gcp,europe-west1,512,MB,europe-west1,gcp,download,/function/fit.000023.000027.txt,0.00028,62371088.0
4562,9,gcp,europe-west1,512,MB,europe-west1,gcp,download,/function/fit.000024.000029.txt,0.00029,55772216.0
4563,9,gcp,europe-west1,512,MB,europe-west1,gcp,download,/function/fit.000024.000030.txt,0.000289,60744313.5
4564,9,gcp,europe-west1,512,MB,europe-west1,gcp,download,/function/fit.000025.000026.txt,0.00029,53311131.5
4565,9,gcp,europe-west1,512,MB,europe-west1,gcp,download,/function/fit.000025.000027.txt,0.000282,61194889.0
4566,9,gcp,europe-west1,512,MB,europe-west1,gcp,download,/function/fit.000026.000027.txt,0.000283,58668397.5
4567,9,gcp,europe-west1,512,MB,europe-west1,gcp,download,/function/fit.000026.000028.txt,0.00029,47942281.5
4568,9,gcp,europe-west1,512,MB,europe-west1,gcp,download,/function/fit.000027.000028.txt,0.000278,56099391.0
4569,9,gcp,europe-west1,512,MB,europe-west1,gcp,download,/function/fit.000029.000030.txt,0.000283,76582133.5
4570,9,gcp,europe-west1,512,MB,europe-west1,gcp,download,/function/mConcatFit,0.048384,67126713.0
4571,9,gcp,europe-west1,512,MB,europe-west1,gcp,download,/function/statfile.tbl,0.005863,49204033.5
4572,9,gcp,europe-west1,512,MB,europe-west1,gcp,upload,/function/fits.tbl,0.029537,300600680.0
4573,10,gcp,europe-west1,768,MB,europe-west1,gcp,download,/function/fits.tbl,0.029537,54780460.0
4574,10,gcp,europe-west1,768,MB,europe-west1,gcp,download,/function/mBgModel,0.078616,169891127.0
4575,10,gcp,europe-west1,768,MB,europe-west1,gcp,download,/function/pimages.tbl,0.00511,80099277.0
4576,10,gcp,europe-west1,768,MB,europe-west1,gcp,upload,/function/corrections.tbl,0.001706,117786911.0
4577,11,gcp,europe-west1,768,MB,europe-west1,gcp,download,/function/pimages.tbl,0.00511,149515330.5
4578,11,gcp,europe-west1,768,MB,europe-west1,gcp,upload,/function/modpimages.tbl,0.00575,86559707.0
4579,13,gcp,europe-west1,768,MB,europe-west1,gcp,download,/function/corrections.tbl,0.001706,52525652.0
4580,13,gcp,europe-west1,768,MB,europe-west1,gcp,download,/function/mBackground,5.373736,197419781.5
4581,13,gcp,europe-west1,768,MB,europe-west1,gcp,download,/function/modpimages.tbl,0.00575,50346871.0
4582,13,gcp,europe-west1,768,MB,europe-west1,gcp,download,/function/p2mass-atlas-001020s-k0860033.fits,4.14432,172284666.0
4583,13,gcp,europe-west1,768,MB,europe-west1,gcp,download,/function/p2mass-atlas-001020s-k0860033_area.fits,4.14432,150744398.5
4584,13,gcp,europe-west1,768,MB,europe-west1,gcp,download,/function/p2mass-atlas-001020s-k0860044.fits,4.14432,193170321.0
4585,13,gcp,europe-west1,768,MB,europe-west1,gcp,download,/function/p2mass-atlas-001020s-k0860044_area.fits,4.14432,367709340.0
4586,13,gcp,europe-west1,768,MB,europe-west1,gcp,download,/function/p2mass-atlas-001020s-k0860056.fits,4.14432,258517116.0
4587,13,gcp,europe-west1,768,MB,europe-west1,gcp,download,/function/p2mass-atlas-001020s-k0860056_area.fits,4.14432,170978173.0
4588,13,gcp,europe-west1,768,MB,europe-west1,gcp,download,/function/p2mass-atlas-001020s-k0870221.fits,4.13568,236446583.5
4589,13,gcp,europe-west1,768,MB,europe-west1,gcp,download,/function/p2mass-atlas-001020s-k0870221_area.fits,4.13568,168271587.5
4590,13,gcp,europe-west1,768,MB,europe-west1,gcp,download,/function/p2mass-atlas-001020s-k0870233.fits,4.13568,428395887.5
4591,13,gcp,europe-west1,768,MB,europe-west1,gcp,download,/function/p2mass-atlas-001020s-k0870233_area.fits,4.13568,163602862.0
4592,13,gcp,europe-west1,768,MB,europe-west1,gcp,download,/function/p2mass-atlas-001020s-k0870245.fits,4.13568,168675351.5
4593,13,gcp,europe-west1,768,MB,europe-west1,gcp,download,/function/p2mass-atlas-001020s-k0870245_area.fits,4.13568,185516307.0
4594,13,gcp,europe-west1,768,MB,europe-west1,gcp,download,/function/p2mass-atlas-001021s-k0490221.fits,4.13568,188892792.5
4595,13,gcp,europe-west1,768,MB,europe-west1,gcp,download,/function/p2mass-atlas-001021s-k0490221_area.fits,4.13568,191231507.0
4596,13,gcp,europe-west1,768,MB,europe-west1,gcp,download,/function/p2mass-atlas-001021s-k0490233.fits,4.13568,162537848.5
4597,13,gcp,europe-west1,768,MB,europe-west1,gcp,download,/function/p2mass-atlas-001021s-k0490233_area.fits,4.13568,472618268.5
4598,13,gcp,europe-west1,768,MB,europe-west1,gcp,download,/function/p2mass-atlas-001021s-k0490245.fits,4.14432,197815739.0
4599,13,gcp,europe-west1,768,MB,europe-west1,gcp,download,/function/p2mass-atlas-001021s-k0490245_area.fits,4.14432,737098883.0
4600,13,gcp,europe-west1,768,MB,europe-west1,gcp,download,/function/p2mass-atlas-001021s-k0560033.fits,4.15296,857443462.5
4601,13,gcp,europe-west1,768,MB,europe-west1,gcp,download,/function/p2mass-atlas-001021s-k0560033_area.fits,4.15296,186682003.0
4602,13,gcp,europe-west1,768,MB,europe-west1,gcp,download,/function/p2mass-atlas-001021s-k0560044.fits,4.14432,139408579.0
4603,13,gcp,europe-west1,768,MB,europe-west1,gcp,download,/function/p2mass-atlas-001021s-k0560044_area.fits,4.14432,171992424.5
4604,13,gcp,europe-west1,768,MB,europe-west1,gcp,download,/function/p2mass-atlas-001021s-k0560056.fits,4.13568,227449617.5
4605,13,gcp,europe-west1,768,MB,europe-west1,gcp,download,/function/p2mass-atlas-001021s-k0560056_area.fits,4.13568,153635074.0
4606,13,gcp,europe-west1,768,MB,europe-west1,gcp,download,/function/p2mass-atlas-001021s-k0570221.fits,4.14432,229479583.5
4607,13,gcp,europe-west1,768,MB,europe-west1,gcp,download,/function/p2mass-atlas-001021s-k0570221_area.fits,4.14432,199027742.5
4608,13,gcp,europe-west1,768,MB,europe-west1,gcp,download,/function/p2mass-atlas-001021s-k0570233.fits,4.13568,231660809.5
4609,13,gcp,europe-west1,768,MB,europe-west1,gcp,download,/function/p2mass-atlas-001021s-k0570233_area.fits,4.13568,151180174.5
4610,13,gcp,europe-west1,768,MB,europe-west1,gcp,download,/function/p2mass-atlas-001021s-k0570245.fits,4.14432,236563459.5
4611,13,gcp,europe-west1,768,MB,europe-west1,gcp,download,/function/p2mass-atlas-001021s-k0570245_area.fits,4.14432,155396917.0
4612,13,gcp,europe-west1,768,MB,europe-west1,gcp,download,/function/p2mass-atlas-980914s-k0800033.fits,4.14432,187269933.5
4613,13,gcp,europe-west1,768,MB,europe-west1,gcp,download,/function/p2mass-atlas-980914s-k0800033_area.fits,4.14432,139484239.5
4614,13,gcp,europe-west1,768,MB,europe-west1,gcp,download,/function/p2mass-atlas-980914s-k0800044.fits,4.14432,150409244.0
4615,13,gcp,europe-west1,768,MB,europe-west1,gcp,download,/function/p2mass-atlas-980914s-k0800044_area.fits,4.14432,156267171.5
4616,13,gcp,europe-west1,768,MB,europe-west1,gcp,download,/function/p2mass-atlas-980914s-k0800056.fits,4.14432,184969894.5
4617,13,gcp,europe-west1,768,MB,europe-west1,gcp,download,/function/p2mass-atlas-980914s-k0800056_area.fits,4.14432,164010354.5
4618,13,gcp,europe-west1,768,MB,europe-west1,gcp,download,/function/p2mass-atlas-980914s-k0810221.fits,4.14432,153868736.5
4619,13,gcp,europe-west1,768,MB,europe-west1,gcp,download,/function/p2mass-atlas-980914s-k0810221_area.fits,4.14432,181650606.0
4620,13,gcp,europe-west1,768,MB,europe-west1,gcp,download,/function/p2mass-atlas-980914s-k0810233.fits,4.14432,162689228.5
4621,13,gcp,europe-west1,768,MB,europe-west1,gcp,download,/function/p2mass-atlas-980914s-k0810233_area.fits,4.14432,173354653.0
4622,13,gcp,europe-west1,768,MB,europe-west1,gcp,download,/function/p2mass-atlas-980914s-k0810245.fits,4.14432,160654766.0
4623,13,gcp,europe-west1,768,MB,europe-west1,gcp,download,/function/p2mass-atlas-980914s-k0810245_area.fits,4.14432,188882623.0
4624,13,gcp,europe-west1,768,MB,europe-west1,gcp,download,/function/p2mass-atlas-980914s-k0820033.fits,4.14432,207851626.5
4625,13,gcp,europe-west1,768,MB,europe-west1,gcp,download,/function/p2mass-atlas-980914s-k0820033_area.fits,4.14432,201201085.5
4626,13,gcp,europe-west1,768,MB,europe-west1,gcp,download,/function/p2mass-atlas-980914s-k0820044.fits,4.14432,179003433.5
4627,13,gcp,europe-west1,768,MB,europe-west1,gcp,download,/function/p2mass-atlas-980914s-k0820044_area.fits,4.14432,137306548.5
4628,13,gcp,europe-west1,768,MB,europe-west1,gcp,download,/function/p2mass-atlas-980914s-k0820056.fits,4.13568,204086737.0
4629,13,gcp,europe-west1,768,MB,europe-west1,gcp,download,/function/p2mass-atlas-980914s-k0820056_area.fits,4.13568,140625670.0
4630,13,gcp,europe-west1,768,MB,europe-west1,gcp,download,/function/p2mass-atlas-980914s-k0830221.fits,4.14432,178329286.0
4631,13,gcp,europe-west1,768,MB,europe-west1,gcp,download,/function/p2mass-atlas-980914s-k0830221_area.fits,4.14432,147466994.5
4632,13,gcp,europe-west1,768,MB,europe-west1,gcp,download,/function/p2mass-atlas-980914s-k0830233.fits,4.14432,228243790.0
4633,13,gcp,europe-west1,768,MB,europe-west1,gcp,download,/function/p2mass-atlas-980914s-k0830233_area.fits,4.14432,135544055.5
4634,13,gcp,europe-west1,768,MB,europe-west1,gcp,download,/function/p2mass-atlas-980914s-k0830245.fits,4.14432,165365098.5
4635,13,gcp,europe-west1,768,MB,europe-west1,gcp,download,/function/p2mass-atlas-980914s-k0830245_area.fits,4.14432,123272999.0
4636,13,gcp,europe-west1,768,MB,europe-west1,gcp,download,/function/p2mass-atlas-980914s-k0840033.fits,4.14432,212942795.0
4637,13,gcp,europe-west1,768,MB,europe-west1,gcp,download,/function/p2mass-atlas-980914s-k0840033_area.fits,4.14432,171078923.0
4638,13,gcp,europe-west1,768,MB,europe-west1,gcp,download,/function/p2mass-atlas-980914s-k0840044.fits,4.14432,226256376.5
4639,13,gcp,europe-west1,768,MB,europe-west1,gcp,download,/function/p2mass-atlas-980914s-k0840044_area.fits,4.14432,184091466.5
4640,13,gcp,europe-west1,768,MB,europe-west1,gcp,download,/function/p2mass-atlas-980914s-k0840056.fits,4.14432,195840621.5
4641,13,gcp,europe-west1,768,MB,europe-west1,gcp,download,/function/p2mass-atlas-980914s-k0840056_area.fits,4.14432,213053207.0
4642,13,gcp,europe-west1,768,MB,europe-west1,gcp,upload,/function/corrected/p2mass-atlas-001020s-k0860033_corrected.fits,4.14432,1265573388.5
4643,13,gcp,europe-west1,768,MB,europe-west1,gcp,upload,/function/corrected/p2mass-atlas-001020s-k0860033_corrected_area.fits,4.14432,277762475.5
4644,13,gcp,europe-west1,768,MB,europe-west1,gcp,upload,/function/corrected/p2mass-atlas-001020s-k0860044_corrected.fits,4.14432,1460423106.0
4645,13,gcp,europe-west1,768,MB,europe-west1,gcp,upload,/function/corrected/p2mass-atlas-001020s-k0860044_corrected_area.fits,4.14432,189916078.5
4646,13,gcp,europe-west1,768,MB,europe-west1,gcp,upload,/function/corrected/p2mass-atlas-001020s-k0860056_corrected.fits,4.14432,1817010039.5
4647,13,gcp,europe-west1,768,MB,europe-west1,gcp,upload,/function/corrected/p2mass-atlas-001020s-k0860056_corrected_area.fits,4.14432,153542024.5
4648,13,gcp,europe-west1,768,MB,europe-west1,gcp,upload,/function/corrected/p2mass-atlas-001020s-k0870221_corrected.fits,4.13568,1730141194.0
4649,13,gcp,europe-west1,768,MB,europe-west1,gcp,upload,/function/corrected/p2mass-atlas-001020s-k0870221_corrected_area.fits,4.13568,242064625.5
4650,13,gcp,europe-west1,768,MB,europe-west1,gcp,upload,/function/corrected/p2mass-atlas-001020s-k0870233_corrected.fits,4.13568,1827733964.0
4651,13,gcp,europe-west1,768,MB,europe-west1,gcp,upload,/function/corrected/p2mass-atlas-001020s-k0870233_corrected_area.fits,4.13568,282469347.0
4652,13,gcp,europe-west1,768,MB,europe-west1,gcp,upload,/function/corrected/p2mass-atlas-001020s-k0870245_corrected.fits,4.13568,1330827989.5
4653,13,gcp,europe-west1,768,MB,europe-west1,gcp,upload,/function/corrected/p2mass-atlas-001020s-k0870245_corrected_area.fits,4.13568,245358067.0
4654,13,gcp,europe-west1,768,MB,europe-west1,gcp,upload,/function/corrected/p2mass-atlas-001021s-k0490221_corrected.fits,4.13568,1703026280.5
4655,13,gcp,europe-west1,768,MB,europe-west1,gcp,upload,/function/corrected/p2mass-atlas-001021s-k0490221_corrected_area.fits,4.13568,246141790.0
4656,13,gcp,europe-west1,768,MB,europe-west1,gcp,upload,/function/corrected/p2mass-atlas-001021s-k0490233_corrected.fits,4.13568,1439121444.0
4657,13,gcp,europe-west1,768,MB,europe-west1,gcp,upload,/function/corrected/p2mass-atlas-001021s-k0490233_corrected_area.fits,4.13568,271780100.0
4658,13,gcp,europe-west1,768,MB,europe-west1,gcp,upload,/function/corrected/p2mass-atlas-001021s-k0490245_corrected.fits,4.14432,1644342275.0
4659,13,gcp,europe-west1,768,MB,europe-west1,gcp,upload,/function/corrected/p2mass-atlas-001021s-k0490245_corrected_area.fits,4.14432,294968576.0
4660,13,gcp,europe-west1,768,MB,europe-west1,gcp,upload,/function/corrected/p2mass-atlas-001021s-k0560033_corrected.fits,4.15296,1235191550.0
4661,13,gcp,europe-west1,768,MB,europe-west1,gcp,upload,/function/corrected/p2mass-atlas-001021s-k0560033_corrected_area.fits,4.15296,373467041.0
4662,13,gcp,europe-west1,768,MB,europe-west1,gcp,upload,/function/corrected/p2mass-atlas-001021s-k0560044_corrected.fits,4.14432,1358412288.0
4663,13,gcp,europe-west1,768,MB,europe-west1,gcp,upload,/function/corrected/p2mass-atlas-001021s-k0560044_corrected_area.fits,4.14432,284319855.5
4664,13,gcp,europe-west1,768,MB,europe-west1,gcp,upload,/function/corrected/p2mass-atlas-001021s-k0560056_corrected.fits,4.13568,1408343267.0
4665,13,gcp,europe-west1,768,MB,europe-west1,gcp,upload,/function/corrected/p2mass-atlas-001021s-k0560056_corrected_area.fits,4.13568,306475656.5
4666,13,gcp,europe-west1,768,MB,europe-west1,gcp,upload,/function/corrected/p2mass-atlas-001021s-k0570221_corrected.fits,4.14432,1679329155.5
4667,13,gcp,europe-west1,768,MB,europe-west1,gcp,upload,/function/corrected/p2mass-atlas-001021s-k0570221_corrected_area.fits,4.14432,287229219.5
4668,13,gcp,europe-west1,768,MB,europe-west1,gcp,upload,/function/corrected/p2mass-atlas-001021s-k0570233_corrected.fits,4.13568,1564892691.0
4669,13,gcp,europe-west1,768,MB,europe-west1,gcp,upload,/function/corrected/p2mass-atlas-001021s-k0570233_corrected_area.fits,4.13568,302564526.0
4670,13,gcp,europe-west1,768,MB,europe-west1,gcp,upload,/function/corrected/p2mass-atlas-001021s-k0570245_corrected.fits,4.14432,1458785535.0
4671,13,gcp,europe-west1,768,MB,europe-west1,gcp,upload,/function/corrected/p2mass-atlas-001021s-k0570245_corrected_area.fits,4.14432,303503558.0
4672,13,gcp,europe-west1,768,MB,europe-west1,gcp,upload,/function/corrected/p2mass-atlas-980914s-k0800033_corrected.fits,4.14432,1406154067.0
4673,13,gcp,europe-west1,768,MB,europe-west1,gcp,upload,/function/corrected/p2mass-atlas-980914s-k0800033_corrected_area.fits,4.14432,237177203.5
4674,13,gcp,europe-west1,768,MB,europe-west1,gcp,upload,/function/corrected/p2mass-atlas-980914s-k0800044_corrected.fits,4.14432,1337288800.5
4675,13,gcp,europe-west1,768,MB,europe-west1,gcp,upload,/function/corrected/p2mass-atlas-980914s-k0800044_corrected_area.fits,4.14432,214214719.0
4676,13,gcp,europe-west1,768,MB,europe-west1,gcp,upload,/function/corrected/p2mass-atlas-980914s-k0800056_corrected.fits,4.14432,1134279858.5
4677,13,gcp,europe-west1,768,MB,europe-west1,gcp,upload,/function/corrected/p2mass-atlas-980914s-k0800056_corrected_area.fits,4.14432,235059238.5
4678,13,gcp,europe-west1,768,MB,europe-west1,gcp,upload,/function/corrected/p2mass-atlas-980914s-k0810221_corrected.fits,4.14432,1335990779.0
4679,13,gcp,europe-west1,768,MB,europe-west1,gcp,upload,/function/corrected/p2mass-atlas-980914s-k0810221_corrected_area.fits,4.14432,211890946.0
4680,13,gcp,europe-west1,768,MB,europe-west1,gcp,upload,/function/corrected/p2mass-atlas-980914s-k0810233_corrected.fits,4.14432,1551375492.5
4681,13,gcp,europe-west1,768,MB,europe-west1,gcp,upload,/function/corrected/p2mass-atlas-980914s-k0810233_corrected_area.fits,4.14432,218845800.5
4682,13,gcp,europe-west1,768,MB,europe-west1,gcp,upload,/function/corrected/p2mass-atlas-980914s-k0810245_corrected.fits,4.14432,1495904910.5
4683,13,gcp,europe-west1,768,MB,europe-west1,gcp,upload,/function/corrected/p2mass-atlas-980914s-k0810245_corrected_area.fits,4.14432,270908509.5
4684,13,gcp,europe-west1,768,MB,europe-west1,gcp,upload,/function/corrected/p2mass-atlas-980914s-k0820033_corrected.fits,4.14432,1847867374.0
4685,13,gcp,europe-west1,768,MB,europe-west1,gcp,upload,/function/corrected/p2mass-atlas-980914s-k0820033_corrected_area.fits,4.14432,231074400.5
4686,13,gcp,europe-west1,768,MB,europe-west1,gcp,upload,/function/corrected/p2mass-atlas-980914s-k0820044_corrected.fits,4.14432,1876565895.0
4687,13,gcp,europe-west1,768,MB,europe-west1,gcp,upload,/function/corrected/p2mass-atlas-980914s-k0820044_corrected_area.fits,4.14432,209424095.5
4688,13,gcp,europe-west1,768,MB,europe-west1,gcp,upload,/function/corrected/p2mass-atlas-980914s-k0820056_corrected.fits,4.13568,1896321357.5
4689,13,gcp,europe-west1,768,MB,europe-west1,gcp,upload,/function/corrected/p2mass-atlas-980914s-k0820056_corrected_area.fits,4.13568,236027181.0
4690,13,gcp,europe-west1,768,MB,europe-west1,gcp,upload,/function/corrected/p2mass-atlas-980914s-k0830221_corrected.fits,4.14432,2231617185.0
4691,13,gcp,europe-west1,768,MB,europe-west1,gcp,upload,/function/corrected/p2mass-atlas-980914s-k0830221_corrected_area.fits,4.14432,250445354.5
4692,13,gcp,europe-west1,768,MB,europe-west1,gcp,upload,/function/corrected/p2mass-atlas-980914s-k0830233_corrected.fits,4.14432,1838441504.5
4693,13,gcp,europe-west1,768,MB,europe-west1,gcp,upload,/function/corrected/p2mass-atlas-980914s-k0830233_corrected_area.fits,4.14432,214718303.0
4694,13,gcp,europe-west1,768,MB,europe-west1,gcp,upload,/function/corrected/p2mass-atlas-980914s-k0830245_corrected.fits,4.14432,1748282261.5
4695,13,gcp,europe-west1,768,MB,europe-west1,gcp,upload,/function/corrected/p2mass-atlas-980914s-k0830245_corrected_area.fits,4.14432,221746539.5
4696,13,gcp,europe-west1,768,MB,europe-west1,gcp,upload,/function/corrected/p2mass-atlas-980914s-k0840033_corrected.fits,4.14432,1678320785.5
4697,13,gcp,europe-west1,768,MB,europe-west1,gcp,upload,/function/corrected/p2mass-atlas-980914s-k0840033_corrected_area.fits,4.14432,262472408.0
4698,13,gcp,europe-west1,768,MB,europe-west1,gcp,upload,/function/corrected/p2mass-atlas-980914s-k0840044_corrected.fits,4.14432,1408917749.5
4699,13,gcp,europe-west1,768,MB,europe-west1,gcp,upload,/function/corrected/p2mass-atlas-980914s-k0840044_corrected_area.fits,4.14432,253415918.0
4700,13,gcp,europe-west1,768,MB,europe-west1,gcp,upload,/function/corrected/p2mass-atlas-980914s-k0840056_corrected.fits,4.14432,1720695371.0
4701,13,gcp,europe-west1,768,MB,europe-west1,gcp,upload,/function/corrected/p2mass-atlas-980914s-k0840056_corrected_area.fits,4.14432,259643233.0
4702,14,gcp,europe-west1,768,MB,europe-west1,gcp,download,/function/cimages.tbl,0.00511,73751897.0
4703,14,gcp,europe-west1,768,MB,europe-west1,gcp,download,/function/corrected/p2mass-atlas-001020s-k0860033_corrected.fits,4.14432,147544146.5
4704,14,gcp,europe-west1,768,MB,europe-west1,gcp,download,/function/corrected/p2mass-atlas-001020s-k0860044_corrected.fits,4.14432,153730139.5
4705,14,gcp,europe-west1,768,MB,europe-west1,gcp,download,/function/corrected/p2mass-atlas-001020s-k0860056_corrected.fits,4.14432,166406145.0
4706,14,gcp,europe-west1,768,MB,europe-west1,gcp,download,/function/corrected/p2mass-atlas-001020s-k0870221_corrected.fits,4.13568,188269046.5
4707,14,gcp,europe-west1,768,MB,europe-west1,gcp,download,/function/corrected/p2mass-atlas-001020s-k0870233_corrected.fits,4.13568,144283055.0
4708,14,gcp,europe-west1,768,MB,europe-west1,gcp,download,/function/corrected/p2mass-atlas-001020s-k0870245_corrected.fits,4.13568,181258857.5
4709,14,gcp,europe-west1,768,MB,europe-west1,gcp,download,/function/corrected/p2mass-atlas-001021s-k0490221_corrected.fits,4.13568,151206518.5
4710,14,gcp,europe-west1,768,MB,europe-west1,gcp,download,/function/corrected/p2mass-atlas-001021s-k0490233_corrected.fits,4.13568,170580288.5
4711,14,gcp,europe-west1,768,MB,europe-west1,gcp,download,/function/corrected/p2mass-atlas-001021s-k0490245_corrected.fits,4.14432,179522484.5
4712,14,gcp,europe-west1,768,MB,europe-west1,gcp,download,/function/corrected/p2mass-atlas-001021s-k0560033_corrected.fits,4.15296,190978591.0
4713,14,gcp,europe-west1,768,MB,europe-west1,gcp,download,/function/corrected/p2mass-atlas-001021s-k0560044_corrected.fits,4.14432,178076841.5
4714,14,gcp,europe-west1,768,MB,europe-west1,gcp,download,/function/corrected/p2mass-atlas-001021s-k0560056_corrected.fits,4.13568,173865431.5
4715,14,gcp,europe-west1,768,MB,europe-west1,gcp,download,/function/corrected/p2mass-atlas-001021s-k0570221_corrected.fits,4.14432,148304993.0
4716,14,gcp,europe-west1,768,MB,europe-west1,gcp,download,/function/corrected/p2mass-atlas-001021s-k0570233_corrected.fits,4.13568,173714371.5
4717,14,gcp,europe-west1,768,MB,europe-west1,gcp,download,/function/corrected/p2mass-atlas-001021s-k0570245_corrected.fits,4.14432,196229463.5
4718,14,gcp,europe-west1,768,MB,europe-west1,gcp,download,/function/corrected/p2mass-atlas-980914s-k0800033_corrected.fits,4.14432,181379540.5
4719,14,gcp,europe-west1,768,MB,europe-west1,gcp,download,/function/corrected/p2mass-atlas-980914s-k0800044_corrected.fits,4.14432,164481425.5
4720,14,gcp,europe-west1,768,MB,europe-west1,gcp,download,/function/corrected/p2mass-atlas-980914s-k0800056_corrected.fits,4.14432,164726230.0
4721,14,gcp,europe-west1,768,MB,europe-west1,gcp,download,/function/corrected/p2mass-atlas-980914s-k0810221_corrected.fits,4.14432,161253419.5
4722,14,gcp,europe-west1,768,MB,europe-west1,gcp,download,/function/corrected/p2mass-atlas-980914s-k0810233_corrected.fits,4.14432,159919325.5
4723,14,gcp,europe-west1,768,MB,europe-west1,gcp,download,/function/corrected/p2mass-atlas-980914s-k0810245_corrected.fits,4.14432,173318957.5
4724,14,gcp,europe-west1,768,MB,europe-west1,gcp,download,/function/corrected/p2mass-atlas-980914s-k0820033_corrected.fits,4.14432,148296885.5
4725,14,gcp,europe-west1,768,MB,europe-west1,gcp,download,/function/corrected/p2mass-atlas-980914s-k0820044_corrected.fits,4.14432,181289895.5
4726,14,gcp,europe-west1,768,MB,europe-west1,gcp,download,/function/corrected/p2mass-atlas-980914s-k0820056_corrected.fits,4.13568,169353910.0
4727,14,gcp,europe-west1,768,MB,europe-west1,gcp,download,/function/corrected/p2mass-atlas-980914s-k0830221_corrected.fits,4.14432,140210385.5
4728,14,gcp,europe-west1,768,MB,europe-west1,gcp,download,/function/corrected/p2mass-atlas-980914s-k0830233_corrected.fits,4.14432,131194393.5
4729,14,gcp,europe-west1,768,MB,europe-west1,gcp,download,/function/corrected/p2mass-atlas-980914s-k0830245_corrected.fits,4.14432,171263131.5
4730,14,gcp,europe-west1,768,MB,europe-west1,gcp,download,/function/corrected/p2mass-atlas-980914s-k0840033_corrected.fits,4.14432,120600873.0
4731,14,gcp,europe-west1,768,MB,europe-west1,gcp,download,/function/corrected/p2mass-atlas-980914s-k0840044_corrected.fits,4.14432,284558177.5
4732,14,gcp,europe-west1,768,MB,europe-west1,gcp,download,/function/corrected/p2mass-atlas-980914s-k0840056_corrected.fits,4.14432,122885145.5
4733,14,gcp,europe-west1,768,MB,europe-west1,gcp,download,/function/mImgtbl,5.496352,160062353.0
4734,14,gcp,europe-west1,768,MB,europe-west1,gcp,upload,/function/cimages.tbl,0.015252,61706715.0
4735,16,gcp,europe-west1,768,MB,europe-west1,gcp,download,/function/mShrink,5.374048,193407141.5
4736,16,gcp,europe-west1,768,MB,europe-west1,gcp,download,/function/mosaic.fits,57.21408,1608385876.5
4737,16,gcp,europe-west1,768,MB,europe-west1,gcp,upload,/function/mosaic_shrinked.fits,25.42176,10139299732.5
4738,17,gcp,europe-west1,768,MB,europe-west1,gcp,download,/function/mViewer,6.537816,419056828.0
4739,17,gcp,europe-west1,768,MB,europe-west1,gcp,download,/function/mosaic_shrinked.fits,25.42176,755184604.5
4740,17,gcp,europe-west1,768,MB,europe-west1,gcp,upload,/function/final.png,2.387093,468459865.5
4741,2,gcp,europe-west1,768,MB,europe-west1,gcp,download,/function/input/2mass-atlas-001020s-k0860033.fits,1.430932,92006248.0
4742,2,gcp,europe-west1,768,MB,europe-west1,gcp,download,/function/input/2mass-atlas-001020s-k0860044.fits,1.431122,100649537.0
4743,2,gcp,europe-west1,768,MB,europe-west1,gcp,download,/function/input/2mass-atlas-001020s-k0860056.fits,1.431548,225932299.5
4744,2,gcp,europe-west1,768,MB,europe-west1,gcp,download,/function/input/2mass-atlas-001020s-k0870221.fits,1.415237,89464912.0
4745,2,gcp,europe-west1,768,MB,europe-west1,gcp,download,/function/input/2mass-atlas-001020s-k0870233.fits,1.417782,115262731.5
4746,2,gcp,europe-west1,768,MB,europe-west1,gcp,download,/function/input/2mass-atlas-001020s-k0870245.fits,1.428497,209361556.0
4747,2,gcp,europe-west1,768,MB,europe-west1,gcp,download,/function/input/2mass-atlas-001021s-k0490221.fits,1.474539,107477138.5
4748,2,gcp,europe-west1,768,MB,europe-west1,gcp,download,/function/input/2mass-atlas-001021s-k0490233.fits,1.473388,82274639.5
4749,2,gcp,europe-west1,768,MB,europe-west1,gcp,download,/function/input/2mass-atlas-001021s-k0490245.fits,1.475153,621318227.5
4750,2,gcp,europe-west1,768,MB,europe-west1,gcp,download,/function/input/2mass-atlas-001021s-k0560033.fits,1.475337,94202924.0
4751,2,gcp,europe-west1,768,MB,europe-west1,gcp,download,/function/input/2mass-atlas-001021s-k0560044.fits,1.475774,100601353.5
4752,2,gcp,europe-west1,768,MB,europe-west1,gcp,download,/function/input/2mass-atlas-001021s-k0560056.fits,1.477972,107715060.5
4753,2,gcp,europe-west1,768,MB,europe-west1,gcp,download,/function/input/2mass-atlas-001021s-k0570221.fits,1.474794,102168412.5
4754,2,gcp,europe-west1,768,MB,europe-west1,gcp,download,/function/input/2mass-atlas-001021s-k0570233.fits,1.472843,99710336.5
4755,2,gcp,europe-west1,768,MB,europe-west1,gcp,download,/function/input/2mass-atlas-001021s-k0570245.fits,1.474299,132507983.0
4756,2,gcp,europe-west1,768,MB,europe-west1,gcp,download,/function/input/2mass-atlas-980914s-k0800033.fits,1.466856,100698100.5
4757,2,gcp,europe-west1,768,MB,europe-west1,gcp,download,/function/input/2mass-atlas-980914s-k0800044.fits,1.46705,138518835.5
4758,2,gcp,europe-west1,768,MB,europe-west1,gcp,download,/function/input/2mass-atlas-980914s-k0800056.fits,1.467462,93180916.0
4759,2,gcp,europe-west1,768,MB,europe-west1,gcp,download,/function/input/2mass-atlas-980914s-k0810221.fits,1.467205,87493066.5
4760,2,gcp,europe-west1,768,MB,europe-west1,gcp,download,/function/input/2mass-atlas-980914s-k0810233.fits,1.468091,92214105.5
4761,2,gcp,europe-west1,768,MB,europe-west1,gcp,download,/function/input/2mass-atlas-980914s-k0810245.fits,1.468524,100203447.0
4762,2,gcp,europe-west1,768,MB,europe-west1,gcp,download,/function/input/2mass-atlas-980914s-k0820033.fits,1.468069,104192029.5
4763,2,gcp,europe-west1,768,MB,europe-west1,gcp,download,/function/input/2mass-atlas-980914s-k0820044.fits,1.465354,109112503.0
4764,2,gcp,europe-west1,768,MB,europe-west1,gcp,download,/function/input/2mass-atlas-980914s-k0820056.fits,1.467195,91289077.5
4765,2,gcp,europe-west1,768,MB,europe-west1,gcp,download,/function/input/2mass-atlas-980914s-k0830221.fits,1.471563,107694359.5
4766,2,gcp,europe-west1,768,MB,europe-west1,gcp,download,/function/input/2mass-atlas-980914s-k0830233.fits,1.468954,99973738.0
4767,2,gcp,europe-west1,768,MB,europe-west1,gcp,download,/function/input/2mass-atlas-980914s-k0830245.fits,1.46679,152298455.0
4768,2,gcp,europe-west1,768,MB,europe-west1,gcp,download,/function/input/2mass-atlas-980914s-k0840033.fits,1.467584,100184100.5
4769,2,gcp,europe-west1,768,MB,europe-west1,gcp,download,/function/input/2mass-atlas-980914s-k0840044.fits,1.466204,77739554.0
4770,2,gcp,europe-west1,768,MB,europe-west1,gcp,download,/function/input/2mass-atlas-980914s-k0840056.fits,1.46731,88042414.0
4771,2,gcp,europe-west1,768,MB,europe-west1,gcp,download,/function/mProjectPP,5.457288,208430525.5
4772,2,gcp,europe-west1,768,MB,europe-west1,gcp,download,/function/region.hdr,0.000277,55535325.5
4773,2,gcp,europe-west1,768,MB,europe-west1,gcp,upload,/function/p2mass-atlas-001020s-k0860033.fits,4.14432,1810599406.5
4774,2,gcp,europe-west1,768,MB,europe-west1,gcp,upload,/function/p2mass-atlas-001020s-k0860033_area.fits,4.14432,269090611.0
4775,2,gcp,europe-west1,768,MB,europe-west1,gcp,upload,/function/p2mass-atlas-001020s-k0860044.fits,4.14432,1359117079.5
4776,2,gcp,europe-west1,768,MB,europe-west1,gcp,upload,/function/p2mass-atlas-001020s-k0860044_area.fits,4.14432,275344784.0
4777,2,gcp,europe-west1,768,MB,europe-west1,gcp,upload,/function/p2mass-atlas-001020s-k0860056.fits,4.14432,1619547056.5
4778,2,gcp,europe-west1,768,MB,europe-west1,gcp,upload,/function/p2mass-atlas-001020s-k0860056_area.fits,4.14432,183285420.0
4779,2,gcp,europe-west1,768,MB,europe-west1,gcp,upload,/function/p2mass-atlas-001020s-k0870221.fits,4.13568,1448208026.0
4780,2,gcp,europe-west1,768,MB,europe-west1,gcp,upload,/function/p2mass-atlas-001020s-k0870221_area.fits,4.13568,330207790.0
4781,2,gcp,europe-west1,768,MB,europe-west1,gcp,upload,/function/p2mass-atlas-001020s-k0870233.fits,4.13568,1085192225.5
4782,2,gcp,europe-west1,768,MB,europe-west1,gcp,upload,/function/p2mass-atlas-001020s-k0870233_area.fits,4.13568,339093410.0
4783,2,gcp,europe-west1,768,MB,europe-west1,gcp,upload,/function/p2mass-atlas-001020s-k0870245.fits,4.13568,1591022025.5
4784,2,gcp,europe-west1,768,MB,europe-west1,gcp,upload,/function/p2mass-atlas-001020s-k0870245_area.fits,4.13568,342401509.5
4785,2,gcp,europe-west1,768,MB,europe-west1,gcp,upload,/function/p2mass-atlas-001021s-k0490221.fits,4.13568,1547391891.5
4786,2,gcp,europe-west1,768,MB,europe-west1,gcp,upload,/function/p2mass-atlas-001021s-k0490221_area.fits,4.13568,273025580.0
4787,2,gcp,europe-west1,768,MB,europe-west1,gcp,upload,/function/p2mass-atlas-001021s-k0490233.fits,4.13568,1370140523.0
4788,2,gcp,europe-west1,768,MB,europe-west1,gcp,upload,/function/p2mass-atlas-001021s-k0490233_area.fits,4.13568,245559456.0
4789,2,gcp,europe-west1,768,MB,europe-west1,gcp,upload,/function/p2mass-atlas-001021s-k0490245.fits,4.14432,1185535217.0
4790,2,gcp,europe-west1,768,MB,europe-west1,gcp,upload,/function/p2mass-atlas-001021s-k0490245_area.fits,4.14432,346644779.5
4791,2,gcp,europe-west1,768,MB,europe-west1,gcp,upload,/function/p2mass-atlas-001021s-k0560033.fits,4.15296,1393285283.5
4792,2,gcp,europe-west1,768,MB,europe-west1,gcp,upload,/function/p2mass-atlas-001021s-k0560033_area.fits,4.15296,343963969.5
4793,2,gcp,europe-west1,768,MB,europe-west1,gcp,upload,/function/p2mass-atlas-001021s-k0560044.fits,4.14432,1704166780.5
4794,2,gcp,europe-west1,768,MB,europe-west1,gcp,upload,/function/p2mass-atlas-001021s-k0560044_area.fits,4.14432,262869413.5
4795,2,gcp,europe-west1,768,MB,europe-west1,gcp,upload,/function/p2mass-atlas-001021s-k0560056.fits,4.13568,1634349685.0
4796,2,gcp,europe-west1,768,MB,europe-west1,gcp,upload,/function/p2mass-atlas-001021s-k0560056_area.fits,4.13568,272860861.0
4797,2,gcp,europe-west1,768,MB,europe-west1,gcp,upload,/function/p2mass-atlas-001021s-k0570221.fits,4.14432,1899296428.0
4798,2,gcp,europe-west1,768,MB,europe-west1,gcp,upload,/function/p2mass-atlas-001021s-k0570221_area.fits,4.14432,354990941.0
4799,2,gcp,europe-west1,768,MB,europe-west1,gcp,upload,/function/p2mass-atlas-001021s-k0570233.fits,4.13568,1405676463.0
4800,2,gcp,europe-west1,768,MB,europe-west1,gcp,upload,/function/p2mass-atlas-001021s-k0570233_area.fits,4.13568,328198123.0
4801,2,gcp,europe-west1,768,MB,europe-west1,gcp,upload,/function/p2mass-atlas-001021s-k0570245.fits,4.14432,1634977331.0
4802,2,gcp,europe-west1,768,MB,europe-west1,gcp,upload,/function/p2mass-atlas-001021s-k0570245_area.fits,4.14432,286413766.0
4803,2,gcp,europe-west1,768,MB,europe-west1,gcp,upload,/function/p2mass-atlas-980914s-k0800033.fits,4.14432,1562863273.5
4804,2,gcp,europe-west1,768,MB,europe-west1,gcp,upload,/function/p2mass-atlas-980914s-k0800033_area.fits,4.14432,245269159.0
4805,2,gcp,europe-west1,768,MB,europe-west1,gcp,upload,/function/p2mass-atlas-980914s-k0800044.fits,4.14432,1132257364.5
4806,2,gcp,europe-west1,768,MB,europe-west1,gcp,upload,/function/p2mass-atlas-980914s-k0800044_area.fits,4.14432,208617024.5
4807,2,gcp,europe-west1,768,MB,europe-west1,gcp,upload,/function/p2mass-atlas-980914s-k0800056.fits,4.14432,932611581.5
4808,2,gcp,europe-west1,768,MB,europe-west1,gcp,upload,/function/p2mass-atlas-980914s-k0800056_area.fits,4.14432,182696516.0
4809,2,gcp,europe-west1,768,MB,europe-west1,gcp,upload,/function/p2mass-atlas-980914s-k0810221.fits,4.14432,1046815676.5
4810,2,gcp,europe-west1,768,MB,europe-west1,gcp,upload,/function/p2mass-atlas-980914s-k0810221_area.fits,4.14432,180610263.0
4811,2,gcp,europe-west1,768,MB,europe-west1,gcp,upload,/function/p2mass-atlas-980914s-k0810233.fits,4.14432,971261177.0
4812,2,gcp,europe-west1,768,MB,europe-west1,gcp,upload,/function/p2mass-atlas-980914s-k0810233_area.fits,4.14432,190011156.5
4813,2,gcp,europe-west1,768,MB,europe-west1,gcp,upload,/function/p2mass-atlas-980914s-k0810245.fits,4.14432,1592386894.5
4814,2,gcp,europe-west1,768,MB,europe-west1,gcp,upload,/function/p2mass-atlas-980914s-k0810245_area.fits,4.14432,273784540.0
4815,2,gcp,europe-west1,768,MB,europe-west1,gcp,upload,/function/p2mass-atlas-980914s-k0820033.fits,4.14432,1727759262.0
4816,2,gcp,europe-west1,768,MB,europe-west1,gcp,upload,/function/p2mass-atlas-980914s-k0820033_area.fits,4.14432,172068711.5
4817,2,gcp,europe-west1,768,MB,europe-west1,gcp,upload,/function/p2mass-atlas-980914s-k0820044.fits,4.14432,1949257584.0
4818,2,gcp,europe-west1,768,MB,europe-west1,gcp,upload,/function/p2mass-atlas-980914s-k0820044_area.fits,4.14432,200332574.0
4819,2,gcp,europe-west1,768,MB,europe-west1,gcp,upload,/function/p2mass-atlas-980914s-k0820056.fits,4.13568,1941120219.0
4820,2,gcp,europe-west1,768,MB,europe-west1,gcp,upload,/function/p2mass-atlas-980914s-k0820056_area.fits,4.13568,182891311.5
4821,2,gcp,europe-west1,768,MB,europe-west1,gcp,upload,/function/p2mass-atlas-980914s-k0830221.fits,4.14432,1620535761.0
4822,2,gcp,europe-west1,768,MB,europe-west1,gcp,upload,/function/p2mass-atlas-980914s-k0830221_area.fits,4.14432,179857609.0
4823,2,gcp,europe-west1,768,MB,europe-west1,gcp,upload,/function/p2mass-atlas-980914s-k0830233.fits,4.14432,1570386184.0
4824,2,gcp,europe-west1,768,MB,europe-west1,gcp,upload,/function/p2mass-atlas-980914s-k0830233_area.fits,4.14432,158623784.5
4825,2,gcp,europe-west1,768,MB,europe-west1,gcp,upload,/function/p2mass-atlas-980914s-k0830245.fits,4.14432,1830846935.0
4826,2,gcp,europe-west1,768,MB,europe-west1,gcp,upload,/function/p2mass-atlas-980914s-k0830245_area.fits,4.14432,230195882.5
4827,2,gcp,europe-west1,768,MB,europe-west1,gcp,upload,/function/p2mass-atlas-980914s-k0840033.fits,4.14432,1455316241.5
4828,2,gcp,europe-west1,768,MB,europe-west1,gcp,upload,/function/p2mass-atlas-980914s-k0840033_area.fits,4.14432,261486607.0
4829,2,gcp,europe-west1,768,MB,europe-west1,gcp,upload,/function/p2mass-atlas-980914s-k0840044.fits,4.14432,1295243933.0
4830,2,gcp,europe-west1,768,MB,europe-west1,gcp,upload,/function/p2mass-atlas-980914s-k0840044_area.fits,4.14432,239239063.5
4831,2,gcp,europe-west1,768,MB,europe-west1,gcp,upload,/function/p2mass-atlas-980914s-k0840056.fits,4.14432,1568184178.5
4832,2,gcp,europe-west1,768,MB,europe-west1,gcp,upload,/function/p2mass-atlas-980914s-k0840056_area.fits,4.14432,302337789.5
4833,3,gcp,europe-west1,768,MB,europe-west1,gcp,download,/function/input.imglist,0.001123,48022359.5
4834,3,gcp,europe-west1,768,MB,europe-west1,gcp,download,/function/input/2mass-atlas-001020s-k0860033.fits,1.430932,66950886.5
4835,3,gcp,europe-west1,768,MB,europe-west1,gcp,download,/function/input/2mass-atlas-001020s-k0860044.fits,1.431122,65725121.5
4836,3,gcp,europe-west1,768,MB,europe-west1,gcp,download,/function/input/2mass-atlas-001020s-k0860056.fits,1.431548,63832038.5
4837,3,gcp,europe-west1,768,MB,europe-west1,gcp,download,/function/input/2mass-atlas-001020s-k0870221.fits,1.415237,80721921.0
4838,3,gcp,europe-west1,768,MB,europe-west1,gcp,download,/function/input/2mass-atlas-001020s-k0870233.fits,1.417782,170759431.5
4839,3,gcp,europe-west1,768,MB,europe-west1,gcp,download,/function/input/2mass-atlas-001020s-k0870245.fits,1.428497,83439451.5
4840,3,gcp,europe-west1,768,MB,europe-west1,gcp,download,/function/input/2mass-atlas-001021s-k0490221.fits,1.474539,72353372.0
4841,3,gcp,europe-west1,768,MB,europe-west1,gcp,download,/function/input/2mass-atlas-001021s-k0490233.fits,1.473388,71134963.5
4842,3,gcp,europe-west1,768,MB,europe-west1,gcp,download,/function/input/2mass-atlas-001021s-k0490245.fits,1.475153,86182433.5
4843,3,gcp,europe-west1,768,MB,europe-west1,gcp,download,/function/input/2mass-atlas-001021s-k0560033.fits,1.475337,97272573.0
4844,3,gcp,europe-west1,768,MB,europe-west1,gcp,download,/function/input/2mass-atlas-001021s-k0560044.fits,1.475774,83457681.0
4845,3,gcp,europe-west1,768,MB,europe-west1,gcp,download,/function/input/2mass-atlas-001021s-k0560056.fits,1.477972,69615037.0
4846,3,gcp,europe-west1,768,MB,europe-west1,gcp,download,/function/input/2mass-atlas-001021s-k0570221.fits,1.474794,81093396.5
4847,3,gcp,europe-west1,768,MB,europe-west1,gcp,download,/function/input/2mass-atlas-001021s-k0570233.fits,1.472843,70445776.5
4848,3,gcp,europe-west1,768,MB,europe-west1,gcp,download,/function/input/2mass-atlas-001021s-k0570245.fits,1.474299,77760048.0
4849,3,gcp,europe-west1,768,MB,europe-west1,gcp,download,/function/input/2mass-atlas-980914s-k0800033.fits,1.466856,70946936.0
4850,3,gcp,europe-west1,768,MB,europe-west1,gcp,download,/function/input/2mass-atlas-980914s-k0800044.fits,1.46705,70664471.0
4851,3,gcp,europe-west1,768,MB,europe-west1,gcp,download,/function/input/2mass-atlas-980914s-k0800056.fits,1.467462,80665580.0
4852,3,gcp,europe-west1,768,MB,europe-west1,gcp,download,/function/input/2mass-atlas-980914s-k0810221.fits,1.467205,75466892.0
4853,3,gcp,europe-west1,768,MB,europe-west1,gcp,download,/function/input/2mass-atlas-980914s-k0810233.fits,1.468091,70257169.5
4854,3,gcp,europe-west1,768,MB,europe-west1,gcp,download,/function/input/2mass-atlas-980914s-k0810245.fits,1.468524,84417201.5
4855,3,gcp,europe-west1,768,MB,europe-west1,gcp,download,/function/input/2mass-atlas-980914s-k0820033.fits,1.468069,80114521.0
4856,3,gcp,europe-west1,768,MB,europe-west1,gcp,download,/function/input/2mass-atlas-980914s-k0820044.fits,1.465354,77054434.0
4857,3,gcp,europe-west1,768,MB,europe-west1,gcp,download,/function/input/2mass-atlas-980914s-k0820056.fits,1.467195,78678805.5
4858,3,gcp,europe-west1,768,MB,europe-west1,gcp,download,/function/input/2mass-atlas-980914s-k0830221.fits,1.471563,83316423.5
4859,3,gcp,europe-west1,768,MB,europe-west1,gcp,download,/function/input/2mass-atlas-980914s-k0830233.fits,1.468954,72458459.5
4860,3,gcp,europe-west1,768,MB,europe-west1,gcp,download,/function/input/2mass-atlas-980914s-k0830245.fits,1.46679,73180431.0
4861,3,gcp,europe-west1,768,MB,europe-west1,gcp,download,/function/input/2mass-atlas-980914s-k0840033.fits,1.467584,71414972.5
4862,3,gcp,europe-west1,768,MB,europe-west1,gcp,download,/function/input/2mass-atlas-980914s-k0840044.fits,1.466204,85221871.0
4863,3,gcp,europe-west1,768,MB,europe-west1,gcp,download,/function/input/2mass-atlas-980914s-k0840056.fits,1.46731,73902609.5
4864,3,gcp,europe-west1,768,MB,europe-west1,gcp,download,/function/mImgtbl,5.496352,129848615.5
4865,3,gcp,europe-west1,768,MB,europe-west1,gcp,upload,/function/images.tbl,0.01394,67767940.5
4866,4,gcp,europe-west1,768,MB,europe-west1,gcp,download,/function/images.tbl,0.01394,124403480.5
4867,4,gcp,europe-west1,768,MB,europe-west1,gcp,download,/function/mDAGTbls,5.47904,341735337.0
4868,4,gcp,europe-west1,768,MB,europe-west1,gcp,download,/function/region.hdr,0.000277,71387405.5
4869,4,gcp,europe-west1,768,MB,europe-west1,gcp,upload,/function/cimages.tbl,0.00511,56150782.0
4870,4,gcp,europe-west1,768,MB,europe-west1,gcp,upload,/function/pimages.tbl,0.00511,61468813.5
4871,4,gcp,europe-west1,768,MB,europe-west1,gcp,upload,/function/rimages.tbl,0.00508,79462142.0
4872,5,gcp,europe-west1,768,MB,europe-west1,gcp,download,/function/mOverlaps,0.504048,124807528.5
4873,5,gcp,europe-west1,768,MB,europe-west1,gcp,download,/function/pimages.tbl,0.00511,111171725.0
4874,5,gcp,europe-west1,768,MB,europe-west1,gcp,upload,/function/diffs.tbl,0.016167,108911239.5
4875,6,gcp,europe-west1,768,MB,europe-west1,gcp,download,/function/diffs.tbl,0.016167,172927090.0
4876,7,gcp,europe-west1,768,MB,europe-west1,gcp,download,/function/mDiff,5.373008,171480436.0
4877,7,gcp,europe-west1,768,MB,europe-west1,gcp,download,/function/mFitplane,5.372232,152043843.5
4878,7,gcp,europe-west1,768,MB,europe-west1,gcp,download,/function/p2mass-atlas-001020s-k0860033.fits,4.14432,146701236.0
4879,7,gcp,europe-west1,768,MB,europe-west1,gcp,download,/function/p2mass-atlas-001020s-k0860033_area.fits,4.14432,119235242.0
4880,7,gcp,europe-west1,768,MB,europe-west1,gcp,download,/function/p2mass-atlas-001020s-k0860044.fits,4.14432,150686194.0
4881,7,gcp,europe-west1,768,MB,europe-west1,gcp,download,/function/p2mass-atlas-001020s-k0860044_area.fits,4.14432,139869706.0
4882,7,gcp,europe-west1,768,MB,europe-west1,gcp,download,/function/p2mass-atlas-001020s-k0860056.fits,4.14432,153136855.0
4883,7,gcp,europe-west1,768,MB,europe-west1,gcp,download,/function/p2mass-atlas-001020s-k0860056_area.fits,4.14432,115166901.5
4884,7,gcp,europe-west1,768,MB,europe-west1,gcp,download,/function/p2mass-atlas-001020s-k0870221.fits,4.13568,134605101.0
4885,7,gcp,europe-west1,768,MB,europe-west1,gcp,download,/function/p2mass-atlas-001020s-k0870221_area.fits,4.13568,138925176.0
4886,7,gcp,europe-west1,768,MB,europe-west1,gcp,download,/function/p2mass-atlas-001020s-k0870233.fits,4.13568,159886398.0
4887,7,gcp,europe-west1,768,MB,europe-west1,gcp,download,/function/p2mass-atlas-001020s-k0870233_area.fits,4.13568,129826990.0
4888,7,gcp,europe-west1,768,MB,europe-west1,gcp,download,/function/p2mass-atlas-001020s-k0870245.fits,4.13568,154709959.5
4889,7,gcp,europe-west1,768,MB,europe-west1,gcp,download,/function/p2mass-atlas-001020s-k0870245_area.fits,4.13568,127380018.0
4890,7,gcp,europe-west1,768,MB,europe-west1,gcp,download,/function/p2mass-atlas-001021s-k0490221.fits,4.13568,131588211.5
4891,7,gcp,europe-west1,768,MB,europe-west1,gcp,download,/function/p2mass-atlas-001021s-k0490221_area.fits,4.13568,128777408.0
4892,7,gcp,europe-west1,768,MB,europe-west1,gcp,download,/function/p2mass-atlas-001021s-k0490233.fits,4.13568,141164781.5
4893,7,gcp,europe-west1,768,MB,europe-west1,gcp,download,/function/p2mass-atlas-001021s-k0490233_area.fits,4.13568,135153673.5
4894,7,gcp,europe-west1,768,MB,europe-west1,gcp,download,/function/p2mass-atlas-001021s-k0490245.fits,4.14432,160410637.5
4895,7,gcp,europe-west1,768,MB,europe-west1,gcp,download,/function/p2mass-atlas-001021s-k0490245_area.fits,4.14432,154591044.5
4896,7,gcp,europe-west1,768,MB,europe-west1,gcp,download,/function/p2mass-atlas-001021s-k0560033.fits,4.15296,153933535.0
4897,7,gcp,europe-west1,768,MB,europe-west1,gcp,download,/function/p2mass-atlas-001021s-k0560033_area.fits,4.15296,125620189.5
4898,7,gcp,europe-west1,768,MB,europe-west1,gcp,download,/function/p2mass-atlas-001021s-k0560044.fits,4.14432,146288787.5
4899,7,gcp,europe-west1,768,MB,europe-west1,gcp,download,/function/p2mass-atlas-001021s-k0560044_area.fits,4.14432,113971726.5
4900,7,gcp,europe-west1,768,MB,europe-west1,gcp,download,/function/p2mass-atlas-001021s-k0560056.fits,4.13568,154994743.5
4901,7,gcp,europe-west1,768,MB,europe-west1,gcp,download,/function/p2mass-atlas-001021s-k0560056_area.fits,4.13568,118860164.0
4902,7,gcp,europe-west1,768,MB,europe-west1,gcp,download,/function/p2mass-atlas-001021s-k0570221.fits,4.14432,149763103.0
4903,7,gcp,europe-west1,768,MB,europe-west1,gcp,download,/function/p2mass-atlas-001021s-k0570221_area.fits,4.14432,133834566.5
4904,7,gcp,europe-west1,768,MB,europe-west1,gcp,download,/function/p2mass-atlas-001021s-k0570233.fits,4.13568,149788765.5
4905,7,gcp,europe-west1,768,MB,europe-west1,gcp,download,/function/p2mass-atlas-001021s-k0570233_area.fits,4.13568,125443280.5
4906,7,gcp,europe-west1,768,MB,europe-west1,gcp,download,/function/p2mass-atlas-001021s-k0570245.fits,4.14432,164615805.5
4907,7,gcp,europe-west1,768,MB,europe-west1,gcp,download,/function/p2mass-atlas-001021s-k0570245_area.fits,4.14432,162903135.5
4908,7,gcp,europe-west1,768,MB,europe-west1,gcp,download,/function/p2mass-atlas-980914s-k0800033.fits,4.14432,124244799.0
4909,7,gcp,europe-west1,768,MB,europe-west1,gcp,download,/function/p2mass-atlas-980914s-k0800033_area.fits,4.14432,131262311.0
4910,7,gcp,europe-west1,768,MB,europe-west1,gcp,download,/function/p2mass-atlas-980914s-k0800044.fits,4.14432,157172592.5
4911,7,gcp,europe-west1,768,MB,europe-west1,gcp,download,/function/p2mass-atlas-980914s-k0800044_area.fits,4.14432,146710161.0
4912,7,gcp,europe-west1,768,MB,europe-west1,gcp,download,/function/p2mass-atlas-980914s-k0800056.fits,4.14432,169402572.0
4913,7,gcp,europe-west1,768,MB,europe-west1,gcp,download,/function/p2mass-atlas-980914s-k0800056_area.fits,4.14432,124076960.0
4914,7,gcp,europe-west1,768,MB,europe-west1,gcp,download,/function/p2mass-atlas-980914s-k0810221.fits,4.14432,149276988.0
4915,7,gcp,europe-west1,768,MB,europe-west1,gcp,download,/function/p2mass-atlas-980914s-k0810221_area.fits,4.14432,136149830.5
4916,7,gcp,europe-west1,768,MB,europe-west1,gcp,download,/function/p2mass-atlas-980914s-k0810233.fits,4.14432,139597523.0
4917,7,gcp,europe-west1,768,MB,europe-west1,gcp,download,/function/p2mass-atlas-980914s-k0810233_area.fits,4.14432,135973811.5
4918,7,gcp,europe-west1,768,MB,europe-west1,gcp,download,/function/p2mass-atlas-980914s-k0810245.fits,4.14432,148303008.5
4919,7,gcp,europe-west1,768,MB,europe-west1,gcp,download,/function/p2mass-atlas-980914s-k0810245_area.fits,4.14432,162265147.0
4920,7,gcp,europe-west1,768,MB,europe-west1,gcp,download,/function/p2mass-atlas-980914s-k0820033.fits,4.14432,128319739.0
4921,7,gcp,europe-west1,768,MB,europe-west1,gcp,download,/function/p2mass-atlas-980914s-k0820033_area.fits,4.14432,133506640.0
4922,7,gcp,europe-west1,768,MB,europe-west1,gcp,download,/function/p2mass-atlas-980914s-k0820044.fits,4.14432,142102423.0
4923,7,gcp,europe-west1,768,MB,europe-west1,gcp,download,/function/p2mass-atlas-980914s-k0820044_area.fits,4.14432,119058799.5
4924,7,gcp,europe-west1,768,MB,europe-west1,gcp,download,/function/p2mass-atlas-980914s-k0820056.fits,4.13568,150479528.5
4925,7,gcp,europe-west1,768,MB,europe-west1,gcp,download,/function/p2mass-atlas-980914s-k0820056_area.fits,4.13568,125047144.5
4926,7,gcp,europe-west1,768,MB,europe-west1,gcp,download,/function/p2mass-atlas-980914s-k0830221.fits,4.14432,150322201.0
4927,7,gcp,europe-west1,768,MB,europe-west1,gcp,download,/function/p2mass-atlas-980914s-k0830221_area.fits,4.14432,125613675.5
4928,7,gcp,europe-west1,768,MB,europe-west1,gcp,download,/function/p2mass-atlas-980914s-k0830233.fits,4.14432,156066821.5
4929,7,gcp,europe-west1,768,MB,europe-west1,gcp,download,/function/p2mass-atlas-980914s-k0830233_area.fits,4.14432,129552502.5
4930,7,gcp,europe-west1,768,MB,europe-west1,gcp,download,/function/p2mass-atlas-980914s-k0830245.fits,4.14432,176661248.0
4931,7,gcp,europe-west1,768,MB,europe-west1,gcp,download,/function/p2mass-atlas-980914s-k0830245_area.fits,4.14432,133775605.5
4932,7,gcp,europe-west1,768,MB,europe-west1,gcp,download,/function/p2mass-atlas-980914s-k0840033.fits,4.14432,237282052.0
4933,7,gcp,europe-west1,768,MB,europe-west1,gcp,download,/function/p2mass-atlas-980914s-k0840033_area.fits,4.14432,158102742.0
4934,7,gcp,europe-west1,768,MB,europe-west1,gcp,download,/function/p2mass-atlas-980914s-k0840044.fits,4.14432,164627322.0
4935,7,gcp,europe-west1,768,MB,europe-west1,gcp,download,/function/p2mass-atlas-980914s-k0840044_area.fits,4.14432,118817316.5
4936,7,gcp,europe-west1,768,MB,europe-west1,gcp,download,/function/p2mass-atlas-980914s-k0840056.fits,4.14432,170993952.0
4937,7,gcp,europe-west1,768,MB,europe-west1,gcp,download,/function/p2mass-atlas-980914s-k0840056_area.fits,4.14432,136051858.5
4938,7,gcp,europe-west1,768,MB,europe-west1,gcp,download,/function/region.hdr,0.000277,44383704.0
4939,7,gcp,europe-west1,768,MB,europe-west1,gcp,upload,/function/diff.000001.000007.fits,1.02528,250927379.5
4940,7,gcp,europe-west1,768,MB,europe-west1,gcp,upload,/function/diff.000001.000007_area.fits,1.02528,81200137.5
4941,7,gcp,europe-west1,768,MB,europe-west1,gcp,upload,/function/diff.000001.000011.fits,3.31776,894483672.5
4942,7,gcp,europe-west1,768,MB,europe-west1,gcp,upload,/function/diff.000001.000011_area.fits,3.31776,202663544.5
4943,7,gcp,europe-west1,768,MB,europe-west1,gcp,upload,/function/diff.000001.000012.fits,0.22176,105662445.0
4944,7,gcp,europe-west1,768,MB,europe-west1,gcp,upload,/function/diff.000001.000012_area.fits,0.22176,114482038.5
4945,7,gcp,europe-west1,768,MB,europe-west1,gcp,upload,/function/diff.000001.000020.fits,0.14112,87953353.0
4946,7,gcp,europe-west1,768,MB,europe-west1,gcp,upload,/function/diff.000001.000020_area.fits,0.14112,62117538.0
4947,7,gcp,europe-west1,768,MB,europe-west1,gcp,upload,/function/diff.000001.000025.fits,0.03744,91232341.0
4948,7,gcp,europe-west1,768,MB,europe-west1,gcp,upload,/function/diff.000001.000025_area.fits,0.03744,58819142.0
4949,7,gcp,europe-west1,768,MB,europe-west1,gcp,upload,/function/diff.000001.000026.fits,0.59328,230045924.0
4950,7,gcp,europe-west1,768,MB,europe-west1,gcp,upload,/function/diff.000001.000026_area.fits,0.59328,76921129.0
4951,7,gcp,europe-west1,768,MB,europe-west1,gcp,upload,/function/diff.000001.000028.fits,0.4464,98272247.0
4952,7,gcp,europe-west1,768,MB,europe-west1,gcp,upload,/function/diff.000001.000028_area.fits,0.4464,124510481.0
4953,7,gcp,europe-west1,768,MB,europe-west1,gcp,upload,/function/diff.000002.000006.fits,0.4464,86075800.0
4954,7,gcp,europe-west1,768,MB,europe-west1,gcp,upload,/function/diff.000002.000006_area.fits,0.4464,66074317.5
4955,7,gcp,europe-west1,768,MB,europe-west1,gcp,upload,/function/diff.000002.000009.fits,3.33792,689977476.5
4956,7,gcp,europe-west1,768,MB,europe-west1,gcp,upload,/function/diff.000002.000009_area.fits,3.33792,130006367.5
4957,7,gcp,europe-west1,768,MB,europe-west1,gcp,upload,/function/diff.000002.000015.fits,0.22464,82672020.5
4958,7,gcp,europe-west1,768,MB,europe-west1,gcp,upload,/function/diff.000002.000015_area.fits,0.22464,67637989.0
4959,7,gcp,europe-west1,768,MB,europe-west1,gcp,upload,/function/diff.000002.000016.fits,0.14112,61229828.5
4960,7,gcp,europe-west1,768,MB,europe-west1,gcp,upload,/function/diff.000002.000016_area.fits,0.14112,60902619.5
4961,7,gcp,europe-west1,768,MB,europe-west1,gcp,upload,/function/diff.000002.000019.fits,0.12672,67080000.0
4962,7,gcp,europe-west1,768,MB,europe-west1,gcp,upload,/function/diff.000002.000019_area.fits,0.12672,57703482.5
4963,7,gcp,europe-west1,768,MB,europe-west1,gcp,upload,/function/diff.000002.000020.fits,0.14688,68035140.0
4964,7,gcp,europe-west1,768,MB,europe-west1,gcp,upload,/function/diff.000002.000020_area.fits,0.14688,50466219.5
4965,7,gcp,europe-west1,768,MB,europe-west1,gcp,upload,/function/diff.000002.000023.fits,0.40032,130360172.5
4966,7,gcp,europe-west1,768,MB,europe-west1,gcp,upload,/function/diff.000002.000023_area.fits,0.40032,59621110.5
4967,7,gcp,europe-west1,768,MB,europe-west1,gcp,upload,/function/diff.000002.000025.fits,0.03168,55314686.0
4968,7,gcp,europe-west1,768,MB,europe-west1,gcp,upload,/function/diff.000002.000025_area.fits,0.03168,54262657.5
4969,7,gcp,europe-west1,768,MB,europe-west1,gcp,upload,/function/diff.000002.000026.fits,0.52704,125510120.0
4970,7,gcp,europe-west1,768,MB,europe-west1,gcp,upload,/function/diff.000002.000026_area.fits,0.52704,69101409.5
4971,7,gcp,europe-west1,768,MB,europe-west1,gcp,upload,/function/diff.000002.000027.fits,1.01952,280767184.0
4972,7,gcp,europe-west1,768,MB,europe-west1,gcp,upload,/function/diff.000002.000027_area.fits,1.01952,71355611.5
4973,7,gcp,europe-west1,768,MB,europe-west1,gcp,upload,/function/diff.000002.000028.fits,0.46656,91648683.0
4974,7,gcp,europe-west1,768,MB,europe-west1,gcp,upload,/function/diff.000002.000028_area.fits,0.46656,64376707.0
4975,7,gcp,europe-west1,768,MB,europe-west1,gcp,upload,/function/diff.000003.000005.fits,4.06368,1247777339.0
4976,7,gcp,europe-west1,768,MB,europe-west1,gcp,upload,/function/diff.000003.000005_area.fits,4.06368,190280204.0
4977,7,gcp,europe-west1,768,MB,europe-west1,gcp,upload,/function/diff.000003.000006.fits,0.42912,132252929.5
4978,7,gcp,europe-west1,768,MB,europe-west1,gcp,upload,/function/diff.000003.000006_area.fits,0.42912,64473469.0
4979,7,gcp,europe-west1,768,MB,europe-west1,gcp,upload,/function/diff.000003.000016.fits,0.13248,67173129.5
4980,7,gcp,europe-west1,768,MB,europe-west1,gcp,upload,/function/diff.000003.000016_area.fits,0.13248,57884897.5
4981,7,gcp,europe-west1,768,MB,europe-west1,gcp,upload,/function/diff.000003.000019.fits,0.14688,66983938.0
4982,7,gcp,europe-west1,768,MB,europe-west1,gcp,upload,/function/diff.000003.000019_area.fits,0.14688,56598017.0
4983,7,gcp,europe-west1,768,MB,europe-west1,gcp,upload,/function/diff.000003.000023.fits,0.46656,112942076.0
4984,7,gcp,europe-west1,768,MB,europe-west1,gcp,upload,/function/diff.000003.000023_area.fits,0.46656,59212130.0
4985,7,gcp,europe-west1,768,MB,europe-west1,gcp,upload,/function/diff.000003.000024.fits,0.22464,107916027.5
4986,7,gcp,europe-west1,768,MB,europe-west1,gcp,upload,/function/diff.000003.000024_area.fits,0.22464,58014121.5
4987,7,gcp,europe-west1,768,MB,europe-west1,gcp,upload,/function/diff.000003.000029.fits,0.20736,97559820.0
4988,7,gcp,europe-west1,768,MB,europe-west1,gcp,upload,/function/diff.000003.000029_area.fits,0.20736,56682264.0
4989,7,gcp,europe-west1,768,MB,europe-west1,gcp,upload,/function/diff.000004.000008.fits,0.576,136620524.0
4990,7,gcp,europe-west1,768,MB,europe-west1,gcp,upload,/function/diff.000004.000008_area.fits,0.576,59628397.0
4991,7,gcp,europe-west1,768,MB,europe-west1,gcp,upload,/function/diff.000004.000010.fits,0.55296,132356312.5
4992,7,gcp,europe-west1,768,MB,europe-west1,gcp,upload,/function/diff.000004.000010_area.fits,0.55296,65772956.0
4993,7,gcp,europe-west1,768,MB,europe-west1,gcp,upload,/function/diff.000004.000014.fits,0.42912,86520750.0
4994,7,gcp,europe-west1,768,MB,europe-west1,gcp,upload,/function/diff.000004.000014_area.fits,0.42912,63648383.5
4995,7,gcp,europe-west1,768,MB,europe-west1,gcp,upload,/function/diff.000004.000015.fits,1.01952,229587719.0
4996,7,gcp,europe-west1,768,MB,europe-west1,gcp,upload,/function/diff.000004.000015_area.fits,1.01952,87806497.0
4997,7,gcp,europe-west1,768,MB,europe-west1,gcp,upload,/function/diff.000004.000016.fits,0.03168,53800718.5
4998,7,gcp,europe-west1,768,MB,europe-west1,gcp,upload,/function/diff.000004.000016_area.fits,0.03168,56796604.5
4999,7,gcp,europe-west1,768,MB,europe-west1,gcp,upload,/function/diff.000004.000017.fits,3.33216,844691127.5
5000,7,gcp,europe-west1,768,MB,europe-west1,gcp,upload,/function/diff.000004.000017_area.fits,3.33216,133276294.0
5001,7,gcp,europe-west1,768,MB,europe-west1,gcp,upload,/function/diff.000004.000019.fits,0.0288,62166014.5
5002,7,gcp,europe-west1,768,MB,europe-west1,gcp,upload,/function/diff.000004.000019_area.fits,0.0288,59253600.5
5003,7,gcp,europe-west1,768,MB,europe-west1,gcp,upload,/function/diff.000004.000020.fits,0.03456,54904388.0
5004,7,gcp,europe-west1,768,MB,europe-west1,gcp,upload,/function/diff.000004.000020_area.fits,0.03456,50946890.5
5005,7,gcp,europe-west1,768,MB,europe-west1,gcp,upload,/function/diff.000004.000021.fits,0.49248,122792737.5
5006,7,gcp,europe-west1,768,MB,europe-west1,gcp,upload,/function/diff.000004.000021_area.fits,0.49248,62104536.0
5007,7,gcp,europe-west1,768,MB,europe-west1,gcp,upload,/function/diff.000004.000025.fits,0.13248,66479206.5
5008,7,gcp,europe-west1,768,MB,europe-west1,gcp,upload,/function/diff.000004.000025_area.fits,0.13248,54930096.0
5009,7,gcp,europe-west1,768,MB,europe-west1,gcp,upload,/function/diff.000004.000027.fits,0.22176,91360886.5
5010,7,gcp,europe-west1,768,MB,europe-west1,gcp,upload,/function/diff.000004.000027_area.fits,0.22176,55771370.5
5011,7,gcp,europe-west1,768,MB,europe-west1,gcp,upload,/function/diff.000005.000006.fits,0.47232,95187145.0
5012,7,gcp,europe-west1,768,MB,europe-west1,gcp,upload,/function/diff.000005.000006_area.fits,0.47232,63396632.5
5013,7,gcp,europe-west1,768,MB,europe-west1,gcp,upload,/function/diff.000005.000016.fits,0.14976,64802376.5
5014,7,gcp,europe-west1,768,MB,europe-west1,gcp,upload,/function/diff.000005.000016_area.fits,0.14976,55695038.5
5015,7,gcp,europe-west1,768,MB,europe-west1,gcp,upload,/function/diff.000005.000019.fits,0.16128,75615376.0
5016,7,gcp,europe-west1,768,MB,europe-west1,gcp,upload,/function/diff.000005.000019_area.fits,0.16128,57482354.0
5017,7,gcp,europe-west1,768,MB,europe-west1,gcp,upload,/function/diff.000005.000023.fits,0.50976,151583853.5
5018,7,gcp,europe-west1,768,MB,europe-west1,gcp,upload,/function/diff.000005.000023_area.fits,0.50976,59895923.0
5019,7,gcp,europe-west1,768,MB,europe-west1,gcp,upload,/function/diff.000005.000024.fits,0.23616,80171994.0
5020,7,gcp,europe-west1,768,MB,europe-west1,gcp,upload,/function/diff.000005.000024_area.fits,0.23616,60779077.5
5021,7,gcp,europe-west1,768,MB,europe-west1,gcp,upload,/function/diff.000005.000029.fits,0.22176,105437014.5
5022,7,gcp,europe-west1,768,MB,europe-west1,gcp,upload,/function/diff.000005.000029_area.fits,0.22176,58188258.0
5023,7,gcp,europe-west1,768,MB,europe-west1,gcp,upload,/function/diff.000006.000009.fits,0.54432,116055298.0
5024,7,gcp,europe-west1,768,MB,europe-west1,gcp,upload,/function/diff.000006.000009_area.fits,0.54432,69680287.0
5025,7,gcp,europe-west1,768,MB,europe-west1,gcp,upload,/function/diff.000006.000016.fits,0.22176,100815990.5
5026,7,gcp,europe-west1,768,MB,europe-west1,gcp,upload,/function/diff.000006.000016_area.fits,0.22176,67407422.5
5027,7,gcp,europe-west1,768,MB,europe-west1,gcp,upload,/function/diff.000006.000019.fits,0.22752,78846354.0
5028,7,gcp,europe-west1,768,MB,europe-west1,gcp,upload,/function/diff.000006.000019_area.fits,0.22752,86724273.0
5029,7,gcp,europe-west1,768,MB,europe-west1,gcp,upload,/function/diff.000006.000023.fits,4.06656,1237483786.0
5030,7,gcp,europe-west1,768,MB,europe-west1,gcp,upload,/function/diff.000006.000023_area.fits,4.06656,151350389.5
5031,7,gcp,europe-west1,768,MB,europe-west1,gcp,upload,/function/diff.000006.000027.fits,0.03168,61898697.5
5032,7,gcp,europe-west1,768,MB,europe-west1,gcp,upload,/function/diff.000006.000027_area.fits,0.03168,52078163.0
5033,7,gcp,europe-west1,768,MB,europe-west1,gcp,upload,/function/diff.000007.000008.fits,0.03168,57115685.5
5034,7,gcp,europe-west1,768,MB,europe-west1,gcp,upload,/function/diff.000007.000008_area.fits,0.03168,52525355.0
5035,7,gcp,europe-west1,768,MB,europe-west1,gcp,upload,/function/diff.000007.000011.fits,0.22464,89761143.0
5036,7,gcp,europe-west1,768,MB,europe-west1,gcp,upload,/function/diff.000007.000011_area.fits,0.22464,57856974.0
5037,7,gcp,europe-west1,768,MB,europe-west1,gcp,upload,/function/diff.000007.000012.fits,3.31776,873045881.5
5038,7,gcp,europe-west1,768,MB,europe-west1,gcp,upload,/function/diff.000007.000012_area.fits,3.31776,177502932.0
5039,7,gcp,europe-west1,768,MB,europe-west1,gcp,upload,/function/diff.000007.000013.fits,0.22464,131554633.5
5040,7,gcp,europe-west1,768,MB,europe-west1,gcp,upload,/function/diff.000007.000013_area.fits,0.22464,58626985.5
5041,7,gcp,europe-west1,768,MB,europe-west1,gcp,upload,/function/diff.000007.000020.fits,0.53568,166872249.0
5042,7,gcp,europe-west1,768,MB,europe-west1,gcp,upload,/function/diff.000007.000020_area.fits,0.53568,67465784.5
5043,7,gcp,europe-west1,768,MB,europe-west1,gcp,upload,/function/diff.000007.000025.fits,0.46656,142666347.0
5044,7,gcp,europe-west1,768,MB,europe-west1,gcp,upload,/function/diff.000007.000025_area.fits,0.46656,66143994.5
5045,7,gcp,europe-west1,768,MB,europe-west1,gcp,upload,/function/diff.000007.000026.fits,0.144,57467398.0
5046,7,gcp,europe-west1,768,MB,europe-west1,gcp,upload,/function/diff.000007.000026_area.fits,0.144,55191921.0
5047,7,gcp,europe-west1,768,MB,europe-west1,gcp,upload,/function/diff.000007.000028.fits,0.03168,55028856.5
5048,7,gcp,europe-west1,768,MB,europe-west1,gcp,upload,/function/diff.000007.000028_area.fits,0.03168,59692803.0
5049,7,gcp,europe-west1,768,MB,europe-west1,gcp,upload,/function/diff.000008.000012.fits,0.14112,99293126.5
5050,7,gcp,europe-west1,768,MB,europe-west1,gcp,upload,/function/diff.000008.000012_area.fits,0.14112,54345930.5
5051,7,gcp,europe-west1,768,MB,europe-west1,gcp,upload,/function/diff.000008.000013.fits,0.53568,142995727.0
5052,7,gcp,europe-west1,768,MB,europe-west1,gcp,upload,/function/diff.000008.000013_area.fits,0.53568,62386920.5
5053,7,gcp,europe-west1,768,MB,europe-west1,gcp,upload,/function/diff.000008.000014.fits,3.30624,1047082319.0
5054,7,gcp,europe-west1,768,MB,europe-west1,gcp,upload,/function/diff.000008.000014_area.fits,3.30624,130916897.0
5055,7,gcp,europe-west1,768,MB,europe-west1,gcp,upload,/function/diff.000008.000015.fits,0.144,63617321.0
5056,7,gcp,europe-west1,768,MB,europe-west1,gcp,upload,/function/diff.000008.000015_area.fits,0.144,54998081.0
5057,7,gcp,europe-west1,768,MB,europe-west1,gcp,upload,/function/diff.000008.000017.fits,0.4608,93685732.5
5058,7,gcp,europe-west1,768,MB,europe-west1,gcp,upload,/function/diff.000008.000017_area.fits,0.4608,61264906.5
5059,7,gcp,europe-west1,768,MB,europe-west1,gcp,upload,/function/diff.000008.000020.fits,0.22176,89225948.5
5060,7,gcp,europe-west1,768,MB,europe-west1,gcp,upload,/function/diff.000008.000020_area.fits,0.22176,52378938.5
5061,7,gcp,europe-west1,768,MB,europe-west1,gcp,upload,/function/diff.000008.000022.fits,0.4464,93288288.5
5062,7,gcp,europe-west1,768,MB,europe-west1,gcp,upload,/function/diff.000008.000022_area.fits,0.4464,64312963.0
5063,7,gcp,europe-west1,768,MB,europe-west1,gcp,upload,/function/diff.000008.000025.fits,1.00512,287871511.5
5064,7,gcp,europe-west1,768,MB,europe-west1,gcp,upload,/function/diff.000008.000025_area.fits,1.00512,69744641.0
5065,7,gcp,europe-west1,768,MB,europe-west1,gcp,upload,/function/diff.000008.000027.fits,0.03456,55811609.5
5066,7,gcp,europe-west1,768,MB,europe-west1,gcp,upload,/function/diff.000008.000027_area.fits,0.03456,54284493.5
5067,7,gcp,europe-west1,768,MB,europe-west1,gcp,upload,/function/diff.000009.000016.fits,0.03456,51266532.0
5068,7,gcp,europe-west1,768,MB,europe-west1,gcp,upload,/function/diff.000009.000016_area.fits,0.03456,55141410.5
5069,7,gcp,europe-west1,768,MB,europe-west1,gcp,upload,/function/diff.000009.000019.fits,0.03168,80162180.0
5070,7,gcp,europe-west1,768,MB,europe-west1,gcp,upload,/function/diff.000009.000019_area.fits,0.03168,51905375.5
5071,7,gcp,europe-west1,768,MB,europe-west1,gcp,upload,/function/diff.000009.000020.fits,0.03456,59776010.5
5072,7,gcp,europe-west1,768,MB,europe-west1,gcp,upload,/function/diff.000009.000020_area.fits,0.03456,58423724.5
5073,7,gcp,europe-west1,768,MB,europe-west1,gcp,upload,/function/diff.000009.000023.fits,0.48672,118278576.5
5074,7,gcp,europe-west1,768,MB,europe-west1,gcp,upload,/function/diff.000009.000023_area.fits,0.48672,63529070.0
5075,7,gcp,europe-west1,768,MB,europe-west1,gcp,upload,/function/diff.000009.000026.fits,0.43488,85609759.5
5076,7,gcp,europe-west1,768,MB,europe-west1,gcp,upload,/function/diff.000009.000026_area.fits,0.43488,57026560.5
5077,7,gcp,europe-west1,768,MB,europe-west1,gcp,upload,/function/diff.000009.000027.fits,0.22176,83423874.0
5078,7,gcp,europe-west1,768,MB,europe-west1,gcp,upload,/function/diff.000009.000027_area.fits,0.22176,56827677.5
5079,7,gcp,europe-west1,768,MB,europe-west1,gcp,upload,/function/diff.000009.000028.fits,0.58464,176188638.5
5080,7,gcp,europe-west1,768,MB,europe-west1,gcp,upload,/function/diff.000009.000028_area.fits,0.58464,70443399.5
5081,7,gcp,europe-west1,768,MB,europe-west1,gcp,upload,/function/diff.000010.000015.fits,0.14112,65404592.0
5082,7,gcp,europe-west1,768,MB,europe-west1,gcp,upload,/function/diff.000010.000015_area.fits,0.14112,54747015.0
5083,7,gcp,europe-west1,768,MB,europe-west1,gcp,upload,/function/diff.000010.000016.fits,0.22176,87683592.0
5084,7,gcp,europe-west1,768,MB,europe-west1,gcp,upload,/function/diff.000010.000016_area.fits,0.22176,61562369.0
5085,7,gcp,europe-west1,768,MB,europe-west1,gcp,upload,/function/diff.000010.000017.fits,0.45216,94208945.0
5086,7,gcp,europe-west1,768,MB,europe-west1,gcp,upload,/function/diff.000010.000017_area.fits,0.45216,65272913.5
5087,7,gcp,europe-west1,768,MB,europe-west1,gcp,upload,/function/diff.000010.000018.fits,0.47232,85227844.5
5088,7,gcp,europe-west1,768,MB,europe-west1,gcp,upload,/function/diff.000010.000018_area.fits,0.47232,60253593.5
5089,7,gcp,europe-west1,768,MB,europe-west1,gcp,upload,/function/diff.000010.000019.fits,0.21024,80140176.5
5090,7,gcp,europe-west1,768,MB,europe-west1,gcp,upload,/function/diff.000010.000019_area.fits,0.21024,54122705.5
5091,7,gcp,europe-west1,768,MB,europe-west1,gcp,upload,/function/diff.000010.000021.fits,4.0752,1203927586.5
5092,7,gcp,europe-west1,768,MB,europe-west1,gcp,upload,/function/diff.000010.000021_area.fits,4.0752,174725644.0
5093,7,gcp,europe-west1,768,MB,europe-west1,gcp,upload,/function/diff.000010.000024.fits,0.1296,62414172.5
5094,7,gcp,europe-west1,768,MB,europe-west1,gcp,upload,/function/diff.000010.000024_area.fits,0.1296,51343632.5
5095,7,gcp,europe-west1,768,MB,europe-west1,gcp,upload,/function/diff.000010.000027.fits,0.03456,59148093.0
5096,7,gcp,europe-west1,768,MB,europe-west1,gcp,upload,/function/diff.000010.000027_area.fits,0.03456,52494148.0
5097,7,gcp,europe-west1,768,MB,europe-west1,gcp,upload,/function/diff.000010.000029.fits,0.14688,55492997.5
5098,7,gcp,europe-west1,768,MB,europe-west1,gcp,upload,/function/diff.000010.000029_area.fits,0.14688,53153687.5
5099,7,gcp,europe-west1,768,MB,europe-west1,gcp,upload,/function/diff.000010.000030.fits,0.42912,108948337.0
5100,7,gcp,europe-west1,768,MB,europe-west1,gcp,upload,/function/diff.000010.000030_area.fits,0.42912,75897995.5
5101,7,gcp,europe-west1,768,MB,europe-west1,gcp,upload,/function/diff.000011.000020.fits,0.03168,63986506.0
5102,7,gcp,europe-west1,768,MB,europe-west1,gcp,upload,/function/diff.000011.000020_area.fits,0.03168,55122817.5
5103,7,gcp,europe-west1,768,MB,europe-west1,gcp,upload,/function/diff.000011.000026.fits,0.46656,142608039.5
5104,7,gcp,europe-west1,768,MB,europe-west1,gcp,upload,/function/diff.000011.000026_area.fits,0.46656,69786420.0
5105,7,gcp,europe-west1,768,MB,europe-west1,gcp,upload,/function/diff.000011.000028.fits,0.53568,172310798.0
5106,7,gcp,europe-west1,768,MB,europe-west1,gcp,upload,/function/diff.000011.000028_area.fits,0.53568,62059714.0
5107,7,gcp,europe-west1,768,MB,europe-west1,gcp,upload,/function/diff.000012.000013.fits,1.02528,281552819.5
5108,7,gcp,europe-west1,768,MB,europe-west1,gcp,upload,/function/diff.000012.000013_area.fits,1.02528,109577729.0
5109,7,gcp,europe-west1,768,MB,europe-west1,gcp,upload,/function/diff.000012.000014.fits,0.03744,56539562.0
5110,7,gcp,europe-west1,768,MB,europe-west1,gcp,upload,/function/diff.000012.000014_area.fits,0.03744,53954454.0
5111,7,gcp,europe-west1,768,MB,europe-west1,gcp,upload,/function/diff.000012.000020.fits,0.4464,82699933.0
5112,7,gcp,europe-west1,768,MB,europe-west1,gcp,upload,/function/diff.000012.000020_area.fits,0.4464,58925783.5
5113,7,gcp,europe-west1,768,MB,europe-west1,gcp,upload,/function/diff.000012.000022.fits,0.22176,99263983.5
5114,7,gcp,europe-west1,768,MB,europe-west1,gcp,upload,/function/diff.000012.000022_area.fits,0.22176,57583024.5
5115,7,gcp,europe-west1,768,MB,europe-west1,gcp,upload,/function/diff.000012.000025.fits,0.59328,158007440.5
5116,7,gcp,europe-west1,768,MB,europe-west1,gcp,upload,/function/diff.000012.000025_area.fits,0.59328,66431086.0
5117,7,gcp,europe-west1,768,MB,europe-west1,gcp,upload,/function/diff.000012.000026.fits,0.03456,54499800.5
5118,7,gcp,europe-west1,768,MB,europe-west1,gcp,upload,/function/diff.000012.000026_area.fits,0.03456,51762836.0
5119,7,gcp,europe-west1,768,MB,europe-west1,gcp,upload,/function/diff.000013.000014.fits,0.4608,130048917.0
5120,7,gcp,europe-west1,768,MB,europe-west1,gcp,upload,/function/diff.000013.000014_area.fits,0.4608,59738172.0
5121,7,gcp,europe-west1,768,MB,europe-west1,gcp,upload,/function/diff.000013.000020.fits,0.03168,53226651.5
5122,7,gcp,europe-west1,768,MB,europe-west1,gcp,upload,/function/diff.000013.000020_area.fits,0.03168,64590933.0
5123,7,gcp,europe-west1,768,MB,europe-west1,gcp,upload,/function/diff.000013.000022.fits,3.31776,804730513.5
5124,7,gcp,europe-west1,768,MB,europe-west1,gcp,upload,/function/diff.000013.000022_area.fits,3.31776,141644842.5
5125,7,gcp,europe-west1,768,MB,europe-west1,gcp,upload,/function/diff.000013.000025.fits,0.144,66911902.0
5126,7,gcp,europe-west1,768,MB,europe-west1,gcp,upload,/function/diff.000013.000025_area.fits,0.144,53763943.0
5127,7,gcp,europe-west1,768,MB,europe-west1,gcp,upload,/function/diff.000014.000015.fits,0.03168,55624127.5
5128,7,gcp,europe-west1,768,MB,europe-west1,gcp,upload,/function/diff.000014.000015_area.fits,0.03168,48152377.0
5129,7,gcp,europe-west1,768,MB,europe-west1,gcp,upload,/function/diff.000014.000017.fits,0.52128,145181252.0
5130,7,gcp,europe-west1,768,MB,europe-west1,gcp,upload,/function/diff.000014.000017_area.fits,0.52128,59052263.5
5131,7,gcp,europe-west1,768,MB,europe-west1,gcp,upload,/function/diff.000014.000022.fits,0.58464,168718830.5
5132,7,gcp,europe-west1,768,MB,europe-west1,gcp,upload,/function/diff.000014.000022_area.fits,0.58464,68479233.0
5133,7,gcp,europe-west1,768,MB,europe-west1,gcp,upload,/function/diff.000014.000025.fits,0.22176,83024773.0
5134,7,gcp,europe-west1,768,MB,europe-west1,gcp,upload,/function/diff.000014.000025_area.fits,0.22176,57012869.0
5135,7,gcp,europe-west1,768,MB,europe-west1,gcp,upload,/function/diff.000015.000016.fits,0.4464,88754257.0
5136,7,gcp,europe-west1,768,MB,europe-west1,gcp,upload,/function/diff.000015.000016_area.fits,0.4464,60137918.0
5137,7,gcp,europe-west1,768,MB,europe-west1,gcp,upload,/function/diff.000015.000017.fits,0.22464,77375011.0
5138,7,gcp,europe-west1,768,MB,europe-west1,gcp,upload,/function/diff.000015.000017_area.fits,0.22464,51652852.0
5139,7,gcp,europe-west1,768,MB,europe-west1,gcp,upload,/function/diff.000015.000019.fits,0.40608,102063579.5
5140,7,gcp,europe-west1,768,MB,europe-west1,gcp,upload,/function/diff.000015.000019_area.fits,0.40608,64875990.0
5141,7,gcp,europe-west1,768,MB,europe-west1,gcp,upload,/function/diff.000015.000020.fits,0.46656,88325447.5
5142,7,gcp,europe-west1,768,MB,europe-west1,gcp,upload,/function/diff.000015.000020_area.fits,0.46656,65462591.0
5143,7,gcp,europe-west1,768,MB,europe-west1,gcp,upload,/function/diff.000015.000021.fits,0.1296,61863382.5
5144,7,gcp,europe-west1,768,MB,europe-west1,gcp,upload,/function/diff.000015.000021_area.fits,0.1296,59060662.5
5145,7,gcp,europe-west1,768,MB,europe-west1,gcp,upload,/function/diff.000015.000025.fits,0.52704,184239111.0
5146,7,gcp,europe-west1,768,MB,europe-west1,gcp,upload,/function/diff.000015.000025_area.fits,0.52704,59906233.5
5147,7,gcp,europe-west1,768,MB,europe-west1,gcp,upload,/function/diff.000015.000026.fits,0.03168,56327539.5
5148,7,gcp,europe-west1,768,MB,europe-west1,gcp,upload,/function/diff.000015.000026_area.fits,0.03168,49853868.5
5149,7,gcp,europe-west1,768,MB,europe-west1,gcp,upload,/function/diff.000015.000027.fits,3.33216,901073460.0
5150,7,gcp,europe-west1,768,MB,europe-west1,gcp,upload,/function/diff.000015.000027_area.fits,3.33216,144020738.0
5151,7,gcp,europe-west1,768,MB,europe-west1,gcp,upload,/function/diff.000016.000019.fits,4.0752,1426560998.5
5152,7,gcp,europe-west1,768,MB,europe-west1,gcp,upload,/function/diff.000016.000019_area.fits,4.0752,159516761.0
5153,7,gcp,europe-west1,768,MB,europe-west1,gcp,upload,/function/diff.000016.000021.fits,0.22752,80620987.5
5154,7,gcp,europe-west1,768,MB,europe-west1,gcp,upload,/function/diff.000016.000021_area.fits,0.22752,56013337.0
5155,7,gcp,europe-west1,768,MB,europe-west1,gcp,upload,/function/diff.000016.000023.fits,0.21024,73520786.5
5156,7,gcp,europe-west1,768,MB,europe-west1,gcp,upload,/function/diff.000016.000023_area.fits,0.21024,64300123.0
5157,7,gcp,europe-west1,768,MB,europe-west1,gcp,upload,/function/diff.000016.000024.fits,0.42912,145018939.0
5158,7,gcp,europe-west1,768,MB,europe-west1,gcp,upload,/function/diff.000016.000024_area.fits,0.42912,61741810.0
5159,7,gcp,europe-west1,768,MB,europe-west1,gcp,upload,/function/diff.000016.000027.fits,0.54432,158583855.0
5160,7,gcp,europe-west1,768,MB,europe-west1,gcp,upload,/function/diff.000016.000027_area.fits,0.54432,63924717.0
5161,7,gcp,europe-west1,768,MB,europe-west1,gcp,upload,/function/diff.000016.000029.fits,0.47232,132423476.0
5162,7,gcp,europe-west1,768,MB,europe-west1,gcp,upload,/function/diff.000016.000029_area.fits,0.47232,60859937.5
5163,7,gcp,europe-west1,768,MB,europe-west1,gcp,upload,/function/diff.000017.000021.fits,0.40608,146654782.5
5164,7,gcp,europe-west1,768,MB,europe-west1,gcp,upload,/function/diff.000017.000021_area.fits,0.40608,59575318.5
5165,7,gcp,europe-west1,768,MB,europe-west1,gcp,upload,/function/diff.000017.000025.fits,0.03168,54194015.5
5166,7,gcp,europe-west1,768,MB,europe-west1,gcp,upload,/function/diff.000017.000025_area.fits,0.03168,53758306.5
5167,7,gcp,europe-west1,768,MB,europe-west1,gcp,upload,/function/diff.000018.000021.fits,0.50976,153944586.0
5168,7,gcp,europe-west1,768,MB,europe-west1,gcp,upload,/function/diff.000018.000021_area.fits,0.50976,64744007.0
5169,7,gcp,europe-west1,768,MB,europe-west1,gcp,upload,/function/diff.000018.000024.fits,0.20736,73417908.5
5170,7,gcp,europe-west1,768,MB,europe-west1,gcp,upload,/function/diff.000018.000024_area.fits,0.20736,49033104.5
5171,7,gcp,europe-west1,768,MB,europe-west1,gcp,upload,/function/diff.000018.000029.fits,0.22176,118957724.0
5172,7,gcp,europe-west1,768,MB,europe-west1,gcp,upload,/function/diff.000018.000029_area.fits,0.22176,53012125.5
5173,7,gcp,europe-west1,768,MB,europe-west1,gcp,upload,/function/diff.000018.000030.fits,4.06368,1311369550.5
5174,7,gcp,europe-west1,768,MB,europe-west1,gcp,upload,/function/diff.000018.000030_area.fits,4.06368,134076839.0
5175,7,gcp,europe-west1,768,MB,europe-west1,gcp,upload,/function/diff.000019.000021.fits,0.22176,138260804.5
5176,7,gcp,europe-west1,768,MB,europe-west1,gcp,upload,/function/diff.000019.000021_area.fits,0.22176,61597596.5
5177,7,gcp,europe-west1,768,MB,europe-west1,gcp,upload,/function/diff.000019.000023.fits,0.22176,88489491.5
5178,7,gcp,europe-west1,768,MB,europe-west1,gcp,upload,/function/diff.000019.000023_area.fits,0.22176,52217443.0
5179,7,gcp,europe-west1,768,MB,europe-west1,gcp,upload,/function/diff.000019.000024.fits,0.46656,123768959.5
5180,7,gcp,europe-west1,768,MB,europe-west1,gcp,upload,/function/diff.000019.000024_area.fits,0.46656,65552443.5
5181,7,gcp,europe-west1,768,MB,europe-west1,gcp,upload,/function/diff.000019.000027.fits,0.49248,109509881.0
5182,7,gcp,europe-west1,768,MB,europe-west1,gcp,upload,/function/diff.000019.000027_area.fits,0.49248,58407907.5
5183,7,gcp,europe-west1,768,MB,europe-west1,gcp,upload,/function/diff.000019.000029.fits,0.50976,164415848.0
5184,7,gcp,europe-west1,768,MB,europe-west1,gcp,upload,/function/diff.000019.000029_area.fits,0.50976,56071342.5
5185,7,gcp,europe-west1,768,MB,europe-west1,gcp,upload,/function/diff.000020.000025.fits,3.30624,932015759.0
5186,7,gcp,europe-west1,768,MB,europe-west1,gcp,upload,/function/diff.000020.000025_area.fits,3.30624,181434726.0
5187,7,gcp,europe-west1,768,MB,europe-west1,gcp,upload,/function/diff.000020.000026.fits,1.00512,231478795.0
5188,7,gcp,europe-west1,768,MB,europe-west1,gcp,upload,/function/diff.000020.000026_area.fits,1.00512,73683824.5
5189,7,gcp,europe-west1,768,MB,europe-west1,gcp,upload,/function/diff.000020.000027.fits,0.576,146109605.0
5190,7,gcp,europe-west1,768,MB,europe-west1,gcp,upload,/function/diff.000020.000027_area.fits,0.576,64423871.5
5191,7,gcp,europe-west1,768,MB,europe-west1,gcp,upload,/function/diff.000020.000028.fits,0.22176,131592738.5
5192,7,gcp,europe-west1,768,MB,europe-west1,gcp,upload,/function/diff.000020.000028_area.fits,0.22176,54421796.0
5193,7,gcp,europe-west1,768,MB,europe-west1,gcp,upload,/function/diff.000021.000024.fits,0.144,63664852.5
5194,7,gcp,europe-west1,768,MB,europe-west1,gcp,upload,/function/diff.000021.000024_area.fits,0.144,56820522.0
5195,7,gcp,europe-west1,768,MB,europe-west1,gcp,upload,/function/diff.000021.000027.fits,0.03168,51307379.5
5196,7,gcp,europe-west1,768,MB,europe-west1,gcp,upload,/function/diff.000021.000027_area.fits,0.03168,49508957.0
5197,7,gcp,europe-west1,768,MB,europe-west1,gcp,upload,/function/diff.000021.000029.fits,0.16128,68057040.5
5198,7,gcp,europe-west1,768,MB,europe-west1,gcp,upload,/function/diff.000021.000029_area.fits,0.16128,60774951.0
5199,7,gcp,europe-west1,768,MB,europe-west1,gcp,upload,/function/diff.000021.000030.fits,0.46656,87254509.5
5200,7,gcp,europe-west1,768,MB,europe-west1,gcp,upload,/function/diff.000021.000030_area.fits,0.46656,60492237.0
5201,7,gcp,europe-west1,768,MB,europe-west1,gcp,upload,/function/diff.000022.000025.fits,0.03456,57933412.0
5202,7,gcp,europe-west1,768,MB,europe-west1,gcp,upload,/function/diff.000022.000025_area.fits,0.03456,50759447.0
5203,7,gcp,europe-west1,768,MB,europe-west1,gcp,upload,/function/diff.000023.000027.fits,0.0288,51240037.5
5204,7,gcp,europe-west1,768,MB,europe-west1,gcp,upload,/function/diff.000023.000027_area.fits,0.0288,58304646.0
5205,7,gcp,europe-west1,768,MB,europe-west1,gcp,upload,/function/diff.000024.000029.fits,4.06368,1238013290.0
5206,7,gcp,europe-west1,768,MB,europe-west1,gcp,upload,/function/diff.000024.000029_area.fits,4.06368,189476821.0
5207,7,gcp,europe-west1,768,MB,europe-west1,gcp,upload,/function/diff.000024.000030.fits,0.22464,80379651.0
5208,7,gcp,europe-west1,768,MB,europe-west1,gcp,upload,/function/diff.000024.000030_area.fits,0.22464,53862878.5
5209,7,gcp,europe-west1,768,MB,europe-west1,gcp,upload,/function/diff.000025.000026.fits,0.22176,114924271.0
5210,7,gcp,europe-west1,768,MB,europe-west1,gcp,upload,/function/diff.000025.000026_area.fits,0.22176,54167513.5
5211,7,gcp,europe-west1,768,MB,europe-west1,gcp,upload,/function/diff.000025.000027.fits,0.42912,102104425.5
5212,7,gcp,europe-west1,768,MB,europe-west1,gcp,upload,/function/diff.000025.000027_area.fits,0.42912,59609799.5
5213,7,gcp,europe-west1,768,MB,europe-west1,gcp,upload,/function/diff.000026.000027.fits,0.13248,57090911.5
5214,7,gcp,europe-west1,768,MB,europe-west1,gcp,upload,/function/diff.000026.000027_area.fits,0.13248,52802387.5
5215,7,gcp,europe-west1,768,MB,europe-west1,gcp,upload,/function/diff.000026.000028.fits,3.30624,847609515.5
5216,7,gcp,europe-west1,768,MB,europe-west1,gcp,upload,/function/diff.000026.000028_area.fits,3.30624,134403007.5
5217,7,gcp,europe-west1,768,MB,europe-west1,gcp,upload,/function/diff.000027.000028.fits,0.03456,50160131.0
5218,7,gcp,europe-west1,768,MB,europe-west1,gcp,upload,/function/diff.000027.000028_area.fits,0.03456,50363082.5
5219,7,gcp,europe-west1,768,MB,europe-west1,gcp,upload,/function/diff.000029.000030.fits,0.23328,120757299.5
5220,7,gcp,europe-west1,768,MB,europe-west1,gcp,upload,/function/diff.000029.000030_area.fits,0.23328,48743733.5
5221,7,gcp,europe-west1,768,MB,europe-west1,gcp,upload,/function/fit.000001.000007.txt,0.000287,56601210.0
5222,7,gcp,europe-west1,768,MB,europe-west1,gcp,upload,/function/fit.000001.000011.txt,0.00029,52413926.0
5223,7,gcp,europe-west1,768,MB,europe-west1,gcp,upload,/function/fit.000001.000012.txt,0.000288,58531155.0
5224,7,gcp,europe-west1,768,MB,europe-west1,gcp,upload,/function/fit.000001.000020.txt,0.000284,58959371.0
5225,7,gcp,europe-west1,768,MB,europe-west1,gcp,upload,/function/fit.000001.000025.txt,0.000286,53887657.5
5226,7,gcp,europe-west1,768,MB,europe-west1,gcp,upload,/function/fit.000001.000026.txt,0.000287,65406137.0
5227,7,gcp,europe-west1,768,MB,europe-west1,gcp,upload,/function/fit.000001.000028.txt,0.000286,57212871.0
5228,7,gcp,europe-west1,768,MB,europe-west1,gcp,upload,/function/fit.000002.000006.txt,0.000282,56984832.0
5229,7,gcp,europe-west1,768,MB,europe-west1,gcp,upload,/function/fit.000002.000009.txt,0.000285,54035597.0
5230,7,gcp,europe-west1,768,MB,europe-west1,gcp,upload,/function/fit.000002.000015.txt,0.000288,56094793.5
5231,7,gcp,europe-west1,768,MB,europe-west1,gcp,upload,/function/fit.000002.000016.txt,0.000278,57893679.0
5232,7,gcp,europe-west1,768,MB,europe-west1,gcp,upload,/function/fit.000002.000019.txt,0.000281,52084165.0
5233,7,gcp,europe-west1,768,MB,europe-west1,gcp,upload,/function/fit.000002.000020.txt,0.000286,53642707.5
5234,7,gcp,europe-west1,768,MB,europe-west1,gcp,upload,/function/fit.000002.000023.txt,0.00028,57579730.0
5235,7,gcp,europe-west1,768,MB,europe-west1,gcp,upload,/function/fit.000002.000025.txt,0.000281,49611277.5
5236,7,gcp,europe-west1,768,MB,europe-west1,gcp,upload,/function/fit.000002.000026.txt,0.000286,55285293.5
5237,7,gcp,europe-west1,768,MB,europe-west1,gcp,upload,/function/fit.000002.000027.txt,0.000286,53928036.5
5238,7,gcp,europe-west1,768,MB,europe-west1,gcp,upload,/function/fit.000002.000028.txt,0.000283,50572296.5
5239,7,gcp,europe-west1,768,MB,europe-west1,gcp,upload,/function/fit.000003.000005.txt,0.000288,50963839.5
5240,7,gcp,europe-west1,768,MB,europe-west1,gcp,upload,/function/fit.000003.000006.txt,0.000279,53317736.0
5241,7,gcp,europe-west1,768,MB,europe-west1,gcp,upload,/function/fit.000003.000016.txt,0.000279,53453139.5
5242,7,gcp,europe-west1,768,MB,europe-west1,gcp,upload,/function/fit.000003.000019.txt,0.000282,52756982.0
5243,7,gcp,europe-west1,768,MB,europe-west1,gcp,upload,/function/fit.000003.000023.txt,0.000281,55532611.0
5244,7,gcp,europe-west1,768,MB,europe-west1,gcp,upload,/function/fit.000003.000024.txt,0.00029,50983584.5
5245,7,gcp,europe-west1,768,MB,europe-west1,gcp,upload,/function/fit.000003.000029.txt,0.000284,52439330.5
5246,7,gcp,europe-west1,768,MB,europe-west1,gcp,upload,/function/fit.000004.000008.txt,0.00029,51041445.5
5247,7,gcp,europe-west1,768,MB,europe-west1,gcp,upload,/function/fit.000004.000010.txt,0.000285,53025426.5
5248,7,gcp,europe-west1,768,MB,europe-west1,gcp,upload,/function/fit.000004.000014.txt,0.000288,51056364.0
5249,7,gcp,europe-west1,768,MB,europe-west1,gcp,upload,/function/fit.000004.000015.txt,0.000288,54886251.0
5250,7,gcp,europe-west1,768,MB,europe-west1,gcp,upload,/function/fit.000004.000016.txt,0.000278,56113035.5
5251,7,gcp,europe-west1,768,MB,europe-west1,gcp,upload,/function/fit.000004.000017.txt,0.000291,53928286.0
5252,7,gcp,europe-west1,768,MB,europe-west1,gcp,upload,/function/fit.000004.000019.txt,0.00028,57365773.5
5253,7,gcp,europe-west1,768,MB,europe-west1,gcp,upload,/function/fit.000004.000020.txt,0.000283,52645490.0
5254,7,gcp,europe-west1,768,MB,europe-west1,gcp,upload,/function/fit.000004.000021.txt,0.000286,54586282.0
5255,7,gcp,europe-west1,768,MB,europe-west1,gcp,upload,/function/fit.000004.000025.txt,0.000285,50933428.5
5256,7,gcp,europe-west1,768,MB,europe-west1,gcp,upload,/function/fit.000004.000027.txt,0.000287,51758384.5
5257,7,gcp,europe-west1,768,MB,europe-west1,gcp,upload,/function/fit.000005.000006.txt,0.000282,49793340.0
5258,7,gcp,europe-west1,768,MB,europe-west1,gcp,upload,/function/fit.000005.000016.txt,0.00028,53856116.0
5259,7,gcp,europe-west1,768,MB,europe-west1,gcp,upload,/function/fit.000005.000019.txt,0.000283,53466617.0
5260,7,gcp,europe-west1,768,MB,europe-west1,gcp,upload,/function/fit.000005.000023.txt,0.000282,55964125.5
5261,7,gcp,europe-west1,768,MB,europe-west1,gcp,upload,/function/fit.000005.000024.txt,0.000282,60100211.0
5262,7,gcp,europe-west1,768,MB,europe-west1,gcp,upload,/function/fit.000005.000029.txt,0.000288,52591060.5
5263,7,gcp,europe-west1,768,MB,europe-west1,gcp,upload,/function/fit.000006.000009.txt,0.000281,55110276.5
5264,7,gcp,europe-west1,768,MB,europe-west1,gcp,upload,/function/fit.000006.000016.txt,0.000282,52219305.5
5265,7,gcp,europe-west1,768,MB,europe-west1,gcp,upload,/function/fit.000006.000019.txt,0.000284,51810858.0
5266,7,gcp,europe-west1,768,MB,europe-west1,gcp,upload,/function/fit.000006.000023.txt,0.000286,47283610.5
5267,7,gcp,europe-west1,768,MB,europe-west1,gcp,upload,/function/fit.000006.000027.txt,0.000277,56879634.5
5268,7,gcp,europe-west1,768,MB,europe-west1,gcp,upload,/function/fit.000007.000008.txt,0.000286,54652942.0
5269,7,gcp,europe-west1,768,MB,europe-west1,gcp,upload,/function/fit.000007.000011.txt,0.000294,48477705.0
5270,7,gcp,europe-west1,768,MB,europe-west1,gcp,upload,/function/fit.000007.000012.txt,0.000291,52322449.0
5271,7,gcp,europe-west1,768,MB,europe-west1,gcp,upload,/function/fit.000007.000013.txt,0.000295,56929750.5
5272,7,gcp,europe-west1,768,MB,europe-west1,gcp,upload,/function/fit.000007.000020.txt,0.000285,52830277.5
5273,7,gcp,europe-west1,768,MB,europe-west1,gcp,upload,/function/fit.000007.000025.txt,0.000285,49390195.5
5274,7,gcp,europe-west1,768,MB,europe-west1,gcp,upload,/function/fit.000007.000026.txt,0.000286,53380105.0
5275,7,gcp,europe-west1,768,MB,europe-west1,gcp,upload,/function/fit.000007.000028.txt,0.000279,54591480.5
5276,7,gcp,europe-west1,768,MB,europe-west1,gcp,upload,/function/fit.000008.000012.txt,0.000285,51463879.0
5277,7,gcp,europe-west1,768,MB,europe-west1,gcp,upload,/function/fit.000008.000013.txt,0.000288,61758342.5
5278,7,gcp,europe-west1,768,MB,europe-west1,gcp,upload,/function/fit.000008.000014.txt,0.000294,52311729.0
5279,7,gcp,europe-west1,768,MB,europe-west1,gcp,upload,/function/fit.000008.000015.txt,0.000291,58402347.5
5280,7,gcp,europe-west1,768,MB,europe-west1,gcp,upload,/function/fit.000008.000017.txt,0.000289,52958314.5
5281,7,gcp,europe-west1,768,MB,europe-west1,gcp,upload,/function/fit.000008.000020.txt,0.000292,57041604.0
5282,7,gcp,europe-west1,768,MB,europe-west1,gcp,upload,/function/fit.000008.000022.txt,0.000291,54905807.0
5283,7,gcp,europe-west1,768,MB,europe-west1,gcp,upload,/function/fit.000008.000025.txt,0.000292,50831298.5
5284,7,gcp,europe-west1,768,MB,europe-west1,gcp,upload,/function/fit.000008.000027.txt,0.000285,49291974.0
5285,7,gcp,europe-west1,768,MB,europe-west1,gcp,upload,/function/fit.000009.000016.txt,0.000275,48215307.5
5286,7,gcp,europe-west1,768,MB,europe-west1,gcp,upload,/function/fit.000009.000019.txt,0.000278,49295978.0
5287,7,gcp,europe-west1,768,MB,europe-west1,gcp,upload,/function/fit.000009.000020.txt,0.000277,49864241.5
5288,7,gcp,europe-west1,768,MB,europe-west1,gcp,upload,/function/fit.000009.000023.txt,0.000284,49955944.0
5289,7,gcp,europe-west1,768,MB,europe-west1,gcp,upload,/function/fit.000009.000026.txt,0.000285,54853518.5
5290,7,gcp,europe-west1,768,MB,europe-west1,gcp,upload,/function/fit.000009.000027.txt,0.000285,49265590.0
5291,7,gcp,europe-west1,768,MB,europe-west1,gcp,upload,/function/fit.000009.000028.txt,0.000288,50272273.0
5292,7,gcp,europe-west1,768,MB,europe-west1,gcp,upload,/function/fit.000010.000015.txt,0.000284,57261010.5
5293,7,gcp,europe-west1,768,MB,europe-west1,gcp,upload,/function/fit.000010.000016.txt,0.000285,51041356.0
5294,7,gcp,europe-west1,768,MB,europe-west1,gcp,upload,/function/fit.000010.000017.txt,0.000287,52932077.0
5295,7,gcp,europe-west1,768,MB,europe-west1,gcp,upload,/function/fit.000010.000018.txt,0.000287,56203997.5
5296,7,gcp,europe-west1,768,MB,europe-west1,gcp,upload,/function/fit.000010.000019.txt,0.000281,53944472.5
5297,7,gcp,europe-west1,768,MB,europe-west1,gcp,upload,/function/fit.000010.000021.txt,0.000288,50253811.0
5298,7,gcp,europe-west1,768,MB,europe-west1,gcp,upload,/function/fit.000010.000024.txt,0.000288,53047425.5
5299,7,gcp,europe-west1,768,MB,europe-west1,gcp,upload,/function/fit.000010.000027.txt,0.000279,51094158.0
5300,7,gcp,europe-west1,768,MB,europe-west1,gcp,upload,/function/fit.000010.000029.txt,0.000283,57871345.0
5301,7,gcp,europe-west1,768,MB,europe-west1,gcp,upload,/function/fit.000010.000030.txt,0.000286,49912689.5
5302,7,gcp,europe-west1,768,MB,europe-west1,gcp,upload,/function/fit.000011.000020.txt,0.000283,56896383.5
5303,7,gcp,europe-west1,768,MB,europe-west1,gcp,upload,/function/fit.000011.000026.txt,0.000282,50062375.0
5304,7,gcp,europe-west1,768,MB,europe-west1,gcp,upload,/function/fit.000011.000028.txt,0.000288,48003578.0
5305,7,gcp,europe-west1,768,MB,europe-west1,gcp,upload,/function/fit.000012.000013.txt,0.000291,49981442.5
5306,7,gcp,europe-west1,768,MB,europe-west1,gcp,upload,/function/fit.000012.000014.txt,0.000287,55028777.5
5307,7,gcp,europe-west1,768,MB,europe-west1,gcp,upload,/function/fit.000012.000020.txt,0.000286,48456793.0
5308,7,gcp,europe-west1,768,MB,europe-west1,gcp,upload,/function/fit.000012.000022.txt,0.000292,60245140.0
5309,7,gcp,europe-west1,768,MB,europe-west1,gcp,upload,/function/fit.000012.000025.txt,0.000289,52383367.0
5310,7,gcp,europe-west1,768,MB,europe-west1,gcp,upload,/function/fit.000012.000026.txt,0.000284,51555966.0
5311,7,gcp,europe-west1,768,MB,europe-west1,gcp,upload,/function/fit.000013.000014.txt,0.000289,52117079.0
5312,7,gcp,europe-west1,768,MB,europe-west1,gcp,upload,/function/fit.000013.000020.txt,0.000285,55609285.0
5313,7,gcp,europe-west1,768,MB,europe-west1,gcp,upload,/function/fit.000013.000022.txt,0.000295,48910896.0
5314,7,gcp,europe-west1,768,MB,europe-west1,gcp,upload,/function/fit.000013.000025.txt,0.00029,46524149.0
5315,7,gcp,europe-west1,768,MB,europe-west1,gcp,upload,/function/fit.000014.000015.txt,0.000283,51188492.5
5316,7,gcp,europe-west1,768,MB,europe-west1,gcp,upload,/function/fit.000014.000017.txt,0.000295,48139937.0
5317,7,gcp,europe-west1,768,MB,europe-west1,gcp,upload,/function/fit.000014.000022.txt,0.000293,57342871.5
5318,7,gcp,europe-west1,768,MB,europe-west1,gcp,upload,/function/fit.000014.000025.txt,0.000292,51712880.5
5319,7,gcp,europe-west1,768,MB,europe-west1,gcp,upload,/function/fit.000015.000016.txt,0.000284,47782623.5
5320,7,gcp,europe-west1,768,MB,europe-west1,gcp,upload,/function/fit.000015.000017.txt,0.00029,57190477.0
5321,7,gcp,europe-west1,768,MB,europe-west1,gcp,upload,/function/fit.000015.000019.txt,0.000285,48338483.5
5322,7,gcp,europe-west1,768,MB,europe-west1,gcp,upload,/function/fit.000015.000020.txt,0.000285,49947541.0
5323,7,gcp,europe-west1,768,MB,europe-west1,gcp,upload,/function/fit.000015.000021.txt,0.000283,51607730.5
5324,7,gcp,europe-west1,768,MB,europe-west1,gcp,upload,/function/fit.000015.000025.txt,0.000287,48360165.5
5325,7,gcp,europe-west1,768,MB,europe-west1,gcp,upload,/function/fit.000015.000026.txt,0.000283,51856724.5
5326,7,gcp,europe-west1,768,MB,europe-west1,gcp,upload,/function/fit.000015.000027.txt,0.000289,52852786.5
5327,7,gcp,europe-west1,768,MB,europe-west1,gcp,upload,/function/fit.000016.000019.txt,0.000283,49544518.0
5328,7,gcp,europe-west1,768,MB,europe-west1,gcp,upload,/function/fit.000016.000021.txt,0.000282,51086677.5
5329,7,gcp,europe-west1,768,MB,europe-west1,gcp,upload,/function/fit.000016.000023.txt,0.000282,51043678.0
5330,7,gcp,europe-west1,768,MB,europe-west1,gcp,upload,/function/fit.000016.000024.txt,0.000279,50324723.5
5331,7,gcp,europe-west1,768,MB,europe-west1,gcp,upload,/function/fit.000016.000027.txt,0.000279,49200876.5
5332,7,gcp,europe-west1,768,MB,europe-west1,gcp,upload,/function/fit.000016.000029.txt,0.000282,51267240.5
5333,7,gcp,europe-west1,768,MB,europe-west1,gcp,upload,/function/fit.000017.000021.txt,0.000288,47999458.0
5334,7,gcp,europe-west1,768,MB,europe-west1,gcp,upload,/function/fit.000017.000025.txt,0.000287,57973541.0
5335,7,gcp,europe-west1,768,MB,europe-west1,gcp,upload,/function/fit.000018.000021.txt,0.000288,53362561.5
5336,7,gcp,europe-west1,768,MB,europe-west1,gcp,upload,/function/fit.000018.000024.txt,0.000286,47405046.5
5337,7,gcp,europe-west1,768,MB,europe-west1,gcp,upload,/function/fit.000018.000029.txt,0.000288,50897603.5
5338,7,gcp,europe-west1,768,MB,europe-west1,gcp,upload,/function/fit.000018.000030.txt,0.000294,55157700.0
5339,7,gcp,europe-west1,768,MB,europe-west1,gcp,upload,/function/fit.000019.000021.txt,0.000288,53138131.5
5340,7,gcp,europe-west1,768,MB,europe-west1,gcp,upload,/function/fit.000019.000023.txt,0.000287,46465572.0
5341,7,gcp,europe-west1,768,MB,europe-west1,gcp,upload,/function/fit.000019.000024.txt,0.000281,50230357.0
5342,7,gcp,europe-west1,768,MB,europe-west1,gcp,upload,/function/fit.000019.000027.txt,0.000279,51272971.5
5343,7,gcp,europe-west1,768,MB,europe-west1,gcp,upload,/function/fit.000019.000029.txt,0.000283,50012946.0
5344,7,gcp,europe-west1,768,MB,europe-west1,gcp,upload,/function/fit.000020.000025.txt,0.000289,47064653.5
5345,7,gcp,europe-west1,768,MB,europe-west1,gcp,upload,/function/fit.000020.000026.txt,0.000286,48385540.0
5346,7,gcp,europe-west1,768,MB,europe-west1,gcp,upload,/function/fit.000020.000027.txt,0.000286,54438728.5
5347,7,gcp,europe-west1,768,MB,europe-west1,gcp,upload,/function/fit.000020.000028.txt,0.000289,43651355.0
5348,7,gcp,europe-west1,768,MB,europe-west1,gcp,upload,/function/fit.000021.000024.txt,0.000285,49262911.5
5349,7,gcp,europe-west1,768,MB,europe-west1,gcp,upload,/function/fit.000021.000027.txt,0.000277,56060142.0
5350,7,gcp,europe-west1,768,MB,europe-west1,gcp,upload,/function/fit.000021.000029.txt,0.000281,50224805.5
5351,7,gcp,europe-west1,768,MB,europe-west1,gcp,upload,/function/fit.000021.000030.txt,0.000284,48706662.5
5352,7,gcp,europe-west1,768,MB,europe-west1,gcp,upload,/function/fit.000022.000025.txt,0.000286,45211736.0
5353,7,gcp,europe-west1,768,MB,europe-west1,gcp,upload,/function/fit.000023.000027.txt,0.00028,53014525.5
5354,7,gcp,europe-west1,768,MB,europe-west1,gcp,upload,/function/fit.000024.000029.txt,0.00029,47892923.0
5355,7,gcp,europe-west1,768,MB,europe-west1,gcp,upload,/function/fit.000024.000030.txt,0.000289,46123367.5
5356,7,gcp,europe-west1,768,MB,europe-west1,gcp,upload,/function/fit.000025.000026.txt,0.00029,48683204.0
5357,7,gcp,europe-west1,768,MB,europe-west1,gcp,upload,/function/fit.000025.000027.txt,0.000282,46286915.5
5358,7,gcp,europe-west1,768,MB,europe-west1,gcp,upload,/function/fit.000026.000027.txt,0.000283,55487268.0
5359,7,gcp,europe-west1,768,MB,europe-west1,gcp,upload,/function/fit.000026.000028.txt,0.00029,50299246.0
5360,7,gcp,europe-west1,768,MB,europe-west1,gcp,upload,/function/fit.000027.000028.txt,0.000278,51271040.5
5361,7,gcp,europe-west1,768,MB,europe-west1,gcp,upload,/function/fit.000029.000030.txt,0.000283,49565317.0
5362,8,gcp,europe-west1,768,MB,europe-west1,gcp,download,/function/diffs.tbl,0.016167,184629792.0
5363,8,gcp,europe-west1,768,MB,europe-west1,gcp,download,/function/mStatFile,0.039792,77985436.5
5364,8,gcp,europe-west1,768,MB,europe-west1,gcp,upload,/function/statfile.tbl,0.005863,92193748.5
5365,9,gcp,europe-west1,768,MB,europe-west1,gcp,download,/function/fit.000001.000007.txt,0.000287,63313806.5
5366,9,gcp,europe-west1,768,MB,europe-west1,gcp,download,/function/fit.000001.000011.txt,0.00029,62137023.5
5367,9,gcp,europe-west1,768,MB,europe-west1,gcp,download,/function/fit.000001.000012.txt,0.000288,60217010.0
5368,9,gcp,europe-west1,768,MB,europe-west1,gcp,download,/function/fit.000001.000020.txt,0.000284,51441245.0
5369,9,gcp,europe-west1,768,MB,europe-west1,gcp,download,/function/fit.000001.000025.txt,0.000286,60910806.0
5370,9,gcp,europe-west1,768,MB,europe-west1,gcp,download,/function/fit.000001.000026.txt,0.000287,67772822.5
5371,9,gcp,europe-west1,768,MB,europe-west1,gcp,download,/function/fit.000001.000028.txt,0.000286,63976563.5
5372,9,gcp,europe-west1,768,MB,europe-west1,gcp,download,/function/fit.000002.000006.txt,0.000282,60838856.5
5373,9,gcp,europe-west1,768,MB,europe-west1,gcp,download,/function/fit.000002.000009.txt,0.000285,59089699.5
5374,9,gcp,europe-west1,768,MB,europe-west1,gcp,download,/function/fit.000002.000015.txt,0.000288,56261616.0
5375,9,gcp,europe-west1,768,MB,europe-west1,gcp,download,/function/fit.000002.000016.txt,0.000278,57431893.5
5376,9,gcp,europe-west1,768,MB,europe-west1,gcp,download,/function/fit.000002.000019.txt,0.000281,61357183.0
5377,9,gcp,europe-west1,768,MB,europe-west1,gcp,download,/function/fit.000002.000020.txt,0.000286,55557041.0
5378,9,gcp,europe-west1,768,MB,europe-west1,gcp,download,/function/fit.000002.000023.txt,0.00028,68064395.5
5379,9,gcp,europe-west1,768,MB,europe-west1,gcp,download,/function/fit.000002.000025.txt,0.000281,54653946.0
5380,9,gcp,europe-west1,768,MB,europe-west1,gcp,download,/function/fit.000002.000026.txt,0.000286,74723654.0
5381,9,gcp,europe-west1,768,MB,europe-west1,gcp,download,/function/fit.000002.000027.txt,0.000286,67168729.5
5382,9,gcp,europe-west1,768,MB,europe-west1,gcp,download,/function/fit.000002.000028.txt,0.000283,57695084.0
5383,9,gcp,europe-west1,768,MB,europe-west1,gcp,download,/function/fit.000003.000005.txt,0.000288,58104075.5
5384,9,gcp,europe-west1,768,MB,europe-west1,gcp,download,/function/fit.000003.000006.txt,0.000279,62305662.0
5385,9,gcp,europe-west1,768,MB,europe-west1,gcp,download,/function/fit.000003.000016.txt,0.000279,63976819.0
5386,9,gcp,europe-west1,768,MB,europe-west1,gcp,download,/function/fit.000003.000019.txt,0.000282,65126305.0
5387,9,gcp,europe-west1,768,MB,europe-west1,gcp,download,/function/fit.000003.000023.txt,0.000281,65685200.5
5388,9,gcp,europe-west1,768,MB,europe-west1,gcp,download,/function/fit.000003.000024.txt,0.00029,54341669.5
5389,9,gcp,europe-west1,768,MB,europe-west1,gcp,download,/function/fit.000003.000029.txt,0.000284,59752173.0
5390,9,gcp,europe-west1,768,MB,europe-west1,gcp,download,/function/fit.000004.000008.txt,0.00029,66418999.5
5391,9,gcp,europe-west1,768,MB,europe-west1,gcp,download,/function/fit.000004.000010.txt,0.000285,64491798.5
5392,9,gcp,europe-west1,768,MB,europe-west1,gcp,download,/function/fit.000004.000014.txt,0.000288,66552094.0
5393,9,gcp,europe-west1,768,MB,europe-west1,gcp,download,/function/fit.000004.000015.txt,0.000288,62774103.0
5394,9,gcp,europe-west1,768,MB,europe-west1,gcp,download,/function/fit.000004.000016.txt,0.000278,83117482.0
5395,9,gcp,europe-west1,768,MB,europe-west1,gcp,download,/function/fit.000004.000017.txt,0.000291,62100665.5
5396,9,gcp,europe-west1,768,MB,europe-west1,gcp,download,/function/fit.000004.000019.txt,0.00028,58192689.5
5397,9,gcp,europe-west1,768,MB,europe-west1,gcp,download,/function/fit.000004.000020.txt,0.000283,57013647.0
5398,9,gcp,europe-west1,768,MB,europe-west1,gcp,download,/function/fit.000004.000021.txt,0.000286,64096657.0
5399,9,gcp,europe-west1,768,MB,europe-west1,gcp,download,/function/fit.000004.000025.txt,0.000285,56972602.0
5400,9,gcp,europe-west1,768,MB,europe-west1,gcp,download,/function/fit.000004.000027.txt,0.000287,60870178.0
5401,9,gcp,europe-west1,768,MB,europe-west1,gcp,download,/function/fit.000005.000006.txt,0.000282,64196915.0
5402,9,gcp,europe-west1,768,MB,europe-west1,gcp,download,/function/fit.000005.000016.txt,0.00028,67960990.5
5403,9,gcp,europe-west1,768,MB,europe-west1,gcp,download,/function/fit.000005.000019.txt,0.000283,60805342.5
5404,9,gcp,europe-west1,768,MB,europe-west1,gcp,download,/function/fit.000005.000023.txt,0.000282,59099923.5
5405,9,gcp,europe-west1,768,MB,europe-west1,gcp,download,/function/fit.000005.000024.txt,0.000282,59298386.5
5406,9,gcp,europe-west1,768,MB,europe-west1,gcp,download,/function/fit.000005.000029.txt,0.000288,65128627.5
5407,9,gcp,europe-west1,768,MB,europe-west1,gcp,download,/function/fit.000006.000009.txt,0.000281,56928598.5
5408,9,gcp,europe-west1,768,MB,europe-west1,gcp,download,/function/fit.000006.000016.txt,0.000282,72338037.5
5409,9,gcp,europe-west1,768,MB,europe-west1,gcp,download,/function/fit.000006.000019.txt,0.000284,70506325.0
5410,9,gcp,europe-west1,768,MB,europe-west1,gcp,download,/function/fit.000006.000023.txt,0.000286,69590012.5
5411,9,gcp,europe-west1,768,MB,europe-west1,gcp,download,/function/fit.000006.000027.txt,0.000277,58187351.5
5412,9,gcp,europe-west1,768,MB,europe-west1,gcp,download,/function/fit.000007.000008.txt,0.000286,67514260.0
5413,9,gcp,europe-west1,768,MB,europe-west1,gcp,download,/function/fit.000007.000011.txt,0.000294,64995159.0
5414,9,gcp,europe-west1,768,MB,europe-west1,gcp,download,/function/fit.000007.000012.txt,0.000291,64866082.5
5415,9,gcp,europe-west1,768,MB,europe-west1,gcp,download,/function/fit.000007.000013.txt,0.000295,65056515.5
5416,9,gcp,europe-west1,768,MB,europe-west1,gcp,download,/function/fit.000007.000020.txt,0.000285,55587719.0
5417,9,gcp,europe-west1,768,MB,europe-west1,gcp,download,/function/fit.000007.000025.txt,0.000285,69721814.5
5418,9,gcp,europe-west1,768,MB,europe-west1,gcp,download,/function/fit.000007.000026.txt,0.000286,65012157.5
5419,9,gcp,europe-west1,768,MB,europe-west1,gcp,download,/function/fit.000007.000028.txt,0.000279,64673810.5
5420,9,gcp,europe-west1,768,MB,europe-west1,gcp,download,/function/fit.000008.000012.txt,0.000285,78638258.0
5421,9,gcp,europe-west1,768,MB,europe-west1,gcp,download,/function/fit.000008.000013.txt,0.000288,55677370.5
5422,9,gcp,europe-west1,768,MB,europe-west1,gcp,download,/function/fit.000008.000014.txt,0.000294,59784977.5
5423,9,gcp,europe-west1,768,MB,europe-west1,gcp,download,/function/fit.000008.000015.txt,0.000291,64643711.0
5424,9,gcp,europe-west1,768,MB,europe-west1,gcp,download,/function/fit.000008.000017.txt,0.000289,62507209.0
5425,9,gcp,europe-west1,768,MB,europe-west1,gcp,download,/function/fit.000008.000020.txt,0.000292,61324277.0
5426,9,gcp,europe-west1,768,MB,europe-west1,gcp,download,/function/fit.000008.000022.txt,0.000291,66463866.5
5427,9,gcp,europe-west1,768,MB,europe-west1,gcp,download,/function/fit.000008.000025.txt,0.000292,67249628.5
5428,9,gcp,europe-west1,768,MB,europe-west1,gcp,download,/function/fit.000008.000027.txt,0.000285,52817676.5
5429,9,gcp,europe-west1,768,MB,europe-west1,gcp,download,/function/fit.000009.000016.txt,0.000275,55155405.5
5430,9,gcp,europe-west1,768,MB,europe-west1,gcp,download,/function/fit.000009.000019.txt,0.000278,54442640.0
5431,9,gcp,europe-west1,768,MB,europe-west1,gcp,download,/function/fit.000009.000020.txt,0.000277,65232517.5
5432,9,gcp,europe-west1,768,MB,europe-west1,gcp,download,/function/fit.000009.000023.txt,0.000284,61807554.5
5433,9,gcp,europe-west1,768,MB,europe-west1,gcp,download,/function/fit.000009.000026.txt,0.000285,67164065.5
5434,9,gcp,europe-west1,768,MB,europe-west1,gcp,download,/function/fit.000009.000027.txt,0.000285,60062060.0
5435,9,gcp,europe-west1,768,MB,europe-west1,gcp,download,/function/fit.000009.000028.txt,0.000288,59139142.0
5436,9,gcp,europe-west1,768,MB,europe-west1,gcp,download,/function/fit.000010.000015.txt,0.000284,56486497.0
5437,9,gcp,europe-west1,768,MB,europe-west1,gcp,download,/function/fit.000010.000016.txt,0.000285,69830788.5
5438,9,gcp,europe-west1,768,MB,europe-west1,gcp,download,/function/fit.000010.000017.txt,0.000287,65782427.0
5439,9,gcp,europe-west1,768,MB,europe-west1,gcp,download,/function/fit.000010.000018.txt,0.000287,66387764.5
5440,9,gcp,europe-west1,768,MB,europe-west1,gcp,download,/function/fit.000010.000019.txt,0.000281,63443839.5
5441,9,gcp,europe-west1,768,MB,europe-west1,gcp,download,/function/fit.000010.000021.txt,0.000288,59739419.5
5442,9,gcp,europe-west1,768,MB,europe-west1,gcp,download,/function/fit.000010.000024.txt,0.000288,62678095.5
5443,9,gcp,europe-west1,768,MB,europe-west1,gcp,download,/function/fit.000010.000027.txt,0.000279,60573003.5
5444,9,gcp,europe-west1,768,MB,europe-west1,gcp,download,/function/fit.000010.000029.txt,0.000283,62383226.5
5445,9,gcp,europe-west1,768,MB,europe-west1,gcp,download,/function/fit.000010.000030.txt,0.000286,62280973.5
5446,9,gcp,europe-west1,768,MB,europe-west1,gcp,download,/function/fit.000011.000020.txt,0.000283,60468748.5
5447,9,gcp,europe-west1,768,MB,europe-west1,gcp,download,/function/fit.000011.000026.txt,0.000282,61242682.5
5448,9,gcp,europe-west1,768,MB,europe-west1,gcp,download,/function/fit.000011.000028.txt,0.000288,52475078.5
5449,9,gcp,europe-west1,768,MB,europe-west1,gcp,download,/function/fit.000012.000013.txt,0.000291,63003381.0
5450,9,gcp,europe-west1,768,MB,europe-west1,gcp,download,/function/fit.000012.000014.txt,0.000287,55107808.5
5451,9,gcp,europe-west1,768,MB,europe-west1,gcp,download,/function/fit.000012.000020.txt,0.000286,57762545.0
5452,9,gcp,europe-west1,768,MB,europe-west1,gcp,download,/function/fit.000012.000022.txt,0.000292,56070838.5
5453,9,gcp,europe-west1,768,MB,europe-west1,gcp,download,/function/fit.000012.000025.txt,0.000289,65434343.0
5454,9,gcp,europe-west1,768,MB,europe-west1,gcp,download,/function/fit.000012.000026.txt,0.000284,55601723.0
5455,9,gcp,europe-west1,768,MB,europe-west1,gcp,download,/function/fit.000013.000014.txt,0.000289,78094939.0
5456,9,gcp,europe-west1,768,MB,europe-west1,gcp,download,/function/fit.000013.000020.txt,0.000285,60904602.5
5457,9,gcp,europe-west1,768,MB,europe-west1,gcp,download,/function/fit.000013.000022.txt,0.000295,67333180.5
5458,9,gcp,europe-west1,768,MB,europe-west1,gcp,download,/function/fit.000013.000025.txt,0.00029,54408280.5
5459,9,gcp,europe-west1,768,MB,europe-west1,gcp,download,/function/fit.000014.000015.txt,0.000283,60390359.0
5460,9,gcp,europe-west1,768,MB,europe-west1,gcp,download,/function/fit.000014.000017.txt,0.000295,106709711.0
5461,9,gcp,europe-west1,768,MB,europe-west1,gcp,download,/function/fit.000014.000022.txt,0.000293,53644926.5
5462,9,gcp,europe-west1,768,MB,europe-west1,gcp,download,/function/fit.000014.000025.txt,0.000292,60858074.0
5463,9,gcp,europe-west1,768,MB,europe-west1,gcp,download,/function/fit.000015.000016.txt,0.000284,68146345.0
5464,9,gcp,europe-west1,768,MB,europe-west1,gcp,download,/function/fit.000015.000017.txt,0.00029,66670218.5
5465,9,gcp,europe-west1,768,MB,europe-west1,gcp,download,/function/fit.000015.000019.txt,0.000285,69155943.0
5466,9,gcp,europe-west1,768,MB,europe-west1,gcp,download,/function/fit.000015.000020.txt,0.000285,62020241.0
5467,9,gcp,europe-west1,768,MB,europe-west1,gcp,download,/function/fit.000015.000021.txt,0.000283,68685781.0
5468,9,gcp,europe-west1,768,MB,europe-west1,gcp,download,/function/fit.000015.000025.txt,0.000287,71922896.5
5469,9,gcp,europe-west1,768,MB,europe-west1,gcp,download,/function/fit.000015.000026.txt,0.000283,51836384.0
5470,9,gcp,europe-west1,768,MB,europe-west1,gcp,download,/function/fit.000015.000027.txt,0.000289,66629101.5
5471,9,gcp,europe-west1,768,MB,europe-west1,gcp,download,/function/fit.000016.000019.txt,0.000283,66239795.5
5472,9,gcp,europe-west1,768,MB,europe-west1,gcp,download,/function/fit.000016.000021.txt,0.000282,55227208.0
5473,9,gcp,europe-west1,768,MB,europe-west1,gcp,download,/function/fit.000016.000023.txt,0.000282,55955071.5
5474,9,gcp,europe-west1,768,MB,europe-west1,gcp,download,/function/fit.000016.000024.txt,0.000279,61702296.0
5475,9,gcp,europe-west1,768,MB,europe-west1,gcp,download,/function/fit.000016.000027.txt,0.000279,60798954.5
5476,9,gcp,europe-west1,768,MB,europe-west1,gcp,download,/function/fit.000016.000029.txt,0.000282,62609538.5
5477,9,gcp,europe-west1,768,MB,europe-west1,gcp,download,/function/fit.000017.000021.txt,0.000288,64592057.0
5478,9,gcp,europe-west1,768,MB,europe-west1,gcp,download,/function/fit.000017.000025.txt,0.000287,59665810.5
5479,9,gcp,europe-west1,768,MB,europe-west1,gcp,download,/function/fit.000018.000021.txt,0.000288,52289030.0
5480,9,gcp,europe-west1,768,MB,europe-west1,gcp,download,/function/fit.000018.000024.txt,0.000286,54213330.5
5481,9,gcp,europe-west1,768,MB,europe-west1,gcp,download,/function/fit.000018.000029.txt,0.000288,57463443.0
5482,9,gcp,europe-west1,768,MB,europe-west1,gcp,download,/function/fit.000018.000030.txt,0.000294,48662044.5
5483,9,gcp,europe-west1,768,MB,europe-west1,gcp,download,/function/fit.000019.000021.txt,0.000288,56731995.5
5484,9,gcp,europe-west1,768,MB,europe-west1,gcp,download,/function/fit.000019.000023.txt,0.000287,43651094.5
5485,9,gcp,europe-west1,768,MB,europe-west1,gcp,download,/function/fit.000019.000024.txt,0.000281,53368081.0
5486,9,gcp,europe-west1,768,MB,europe-west1,gcp,download,/function/fit.000019.000027.txt,0.000279,65702400.0
5487,9,gcp,europe-west1,768,MB,europe-west1,gcp,download,/function/fit.000019.000029.txt,0.000283,57082567.0
5488,9,gcp,europe-west1,768,MB,europe-west1,gcp,download,/function/fit.000020.000025.txt,0.000289,54189116.5
5489,9,gcp,europe-west1,768,MB,europe-west1,gcp,download,/function/fit.000020.000026.txt,0.000286,58705377.0
5490,9,gcp,europe-west1,768,MB,europe-west1,gcp,download,/function/fit.000020.000027.txt,0.000286,63580477.5
5491,9,gcp,europe-west1,768,MB,europe-west1,gcp,download,/function/fit.000020.000028.txt,0.000289,56810684.5
5492,9,gcp,europe-west1,768,MB,europe-west1,gcp,download,/function/fit.000021.000024.txt,0.000285,51098007.0
5493,9,gcp,europe-west1,768,MB,europe-west1,gcp,download,/function/fit.000021.000027.txt,0.000277,64541202.0
5494,9,gcp,europe-west1,768,MB,europe-west1,gcp,download,/function/fit.000021.000029.txt,0.000281,51987518.0
5495,9,gcp,europe-west1,768,MB,europe-west1,gcp,download,/function/fit.000021.000030.txt,0.000284,57703278.5
5496,9,gcp,europe-west1,768,MB,europe-west1,gcp,download,/function/fit.000022.000025.txt,0.000286,46778105.0
5497,9,gcp,europe-west1,768,MB,europe-west1,gcp,download,/function/fit.000023.000027.txt,0.00028,63729997.0
5498,9,gcp,europe-west1,768,MB,europe-west1,gcp,download,/function/fit.000024.000029.txt,0.00029,44918574.0
5499,9,gcp,europe-west1,768,MB,europe-west1,gcp,download,/function/fit.000024.000030.txt,0.000289,48305941.0
5500,9,gcp,europe-west1,768,MB,europe-west1,gcp,download,/function/fit.000025.000026.txt,0.00029,61954679.0
5501,9,gcp,europe-west1,768,MB,europe-west1,gcp,download,/function/fit.000025.000027.txt,0.000282,53806162.5
5502,9,gcp,europe-west1,768,MB,europe-west1,gcp,download,/function/fit.000026.000027.txt,0.000283,65987143.5
5503,9,gcp,europe-west1,768,MB,europe-west1,gcp,download,/function/fit.000026.000028.txt,0.00029,57989711.0
5504,9,gcp,europe-west1,768,MB,europe-west1,gcp,download,/function/fit.000027.000028.txt,0.000278,55727401.5
5505,9,gcp,europe-west1,768,MB,europe-west1,gcp,download,/function/fit.000029.000030.txt,0.000283,51119634.5
5506,9,gcp,europe-west1,768,MB,europe-west1,gcp,download,/function/mConcatFit,0.048384,45181527.0
5507,9,gcp,europe-west1,768,MB,europe-west1,gcp,download,/function/statfile.tbl,0.005863,50448782.0
5508,9,gcp,europe-west1,768,MB,europe-west1,gcp,upload,/function/fits.tbl,0.029537,139352849.0
