order,function_provider,function_region,function_memory,function_memory_unit,storage_region,storage_provider,transfer_type,file_path,file_size_mb,transfer_time_ns
10,gcp,europe-west1,1024,MB,europe-west1,gcp,download,/function/fits.tbl,0.029537,55786094.5
10,gcp,europe-west1,1024,MB,europe-west1,gcp,download,/function/mBgModel,0.078616,122159421.0
10,gcp,europe-west1,1024,MB,europe-west1,gcp,download,/function/pimages.tbl,0.00511,75391604.0
10,gcp,europe-west1,1024,MB,europe-west1,gcp,upload,/function/corrections.tbl,0.001706,92347537.5
11,gcp,europe-west1,1024,MB,europe-west1,gcp,download,/function/pimages.tbl,0.00511,117431931.5
11,gcp,europe-west1,1024,MB,europe-west1,gcp,upload,/function/modpimages.tbl,0.00575,66118463.5
13,gcp,europe-west1,1024,MB,europe-west1,gcp,download,/function/corrections.tbl,0.001706,49557912.5
13,gcp,europe-west1,1024,MB,europe-west1,gcp,download,/function/mBackground,5.373736,158316464.5
13,gcp,europe-west1,1024,MB,europe-west1,gcp,download,/function/modpimages.tbl,0.00575,49170450.0
13,gcp,europe-west1,1024,MB,europe-west1,gcp,download,/function/p2mass-atlas-001020s-k0860033.fits,4.14432,214167572.0
13,gcp,europe-west1,1024,MB,europe-west1,gcp,download,/function/p2mass-atlas-001020s-k0860033_area.fits,4.14432,656503973.0
13,gcp,europe-west1,1024,MB,europe-west1,gcp,download,/function/p2mass-atlas-001020s-k0860044.fits,4.14432,179277967.0
13,gcp,europe-west1,1024,MB,europe-west1,gcp,download,/function/p2mass-atlas-001020s-k0860044_area.fits,4.14432,179919870.5
13,gcp,europe-west1,1024,MB,europe-west1,gcp,download,/function/p2mass-atlas-001020s-k0860056.fits,4.14432,345441822.5
13,gcp,europe-west1,1024,MB,europe-west1,gcp,download,/function/p2mass-atlas-001020s-k0860056_area.fits,4.14432,181422654.5
13,gcp,europe-west1,1024,MB,europe-west1,gcp,download,/function/p2mass-atlas-001020s-k0870221.fits,4.13568,240898158.0
13,gcp,europe-west1,1024,MB,europe-west1,gcp,download,/function/p2mass-atlas-001020s-k0870221_area.fits,4.13568,150640230.5
13,gcp,europe-west1,1024,MB,europe-west1,gcp,download,/function/p2mass-atlas-001020s-k0870233.fits,4.13568,181267257.0
13,gcp,europe-west1,1024,MB,europe-west1,gcp,download,/function/p2mass-atlas-001020s-k0870233_area.fits,4.13568,148352429.5
13,gcp,europe-west1,1024,MB,europe-west1,gcp,download,/function/p2mass-atlas-001020s-k0870245.fits,4.13568,191388853.0
13,gcp,europe-west1,1024,MB,europe-west1,gcp,download,/function/p2mass-atlas-001020s-k0870245_area.fits,4.13568,136580645.5
13,gcp,europe-west1,1024,MB,europe-west1,gcp,download,/function/p2mass-atlas-001021s-k0490221.fits,4.13568,263423239.0
13,gcp,europe-west1,1024,MB,europe-west1,gcp,download,/function/p2mass-atlas-001021s-k0490221_area.fits,4.13568,179332767.0
13,gcp,europe-west1,1024,MB,europe-west1,gcp,download,/function/p2mass-atlas-001021s-k0490233.fits,4.13568,284555332.0
13,gcp,europe-west1,1024,MB,europe-west1,gcp,download,/function/p2mass-atlas-001021s-k0490233_area.fits,4.13568,155724338.0
13,gcp,europe-west1,1024,MB,europe-west1,gcp,download,/function/p2mass-atlas-001021s-k0490245.fits,4.14432,195911346.5
13,gcp,europe-west1,1024,MB,europe-west1,gcp,download,/function/p2mass-atlas-001021s-k0490245_area.fits,4.14432,178418689.0
13,gcp,europe-west1,1024,MB,europe-west1,gcp,download,/function/p2mass-atlas-001021s-k0560033.fits,4.15296,257772168.0
13,gcp,europe-west1,1024,MB,europe-west1,gcp,download,/function/p2mass-atlas-001021s-k0560033_area.fits,4.15296,143231757.0
13,gcp,europe-west1,1024,MB,europe-west1,gcp,download,/function/p2mass-atlas-001021s-k0560044.fits,4.14432,202107203.0
13,gcp,europe-west1,1024,MB,europe-west1,gcp,download,/function/p2mass-atlas-001021s-k0560044_area.fits,4.14432,153219881.5
13,gcp,europe-west1,1024,MB,europe-west1,gcp,download,/function/p2mass-atlas-001021s-k0560056.fits,4.13568,174379045.0
13,gcp,europe-west1,1024,MB,europe-west1,gcp,download,/function/p2mass-atlas-001021s-k0560056_area.fits,4.13568,181973551.5
13,gcp,europe-west1,1024,MB,europe-west1,gcp,download,/function/p2mass-atlas-001021s-k0570221.fits,4.14432,192046869.5
13,gcp,europe-west1,1024,MB,europe-west1,gcp,download,/function/p2mass-atlas-001021s-k0570221_area.fits,4.14432,139591259.0
13,gcp,europe-west1,1024,MB,europe-west1,gcp,download,/function/p2mass-atlas-001021s-k0570233.fits,4.13568,177207626.5
13,gcp,europe-west1,1024,MB,europe-west1,gcp,download,/function/p2mass-atlas-001021s-k0570233_area.fits,4.13568,154777295.5
13,gcp,europe-west1,1024,MB,europe-west1,gcp,download,/function/p2mass-atlas-001021s-k0570245.fits,4.14432,182552614.5
13,gcp,europe-west1,1024,MB,europe-west1,gcp,download,/function/p2mass-atlas-001021s-k0570245_area.fits,4.14432,120757399.0
13,gcp,europe-west1,1024,MB,europe-west1,gcp,download,/function/p2mass-atlas-980914s-k0800033.fits,4.14432,171393253.0
13,gcp,europe-west1,1024,MB,europe-west1,gcp,download,/function/p2mass-atlas-980914s-k0800033_area.fits,4.14432,175881072.0
13,gcp,europe-west1,1024,MB,europe-west1,gcp,download,/function/p2mass-atlas-980914s-k0800044.fits,4.14432,138453266.5
13,gcp,europe-west1,1024,MB,europe-west1,gcp,download,/function/p2mass-atlas-980914s-k0800044_area.fits,4.14432,165713427.5
13,gcp,europe-west1,1024,MB,europe-west1,gcp,download,/function/p2mass-atlas-980914s-k0800056.fits,4.14432,169618915.0
13,gcp,europe-west1,1024,MB,europe-west1,gcp,download,/function/p2mass-atlas-980914s-k0800056_area.fits,4.14432,161650487.0
13,gcp,europe-west1,1024,MB,europe-west1,gcp,download,/function/p2mass-atlas-980914s-k0810221.fits,4.14432,242260826.5
13,gcp,europe-west1,1024,MB,europe-west1,gcp,download,/function/p2mass-atlas-980914s-k0810221_area.fits,4.14432,147988203.0
13,gcp,europe-west1,1024,MB,europe-west1,gcp,download,/function/p2mass-atlas-980914s-k0810233.fits,4.14432,202722614.5
13,gcp,europe-west1,1024,MB,europe-west1,gcp,download,/function/p2mass-atlas-980914s-k0810233_area.fits,4.14432,116017078.0
13,gcp,europe-west1,1024,MB,europe-west1,gcp,download,/function/p2mass-atlas-980914s-k0810245.fits,4.14432,171981547.5
13,gcp,europe-west1,1024,MB,europe-west1,gcp,download,/function/p2mass-atlas-980914s-k0810245_area.fits,4.14432,135531632.0
13,gcp,europe-west1,1024,MB,europe-west1,gcp,download,/function/p2mass-atlas-980914s-k0820033.fits,4.14432,183028561.0
13,gcp,europe-west1,1024,MB,europe-west1,gcp,download,/function/p2mass-atlas-980914s-k0820033_area.fits,4.14432,160922882.0
13,gcp,europe-west1,1024,MB,europe-west1,gcp,download,/function/p2mass-atlas-980914s-k0820044.fits,4.14432,187483772.0
13,gcp,europe-west1,1024,MB,europe-west1,gcp,download,/function/p2mass-atlas-980914s-k0820044_area.fits,4.14432,166525430.5
13,gcp,europe-west1,1024,MB,europe-west1,gcp,download,/function/p2mass-atlas-980914s-k0820056.fits,4.13568,191824768.0
13,gcp,europe-west1,1024,MB,europe-west1,gcp,download,/function/p2mass-atlas-980914s-k0820056_area.fits,4.13568,138622439.0
13,gcp,europe-west1,1024,MB,europe-west1,gcp,download,/function/p2mass-atlas-980914s-k0830221.fits,4.14432,179796116.5
13,gcp,europe-west1,1024,MB,europe-west1,gcp,download,/function/p2mass-atlas-980914s-k0830221_area.fits,4.14432,174571719.0
13,gcp,europe-west1,1024,MB,europe-west1,gcp,download,/function/p2mass-atlas-980914s-k0830233.fits,4.14432,150235610.5
13,gcp,europe-west1,1024,MB,europe-west1,gcp,download,/function/p2mass-atlas-980914s-k0830233_area.fits,4.14432,153076909.0
13,gcp,europe-west1,1024,MB,europe-west1,gcp,download,/function/p2mass-atlas-980914s-k0830245.fits,4.14432,175542954.0
13,gcp,europe-west1,1024,MB,europe-west1,gcp,download,/function/p2mass-atlas-980914s-k0830245_area.fits,4.14432,111001882.5
13,gcp,europe-west1,1024,MB,europe-west1,gcp,download,/function/p2mass-atlas-980914s-k0840033.fits,4.14432,192376053.0
13,gcp,europe-west1,1024,MB,europe-west1,gcp,download,/function/p2mass-atlas-980914s-k0840033_area.fits,4.14432,189106053.5
13,gcp,europe-west1,1024,MB,europe-west1,gcp,download,/function/p2mass-atlas-980914s-k0840044.fits,4.14432,139244535.0
13,gcp,europe-west1,1024,MB,europe-west1,gcp,download,/function/p2mass-atlas-980914s-k0840044_area.fits,4.14432,197722032.0
13,gcp,europe-west1,1024,MB,europe-west1,gcp,download,/function/p2mass-atlas-980914s-k0840056.fits,4.14432,203787335.5
13,gcp,europe-west1,1024,MB,europe-west1,gcp,download,/function/p2mass-atlas-980914s-k0840056_area.fits,4.14432,136582018.5
13,gcp,europe-west1,1024,MB,europe-west1,gcp,upload,/function/corrected/p2mass-atlas-001020s-k0860033_corrected.fits,4.14432,1378739718.5
13,gcp,europe-west1,1024,MB,europe-west1,gcp,upload,/function/corrected/p2mass-atlas-001020s-k0860033_corrected_area.fits,4.14432,265194929.0
13,gcp,europe-west1,1024,MB,europe-west1,gcp,upload,/function/corrected/p2mass-atlas-001020s-k0860044_corrected.fits,4.14432,1818778859.0
13,gcp,europe-west1,1024,MB,europe-west1,gcp,upload,/function/corrected/p2mass-atlas-001020s-k0860044_corrected_area.fits,4.14432,270589281.0
13,gcp,europe-west1,1024,MB,europe-west1,gcp,upload,/function/corrected/p2mass-atlas-001020s-k0860056_corrected.fits,4.14432,1733823098.5
13,gcp,europe-west1,1024,MB,europe-west1,gcp,upload,/function/corrected/p2mass-atlas-001020s-k0860056_corrected_area.fits,4.14432,154253105.5
13,gcp,europe-west1,1024,MB,europe-west1,gcp,upload,/function/corrected/p2mass-atlas-001020s-k0870221_corrected.fits,4.13568,1780332791.5
13,gcp,europe-west1,1024,MB,europe-west1,gcp,upload,/function/corrected/p2mass-atlas-001020s-k0870221_corrected_area.fits,4.13568,276531030.0
13,gcp,europe-west1,1024,MB,europe-west1,gcp,upload,/function/corrected/p2mass-atlas-001020s-k0870233_corrected.fits,4.13568,1875336875.0
13,gcp,europe-west1,1024,MB,europe-west1,gcp,upload,/function/corrected/p2mass-atlas-001020s-k0870233_corrected_area.fits,4.13568,284470846.5
13,gcp,europe-west1,1024,MB,europe-west1,gcp,upload,/function/corrected/p2mass-atlas-001020s-k0870245_corrected.fits,4.13568,1831703956.5
13,gcp,europe-west1,1024,MB,europe-west1,gcp,upload,/function/corrected/p2mass-atlas-001020s-k0870245_corrected_area.fits,4.13568,256664904.5
13,gcp,europe-west1,1024,MB,europe-west1,gcp,upload,/function/corrected/p2mass-atlas-001021s-k0490221_corrected.fits,4.13568,1840924357.0
13,gcp,europe-west1,1024,MB,europe-west1,gcp,upload,/function/corrected/p2mass-atlas-001021s-k0490221_corrected_area.fits,4.13568,324390859.0
13,gcp,europe-west1,1024,MB,europe-west1,gcp,upload,/function/corrected/p2mass-atlas-001021s-k0490233_corrected.fits,4.13568,1873622582.5
13,gcp,europe-west1,1024,MB,europe-west1,gcp,upload,/function/corrected/p2mass-atlas-001021s-k0490233_corrected_area.fits,4.13568,279663858.0
13,gcp,europe-west1,1024,MB,europe-west1,gcp,upload,/function/corrected/p2mass-atlas-001021s-k0490245_corrected.fits,4.14432,1809508368.5
13,gcp,europe-west1,1024,MB,europe-west1,gcp,upload,/function/corrected/p2mass-atlas-001021s-k0490245_corrected_area.fits,4.14432,326829432.5
13,gcp,europe-west1,1024,MB,europe-west1,gcp,upload,/function/corrected/p2mass-atlas-001021s-k0560033_corrected.fits,4.15296,1829191853.5
13,gcp,europe-west1,1024,MB,europe-west1,gcp,upload,/function/corrected/p2mass-atlas-001021s-k0560033_corrected_area.fits,4.15296,269107950.0
13,gcp,europe-west1,1024,MB,europe-west1,gcp,upload,/function/corrected/p2mass-atlas-001021s-k0560044_corrected.fits,4.14432,1782987952.0
13,gcp,europe-west1,1024,MB,europe-west1,gcp,upload,/function/corrected/p2mass-atlas-001021s-k0560044_corrected_area.fits,4.14432,358165603.5
13,gcp,europe-west1,1024,MB,europe-west1,gcp,upload,/function/corrected/p2mass-atlas-001021s-k0560056_corrected.fits,4.13568,1775635621.0
13,gcp,europe-west1,1024,MB,europe-west1,gcp,upload,/function/corrected/p2mass-atlas-001021s-k0560056_corrected_area.fits,4.13568,368180420.0
13,gcp,europe-west1,1024,MB,europe-west1,gcp,upload,/function/corrected/p2mass-atlas-001021s-k0570221_corrected.fits,4.14432,1868308153.5
13,gcp,europe-west1,1024,MB,europe-west1,gcp,upload,/function/corrected/p2mass-atlas-001021s-k0570221_corrected_area.fits,4.14432,299793166.0
13,gcp,europe-west1,1024,MB,europe-west1,gcp,upload,/function/corrected/p2mass-atlas-001021s-k0570233_corrected.fits,4.13568,1787435251.5
13,gcp,europe-west1,1024,MB,europe-west1,gcp,upload,/function/corrected/p2mass-atlas-001021s-k0570233_corrected_area.fits,4.13568,334222704.0
13,gcp,europe-west1,1024,MB,europe-west1,gcp,upload,/function/corrected/p2mass-atlas-001021s-k0570245_corrected.fits,4.14432,1853429574.0
13,gcp,europe-west1,1024,MB,europe-west1,gcp,upload,/function/corrected/p2mass-atlas-001021s-k0570245_corrected_area.fits,4.14432,276863954.0
13,gcp,europe-west1,1024,MB,europe-west1,gcp,upload,/function/corrected/p2mass-atlas-980914s-k0800033_corrected.fits,4.14432,1793663239.0
13,gcp,europe-west1,1024,MB,europe-west1,gcp,upload,/function/corrected/p2mass-atlas-980914s-k0800033_corrected_area.fits,4.14432,188004602.0
13,gcp,europe-west1,1024,MB,europe-west1,gcp,upload,/function/corrected/p2mass-atlas-980914s-k0800044_corrected.fits,4.14432,1772187862.5
13,gcp,europe-west1,1024,MB,europe-west1,gcp,upload,/function/corrected/p2mass-atlas-980914s-k0800044_corrected_area.fits,4.14432,258716834.5
13,gcp,europe-west1,1024,MB,europe-west1,gcp,upload,/function/corrected/p2mass-atlas-980914s-k0800056_corrected.fits,4.14432,1422270381.0
13,gcp,europe-west1,1024,MB,europe-west1,gcp,upload,/function/corrected/p2mass-atlas-980914s-k0800056_corrected_area.fits,4.14432,206547674.5
13,gcp,europe-west1,1024,MB,europe-west1,gcp,upload,/function/corrected/p2mass-atlas-980914s-k0810221_corrected.fits,4.14432,1145544888.0
13,gcp,europe-west1,1024,MB,europe-west1,gcp,upload,/function/corrected/p2mass-atlas-980914s-k0810221_corrected_area.fits,4.14432,208584085.5
13,gcp,europe-west1,1024,MB,europe-west1,gcp,upload,/function/corrected/p2mass-atlas-980914s-k0810233_corrected.fits,4.14432,1207627142.5
13,gcp,europe-west1,1024,MB,europe-west1,gcp,upload,/function/corrected/p2mass-atlas-980914s-k0810233_corrected_area.fits,4.14432,206258293.5
13,gcp,europe-west1,1024,MB,europe-west1,gcp,upload,/function/corrected/p2mass-atlas-980914s-k0810245_corrected.fits,4.14432,2133305061.5
13,gcp,europe-west1,1024,MB,europe-west1,gcp,upload,/function/corrected/p2mass-atlas-980914s-k0810245_corrected_area.fits,4.14432,293209270.5
13,gcp,europe-west1,1024,MB,europe-west1,gcp,upload,/function/corrected/p2mass-atlas-980914s-k0820033_corrected.fits,4.14432,1805878916.0
13,gcp,europe-west1,1024,MB,europe-west1,gcp,upload,/function/corrected/p2mass-atlas-980914s-k0820033_corrected_area.fits,4.14432,197259805.5
13,gcp,europe-west1,1024,MB,europe-west1,gcp,upload,/function/corrected/p2mass-atlas-980914s-k0820044_corrected.fits,4.14432,1841043377.0
13,gcp,europe-west1,1024,MB,europe-west1,gcp,upload,/function/corrected/p2mass-atlas-980914s-k0820044_corrected_area.fits,4.14432,216190160.0
13,gcp,europe-west1,1024,MB,europe-west1,gcp,upload,/function/corrected/p2mass-atlas-980914s-k0820056_corrected.fits,4.13568,1807801708.5
13,gcp,europe-west1,1024,MB,europe-west1,gcp,upload,/function/corrected/p2mass-atlas-980914s-k0820056_corrected_area.fits,4.13568,205136617.5
13,gcp,europe-west1,1024,MB,europe-west1,gcp,upload,/function/corrected/p2mass-atlas-980914s-k0830221_corrected.fits,4.14432,1782786952.0
13,gcp,europe-west1,1024,MB,europe-west1,gcp,upload,/function/corrected/p2mass-atlas-980914s-k0830221_corrected_area.fits,4.14432,203615031.5
13,gcp,europe-west1,1024,MB,europe-west1,gcp,upload,/function/corrected/p2mass-atlas-980914s-k0830233_corrected.fits,4.14432,1797528618.5
13,gcp,europe-west1,1024,MB,europe-west1,gcp,upload,/function/corrected/p2mass-atlas-980914s-k0830233_corrected_area.fits,4.14432,197653429.0
13,gcp,europe-west1,1024,MB,europe-west1,gcp,upload,/function/corrected/p2mass-atlas-980914s-k0830245_corrected.fits,4.14432,1859628888.5
13,gcp,europe-west1,1024,MB,europe-west1,gcp,upload,/function/corrected/p2mass-atlas-980914s-k0830245_corrected_area.fits,4.14432,199900762.0
13,gcp,europe-west1,1024,MB,europe-west1,gcp,upload,/function/corrected/p2mass-atlas-980914s-k0840033_corrected.fits,4.14432,1968568006.5
13,gcp,europe-west1,1024,MB,europe-west1,gcp,upload,/function/corrected/p2mass-atlas-980914s-k0840033_corrected_area.fits,4.14432,209564844.5
13,gcp,europe-west1,1024,MB,europe-west1,gcp,upload,/function/corrected/p2mass-atlas-980914s-k0840044_corrected.fits,4.14432,1895254596.5
13,gcp,europe-west1,1024,MB,europe-west1,gcp,upload,/function/corrected/p2mass-atlas-980914s-k0840044_corrected_area.fits,4.14432,275538960.0
13,gcp,europe-west1,1024,MB,europe-west1,gcp,upload,/function/corrected/p2mass-atlas-980914s-k0840056_corrected.fits,4.14432,1969085421.0
13,gcp,europe-west1,1024,MB,europe-west1,gcp,upload,/function/corrected/p2mass-atlas-980914s-k0840056_corrected_area.fits,4.14432,247968514.0
14,gcp,europe-west1,1024,MB,europe-west1,gcp,download,/function/cimages.tbl,0.00511,61791724.5
14,gcp,europe-west1,1024,MB,europe-west1,gcp,download,/function/corrected/p2mass-atlas-001020s-k0860033_corrected.fits,4.14432,171034616.0
14,gcp,europe-west1,1024,MB,europe-west1,gcp,download,/function/corrected/p2mass-atlas-001020s-k0860044_corrected.fits,4.14432,176536422.5
14,gcp,europe-west1,1024,MB,europe-west1,gcp,download,/function/corrected/p2mass-atlas-001020s-k0860056_corrected.fits,4.14432,128147815.5
14,gcp,europe-west1,1024,MB,europe-west1,gcp,download,/function/corrected/p2mass-atlas-001020s-k0870221_corrected.fits,4.13568,167501400.0
14,gcp,europe-west1,1024,MB,europe-west1,gcp,download,/function/corrected/p2mass-atlas-001020s-k0870233_corrected.fits,4.13568,190620039.5
14,gcp,europe-west1,1024,MB,europe-west1,gcp,download,/function/corrected/p2mass-atlas-001020s-k0870245_corrected.fits,4.13568,165266973.0
14,gcp,europe-west1,1024,MB,europe-west1,gcp,download,/function/corrected/p2mass-atlas-001021s-k0490221_corrected.fits,4.13568,178222301.0
14,gcp,europe-west1,1024,MB,europe-west1,gcp,download,/function/corrected/p2mass-atlas-001021s-k0490233_corrected.fits,4.13568,162800861.0
14,gcp,europe-west1,1024,MB,europe-west1,gcp,download,/function/corrected/p2mass-atlas-001021s-k0490245_corrected.fits,4.14432,144392398.5
14,gcp,europe-west1,1024,MB,europe-west1,gcp,download,/function/corrected/p2mass-atlas-001021s-k0560033_corrected.fits,4.15296,140850984.5
14,gcp,europe-west1,1024,MB,europe-west1,gcp,download,/function/corrected/p2mass-atlas-001021s-k0560044_corrected.fits,4.14432,137515555.5
14,gcp,europe-west1,1024,MB,europe-west1,gcp,download,/function/corrected/p2mass-atlas-001021s-k0560056_corrected.fits,4.13568,142297838.0
14,gcp,europe-west1,1024,MB,europe-west1,gcp,download,/function/corrected/p2mass-atlas-001021s-k0570221_corrected.fits,4.14432,130703194.0
14,gcp,europe-west1,1024,MB,europe-west1,gcp,download,/function/corrected/p2mass-atlas-001021s-k0570233_corrected.fits,4.13568,168123028.5
14,gcp,europe-west1,1024,MB,europe-west1,gcp,download,/function/corrected/p2mass-atlas-001021s-k0570245_corrected.fits,4.14432,134067463.5
14,gcp,europe-west1,1024,MB,europe-west1,gcp,download,/function/corrected/p2mass-atlas-980914s-k0800033_corrected.fits,4.14432,161589339.5
14,gcp,europe-west1,1024,MB,europe-west1,gcp,download,/function/corrected/p2mass-atlas-980914s-k0800044_corrected.fits,4.14432,175833389.0
14,gcp,europe-west1,1024,MB,europe-west1,gcp,download,/function/corrected/p2mass-atlas-980914s-k0800056_corrected.fits,4.14432,169043694.5
14,gcp,europe-west1,1024,MB,europe-west1,gcp,download,/function/corrected/p2mass-atlas-980914s-k0810221_corrected.fits,4.14432,175139770.0
14,gcp,europe-west1,1024,MB,europe-west1,gcp,download,/function/corrected/p2mass-atlas-980914s-k0810233_corrected.fits,4.14432,121177532.0
14,gcp,europe-west1,1024,MB,europe-west1,gcp,download,/function/corrected/p2mass-atlas-980914s-k0810245_corrected.fits,4.14432,121671920.0
14,gcp,europe-west1,1024,MB,europe-west1,gcp,download,/function/corrected/p2mass-atlas-980914s-k0820033_corrected.fits,4.14432,157865413.0
14,gcp,europe-west1,1024,MB,europe-west1,gcp,download,/function/corrected/p2mass-atlas-980914s-k0820044_corrected.fits,4.14432,107714274.0
14,gcp,europe-west1,1024,MB,europe-west1,gcp,download,/function/corrected/p2mass-atlas-980914s-k0820056_corrected.fits,4.13568,127941005.5
14,gcp,europe-west1,1024,MB,europe-west1,gcp,download,/function/corrected/p2mass-atlas-980914s-k0830221_corrected.fits,4.14432,144347787.0
14,gcp,europe-west1,1024,MB,europe-west1,gcp,download,/function/corrected/p2mass-atlas-980914s-k0830233_corrected.fits,4.14432,133228556.5
14,gcp,europe-west1,1024,MB,europe-west1,gcp,download,/function/corrected/p2mass-atlas-980914s-k0830245_corrected.fits,4.14432,160326507.0
14,gcp,europe-west1,1024,MB,europe-west1,gcp,download,/function/corrected/p2mass-atlas-980914s-k0840033_corrected.fits,4.14432,131650508.0
14,gcp,europe-west1,1024,MB,europe-west1,gcp,download,/function/corrected/p2mass-atlas-980914s-k0840044_corrected.fits,4.14432,228635618.5
14,gcp,europe-west1,1024,MB,europe-west1,gcp,download,/function/corrected/p2mass-atlas-980914s-k0840056_corrected.fits,4.14432,161183314.0
14,gcp,europe-west1,1024,MB,europe-west1,gcp,download,/function/mImgtbl,5.496352,153013870.0
14,gcp,europe-west1,1024,MB,europe-west1,gcp,upload,/function/cimages.tbl,0.015252,51308601.5
15,gcp,europe-west1,1024,MB,europe-west1,gcp,download,/function/cimages.tbl,0.015252,60929303.0
15,gcp,europe-west1,1024,MB,europe-west1,gcp,download,/function/corrected/p2mass-atlas-001020s-k0860033_corrected.fits,4.14432,144476599.0
15,gcp,europe-west1,1024,MB,europe-west1,gcp,download,/function/corrected/p2mass-atlas-001020s-k0860033_corrected_area.fits,4.14432,116515131.5
15,gcp,europe-west1,1024,MB,europe-west1,gcp,download,/function/corrected/p2mass-atlas-001020s-k0860044_corrected.fits,4.14432,126324714.5
15,gcp,europe-west1,1024,MB,europe-west1,gcp,download,/function/corrected/p2mass-atlas-001020s-k0860044_corrected_area.fits,4.14432,130511298.5
15,gcp,europe-west1,1024,MB,europe-west1,gcp,download,/function/corrected/p2mass-atlas-001020s-k0860056_corrected.fits,4.14432,124286227.5
15,gcp,europe-west1,1024,MB,europe-west1,gcp,download,/function/corrected/p2mass-atlas-001020s-k0860056_corrected_area.fits,4.14432,110368852.5
15,gcp,europe-west1,1024,MB,europe-west1,gcp,download,/function/corrected/p2mass-atlas-001020s-k0870221_corrected.fits,4.13568,242785870.5
15,gcp,europe-west1,1024,MB,europe-west1,gcp,download,/function/corrected/p2mass-atlas-001020s-k0870221_corrected_area.fits,4.13568,134830993.0
15,gcp,europe-west1,1024,MB,europe-west1,gcp,download,/function/corrected/p2mass-atlas-001020s-k0870233_corrected.fits,4.13568,177424598.0
15,gcp,europe-west1,1024,MB,europe-west1,gcp,download,/function/corrected/p2mass-atlas-001020s-k0870233_corrected_area.fits,4.13568,116578727.5
15,gcp,europe-west1,1024,MB,europe-west1,gcp,download,/function/corrected/p2mass-atlas-001020s-k0870245_corrected.fits,4.13568,135267079.0
15,gcp,europe-west1,1024,MB,europe-west1,gcp,download,/function/corrected/p2mass-atlas-001020s-k0870245_corrected_area.fits,4.13568,113807740.0
15,gcp,europe-west1,1024,MB,europe-west1,gcp,download,/function/corrected/p2mass-atlas-001021s-k0490221_corrected.fits,4.13568,139646344.5
15,gcp,europe-west1,1024,MB,europe-west1,gcp,download,/function/corrected/p2mass-atlas-001021s-k0490221_corrected_area.fits,4.13568,119170047.5
15,gcp,europe-west1,1024,MB,europe-west1,gcp,download,/function/corrected/p2mass-atlas-001021s-k0490233_corrected.fits,4.13568,155962799.0
15,gcp,europe-west1,1024,MB,europe-west1,gcp,download,/function/corrected/p2mass-atlas-001021s-k0490233_corrected_area.fits,4.13568,141651965.5
15,gcp,europe-west1,1024,MB,europe-west1,gcp,download,/function/corrected/p2mass-atlas-001021s-k0490245_corrected.fits,4.14432,135991141.0
15,gcp,europe-west1,1024,MB,europe-west1,gcp,download,/function/corrected/p2mass-atlas-001021s-k0490245_corrected_area.fits,4.14432,118387711.5
15,gcp,europe-west1,1024,MB,europe-west1,gcp,download,/function/corrected/p2mass-atlas-001021s-k0560033_corrected.fits,4.15296,164866883.5
15,gcp,europe-west1,1024,MB,europe-west1,gcp,download,/function/corrected/p2mass-atlas-001021s-k0560033_corrected_area.fits,4.15296,126829889.0
15,gcp,europe-west1,1024,MB,europe-west1,gcp,download,/function/corrected/p2mass-atlas-001021s-k0560044_corrected.fits,4.14432,112553034.5
15,gcp,europe-west1,1024,MB,europe-west1,gcp,download,/function/corrected/p2mass-atlas-001021s-k0560044_corrected_area.fits,4.14432,118624775.5
15,gcp,europe-west1,1024,MB,europe-west1,gcp,download,/function/corrected/p2mass-atlas-001021s-k0560056_corrected.fits,4.13568,126216448.0
15,gcp,europe-west1,1024,MB,europe-west1,gcp,download,/function/corrected/p2mass-atlas-001021s-k0560056_corrected_area.fits,4.13568,147141008.5
15,gcp,europe-west1,1024,MB,europe-west1,gcp,download,/function/corrected/p2mass-atlas-001021s-k0570221_corrected.fits,4.14432,131936406.0
15,gcp,europe-west1,1024,MB,europe-west1,gcp,download,/function/corrected/p2mass-atlas-001021s-k0570221_corrected_area.fits,4.14432,125355051.5
15,gcp,europe-west1,1024,MB,europe-west1,gcp,download,/function/corrected/p2mass-atlas-001021s-k0570233_corrected.fits,4.13568,131815671.0
15,gcp,europe-west1,1024,MB,europe-west1,gcp,download,/function/corrected/p2mass-atlas-001021s-k0570233_corrected_area.fits,4.13568,146947212.0
15,gcp,europe-west1,1024,MB,europe-west1,gcp,download,/function/corrected/p2mass-atlas-001021s-k0570245_corrected.fits,4.14432,177481025.5
15,gcp,europe-west1,1024,MB,europe-west1,gcp,download,/function/corrected/p2mass-atlas-001021s-k0570245_corrected_area.fits,4.14432,119799206.0
15,gcp,europe-west1,1024,MB,europe-west1,gcp,download,/function/corrected/p2mass-atlas-980914s-k0800033_corrected.fits,4.14432,127095255.5
15,gcp,europe-west1,1024,MB,europe-west1,gcp,download,/function/corrected/p2mass-atlas-980914s-k0800033_corrected_area.fits,4.14432,114686042.0
15,gcp,europe-west1,1024,MB,europe-west1,gcp,download,/function/corrected/p2mass-atlas-980914s-k0800044_corrected.fits,4.14432,116612060.0
15,gcp,europe-west1,1024,MB,europe-west1,gcp,download,/function/corrected/p2mass-atlas-980914s-k0800044_corrected_area.fits,4.14432,122632158.5
15,gcp,europe-west1,1024,MB,europe-west1,gcp,download,/function/corrected/p2mass-atlas-980914s-k0800056_corrected.fits,4.14432,125472433.5
15,gcp,europe-west1,1024,MB,europe-west1,gcp,download,/function/corrected/p2mass-atlas-980914s-k0800056_corrected_area.fits,4.14432,125425058.5
15,gcp,europe-west1,1024,MB,europe-west1,gcp,download,/function/corrected/p2mass-atlas-980914s-k0810221_corrected.fits,4.14432,128854957.5
15,gcp,europe-west1,1024,MB,europe-west1,gcp,download,/function/corrected/p2mass-atlas-980914s-k0810221_corrected_area.fits,4.14432,115875794.0
15,gcp,europe-west1,1024,MB,europe-west1,gcp,download,/function/corrected/p2mass-atlas-980914s-k0810233_corrected.fits,4.14432,154267233.5
15,gcp,europe-west1,1024,MB,europe-west1,gcp,download,/function/corrected/p2mass-atlas-980914s-k0810233_corrected_area.fits,4.14432,99279391.0
15,gcp,europe-west1,1024,MB,europe-west1,gcp,download,/function/corrected/p2mass-atlas-980914s-k0810245_corrected.fits,4.14432,154235986.5
15,gcp,europe-west1,1024,MB,europe-west1,gcp,download,/function/corrected/p2mass-atlas-980914s-k0810245_corrected_area.fits,4.14432,130990439.0
15,gcp,europe-west1,1024,MB,europe-west1,gcp,download,/function/corrected/p2mass-atlas-980914s-k0820033_corrected.fits,4.14432,126108910.0
15,gcp,europe-west1,1024,MB,europe-west1,gcp,download,/function/corrected/p2mass-atlas-980914s-k0820033_corrected_area.fits,4.14432,109334792.0
15,gcp,europe-west1,1024,MB,europe-west1,gcp,download,/function/corrected/p2mass-atlas-980914s-k0820044_corrected.fits,4.14432,144669451.5
15,gcp,europe-west1,1024,MB,europe-west1,gcp,download,/function/corrected/p2mass-atlas-980914s-k0820044_corrected_area.fits,4.14432,139969052.0
15,gcp,europe-west1,1024,MB,europe-west1,gcp,download,/function/corrected/p2mass-atlas-980914s-k0820056_corrected.fits,4.13568,159196198.5
15,gcp,europe-west1,1024,MB,europe-west1,gcp,download,/function/corrected/p2mass-atlas-980914s-k0820056_corrected_area.fits,4.13568,126525625.5
15,gcp,europe-west1,1024,MB,europe-west1,gcp,download,/function/corrected/p2mass-atlas-980914s-k0830221_corrected.fits,4.14432,129168290.0
15,gcp,europe-west1,1024,MB,europe-west1,gcp,download,/function/corrected/p2mass-atlas-980914s-k0830221_corrected_area.fits,4.14432,108266970.0
15,gcp,europe-west1,1024,MB,europe-west1,gcp,download,/function/corrected/p2mass-atlas-980914s-k0830233_corrected.fits,4.14432,102914255.5
15,gcp,europe-west1,1024,MB,europe-west1,gcp,download,/function/corrected/p2mass-atlas-980914s-k0830233_corrected_area.fits,4.14432,108000787.0
15,gcp,europe-west1,1024,MB,europe-west1,gcp,download,/function/corrected/p2mass-atlas-980914s-k0830245_corrected.fits,4.14432,126735205.5
15,gcp,europe-west1,1024,MB,europe-west1,gcp,download,/function/corrected/p2mass-atlas-980914s-k0830245_corrected_area.fits,4.14432,124656040.5
15,gcp,europe-west1,1024,MB,europe-west1,gcp,download,/function/corrected/p2mass-atlas-980914s-k0840033_corrected.fits,4.14432,149019877.5
15,gcp,europe-west1,1024,MB,europe-west1,gcp,download,/function/corrected/p2mass-atlas-980914s-k0840033_corrected_area.fits,4.14432,106200890.0
15,gcp,europe-west1,1024,MB,europe-west1,gcp,download,/function/corrected/p2mass-atlas-980914s-k0840044_corrected.fits,4.14432,118351580.0
15,gcp,europe-west1,1024,MB,europe-west1,gcp,download,/function/corrected/p2mass-atlas-980914s-k0840044_corrected_area.fits,4.14432,135824510.5
15,gcp,europe-west1,1024,MB,europe-west1,gcp,download,/function/corrected/p2mass-atlas-980914s-k0840056_corrected.fits,4.14432,156225036.5
15,gcp,europe-west1,1024,MB,europe-west1,gcp,download,/function/corrected/p2mass-atlas-980914s-k0840056_corrected_area.fits,4.14432,110796958.5
15,gcp,europe-west1,1024,MB,europe-west1,gcp,download,/function/mAdd,5.411176,166082203.5
15,gcp,europe-west1,1024,MB,europe-west1,gcp,download,/function/region.hdr,0.000277,42422481.0
15,gcp,europe-west1,1024,MB,europe-west1,gcp,upload,/function/mosaic.fits,57.21408,23438219628.0
15,gcp,europe-west1,1024,MB,europe-west1,gcp,upload,/function/mosaic_area.fits,57.21408,1499894117.5
16,gcp,europe-west1,1024,MB,europe-west1,gcp,download,/function/mShrink,5.374048,185942544.0
16,gcp,europe-west1,1024,MB,europe-west1,gcp,download,/function/mosaic.fits,57.21408,1387440127.0
16,gcp,europe-west1,1024,MB,europe-west1,gcp,upload,/function/mosaic_shrinked.fits,25.42176,9629912766.0
17,gcp,europe-west1,1024,MB,europe-west1,gcp,download,/function/mViewer,6.537816,326139869.5
17,gcp,europe-west1,1024,MB,europe-west1,gcp,download,/function/mosaic_shrinked.fits,25.42176,738162946.5
17,gcp,europe-west1,1024,MB,europe-west1,gcp,upload,/function/final.png,2.387093,520560420.5
2,gcp,europe-west1,1024,MB,europe-west1,gcp,download,/function/input/2mass-atlas-001020s-k0860033.fits,1.430932,101485386.0
2,gcp,europe-west1,1024,MB,europe-west1,gcp,download,/function/input/2mass-atlas-001020s-k0860044.fits,1.431122,89420930.0
2,gcp,europe-west1,1024,MB,europe-west1,gcp,download,/function/input/2mass-atlas-001020s-k0860056.fits,1.431548,91031079.0
2,gcp,europe-west1,1024,MB,europe-west1,gcp,download,/function/input/2mass-atlas-001020s-k0870221.fits,1.415237,105926098.5
2,gcp,europe-west1,1024,MB,europe-west1,gcp,download,/function/input/2mass-atlas-001020s-k0870233.fits,1.417782,95493510.5
2,gcp,europe-west1,1024,MB,europe-west1,gcp,download,/function/input/2mass-atlas-001020s-k0870245.fits,1.428497,92841804.0
2,gcp,europe-west1,1024,MB,europe-west1,gcp,download,/function/input/2mass-atlas-001021s-k0490221.fits,1.474539,100125000.0
2,gcp,europe-west1,1024,MB,europe-west1,gcp,download,/function/input/2mass-atlas-001021s-k0490233.fits,1.473388,112452510.0
2,gcp,europe-west1,1024,MB,europe-west1,gcp,download,/function/input/2mass-atlas-001021s-k0490245.fits,1.475153,141084096.0
2,gcp,europe-west1,1024,MB,europe-west1,gcp,download,/function/input/2mass-atlas-001021s-k0560033.fits,1.475337,113670517.0
2,gcp,europe-west1,1024,MB,europe-west1,gcp,download,/function/input/2mass-atlas-001021s-k0560044.fits,1.475774,112530720.5
2,gcp,europe-west1,1024,MB,europe-west1,gcp,download,/function/input/2mass-atlas-001021s-k0560056.fits,1.477972,102681101.0
2,gcp,europe-west1,1024,MB,europe-west1,gcp,download,/function/input/2mass-atlas-001021s-k0570221.fits,1.474794,111827085.0
2,gcp,europe-west1,1024,MB,europe-west1,gcp,download,/function/input/2mass-atlas-001021s-k0570233.fits,1.472843,117027515.0
2,gcp,europe-west1,1024,MB,europe-west1,gcp,download,/function/input/2mass-atlas-001021s-k0570245.fits,1.474299,101655476.0
2,gcp,europe-west1,1024,MB,europe-west1,gcp,download,/function/input/2mass-atlas-980914s-k0800033.fits,1.466856,118779906.5
2,gcp,europe-west1,1024,MB,europe-west1,gcp,download,/function/input/2mass-atlas-980914s-k0800044.fits,1.46705,95115215.0
2,gcp,europe-west1,1024,MB,europe-west1,gcp,download,/function/input/2mass-atlas-980914s-k0800056.fits,1.467462,110026213.0
2,gcp,europe-west1,1024,MB,europe-west1,gcp,download,/function/input/2mass-atlas-980914s-k0810221.fits,1.467205,109004239.0
2,gcp,europe-west1,1024,MB,europe-west1,gcp,download,/function/input/2mass-atlas-980914s-k0810233.fits,1.468091,102753015.0
2,gcp,europe-west1,1024,MB,europe-west1,gcp,download,/function/input/2mass-atlas-980914s-k0810245.fits,1.468524,115474892.5
2,gcp,europe-west1,1024,MB,europe-west1,gcp,download,/function/input/2mass-atlas-980914s-k0820033.fits,1.468069,90877265.5
2,gcp,europe-west1,1024,MB,europe-west1,gcp,download,/function/input/2mass-atlas-980914s-k0820044.fits,1.465354,139915689.0
2,gcp,europe-west1,1024,MB,europe-west1,gcp,download,/function/input/2mass-atlas-980914s-k0820056.fits,1.467195,106190804.0
2,gcp,europe-west1,1024,MB,europe-west1,gcp,download,/function/input/2mass-atlas-980914s-k0830221.fits,1.471563,89317579.0
2,gcp,europe-west1,1024,MB,europe-west1,gcp,download,/function/input/2mass-atlas-980914s-k0830233.fits,1.468954,101368233.0
2,gcp,europe-west1,1024,MB,europe-west1,gcp,download,/function/input/2mass-atlas-980914s-k0830245.fits,1.46679,91840880.0
2,gcp,europe-west1,1024,MB,europe-west1,gcp,download,/function/input/2mass-atlas-980914s-k0840033.fits,1.467584,103416074.0
2,gcp,europe-west1,1024,MB,europe-west1,gcp,download,/function/input/2mass-atlas-980914s-k0840044.fits,1.466204,111174694.5
2,gcp,europe-west1,1024,MB,europe-west1,gcp,download,/function/input/2mass-atlas-980914s-k0840056.fits,1.46731,94588858.0
2,gcp,europe-west1,1024,MB,europe-west1,gcp,download,/function/mProjectPP,5.457288,212571230.0
2,gcp,europe-west1,1024,MB,europe-west1,gcp,download,/function/region.hdr,0.000277,51590380.5
2,gcp,europe-west1,1024,MB,europe-west1,gcp,upload,/function/p2mass-atlas-001020s-k0860033.fits,4.14432,1578021342.0
2,gcp,europe-west1,1024,MB,europe-west1,gcp,upload,/function/p2mass-atlas-001020s-k0860033_area.fits,4.14432,271804147.0
2,gcp,europe-west1,1024,MB,europe-west1,gcp,upload,/function/p2mass-atlas-001020s-k0860044.fits,4.14432,1814869501.5
2,gcp,europe-west1,1024,MB,europe-west1,gcp,upload,/function/p2mass-atlas-001020s-k0860044_area.fits,4.14432,206776685.0
2,gcp,europe-west1,1024,MB,europe-west1,gcp,upload,/function/p2mass-atlas-001020s-k0860056.fits,4.14432,1646208298.5
2,gcp,europe-west1,1024,MB,europe-west1,gcp,upload,/function/p2mass-atlas-001020s-k0860056_area.fits,4.14432,219353193.0
2,gcp,europe-west1,1024,MB,europe-west1,gcp,upload,/function/p2mass-atlas-001020s-k0870221.fits,4.13568,1976665149.5
2,gcp,europe-west1,1024,MB,europe-west1,gcp,upload,/function/p2mass-atlas-001020s-k0870221_area.fits,4.13568,285725337.5
2,gcp,europe-west1,1024,MB,europe-west1,gcp,upload,/function/p2mass-atlas-001020s-k0870233.fits,4.13568,2005941212.0
2,gcp,europe-west1,1024,MB,europe-west1,gcp,upload,/function/p2mass-atlas-001020s-k0870233_area.fits,4.13568,268680292.0
2,gcp,europe-west1,1024,MB,europe-west1,gcp,upload,/function/p2mass-atlas-001020s-k0870245.fits,4.13568,1983717661.5
2,gcp,europe-west1,1024,MB,europe-west1,gcp,upload,/function/p2mass-atlas-001020s-k0870245_area.fits,4.13568,296557416.0
2,gcp,europe-west1,1024,MB,europe-west1,gcp,upload,/function/p2mass-atlas-001021s-k0490221.fits,4.13568,1761739427.5
2,gcp,europe-west1,1024,MB,europe-west1,gcp,upload,/function/p2mass-atlas-001021s-k0490221_area.fits,4.13568,250506956.0
2,gcp,europe-west1,1024,MB,europe-west1,gcp,upload,/function/p2mass-atlas-001021s-k0490233.fits,4.13568,1617333906.0
2,gcp,europe-west1,1024,MB,europe-west1,gcp,upload,/function/p2mass-atlas-001021s-k0490233_area.fits,4.13568,328816487.0
2,gcp,europe-west1,1024,MB,europe-west1,gcp,upload,/function/p2mass-atlas-001021s-k0490245.fits,4.14432,1577032250.5
2,gcp,europe-west1,1024,MB,europe-west1,gcp,upload,/function/p2mass-atlas-001021s-k0490245_area.fits,4.14432,345983395.0
2,gcp,europe-west1,1024,MB,europe-west1,gcp,upload,/function/p2mass-atlas-001021s-k0560033.fits,4.15296,1416417329.5
2,gcp,europe-west1,1024,MB,europe-west1,gcp,upload,/function/p2mass-atlas-001021s-k0560033_area.fits,4.15296,242806809.0
2,gcp,europe-west1,1024,MB,europe-west1,gcp,upload,/function/p2mass-atlas-001021s-k0560044.fits,4.14432,1526170141.5
2,gcp,europe-west1,1024,MB,europe-west1,gcp,upload,/function/p2mass-atlas-001021s-k0560044_area.fits,4.14432,318329421.5
2,gcp,europe-west1,1024,MB,europe-west1,gcp,upload,/function/p2mass-atlas-001021s-k0560056.fits,4.13568,1578008129.5
2,gcp,europe-west1,1024,MB,europe-west1,gcp,upload,/function/p2mass-atlas-001021s-k0560056_area.fits,4.13568,293406881.0
2,gcp,europe-west1,1024,MB,europe-west1,gcp,upload,/function/p2mass-atlas-001021s-k0570221.fits,4.14432,1538083005.5
2,gcp,europe-west1,1024,MB,europe-west1,gcp,upload,/function/p2mass-atlas-001021s-k0570221_area.fits,4.14432,298699786.5
2,gcp,europe-west1,1024,MB,europe-west1,gcp,upload,/function/p2mass-atlas-001021s-k0570233.fits,4.13568,1790887536.5
2,gcp,europe-west1,1024,MB,europe-west1,gcp,upload,/function/p2mass-atlas-001021s-k0570233_area.fits,4.13568,340868283.5
2,gcp,europe-west1,1024,MB,europe-west1,gcp,upload,/function/p2mass-atlas-001021s-k0570245.fits,4.14432,1827957579.0
2,gcp,europe-west1,1024,MB,europe-west1,gcp,upload,/function/p2mass-atlas-001021s-k0570245_area.fits,4.14432,286231052.0
2,gcp,europe-west1,1024,MB,europe-west1,gcp,upload,/function/p2mass-atlas-980914s-k0800033.fits,4.14432,1750189966.5
2,gcp,europe-west1,1024,MB,europe-west1,gcp,upload,/function/p2mass-atlas-980914s-k0800033_area.fits,4.14432,256359215.5
2,gcp,europe-west1,1024,MB,europe-west1,gcp,upload,/function/p2mass-atlas-980914s-k0800044.fits,4.14432,1130971529.0
2,gcp,europe-west1,1024,MB,europe-west1,gcp,upload,/function/p2mass-atlas-980914s-k0800044_area.fits,4.14432,241118950.5
2,gcp,europe-west1,1024,MB,europe-west1,gcp,upload,/function/p2mass-atlas-980914s-k0800056.fits,4.14432,1156558491.5
2,gcp,europe-west1,1024,MB,europe-west1,gcp,upload,/function/p2mass-atlas-980914s-k0800056_area.fits,4.14432,205179535.0
2,gcp,europe-west1,1024,MB,europe-west1,gcp,upload,/function/p2mass-atlas-980914s-k0810221.fits,4.14432,1196472365.0
2,gcp,europe-west1,1024,MB,europe-west1,gcp,upload,/function/p2mass-atlas-980914s-k0810221_area.fits,4.14432,191182131.5
2,gcp,europe-west1,1024,MB,europe-west1,gcp,upload,/function/p2mass-atlas-980914s-k0810233.fits,4.14432,1493882198.0
2,gcp,europe-west1,1024,MB,europe-west1,gcp,upload,/function/p2mass-atlas-980914s-k0810233_area.fits,4.14432,198669307.5
2,gcp,europe-west1,1024,MB,europe-west1,gcp,upload,/function/p2mass-atlas-980914s-k0810245.fits,4.14432,1482655799.5
2,gcp,europe-west1,1024,MB,europe-west1,gcp,upload,/function/p2mass-atlas-980914s-k0810245_area.fits,4.14432,252159991.0
2,gcp,europe-west1,1024,MB,europe-west1,gcp,upload,/function/p2mass-atlas-980914s-k0820033.fits,4.14432,1548541447.5
2,gcp,europe-west1,1024,MB,europe-west1,gcp,upload,/function/p2mass-atlas-980914s-k0820033_area.fits,4.14432,201892804.0
2,gcp,europe-west1,1024,MB,europe-west1,gcp,upload,/function/p2mass-atlas-980914s-k0820044.fits,4.14432,1877821378.5
2,gcp,europe-west1,1024,MB,europe-west1,gcp,upload,/function/p2mass-atlas-980914s-k0820044_area.fits,4.14432,175376685.5
2,gcp,europe-west1,1024,MB,europe-west1,gcp,upload,/function/p2mass-atlas-980914s-k0820056.fits,4.13568,1790709315.5
2,gcp,europe-west1,1024,MB,europe-west1,gcp,upload,/function/p2mass-atlas-980914s-k0820056_area.fits,4.13568,194545720.5
2,gcp,europe-west1,1024,MB,europe-west1,gcp,upload,/function/p2mass-atlas-980914s-k0830221.fits,4.14432,1853460409.5
2,gcp,europe-west1,1024,MB,europe-west1,gcp,upload,/function/p2mass-atlas-980914s-k0830221_area.fits,4.14432,197301591.0
2,gcp,europe-west1,1024,MB,europe-west1,gcp,upload,/function/p2mass-atlas-980914s-k0830233.fits,4.14432,1859829727.5
2,gcp,europe-west1,1024,MB,europe-west1,gcp,upload,/function/p2mass-atlas-980914s-k0830233_area.fits,4.14432,224131133.5
2,gcp,europe-west1,1024,MB,europe-west1,gcp,upload,/function/p2mass-atlas-980914s-k0830245.fits,4.14432,1866022757.5
2,gcp,europe-west1,1024,MB,europe-west1,gcp,upload,/function/p2mass-atlas-980914s-k0830245_area.fits,4.14432,195328881.0
2,gcp,europe-west1,1024,MB,europe-west1,gcp,upload,/function/p2mass-atlas-980914s-k0840033.fits,4.14432,1851957147.5
2,gcp,europe-west1,1024,MB,europe-west1,gcp,upload,/function/p2mass-atlas-980914s-k0840033_area.fits,4.14432,269719542.0
2,gcp,europe-west1,1024,MB,europe-west1,gcp,upload,/function/p2mass-atlas-980914s-k0840044.fits,4.14432,1036646861.5
2,gcp,europe-west1,1024,MB,europe-west1,gcp,upload,/function/p2mass-atlas-980914s-k0840044_area.fits,4.14432,233020384.5
2,gcp,europe-west1,1024,MB,europe-west1,gcp,upload,/function/p2mass-atlas-980914s-k0840056.fits,4.14432,1240340134.5
2,gcp,europe-west1,1024,MB,europe-west1,gcp,upload,/function/p2mass-atlas-980914s-k0840056_area.fits,4.14432,240079725.5
3,gcp,europe-west1,1024,MB,europe-west1,gcp,download,/function/input.imglist,0.001123,69213579.5
3,gcp,europe-west1,1024,MB,europe-west1,gcp,download,/function/input/2mass-atlas-001020s-k0860033.fits,1.430932,95681512.5
3,gcp,europe-west1,1024,MB,europe-west1,gcp,download,/function/input/2mass-atlas-001020s-k0860044.fits,1.431122,75002946.5
3,gcp,europe-west1,1024,MB,europe-west1,gcp,download,/function/input/2mass-atlas-001020s-k0860056.fits,1.431548,92197105.5
3,gcp,europe-west1,1024,MB,europe-west1,gcp,download,/function/input/2mass-atlas-001020s-k0870221.fits,1.415237,82074776.0
3,gcp,europe-west1,1024,MB,europe-west1,gcp,download,/function/input/2mass-atlas-001020s-k0870233.fits,1.417782,150244728.0
3,gcp,europe-west1,1024,MB,europe-west1,gcp,download,/function/input/2mass-atlas-001020s-k0870245.fits,1.428497,70693711.5
3,gcp,europe-west1,1024,MB,europe-west1,gcp,download,/function/input/2mass-atlas-001021s-k0490221.fits,1.474539,96870560.5
3,gcp,europe-west1,1024,MB,europe-west1,gcp,download,/function/input/2mass-atlas-001021s-k0490233.fits,1.473388,83695539.5
3,gcp,europe-west1,1024,MB,europe-west1,gcp,download,/function/input/2mass-atlas-001021s-k0490245.fits,1.475153,94338970.0
3,gcp,europe-west1,1024,MB,europe-west1,gcp,download,/function/input/2mass-atlas-001021s-k0560033.fits,1.475337,93834905.5
3,gcp,europe-west1,1024,MB,europe-west1,gcp,download,/function/input/2mass-atlas-001021s-k0560044.fits,1.475774,81224901.0
3,gcp,europe-west1,1024,MB,europe-west1,gcp,download,/function/input/2mass-atlas-001021s-k0560056.fits,1.477972,95720109.5
3,gcp,europe-west1,1024,MB,europe-west1,gcp,download,/function/input/2mass-atlas-001021s-k0570221.fits,1.474794,74932537.5
3,gcp,europe-west1,1024,MB,europe-west1,gcp,download,/function/input/2mass-atlas-001021s-k0570233.fits,1.472843,75558523.0
3,gcp,europe-west1,1024,MB,europe-west1,gcp,download,/function/input/2mass-atlas-001021s-k0570245.fits,1.474299,81617845.5
3,gcp,europe-west1,1024,MB,europe-west1,gcp,download,/function/input/2mass-atlas-980914s-k0800033.fits,1.466856,88145407.5
3,gcp,europe-west1,1024,MB,europe-west1,gcp,download,/function/input/2mass-atlas-980914s-k0800044.fits,1.46705,94001167.0
3,gcp,europe-west1,1024,MB,europe-west1,gcp,download,/function/input/2mass-atlas-980914s-k0800056.fits,1.467462,84523179.5
3,gcp,europe-west1,1024,MB,europe-west1,gcp,download,/function/input/2mass-atlas-980914s-k0810221.fits,1.467205,73110164.0
3,gcp,europe-west1,1024,MB,europe-west1,gcp,download,/function/input/2mass-atlas-980914s-k0810233.fits,1.468091,89839848.0
3,gcp,europe-west1,1024,MB,europe-west1,gcp,download,/function/input/2mass-atlas-980914s-k0810245.fits,1.468524,92218562.5
3,gcp,europe-west1,1024,MB,europe-west1,gcp,download,/function/input/2mass-atlas-980914s-k0820033.fits,1.468069,97923790.5
3,gcp,europe-west1,1024,MB,europe-west1,gcp,download,/function/input/2mass-atlas-980914s-k0820044.fits,1.465354,89476411.0
3,gcp,europe-west1,1024,MB,europe-west1,gcp,download,/function/input/2mass-atlas-980914s-k0820056.fits,1.467195,78437980.0
3,gcp,europe-west1,1024,MB,europe-west1,gcp,download,/function/input/2mass-atlas-980914s-k0830221.fits,1.471563,95510912.0
3,gcp,europe-west1,1024,MB,europe-west1,gcp,download,/function/input/2mass-atlas-980914s-k0830233.fits,1.468954,87597514.5
3,gcp,europe-west1,1024,MB,europe-west1,gcp,download,/function/input/2mass-atlas-980914s-k0830245.fits,1.46679,83048589.0
3,gcp,europe-west1,1024,MB,europe-west1,gcp,download,/function/input/2mass-atlas-980914s-k0840033.fits,1.467584,83318398.0
3,gcp,europe-west1,1024,MB,europe-west1,gcp,download,/function/input/2mass-atlas-980914s-k0840044.fits,1.466204,98181591.0
3,gcp,europe-west1,1024,MB,europe-west1,gcp,download,/function/input/2mass-atlas-980914s-k0840056.fits,1.46731,94398015.5
3,gcp,europe-west1,1024,MB,europe-west1,gcp,download,/function/mImgtbl,5.496352,167564225.0
3,gcp,europe-west1,1024,MB,europe-west1,gcp,upload,/function/images.tbl,0.01394,61919110.5
4,gcp,europe-west1,1024,MB,europe-west1,gcp,download,/function/images.tbl,0.01394,109500260.0
4,gcp,europe-west1,1024,MB,europe-west1,gcp,download,/function/mDAGTbls,5.47904,304802873.0
4,gcp,europe-west1,1024,MB,europe-west1,gcp,download,/function/region.hdr,0.000277,69665573.5
4,gcp,europe-west1,1024,MB,europe-west1,gcp,upload,/function/cimages.tbl,0.00511,59222385.5
4,gcp,europe-west1,1024,MB,europe-west1,gcp,upload,/function/pimages.tbl,0.00511,62379121.0
4,gcp,europe-west1,1024,MB,europe-west1,gcp,upload,/function/rimages.tbl,0.00508,90413798.5
5,gcp,europe-west1,1024,MB,europe-west1,gcp,download,/function/mOverlaps,0.504048,130467794.0
5,gcp,europe-west1,1024,MB,europe-west1,gcp,download,/function/pimages.tbl,0.00511,108597355.5
5,gcp,europe-west1,1024,MB,europe-west1,gcp,upload,/function/diffs.tbl,0.016167,96772537.5
6,gcp,europe-west1,1024,MB,europe-west1,gcp,download,/function/diffs.tbl,0.016167,103599916.5
7,gcp,europe-west1,1024,MB,europe-west1,gcp,download,/function/mDiff,5.373008,164760758.5
7,gcp,europe-west1,1024,MB,europe-west1,gcp,download,/function/mFitplane,5.372232,161271688.0
7,gcp,europe-west1,1024,MB,europe-west1,gcp,download,/function/p2mass-atlas-001020s-k0860033.fits,4.14432,139103721.5
7,gcp,europe-west1,1024,MB,europe-west1,gcp,download,/function/p2mass-atlas-001020s-k0860033_area.fits,4.14432,137472135.5
7,gcp,europe-west1,1024,MB,europe-west1,gcp,download,/function/p2mass-atlas-001020s-k0860044.fits,4.14432,119737951.5
7,gcp,europe-west1,1024,MB,europe-west1,gcp,download,/function/p2mass-atlas-001020s-k0860044_area.fits,4.14432,113410544.0
7,gcp,europe-west1,1024,MB,europe-west1,gcp,download,/function/p2mass-atlas-001020s-k0860056.fits,4.14432,140832727.5
7,gcp,europe-west1,1024,MB,europe-west1,gcp,download,/function/p2mass-atlas-001020s-k0860056_area.fits,4.14432,109624585.5
7,gcp,europe-west1,1024,MB,europe-west1,gcp,download,/function/p2mass-atlas-001020s-k0870221.fits,4.13568,132787510.0
7,gcp,europe-west1,1024,MB,europe-west1,gcp,download,/function/p2mass-atlas-001020s-k0870221_area.fits,4.13568,109597894.5
7,gcp,europe-west1,1024,MB,europe-west1,gcp,download,/function/p2mass-atlas-001020s-k0870233.fits,4.13568,125699810.0
7,gcp,europe-west1,1024,MB,europe-west1,gcp,download,/function/p2mass-atlas-001020s-k0870233_area.fits,4.13568,119076809.5
7,gcp,europe-west1,1024,MB,europe-west1,gcp,download,/function/p2mass-atlas-001020s-k0870245.fits,4.13568,156053905.5
7,gcp,europe-west1,1024,MB,europe-west1,gcp,download,/function/p2mass-atlas-001020s-k0870245_area.fits,4.13568,131044921.0
7,gcp,europe-west1,1024,MB,europe-west1,gcp,download,/function/p2mass-atlas-001021s-k0490221.fits,4.13568,120903123.5
7,gcp,europe-west1,1024,MB,europe-west1,gcp,download,/function/p2mass-atlas-001021s-k0490221_area.fits,4.13568,112656309.5
7,gcp,europe-west1,1024,MB,europe-west1,gcp,download,/function/p2mass-atlas-001021s-k0490233.fits,4.13568,134906167.0
7,gcp,europe-west1,1024,MB,europe-west1,gcp,download,/function/p2mass-atlas-001021s-k0490233_area.fits,4.13568,125830904.5
7,gcp,europe-west1,1024,MB,europe-west1,gcp,download,/function/p2mass-atlas-001021s-k0490245.fits,4.14432,157494859.0
7,gcp,europe-west1,1024,MB,europe-west1,gcp,download,/function/p2mass-atlas-001021s-k0490245_area.fits,4.14432,125636633.0
7,gcp,europe-west1,1024,MB,europe-west1,gcp,download,/function/p2mass-atlas-001021s-k0560033.fits,4.15296,139348884.0
7,gcp,europe-west1,1024,MB,europe-west1,gcp,download,/function/p2mass-atlas-001021s-k0560033_area.fits,4.15296,128448205.0
7,gcp,europe-west1,1024,MB,europe-west1,gcp,download,/function/p2mass-atlas-001021s-k0560044.fits,4.14432,131984788.0
7,gcp,europe-west1,1024,MB,europe-west1,gcp,download,/function/p2mass-atlas-001021s-k0560044_area.fits,4.14432,114550488.0
7,gcp,europe-west1,1024,MB,europe-west1,gcp,download,/function/p2mass-atlas-001021s-k0560056.fits,4.13568,150491346.0
7,gcp,europe-west1,1024,MB,europe-west1,gcp,download,/function/p2mass-atlas-001021s-k0560056_area.fits,4.13568,133216880.5
7,gcp,europe-west1,1024,MB,europe-west1,gcp,download,/function/p2mass-atlas-001021s-k0570221.fits,4.14432,135630394.5
7,gcp,europe-west1,1024,MB,europe-west1,gcp,download,/function/p2mass-atlas-001021s-k0570221_area.fits,4.14432,115617237.5
7,gcp,europe-west1,1024,MB,europe-west1,gcp,download,/function/p2mass-atlas-001021s-k0570233.fits,4.13568,132395826.5
7,gcp,europe-west1,1024,MB,europe-west1,gcp,download,/function/p2mass-atlas-001021s-k0570233_area.fits,4.13568,116137377.5
7,gcp,europe-west1,1024,MB,europe-west1,gcp,download,/function/p2mass-atlas-001021s-k0570245.fits,4.14432,174490845.5
7,gcp,europe-west1,1024,MB,europe-west1,gcp,download,/function/p2mass-atlas-001021s-k0570245_area.fits,4.14432,133925416.5
7,gcp,europe-west1,1024,MB,europe-west1,gcp,download,/function/p2mass-atlas-980914s-k0800033.fits,4.14432,121265905.5
7,gcp,europe-west1,1024,MB,europe-west1,gcp,download,/function/p2mass-atlas-980914s-k0800033_area.fits,4.14432,120898835.5
7,gcp,europe-west1,1024,MB,europe-west1,gcp,download,/function/p2mass-atlas-980914s-k0800044.fits,4.14432,145230059.0
7,gcp,europe-west1,1024,MB,europe-west1,gcp,download,/function/p2mass-atlas-980914s-k0800044_area.fits,4.14432,113326314.0
7,gcp,europe-west1,1024,MB,europe-west1,gcp,download,/function/p2mass-atlas-980914s-k0800056.fits,4.14432,127797116.5
7,gcp,europe-west1,1024,MB,europe-west1,gcp,download,/function/p2mass-atlas-980914s-k0800056_area.fits,4.14432,109925739.5
7,gcp,europe-west1,1024,MB,europe-west1,gcp,download,/function/p2mass-atlas-980914s-k0810221.fits,4.14432,135038327.5
7,gcp,europe-west1,1024,MB,europe-west1,gcp,download,/function/p2mass-atlas-980914s-k0810221_area.fits,4.14432,117492513.0
7,gcp,europe-west1,1024,MB,europe-west1,gcp,download,/function/p2mass-atlas-980914s-k0810233.fits,4.14432,125977132.0
7,gcp,europe-west1,1024,MB,europe-west1,gcp,download,/function/p2mass-atlas-980914s-k0810233_area.fits,4.14432,125206005.0
7,gcp,europe-west1,1024,MB,europe-west1,gcp,download,/function/p2mass-atlas-980914s-k0810245.fits,4.14432,130336621.0
7,gcp,europe-west1,1024,MB,europe-west1,gcp,download,/function/p2mass-atlas-980914s-k0810245_area.fits,4.14432,119195671.0
7,gcp,europe-west1,1024,MB,europe-west1,gcp,download,/function/p2mass-atlas-980914s-k0820033.fits,4.14432,125297355.0
7,gcp,europe-west1,1024,MB,europe-west1,gcp,download,/function/p2mass-atlas-980914s-k0820033_area.fits,4.14432,130948081.0
7,gcp,europe-west1,1024,MB,europe-west1,gcp,download,/function/p2mass-atlas-980914s-k0820044.fits,4.14432,138063556.5
7,gcp,europe-west1,1024,MB,europe-west1,gcp,download,/function/p2mass-atlas-980914s-k0820044_area.fits,4.14432,111402285.0
7,gcp,europe-west1,1024,MB,europe-west1,gcp,download,/function/p2mass-atlas-980914s-k0820056.fits,4.13568,137955405.0
7,gcp,europe-west1,1024,MB,europe-west1,gcp,download,/function/p2mass-atlas-980914s-k0820056_area.fits,4.13568,116039443.5
7,gcp,europe-west1,1024,MB,europe-west1,gcp,download,/function/p2mass-atlas-980914s-k0830221.fits,4.14432,126094745.0
7,gcp,europe-west1,1024,MB,europe-west1,gcp,download,/function/p2mass-atlas-980914s-k0830221_area.fits,4.14432,119567457.5
7,gcp,europe-west1,1024,MB,europe-west1,gcp,download,/function/p2mass-atlas-980914s-k0830233.fits,4.14432,127541653.0
7,gcp,europe-west1,1024,MB,europe-west1,gcp,download,/function/p2mass-atlas-980914s-k0830233_area.fits,4.14432,126077670.5
7,gcp,europe-west1,1024,MB,europe-west1,gcp,download,/function/p2mass-atlas-980914s-k0830245.fits,4.14432,152093473.0
7,gcp,europe-west1,1024,MB,europe-west1,gcp,download,/function/p2mass-atlas-980914s-k0830245_area.fits,4.14432,119475282.0
7,gcp,europe-west1,1024,MB,europe-west1,gcp,download,/function/p2mass-atlas-980914s-k0840033.fits,4.14432,172386060.0
7,gcp,europe-west1,1024,MB,europe-west1,gcp,download,/function/p2mass-atlas-980914s-k0840033_area.fits,4.14432,162443949.5
7,gcp,europe-west1,1024,MB,europe-west1,gcp,download,/function/p2mass-atlas-980914s-k0840044.fits,4.14432,125267513.5
7,gcp,europe-west1,1024,MB,europe-west1,gcp,download,/function/p2mass-atlas-980914s-k0840044_area.fits,4.14432,141424169.0
7,gcp,europe-west1,1024,MB,europe-west1,gcp,download,/function/p2mass-atlas-980914s-k0840056.fits,4.14432,121107550.5
7,gcp,europe-west1,1024,MB,europe-west1,gcp,download,/function/p2mass-atlas-980914s-k0840056_area.fits,4.14432,110165435.5
7,gcp,europe-west1,1024,MB,europe-west1,gcp,download,/function/region.hdr,0.000277,42735595.5
7,gcp,europe-west1,1024,MB,europe-west1,gcp,upload,/function/diff.000001.000007.fits,1.02528,265033334.0
7,gcp,europe-west1,1024,MB,europe-west1,gcp,upload,/function/diff.000001.000007_area.fits,1.02528,80931518.5
7,gcp,europe-west1,1024,MB,europe-west1,gcp,upload,/function/diff.000001.000011.fits,3.31776,848626169.5
7,gcp,europe-west1,1024,MB,europe-west1,gcp,upload,/function/diff.000001.000011_area.fits,3.31776,133791124.5
7,gcp,europe-west1,1024,MB,europe-west1,gcp,upload,/function/diff.000001.000012.fits,0.22176,103674370.0
7,gcp,europe-west1,1024,MB,europe-west1,gcp,upload,/function/diff.000001.000012_area.fits,0.22176,78579728.5
7,gcp,europe-west1,1024,MB,europe-west1,gcp,upload,/function/diff.000001.000020.fits,0.14112,113548725.5
7,gcp,europe-west1,1024,MB,europe-west1,gcp,upload,/function/diff.000001.000020_area.fits,0.14112,62075249.5
7,gcp,europe-west1,1024,MB,europe-west1,gcp,upload,/function/diff.000001.000025.fits,0.03744,57240619.0
7,gcp,europe-west1,1024,MB,europe-west1,gcp,upload,/function/diff.000001.000025_area.fits,0.03744,64541630.5
7,gcp,europe-west1,1024,MB,europe-west1,gcp,upload,/function/diff.000001.000026.fits,0.59328,154890538.5
7,gcp,europe-west1,1024,MB,europe-west1,gcp,upload,/function/diff.000001.000026_area.fits,0.59328,69845787.0
7,gcp,europe-west1,1024,MB,europe-west1,gcp,upload,/function/diff.000001.000028.fits,0.4464,157572250.0
7,gcp,europe-west1,1024,MB,europe-west1,gcp,upload,/function/diff.000001.000028_area.fits,0.4464,70376702.0
7,gcp,europe-west1,1024,MB,europe-west1,gcp,upload,/function/diff.000002.000006.fits,0.4464,92448049.0
7,gcp,europe-west1,1024,MB,europe-west1,gcp,upload,/function/diff.000002.000006_area.fits,0.4464,65178344.0
7,gcp,europe-west1,1024,MB,europe-west1,gcp,upload,/function/diff.000002.000009.fits,3.33792,803066080.5
7,gcp,europe-west1,1024,MB,europe-west1,gcp,upload,/function/diff.000002.000009_area.fits,3.33792,135242686.5
7,gcp,europe-west1,1024,MB,europe-west1,gcp,upload,/function/diff.000002.000015.fits,0.22464,137835320.5
7,gcp,europe-west1,1024,MB,europe-west1,gcp,upload,/function/diff.000002.000015_area.fits,0.22464,59335441.5
7,gcp,europe-west1,1024,MB,europe-west1,gcp,upload,/function/diff.000002.000016.fits,0.14112,64855530.0
7,gcp,europe-west1,1024,MB,europe-west1,gcp,upload,/function/diff.000002.000016_area.fits,0.14112,52669415.5
7,gcp,europe-west1,1024,MB,europe-west1,gcp,upload,/function/diff.000002.000019.fits,0.12672,81644852.0
7,gcp,europe-west1,1024,MB,europe-west1,gcp,upload,/function/diff.000002.000019_area.fits,0.12672,51483755.5
7,gcp,europe-west1,1024,MB,europe-west1,gcp,upload,/function/diff.000002.000020.fits,0.14688,60705201.5
7,gcp,europe-west1,1024,MB,europe-west1,gcp,upload,/function/diff.000002.000020_area.fits,0.14688,56769002.0
7,gcp,europe-west1,1024,MB,europe-west1,gcp,upload,/function/diff.000002.000023.fits,0.40032,140863507.0
7,gcp,europe-west1,1024,MB,europe-west1,gcp,upload,/function/diff.000002.000023_area.fits,0.40032,60029683.0
7,gcp,europe-west1,1024,MB,europe-west1,gcp,upload,/function/diff.000002.000025.fits,0.03168,52368174.5
7,gcp,europe-west1,1024,MB,europe-west1,gcp,upload,/function/diff.000002.000025_area.fits,0.03168,51595145.5
7,gcp,europe-west1,1024,MB,europe-west1,gcp,upload,/function/diff.000002.000026.fits,0.52704,148253627.5
7,gcp,europe-west1,1024,MB,europe-west1,gcp,upload,/function/diff.000002.000026_area.fits,0.52704,58898797.0
7,gcp,europe-west1,1024,MB,europe-west1,gcp,upload,/function/diff.000002.000027.fits,1.01952,264975853.0
7,gcp,europe-west1,1024,MB,europe-west1,gcp,upload,/function/diff.000002.000027_area.fits,1.01952,78264155.5
7,gcp,europe-west1,1024,MB,europe-west1,gcp,upload,/function/diff.000002.000028.fits,0.46656,90633857.0
7,gcp,europe-west1,1024,MB,europe-west1,gcp,upload,/function/diff.000002.000028_area.fits,0.46656,59921276.5
7,gcp,europe-west1,1024,MB,europe-west1,gcp,upload,/function/diff.000003.000005.fits,4.06368,998103332.0
7,gcp,europe-west1,1024,MB,europe-west1,gcp,upload,/function/diff.000003.000005_area.fits,4.06368,186244360.0
7,gcp,europe-west1,1024,MB,europe-west1,gcp,upload,/function/diff.000003.000006.fits,0.42912,117062739.5
7,gcp,europe-west1,1024,MB,europe-west1,gcp,upload,/function/diff.000003.000006_area.fits,0.42912,58827554.0
7,gcp,europe-west1,1024,MB,europe-west1,gcp,upload,/function/diff.000003.000016.fits,0.13248,69122978.0
7,gcp,europe-west1,1024,MB,europe-west1,gcp,upload,/function/diff.000003.000016_area.fits,0.13248,63338053.0
7,gcp,europe-west1,1024,MB,europe-west1,gcp,upload,/function/diff.000003.000019.fits,0.14688,68679495.0
7,gcp,europe-west1,1024,MB,europe-west1,gcp,upload,/function/diff.000003.000019_area.fits,0.14688,52264286.0
7,gcp,europe-west1,1024,MB,europe-west1,gcp,upload,/function/diff.000003.000023.fits,0.46656,129924229.0
7,gcp,europe-west1,1024,MB,europe-west1,gcp,upload,/function/diff.000003.000023_area.fits,0.46656,59250661.5
7,gcp,europe-west1,1024,MB,europe-west1,gcp,upload,/function/diff.000003.000024.fits,0.22464,86053468.0
7,gcp,europe-west1,1024,MB,europe-west1,gcp,upload,/function/diff.000003.000024_area.fits,0.22464,58434526.0
7,gcp,europe-west1,1024,MB,europe-west1,gcp,upload,/function/diff.000003.000029.fits,0.20736,78016905.0
7,gcp,europe-west1,1024,MB,europe-west1,gcp,upload,/function/diff.000003.000029_area.fits,0.20736,59206791.5
7,gcp,europe-west1,1024,MB,europe-west1,gcp,upload,/function/diff.000004.000008.fits,0.576,140942377.0
7,gcp,europe-west1,1024,MB,europe-west1,gcp,upload,/function/diff.000004.000008_area.fits,0.576,65164571.0
7,gcp,europe-west1,1024,MB,europe-west1,gcp,upload,/function/diff.000004.000010.fits,0.55296,122186451.0
7,gcp,europe-west1,1024,MB,europe-west1,gcp,upload,/function/diff.000004.000010_area.fits,0.55296,66731538.5
7,gcp,europe-west1,1024,MB,europe-west1,gcp,upload,/function/diff.000004.000014.fits,0.42912,121658494.5
7,gcp,europe-west1,1024,MB,europe-west1,gcp,upload,/function/diff.000004.000014_area.fits,0.42912,57971888.5
7,gcp,europe-west1,1024,MB,europe-west1,gcp,upload,/function/diff.000004.000015.fits,1.01952,255892354.5
7,gcp,europe-west1,1024,MB,europe-west1,gcp,upload,/function/diff.000004.000015_area.fits,1.01952,73168733.0
7,gcp,europe-west1,1024,MB,europe-west1,gcp,upload,/function/diff.000004.000016.fits,0.03168,50668167.5
7,gcp,europe-west1,1024,MB,europe-west1,gcp,upload,/function/diff.000004.000016_area.fits,0.03168,53431901.5
7,gcp,europe-west1,1024,MB,europe-west1,gcp,upload,/function/diff.000004.000017.fits,3.33216,614573334.0
7,gcp,europe-west1,1024,MB,europe-west1,gcp,upload,/function/diff.000004.000017_area.fits,3.33216,164803505.5
7,gcp,europe-west1,1024,MB,europe-west1,gcp,upload,/function/diff.000004.000019.fits,0.0288,54581157.0
7,gcp,europe-west1,1024,MB,europe-west1,gcp,upload,/function/diff.000004.000019_area.fits,0.0288,57412811.5
7,gcp,europe-west1,1024,MB,europe-west1,gcp,upload,/function/diff.000004.000020.fits,0.03456,57111442.5
7,gcp,europe-west1,1024,MB,europe-west1,gcp,upload,/function/diff.000004.000020_area.fits,0.03456,52177166.0
7,gcp,europe-west1,1024,MB,europe-west1,gcp,upload,/function/diff.000004.000021.fits,0.49248,107951223.5
7,gcp,europe-west1,1024,MB,europe-west1,gcp,upload,/function/diff.000004.000021_area.fits,0.49248,68779417.0
7,gcp,europe-west1,1024,MB,europe-west1,gcp,upload,/function/diff.000004.000025.fits,0.13248,54701632.5
7,gcp,europe-west1,1024,MB,europe-west1,gcp,upload,/function/diff.000004.000025_area.fits,0.13248,52153736.5
7,gcp,europe-west1,1024,MB,europe-west1,gcp,upload,/function/diff.000004.000027.fits,0.22176,86355785.0
7,gcp,europe-west1,1024,MB,europe-west1,gcp,upload,/function/diff.000004.000027_area.fits,0.22176,56406730.5
7,gcp,europe-west1,1024,MB,europe-west1,gcp,upload,/function/diff.000005.000006.fits,0.47232,88041869.0
7,gcp,europe-west1,1024,MB,europe-west1,gcp,upload,/function/diff.000005.000006_area.fits,0.47232,64212797.0
7,gcp,europe-west1,1024,MB,europe-west1,gcp,upload,/function/diff.000005.000016.fits,0.14976,68163060.5
7,gcp,europe-west1,1024,MB,europe-west1,gcp,upload,/function/diff.000005.000016_area.fits,0.14976,54744591.5
7,gcp,europe-west1,1024,MB,europe-west1,gcp,upload,/function/diff.000005.000019.fits,0.16128,71545418.5
7,gcp,europe-west1,1024,MB,europe-west1,gcp,upload,/function/diff.000005.000019_area.fits,0.16128,59494044.0
7,gcp,europe-west1,1024,MB,europe-west1,gcp,upload,/function/diff.000005.000023.fits,0.50976,149749492.5
7,gcp,europe-west1,1024,MB,europe-west1,gcp,upload,/function/diff.000005.000023_area.fits,0.50976,60637545.5
7,gcp,europe-west1,1024,MB,europe-west1,gcp,upload,/function/diff.000005.000024.fits,0.23616,81114702.5
7,gcp,europe-west1,1024,MB,europe-west1,gcp,upload,/function/diff.000005.000024_area.fits,0.23616,55309669.5
7,gcp,europe-west1,1024,MB,europe-west1,gcp,upload,/function/diff.000005.000029.fits,0.22176,66753633.5
7,gcp,europe-west1,1024,MB,europe-west1,gcp,upload,/function/diff.000005.000029_area.fits,0.22176,56468720.0
7,gcp,europe-west1,1024,MB,europe-west1,gcp,upload,/function/diff.000006.000009.fits,0.54432,147783982.5
7,gcp,europe-west1,1024,MB,europe-west1,gcp,upload,/function/diff.000006.000009_area.fits,0.54432,71290767.0
7,gcp,europe-west1,1024,MB,europe-west1,gcp,upload,/function/diff.000006.000016.fits,0.22176,123417531.0
7,gcp,europe-west1,1024,MB,europe-west1,gcp,upload,/function/diff.000006.000016_area.fits,0.22176,56458202.5
7,gcp,europe-west1,1024,MB,europe-west1,gcp,upload,/function/diff.000006.000019.fits,0.22752,69123609.5
7,gcp,europe-west1,1024,MB,europe-west1,gcp,upload,/function/diff.000006.000019_area.fits,0.22752,60258160.0
7,gcp,europe-west1,1024,MB,europe-west1,gcp,upload,/function/diff.000006.000023.fits,4.06656,1160663936.5
7,gcp,europe-west1,1024,MB,europe-west1,gcp,upload,/function/diff.000006.000023_area.fits,4.06656,151909859.5
7,gcp,europe-west1,1024,MB,europe-west1,gcp,upload,/function/diff.000006.000027.fits,0.03168,56722761.0
7,gcp,europe-west1,1024,MB,europe-west1,gcp,upload,/function/diff.000006.000027_area.fits,0.03168,55931436.5
7,gcp,europe-west1,1024,MB,europe-west1,gcp,upload,/function/diff.000007.000008.fits,0.03168,60901319.0
7,gcp,europe-west1,1024,MB,europe-west1,gcp,upload,/function/diff.000007.000008_area.fits,0.03168,47451228.0
7,gcp,europe-west1,1024,MB,europe-west1,gcp,upload,/function/diff.000007.000011.fits,0.22464,85099824.0
7,gcp,europe-west1,1024,MB,europe-west1,gcp,upload,/function/diff.000007.000011_area.fits,0.22464,57237728.0
7,gcp,europe-west1,1024,MB,europe-west1,gcp,upload,/function/diff.000007.000012.fits,3.31776,771337500.5
7,gcp,europe-west1,1024,MB,europe-west1,gcp,upload,/function/diff.000007.000012_area.fits,3.31776,176363178.5
7,gcp,europe-west1,1024,MB,europe-west1,gcp,upload,/function/diff.000007.000013.fits,0.22464,74026352.0
7,gcp,europe-west1,1024,MB,europe-west1,gcp,upload,/function/diff.000007.000013_area.fits,0.22464,62230532.5
7,gcp,europe-west1,1024,MB,europe-west1,gcp,upload,/function/diff.000007.000020.fits,0.53568,170747251.0
7,gcp,europe-west1,1024,MB,europe-west1,gcp,upload,/function/diff.000007.000020_area.fits,0.53568,65109213.5
7,gcp,europe-west1,1024,MB,europe-west1,gcp,upload,/function/diff.000007.000025.fits,0.46656,93682340.5
7,gcp,europe-west1,1024,MB,europe-west1,gcp,upload,/function/diff.000007.000025_area.fits,0.46656,73324179.5
7,gcp,europe-west1,1024,MB,europe-west1,gcp,upload,/function/diff.000007.000026.fits,0.144,64032207.5
7,gcp,europe-west1,1024,MB,europe-west1,gcp,upload,/function/diff.000007.000026_area.fits,0.144,55988462.0
7,gcp,europe-west1,1024,MB,europe-west1,gcp,upload,/function/diff.000007.000028.fits,0.03168,58677462.5
7,gcp,europe-west1,1024,MB,europe-west1,gcp,upload,/function/diff.000007.000028_area.fits,0.03168,50308997.5
7,gcp,europe-west1,1024,MB,europe-west1,gcp,upload,/function/diff.000008.000012.fits,0.14112,78952628.5
7,gcp,europe-west1,1024,MB,europe-west1,gcp,upload,/function/diff.000008.000012_area.fits,0.14112,60986680.0
7,gcp,europe-west1,1024,MB,europe-west1,gcp,upload,/function/diff.000008.000013.fits,0.53568,154908747.5
7,gcp,europe-west1,1024,MB,europe-west1,gcp,upload,/function/diff.000008.000013_area.fits,0.53568,59142838.0
7,gcp,europe-west1,1024,MB,europe-west1,gcp,upload,/function/diff.000008.000014.fits,3.30624,955178948.5
7,gcp,europe-west1,1024,MB,europe-west1,gcp,upload,/function/diff.000008.000014_area.fits,3.30624,174414724.5
7,gcp,europe-west1,1024,MB,europe-west1,gcp,upload,/function/diff.000008.000015.fits,0.144,61711654.0
7,gcp,europe-west1,1024,MB,europe-west1,gcp,upload,/function/diff.000008.000015_area.fits,0.144,50251380.0
7,gcp,europe-west1,1024,MB,europe-west1,gcp,upload,/function/diff.000008.000017.fits,0.4608,87761524.0
7,gcp,europe-west1,1024,MB,europe-west1,gcp,upload,/function/diff.000008.000017_area.fits,0.4608,67478681.0
7,gcp,europe-west1,1024,MB,europe-west1,gcp,upload,/function/diff.000008.000020.fits,0.22176,123464206.5
7,gcp,europe-west1,1024,MB,europe-west1,gcp,upload,/function/diff.000008.000020_area.fits,0.22176,52937497.0
7,gcp,europe-west1,1024,MB,europe-west1,gcp,upload,/function/diff.000008.000022.fits,0.4464,131180304.0
7,gcp,europe-west1,1024,MB,europe-west1,gcp,upload,/function/diff.000008.000022_area.fits,0.4464,56613771.0
7,gcp,europe-west1,1024,MB,europe-west1,gcp,upload,/function/diff.000008.000025.fits,1.00512,306971092.5
7,gcp,europe-west1,1024,MB,europe-west1,gcp,upload,/function/diff.000008.000025_area.fits,1.00512,68763295.0
7,gcp,europe-west1,1024,MB,europe-west1,gcp,upload,/function/diff.000008.000027.fits,0.03456,49346303.0
7,gcp,europe-west1,1024,MB,europe-west1,gcp,upload,/function/diff.000008.000027_area.fits,0.03456,56227562.5
7,gcp,europe-west1,1024,MB,europe-west1,gcp,upload,/function/diff.000009.000016.fits,0.03456,55441419.0
7,gcp,europe-west1,1024,MB,europe-west1,gcp,upload,/function/diff.000009.000016_area.fits,0.03456,52935565.5
7,gcp,europe-west1,1024,MB,europe-west1,gcp,upload,/function/diff.000009.000019.fits,0.03168,54443894.5
7,gcp,europe-west1,1024,MB,europe-west1,gcp,upload,/function/diff.000009.000019_area.fits,0.03168,47483554.5
7,gcp,europe-west1,1024,MB,europe-west1,gcp,upload,/function/diff.000009.000020.fits,0.03456,57235440.5
7,gcp,europe-west1,1024,MB,europe-west1,gcp,upload,/function/diff.000009.000020_area.fits,0.03456,50467451.5
7,gcp,europe-west1,1024,MB,europe-west1,gcp,upload,/function/diff.000009.000023.fits,0.48672,124936407.5
7,gcp,europe-west1,1024,MB,europe-west1,gcp,upload,/function/diff.000009.000023_area.fits,0.48672,75898992.0
7,gcp,europe-west1,1024,MB,europe-west1,gcp,upload,/function/diff.000009.000026.fits,0.43488,122853046.5
7,gcp,europe-west1,1024,MB,europe-west1,gcp,upload,/function/diff.000009.000026_area.fits,0.43488,56737608.5
7,gcp,europe-west1,1024,MB,europe-west1,gcp,upload,/function/diff.000009.000027.fits,0.22176,105333808.5
7,gcp,europe-west1,1024,MB,europe-west1,gcp,upload,/function/diff.000009.000027_area.fits,0.22176,61826292.0
7,gcp,europe-west1,1024,MB,europe-west1,gcp,upload,/function/diff.000009.000028.fits,0.58464,140751545.5
7,gcp,europe-west1,1024,MB,europe-west1,gcp,upload,/function/diff.000009.000028_area.fits,0.58464,65045055.0
7,gcp,europe-west1,1024,MB,europe-west1,gcp,upload,/function/diff.000010.000015.fits,0.14112,59817768.0
7,gcp,europe-west1,1024,MB,europe-west1,gcp,upload,/function/diff.000010.000015_area.fits,0.14112,78776213.5
7,gcp,europe-west1,1024,MB,europe-west1,gcp,upload,/function/diff.000010.000016.fits,0.22176,127909044.0
7,gcp,europe-west1,1024,MB,europe-west1,gcp,upload,/function/diff.000010.000016_area.fits,0.22176,53641314.0
7,gcp,europe-west1,1024,MB,europe-west1,gcp,upload,/function/diff.000010.000017.fits,0.45216,120055974.5
7,gcp,europe-west1,1024,MB,europe-west1,gcp,upload,/function/diff.000010.000017_area.fits,0.45216,56555001.0
7,gcp,europe-west1,1024,MB,europe-west1,gcp,upload,/function/diff.000010.000018.fits,0.47232,99288542.0
7,gcp,europe-west1,1024,MB,europe-west1,gcp,upload,/function/diff.000010.000018_area.fits,0.47232,62616320.5
7,gcp,europe-west1,1024,MB,europe-west1,gcp,upload,/function/diff.000010.000019.fits,0.21024,93933730.5
7,gcp,europe-west1,1024,MB,europe-west1,gcp,upload,/function/diff.000010.000019_area.fits,0.21024,51646704.5
7,gcp,europe-west1,1024,MB,europe-west1,gcp,upload,/function/diff.000010.000021.fits,4.0752,1159417950.5
7,gcp,europe-west1,1024,MB,europe-west1,gcp,upload,/function/diff.000010.000021_area.fits,4.0752,147561217.5
7,gcp,europe-west1,1024,MB,europe-west1,gcp,upload,/function/diff.000010.000024.fits,0.1296,88301232.0
7,gcp,europe-west1,1024,MB,europe-west1,gcp,upload,/function/diff.000010.000024_area.fits,0.1296,49914186.5
7,gcp,europe-west1,1024,MB,europe-west1,gcp,upload,/function/diff.000010.000027.fits,0.03456,51455380.5
7,gcp,europe-west1,1024,MB,europe-west1,gcp,upload,/function/diff.000010.000027_area.fits,0.03456,53395917.5
7,gcp,europe-west1,1024,MB,europe-west1,gcp,upload,/function/diff.000010.000029.fits,0.14688,61611845.5
7,gcp,europe-west1,1024,MB,europe-west1,gcp,upload,/function/diff.000010.000029_area.fits,0.14688,55732773.0
7,gcp,europe-west1,1024,MB,europe-west1,gcp,upload,/function/diff.000010.000030.fits,0.42912,118650126.0
7,gcp,europe-west1,1024,MB,europe-west1,gcp,upload,/function/diff.000010.000030_area.fits,0.42912,74833338.0
7,gcp,europe-west1,1024,MB,europe-west1,gcp,upload,/function/diff.000011.000020.fits,0.03168,47663064.0
7,gcp,europe-west1,1024,MB,europe-west1,gcp,upload,/function/diff.000011.000020_area.fits,0.03168,52939756.0
7,gcp,europe-west1,1024,MB,europe-west1,gcp,upload,/function/diff.000011.000026.fits,0.46656,130358365.5
7,gcp,europe-west1,1024,MB,europe-west1,gcp,upload,/function/diff.000011.000026_area.fits,0.46656,63275573.0
7,gcp,europe-west1,1024,MB,europe-west1,gcp,upload,/function/diff.000011.000028.fits,0.53568,133104887.0
7,gcp,europe-west1,1024,MB,europe-west1,gcp,upload,/function/diff.000011.000028_area.fits,0.53568,58853443.0
7,gcp,europe-west1,1024,MB,europe-west1,gcp,upload,/function/diff.000012.000013.fits,1.02528,264460429.5
7,gcp,europe-west1,1024,MB,europe-west1,gcp,upload,/function/diff.000012.000013_area.fits,1.02528,70999637.0
7,gcp,europe-west1,1024,MB,europe-west1,gcp,upload,/function/diff.000012.000014.fits,0.03744,55098496.5
7,gcp,europe-west1,1024,MB,europe-west1,gcp,upload,/function/diff.000012.000014_area.fits,0.03744,53625225.0
7,gcp,europe-west1,1024,MB,europe-west1,gcp,upload,/function/diff.000012.000020.fits,0.4464,121270285.0
7,gcp,europe-west1,1024,MB,europe-west1,gcp,upload,/function/diff.000012.000020_area.fits,0.4464,55767876.5
7,gcp,europe-west1,1024,MB,europe-west1,gcp,upload,/function/diff.000012.000022.fits,0.22176,90685685.0
7,gcp,europe-west1,1024,MB,europe-west1,gcp,upload,/function/diff.000012.000022_area.fits,0.22176,58169335.0
7,gcp,europe-west1,1024,MB,europe-west1,gcp,upload,/function/diff.000012.000025.fits,0.59328,161636895.5
7,gcp,europe-west1,1024,MB,europe-west1,gcp,upload,/function/diff.000012.000025_area.fits,0.59328,70071822.5
7,gcp,europe-west1,1024,MB,europe-west1,gcp,upload,/function/diff.000012.000026.fits,0.03456,55134181.0
7,gcp,europe-west1,1024,MB,europe-west1,gcp,upload,/function/diff.000012.000026_area.fits,0.03456,54237516.5
7,gcp,europe-west1,1024,MB,europe-west1,gcp,upload,/function/diff.000013.000014.fits,0.4608,102712313.0
7,gcp,europe-west1,1024,MB,europe-west1,gcp,upload,/function/diff.000013.000014_area.fits,0.4608,68901410.5
7,gcp,europe-west1,1024,MB,europe-west1,gcp,upload,/function/diff.000013.000020.fits,0.03168,58212387.5
7,gcp,europe-west1,1024,MB,europe-west1,gcp,upload,/function/diff.000013.000020_area.fits,0.03168,52494766.5
7,gcp,europe-west1,1024,MB,europe-west1,gcp,upload,/function/diff.000013.000022.fits,3.31776,781141542.5
7,gcp,europe-west1,1024,MB,europe-west1,gcp,upload,/function/diff.000013.000022_area.fits,3.31776,163669631.0
7,gcp,europe-west1,1024,MB,europe-west1,gcp,upload,/function/diff.000013.000025.fits,0.144,68141456.5
7,gcp,europe-west1,1024,MB,europe-west1,gcp,upload,/function/diff.000013.000025_area.fits,0.144,55761800.5
7,gcp,europe-west1,1024,MB,europe-west1,gcp,upload,/function/diff.000014.000015.fits,0.03168,57610535.5
7,gcp,europe-west1,1024,MB,europe-west1,gcp,upload,/function/diff.000014.000015_area.fits,0.03168,55427368.0
7,gcp,europe-west1,1024,MB,europe-west1,gcp,upload,/function/diff.000014.000017.fits,0.52128,187331967.5
7,gcp,europe-west1,1024,MB,europe-west1,gcp,upload,/function/diff.000014.000017_area.fits,0.52128,69709354.0
7,gcp,europe-west1,1024,MB,europe-west1,gcp,upload,/function/diff.000014.000022.fits,0.58464,157505304.0
7,gcp,europe-west1,1024,MB,europe-west1,gcp,upload,/function/diff.000014.000022_area.fits,0.58464,66919264.0
7,gcp,europe-west1,1024,MB,europe-west1,gcp,upload,/function/diff.000014.000025.fits,0.22176,82501873.5
7,gcp,europe-west1,1024,MB,europe-west1,gcp,upload,/function/diff.000014.000025_area.fits,0.22176,50521901.0
7,gcp,europe-west1,1024,MB,europe-west1,gcp,upload,/function/diff.000015.000016.fits,0.4464,88224253.5
7,gcp,europe-west1,1024,MB,europe-west1,gcp,upload,/function/diff.000015.000016_area.fits,0.4464,71522404.0
7,gcp,europe-west1,1024,MB,europe-west1,gcp,upload,/function/diff.000015.000017.fits,0.22464,80551633.0
7,gcp,europe-west1,1024,MB,europe-west1,gcp,upload,/function/diff.000015.000017_area.fits,0.22464,52275449.0
7,gcp,europe-west1,1024,MB,europe-west1,gcp,upload,/function/diff.000015.000019.fits,0.40608,133366377.5
7,gcp,europe-west1,1024,MB,europe-west1,gcp,upload,/function/diff.000015.000019_area.fits,0.40608,57745372.0
7,gcp,europe-west1,1024,MB,europe-west1,gcp,upload,/function/diff.000015.000020.fits,0.46656,124916343.0
7,gcp,europe-west1,1024,MB,europe-west1,gcp,upload,/function/diff.000015.000020_area.fits,0.46656,68207280.5
7,gcp,europe-west1,1024,MB,europe-west1,gcp,upload,/function/diff.000015.000021.fits,0.1296,61558717.0
7,gcp,europe-west1,1024,MB,europe-west1,gcp,upload,/function/diff.000015.000021_area.fits,0.1296,45916789.0
7,gcp,europe-west1,1024,MB,europe-west1,gcp,upload,/function/diff.000015.000025.fits,0.52704,159753425.5
7,gcp,europe-west1,1024,MB,europe-west1,gcp,upload,/function/diff.000015.000025_area.fits,0.52704,63585360.5
7,gcp,europe-west1,1024,MB,europe-west1,gcp,upload,/function/diff.000015.000026.fits,0.03168,52762996.0
7,gcp,europe-west1,1024,MB,europe-west1,gcp,upload,/function/diff.000015.000026_area.fits,0.03168,44975688.5
7,gcp,europe-west1,1024,MB,europe-west1,gcp,upload,/function/diff.000015.000027.fits,3.33216,828634228.0
7,gcp,europe-west1,1024,MB,europe-west1,gcp,upload,/function/diff.000015.000027_area.fits,3.33216,125801154.5
7,gcp,europe-west1,1024,MB,europe-west1,gcp,upload,/function/diff.000016.000019.fits,4.0752,1177025466.0
7,gcp,europe-west1,1024,MB,europe-west1,gcp,upload,/function/diff.000016.000019_area.fits,4.0752,152988171.0
7,gcp,europe-west1,1024,MB,europe-west1,gcp,upload,/function/diff.000016.000021.fits,0.22752,69370162.5
7,gcp,europe-west1,1024,MB,europe-west1,gcp,upload,/function/diff.000016.000021_area.fits,0.22752,53554231.0
7,gcp,europe-west1,1024,MB,europe-west1,gcp,upload,/function/diff.000016.000023.fits,0.21024,105694659.5
7,gcp,europe-west1,1024,MB,europe-west1,gcp,upload,/function/diff.000016.000023_area.fits,0.21024,51519943.0
7,gcp,europe-west1,1024,MB,europe-west1,gcp,upload,/function/diff.000016.000024.fits,0.42912,110308269.0
7,gcp,europe-west1,1024,MB,europe-west1,gcp,upload,/function/diff.000016.000024_area.fits,0.42912,63922952.5
7,gcp,europe-west1,1024,MB,europe-west1,gcp,upload,/function/diff.000016.000027.fits,0.54432,120463579.5
7,gcp,europe-west1,1024,MB,europe-west1,gcp,upload,/function/diff.000016.000027_area.fits,0.54432,61346621.5
7,gcp,europe-west1,1024,MB,europe-west1,gcp,upload,/function/diff.000016.000029.fits,0.47232,85786173.5
7,gcp,europe-west1,1024,MB,europe-west1,gcp,upload,/function/diff.000016.000029_area.fits,0.47232,58063137.5
7,gcp,europe-west1,1024,MB,europe-west1,gcp,upload,/function/diff.000017.000021.fits,0.40608,141952571.0
7,gcp,europe-west1,1024,MB,europe-west1,gcp,upload,/function/diff.000017.000021_area.fits,0.40608,58230354.0
7,gcp,europe-west1,1024,MB,europe-west1,gcp,upload,/function/diff.000017.000025.fits,0.03168,49973412.5
7,gcp,europe-west1,1024,MB,europe-west1,gcp,upload,/function/diff.000017.000025_area.fits,0.03168,54473373.5
7,gcp,europe-west1,1024,MB,europe-west1,gcp,upload,/function/diff.000018.000021.fits,0.50976,111913581.5
7,gcp,europe-west1,1024,MB,europe-west1,gcp,upload,/function/diff.000018.000021_area.fits,0.50976,63315018.0
7,gcp,europe-west1,1024,MB,europe-west1,gcp,upload,/function/diff.000018.000024.fits,0.20736,71439744.0
7,gcp,europe-west1,1024,MB,europe-west1,gcp,upload,/function/diff.000018.000024_area.fits,0.20736,55215068.0
7,gcp,europe-west1,1024,MB,europe-west1,gcp,upload,/function/diff.000018.000029.fits,0.22176,126522342.0
7,gcp,europe-west1,1024,MB,europe-west1,gcp,upload,/function/diff.000018.000029_area.fits,0.22176,52205478.5
7,gcp,europe-west1,1024,MB,europe-west1,gcp,upload,/function/diff.000018.000030.fits,4.06368,1296676856.0
7,gcp,europe-west1,1024,MB,europe-west1,gcp,upload,/function/diff.000018.000030_area.fits,4.06368,139951539.5
7,gcp,europe-west1,1024,MB,europe-west1,gcp,upload,/function/diff.000019.000021.fits,0.22176,130645747.5
7,gcp,europe-west1,1024,MB,europe-west1,gcp,upload,/function/diff.000019.000021_area.fits,0.22176,54943720.0
7,gcp,europe-west1,1024,MB,europe-west1,gcp,upload,/function/diff.000019.000023.fits,0.22176,88479316.0
7,gcp,europe-west1,1024,MB,europe-west1,gcp,upload,/function/diff.000019.000023_area.fits,0.22176,57359155.0
7,gcp,europe-west1,1024,MB,europe-west1,gcp,upload,/function/diff.000019.000024.fits,0.46656,90929399.5
7,gcp,europe-west1,1024,MB,europe-west1,gcp,upload,/function/diff.000019.000024_area.fits,0.46656,84943158.5
7,gcp,europe-west1,1024,MB,europe-west1,gcp,upload,/function/diff.000019.000027.fits,0.49248,111329650.0
7,gcp,europe-west1,1024,MB,europe-west1,gcp,upload,/function/diff.000019.000027_area.fits,0.49248,68760882.5
7,gcp,europe-west1,1024,MB,europe-west1,gcp,upload,/function/diff.000019.000029.fits,0.50976,138446992.0
7,gcp,europe-west1,1024,MB,europe-west1,gcp,upload,/function/diff.000019.000029_area.fits,0.50976,66430942.5
7,gcp,europe-west1,1024,MB,europe-west1,gcp,upload,/function/diff.000020.000025.fits,3.30624,805444267.0
7,gcp,europe-west1,1024,MB,europe-west1,gcp,upload,/function/diff.000020.000025_area.fits,3.30624,125891992.0
7,gcp,europe-west1,1024,MB,europe-west1,gcp,upload,/function/diff.000020.000026.fits,1.00512,244435633.0
7,gcp,europe-west1,1024,MB,europe-west1,gcp,upload,/function/diff.000020.000026_area.fits,1.00512,69064375.0
7,gcp,europe-west1,1024,MB,europe-west1,gcp,upload,/function/diff.000020.000027.fits,0.576,163641230.0
7,gcp,europe-west1,1024,MB,europe-west1,gcp,upload,/function/diff.000020.000027_area.fits,0.576,65184467.0
7,gcp,europe-west1,1024,MB,europe-west1,gcp,upload,/function/diff.000020.000028.fits,0.22176,91552466.0
7,gcp,europe-west1,1024,MB,europe-west1,gcp,upload,/function/diff.000020.000028_area.fits,0.22176,52832304.0
7,gcp,europe-west1,1024,MB,europe-west1,gcp,upload,/function/diff.000021.000024.fits,0.144,66591026.0
7,gcp,europe-west1,1024,MB,europe-west1,gcp,upload,/function/diff.000021.000024_area.fits,0.144,50088941.0
7,gcp,europe-west1,1024,MB,europe-west1,gcp,upload,/function/diff.000021.000027.fits,0.03168,60175577.0
7,gcp,europe-west1,1024,MB,europe-west1,gcp,upload,/function/diff.000021.000027_area.fits,0.03168,51507763.0
7,gcp,europe-west1,1024,MB,europe-west1,gcp,upload,/function/diff.000021.000029.fits,0.16128,74155032.0
7,gcp,europe-west1,1024,MB,europe-west1,gcp,upload,/function/diff.000021.000029_area.fits,0.16128,48587513.0
7,gcp,europe-west1,1024,MB,europe-west1,gcp,upload,/function/diff.000021.000030.fits,0.46656,84134118.0
7,gcp,europe-west1,1024,MB,europe-west1,gcp,upload,/function/diff.000021.000030_area.fits,0.46656,65252358.5
7,gcp,europe-west1,1024,MB,europe-west1,gcp,upload,/function/diff.000022.000025.fits,0.03456,53798401.0
7,gcp,europe-west1,1024,MB,europe-west1,gcp,upload,/function/diff.000022.000025_area.fits,0.03456,49139661.5
7,gcp,europe-west1,1024,MB,europe-west1,gcp,upload,/function/diff.000023.000027.fits,0.0288,45369481.5
7,gcp,europe-west1,1024,MB,europe-west1,gcp,upload,/function/diff.000023.000027_area.fits,0.0288,46546549.0
7,gcp,europe-west1,1024,MB,europe-west1,gcp,upload,/function/diff.000024.000029.fits,4.06368,1282641714.5
7,gcp,europe-west1,1024,MB,europe-west1,gcp,upload,/function/diff.000024.000029_area.fits,4.06368,157772785.5
7,gcp,europe-west1,1024,MB,europe-west1,gcp,upload,/function/diff.000024.000030.fits,0.22464,94137619.5
7,gcp,europe-west1,1024,MB,europe-west1,gcp,upload,/function/diff.000024.000030_area.fits,0.22464,56059634.5
7,gcp,europe-west1,1024,MB,europe-west1,gcp,upload,/function/diff.000025.000026.fits,0.22176,78782419.0
7,gcp,europe-west1,1024,MB,europe-west1,gcp,upload,/function/diff.000025.000026_area.fits,0.22176,60772011.0
7,gcp,europe-west1,1024,MB,europe-west1,gcp,upload,/function/diff.000025.000027.fits,0.42912,125073687.0
7,gcp,europe-west1,1024,MB,europe-west1,gcp,upload,/function/diff.000025.000027_area.fits,0.42912,63078022.0
7,gcp,europe-west1,1024,MB,europe-west1,gcp,upload,/function/diff.000026.000027.fits,0.13248,58606516.5
7,gcp,europe-west1,1024,MB,europe-west1,gcp,upload,/function/diff.000026.000027_area.fits,0.13248,53734888.0
7,gcp,europe-west1,1024,MB,europe-west1,gcp,upload,/function/diff.000026.000028.fits,3.30624,787502401.0
7,gcp,europe-west1,1024,MB,europe-west1,gcp,upload,/function/diff.000026.000028_area.fits,3.30624,142494868.0
7,gcp,europe-west1,1024,MB,europe-west1,gcp,upload,/function/diff.000027.000028.fits,0.03456,55137686.0
7,gcp,europe-west1,1024,MB,europe-west1,gcp,upload,/function/diff.000027.000028_area.fits,0.03456,48020075.5
7,gcp,europe-west1,1024,MB,europe-west1,gcp,upload,/function/diff.000029.000030.fits,0.23328,73550850.5
7,gcp,europe-west1,1024,MB,europe-west1,gcp,upload,/function/diff.000029.000030_area.fits,0.23328,60535779.5
7,gcp,europe-west1,1024,MB,europe-west1,gcp,upload,/function/fit.000001.000007.txt,0.000287,62481600.0
7,gcp,europe-west1,1024,MB,europe-west1,gcp,upload,/function/fit.000001.000011.txt,0.00029,53008490.0
7,gcp,europe-west1,1024,MB,europe-west1,gcp,upload,/function/fit.000001.000012.txt,0.000288,89795847.0
7,gcp,europe-west1,1024,MB,europe-west1,gcp,upload,/function/fit.000001.000020.txt,0.000284,58506973.5
7,gcp,europe-west1,1024,MB,europe-west1,gcp,upload,/function/fit.000001.000025.txt,0.000286,58193269.0
7,gcp,europe-west1,1024,MB,europe-west1,gcp,upload,/function/fit.000001.000026.txt,0.000287,54024511.5
7,gcp,europe-west1,1024,MB,europe-west1,gcp,upload,/function/fit.000001.000028.txt,0.000286,56234598.0
7,gcp,europe-west1,1024,MB,europe-west1,gcp,upload,/function/fit.000002.000006.txt,0.000282,61554365.5
7,gcp,europe-west1,1024,MB,europe-west1,gcp,upload,/function/fit.000002.000009.txt,0.000285,53806241.0
7,gcp,europe-west1,1024,MB,europe-west1,gcp,upload,/function/fit.000002.000015.txt,0.000288,60540213.5
7,gcp,europe-west1,1024,MB,europe-west1,gcp,upload,/function/fit.000002.000016.txt,0.000278,56571908.0
7,gcp,europe-west1,1024,MB,europe-west1,gcp,upload,/function/fit.000002.000019.txt,0.000281,52658971.5
7,gcp,europe-west1,1024,MB,europe-west1,gcp,upload,/function/fit.000002.000020.txt,0.000286,53845349.0
7,gcp,europe-west1,1024,MB,europe-west1,gcp,upload,/function/fit.000002.000023.txt,0.00028,54177897.5
7,gcp,europe-west1,1024,MB,europe-west1,gcp,upload,/function/fit.000002.000025.txt,0.000281,51184289.0
7,gcp,europe-west1,1024,MB,europe-west1,gcp,upload,/function/fit.000002.000026.txt,0.000286,54043760.0
7,gcp,europe-west1,1024,MB,europe-west1,gcp,upload,/function/fit.000002.000027.txt,0.000286,56786835.0
7,gcp,europe-west1,1024,MB,europe-west1,gcp,upload,/function/fit.000002.000028.txt,0.000283,59759755.0
7,gcp,europe-west1,1024,MB,europe-west1,gcp,upload,/function/fit.000003.000005.txt,0.000288,52615918.0
7,gcp,europe-west1,1024,MB,europe-west1,gcp,upload,/function/fit.000003.000006.txt,0.000279,54527211.0
7,gcp,europe-west1,1024,MB,europe-west1,gcp,upload,/function/fit.000003.000016.txt,0.000279,50485511.5
7,gcp,europe-west1,1024,MB,europe-west1,gcp,upload,/function/fit.000003.000019.txt,0.000282,50204861.5
7,gcp,europe-west1,1024,MB,europe-west1,gcp,upload,/function/fit.000003.000023.txt,0.000281,51697966.5
7,gcp,europe-west1,1024,MB,europe-west1,gcp,upload,/function/fit.000003.000024.txt,0.00029,53365035.5
7,gcp,europe-west1,1024,MB,europe-west1,gcp,upload,/function/fit.000003.000029.txt,0.000284,61162900.0
7,gcp,europe-west1,1024,MB,europe-west1,gcp,upload,/function/fit.000004.000008.txt,0.00029,52304838.5
7,gcp,europe-west1,1024,MB,europe-west1,gcp,upload,/function/fit.000004.000010.txt,0.000285,51992270.5
7,gcp,europe-west1,1024,MB,europe-west1,gcp,upload,/function/fit.000004.000014.txt,0.000288,48351808.5
7,gcp,europe-west1,1024,MB,europe-west1,gcp,upload,/function/fit.000004.000015.txt,0.000288,48071516.0
7,gcp,europe-west1,1024,MB,europe-west1,gcp,upload,/function/fit.000004.000016.txt,0.000278,53018654.5
7,gcp,europe-west1,1024,MB,europe-west1,gcp,upload,/function/fit.000004.000017.txt,0.000291,53832462.0
7,gcp,europe-west1,1024,MB,europe-west1,gcp,upload,/function/fit.000004.000019.txt,0.00028,54966825.5
7,gcp,europe-west1,1024,MB,europe-west1,gcp,upload,/function/fit.000004.000020.txt,0.000283,52652415.5
7,gcp,europe-west1,1024,MB,europe-west1,gcp,upload,/function/fit.000004.000021.txt,0.000286,48896208.5
7,gcp,europe-west1,1024,MB,europe-west1,gcp,upload,/function/fit.000004.000025.txt,0.000285,52681042.0
7,gcp,europe-west1,1024,MB,europe-west1,gcp,upload,/function/fit.000004.000027.txt,0.000287,60893468.5
7,gcp,europe-west1,1024,MB,europe-west1,gcp,upload,/function/fit.000005.000006.txt,0.000282,50231200.5
7,gcp,europe-west1,1024,MB,europe-west1,gcp,upload,/function/fit.000005.000016.txt,0.00028,52713052.5
7,gcp,europe-west1,1024,MB,europe-west1,gcp,upload,/function/fit.000005.000019.txt,0.000283,52151251.0
7,gcp,europe-west1,1024,MB,europe-west1,gcp,upload,/function/fit.000005.000023.txt,0.000282,51206320.0
7,gcp,europe-west1,1024,MB,europe-west1,gcp,upload,/function/fit.000005.000024.txt,0.000282,58167457.5
7,gcp,europe-west1,1024,MB,europe-west1,gcp,upload,/function/fit.000005.000029.txt,0.000288,53101829.0
7,gcp,europe-west1,1024,MB,europe-west1,gcp,upload,/function/fit.000006.000009.txt,0.000281,50098442.5
7,gcp,europe-west1,1024,MB,europe-west1,gcp,upload,/function/fit.000006.000016.txt,0.000282,51330890.5
7,gcp,europe-west1,1024,MB,europe-west1,gcp,upload,/function/fit.000006.000019.txt,0.000284,56695061.5
7,gcp,europe-west1,1024,MB,europe-west1,gcp,upload,/function/fit.000006.000023.txt,0.000286,55024249.5
7,gcp,europe-west1,1024,MB,europe-west1,gcp,upload,/function/fit.000006.000027.txt,0.000277,48106385.0
7,gcp,europe-west1,1024,MB,europe-west1,gcp,upload,/function/fit.000007.000008.txt,0.000286,51613007.0
7,gcp,europe-west1,1024,MB,europe-west1,gcp,upload,/function/fit.000007.000011.txt,0.000294,50010795.0
7,gcp,europe-west1,1024,MB,europe-west1,gcp,upload,/function/fit.000007.000012.txt,0.000291,51325598.0
7,gcp,europe-west1,1024,MB,europe-west1,gcp,upload,/function/fit.000007.000013.txt,0.000295,52757499.0
7,gcp,europe-west1,1024,MB,europe-west1,gcp,upload,/function/fit.000007.000020.txt,0.000285,45877016.5
7,gcp,europe-west1,1024,MB,europe-west1,gcp,upload,/function/fit.000007.000025.txt,0.000285,54970694.5
7,gcp,europe-west1,1024,MB,europe-west1,gcp,upload,/function/fit.000007.000026.txt,0.000286,51763588.5
7,gcp,europe-west1,1024,MB,europe-west1,gcp,upload,/function/fit.000007.000028.txt,0.000279,58409098.5
7,gcp,europe-west1,1024,MB,europe-west1,gcp,upload,/function/fit.000008.000012.txt,0.000285,56746701.0
7,gcp,europe-west1,1024,MB,europe-west1,gcp,upload,/function/fit.000008.000013.txt,0.000288,53330659.5
7,gcp,europe-west1,1024,MB,europe-west1,gcp,upload,/function/fit.000008.000014.txt,0.000294,54493374.5
7,gcp,europe-west1,1024,MB,europe-west1,gcp,upload,/function/fit.000008.000015.txt,0.000291,51753109.5
7,gcp,europe-west1,1024,MB,europe-west1,gcp,upload,/function/fit.000008.000017.txt,0.000289,49173778.0
7,gcp,europe-west1,1024,MB,europe-west1,gcp,upload,/function/fit.000008.000020.txt,0.000292,48912919.0
7,gcp,europe-west1,1024,MB,europe-west1,gcp,upload,/function/fit.000008.000022.txt,0.000291,49056221.5
7,gcp,europe-west1,1024,MB,europe-west1,gcp,upload,/function/fit.000008.000025.txt,0.000292,52505564.0
7,gcp,europe-west1,1024,MB,europe-west1,gcp,upload,/function/fit.000008.000027.txt,0.000285,51718360.0
7,gcp,europe-west1,1024,MB,europe-west1,gcp,upload,/function/fit.000009.000016.txt,0.000275,52146505.0
7,gcp,europe-west1,1024,MB,europe-west1,gcp,upload,/function/fit.000009.000019.txt,0.000278,48387798.0
7,gcp,europe-west1,1024,MB,europe-west1,gcp,upload,/function/fit.000009.000020.txt,0.000277,50685746.0
7,gcp,europe-west1,1024,MB,europe-west1,gcp,upload,/function/fit.000009.000023.txt,0.000284,52935229.5
7,gcp,europe-west1,1024,MB,europe-west1,gcp,upload,/function/fit.000009.000026.txt,0.000285,51837727.5
7,gcp,europe-west1,1024,MB,europe-west1,gcp,upload,/function/fit.000009.000027.txt,0.000285,48385508.0
7,gcp,europe-west1,1024,MB,europe-west1,gcp,upload,/function/fit.000009.000028.txt,0.000288,49469950.5
7,gcp,europe-west1,1024,MB,europe-west1,gcp,upload,/function/fit.000010.000015.txt,0.000284,48369065.0
7,gcp,europe-west1,1024,MB,europe-west1,gcp,upload,/function/fit.000010.000016.txt,0.000285,49055842.5
7,gcp,europe-west1,1024,MB,europe-west1,gcp,upload,/function/fit.000010.000017.txt,0.000287,53864192.0
7,gcp,europe-west1,1024,MB,europe-west1,gcp,upload,/function/fit.000010.000018.txt,0.000287,49745164.5
7,gcp,europe-west1,1024,MB,europe-west1,gcp,upload,/function/fit.000010.000019.txt,0.000281,52631370.5
7,gcp,europe-west1,1024,MB,europe-west1,gcp,upload,/function/fit.000010.000021.txt,0.000288,52864994.5
7,gcp,europe-west1,1024,MB,europe-west1,gcp,upload,/function/fit.000010.000024.txt,0.000288,47906661.5
7,gcp,europe-west1,1024,MB,europe-west1,gcp,upload,/function/fit.000010.000027.txt,0.000279,51282404.0
7,gcp,europe-west1,1024,MB,europe-west1,gcp,upload,/function/fit.000010.000029.txt,0.000283,50547605.0
7,gcp,europe-west1,1024,MB,europe-west1,gcp,upload,/function/fit.000010.000030.txt,0.000286,52039872.0
7,gcp,europe-west1,1024,MB,europe-west1,gcp,upload,/function/fit.000011.000020.txt,0.000283,49468411.0
7,gcp,europe-west1,1024,MB,europe-west1,gcp,upload,/function/fit.000011.000026.txt,0.000282,56742895.0
7,gcp,europe-west1,1024,MB,europe-west1,gcp,upload,/function/fit.000011.000028.txt,0.000288,48931691.5
7,gcp,europe-west1,1024,MB,europe-west1,gcp,upload,/function/fit.000012.000013.txt,0.000291,52511277.5
7,gcp,europe-west1,1024,MB,europe-west1,gcp,upload,/function/fit.000012.000014.txt,0.000287,54147580.0
7,gcp,europe-west1,1024,MB,europe-west1,gcp,upload,/function/fit.000012.000020.txt,0.000286,46815546.0
7,gcp,europe-west1,1024,MB,europe-west1,gcp,upload,/function/fit.000012.000022.txt,0.000292,50727424.0
7,gcp,europe-west1,1024,MB,europe-west1,gcp,upload,/function/fit.000012.000025.txt,0.000289,48958399.0
7,gcp,europe-west1,1024,MB,europe-west1,gcp,upload,/function/fit.000012.000026.txt,0.000284,58688191.0
7,gcp,europe-west1,1024,MB,europe-west1,gcp,upload,/function/fit.000013.000014.txt,0.000289,51646438.0
7,gcp,europe-west1,1024,MB,europe-west1,gcp,upload,/function/fit.000013.000020.txt,0.000285,52843358.5
7,gcp,europe-west1,1024,MB,europe-west1,gcp,upload,/function/fit.000013.000022.txt,0.000295,49268984.0
7,gcp,europe-west1,1024,MB,europe-west1,gcp,upload,/function/fit.000013.000025.txt,0.00029,46643345.5
7,gcp,europe-west1,1024,MB,europe-west1,gcp,upload,/function/fit.000014.000015.txt,0.000283,55194773.0
7,gcp,europe-west1,1024,MB,europe-west1,gcp,upload,/function/fit.000014.000017.txt,0.000295,53709914.0
7,gcp,europe-west1,1024,MB,europe-west1,gcp,upload,/function/fit.000014.000022.txt,0.000293,55301041.5
7,gcp,europe-west1,1024,MB,europe-west1,gcp,upload,/function/fit.000014.000025.txt,0.000292,52829712.5
7,gcp,europe-west1,1024,MB,europe-west1,gcp,upload,/function/fit.000015.000016.txt,0.000284,50301703.5
7,gcp,europe-west1,1024,MB,europe-west1,gcp,upload,/function/fit.000015.000017.txt,0.00029,48412767.0
7,gcp,europe-west1,1024,MB,europe-west1,gcp,upload,/function/fit.000015.000019.txt,0.000285,51972003.5
7,gcp,europe-west1,1024,MB,europe-west1,gcp,upload,/function/fit.000015.000020.txt,0.000285,60074383.5
7,gcp,europe-west1,1024,MB,europe-west1,gcp,upload,/function/fit.000015.000021.txt,0.000283,54042257.5
7,gcp,europe-west1,1024,MB,europe-west1,gcp,upload,/function/fit.000015.000025.txt,0.000287,50266591.5
7,gcp,europe-west1,1024,MB,europe-west1,gcp,upload,/function/fit.000015.000026.txt,0.000283,52683364.0
7,gcp,europe-west1,1024,MB,europe-west1,gcp,upload,/function/fit.000015.000027.txt,0.000289,48414294.5
7,gcp,europe-west1,1024,MB,europe-west1,gcp,upload,/function/fit.000016.000019.txt,0.000283,47910944.0
7,gcp,europe-west1,1024,MB,europe-west1,gcp,upload,/function/fit.000016.000021.txt,0.000282,53903294.0
7,gcp,europe-west1,1024,MB,europe-west1,gcp,upload,/function/fit.000016.000023.txt,0.000282,51242821.0
7,gcp,europe-west1,1024,MB,europe-west1,gcp,upload,/function/fit.000016.000024.txt,0.000279,47030699.0
7,gcp,europe-west1,1024,MB,europe-west1,gcp,upload,/function/fit.000016.000027.txt,0.000279,56248106.0
7,gcp,europe-west1,1024,MB,europe-west1,gcp,upload,/function/fit.000016.000029.txt,0.000282,51432201.5
7,gcp,europe-west1,1024,MB,europe-west1,gcp,upload,/function/fit.000017.000021.txt,0.000288,49835149.5
7,gcp,europe-west1,1024,MB,europe-west1,gcp,upload,/function/fit.000017.000025.txt,0.000287,48887395.0
7,gcp,europe-west1,1024,MB,europe-west1,gcp,upload,/function/fit.000018.000021.txt,0.000288,49934052.0
7,gcp,europe-west1,1024,MB,europe-west1,gcp,upload,/function/fit.000018.000024.txt,0.000286,51764852.0
7,gcp,europe-west1,1024,MB,europe-west1,gcp,upload,/function/fit.000018.000029.txt,0.000288,50815568.0
7,gcp,europe-west1,1024,MB,europe-west1,gcp,upload,/function/fit.000018.000030.txt,0.000294,53337145.0
7,gcp,europe-west1,1024,MB,europe-west1,gcp,upload,/function/fit.000019.000021.txt,0.000288,52510897.0
7,gcp,europe-west1,1024,MB,europe-west1,gcp,upload,/function/fit.000019.000023.txt,0.000287,58420189.0
7,gcp,europe-west1,1024,MB,europe-west1,gcp,upload,/function/fit.000019.000024.txt,0.000281,44996892.5
7,gcp,europe-west1,1024,MB,europe-west1,gcp,upload,/function/fit.000019.000027.txt,0.000279,46544850.5
7,gcp,europe-west1,1024,MB,europe-west1,gcp,upload,/function/fit.000019.000029.txt,0.000283,50775858.5
7,gcp,europe-west1,1024,MB,europe-west1,gcp,upload,/function/fit.000020.000025.txt,0.000289,52761165.5
7,gcp,europe-west1,1024,MB,europe-west1,gcp,upload,/function/fit.000020.000026.txt,0.000286,46628370.5
7,gcp,europe-west1,1024,MB,europe-west1,gcp,upload,/function/fit.000020.000027.txt,0.000286,49856832.0
7,gcp,europe-west1,1024,MB,europe-west1,gcp,upload,/function/fit.000020.000028.txt,0.000289,57815346.0
7,gcp,europe-west1,1024,MB,europe-west1,gcp,upload,/function/fit.000021.000024.txt,0.000285,48073783.0
7,gcp,europe-west1,1024,MB,europe-west1,gcp,upload,/function/fit.000021.000027.txt,0.000277,46854668.5
7,gcp,europe-west1,1024,MB,europe-west1,gcp,upload,/function/fit.000021.000029.txt,0.000281,50524870.5
7,gcp,europe-west1,1024,MB,europe-west1,gcp,upload,/function/fit.000021.000030.txt,0.000284,46908779.0
7,gcp,europe-west1,1024,MB,europe-west1,gcp,upload,/function/fit.000022.000025.txt,0.000286,52145295.5
7,gcp,europe-west1,1024,MB,europe-west1,gcp,upload,/function/fit.000023.000027.txt,0.00028,44297208.5
7,gcp,europe-west1,1024,MB,europe-west1,gcp,upload,/function/fit.000024.000029.txt,0.00029,50055491.0
7,gcp,europe-west1,1024,MB,europe-west1,gcp,upload,/function/fit.000024.000030.txt,0.000289,53033972.5
7,gcp,europe-west1,1024,MB,europe-west1,gcp,upload,/function/fit.000025.000026.txt,0.00029,50634965.5
7,gcp,europe-west1,1024,MB,europe-west1,gcp,upload,/function/fit.000025.000027.txt,0.000282,51640221.5
7,gcp,europe-west1,1024,MB,europe-west1,gcp,upload,/function/fit.000026.000027.txt,0.000283,52188115.0
7,gcp,europe-west1,1024,MB,europe-west1,gcp,upload,/function/fit.000026.000028.txt,0.00029,45518470.0
7,gcp,europe-west1,1024,MB,europe-west1,gcp,upload,/function/fit.000027.000028.txt,0.000278,54801411.5
7,gcp,europe-west1,1024,MB,europe-west1,gcp,upload,/function/fit.000029.000030.txt,0.000283,57217010.5
8,gcp,europe-west1,1024,MB,europe-west1,gcp,download,/function/diffs.tbl,0.016167,126886921.0
8,gcp,europe-west1,1024,MB,europe-west1,gcp,download,/function/mStatFile,0.039792,63101800.0
8,gcp,europe-west1,1024,MB,europe-west1,gcp,upload,/function/statfile.tbl,0.005863,68555650.0
9,gcp,europe-west1,1024,MB,europe-west1,gcp,download,/function/fit.000001.000007.txt,0.000287,67224673.0
9,gcp,europe-west1,1024,MB,europe-west1,gcp,download,/function/fit.000001.000011.txt,0.00029,63095598.5
9,gcp,europe-west1,1024,MB,europe-west1,gcp,download,/function/fit.000001.000012.txt,0.000288,66487128.0
9,gcp,europe-west1,1024,MB,europe-west1,gcp,download,/function/fit.000001.000020.txt,0.000284,64794570.0
9,gcp,europe-west1,1024,MB,europe-west1,gcp,download,/function/fit.000001.000025.txt,0.000286,62611766.0
9,gcp,europe-west1,1024,MB,europe-west1,gcp,download,/function/fit.000001.000026.txt,0.000287,61503554.5
9,gcp,europe-west1,1024,MB,europe-west1,gcp,download,/function/fit.000001.000028.txt,0.000286,70635369.5
9,gcp,europe-west1,1024,MB,europe-west1,gcp,download,/function/fit.000002.000006.txt,0.000282,49092473.5
9,gcp,europe-west1,1024,MB,europe-west1,gcp,download,/function/fit.000002.000009.txt,0.000285,64344684.0
9,gcp,europe-west1,1024,MB,europe-west1,gcp,download,/function/fit.000002.000015.txt,0.000288,52585262.0
9,gcp,europe-west1,1024,MB,europe-west1,gcp,download,/function/fit.000002.000016.txt,0.000278,70698149.5
9,gcp,europe-west1,1024,MB,europe-west1,gcp,download,/function/fit.000002.000019.txt,0.000281,58224370.5
9,gcp,europe-west1,1024,MB,europe-west1,gcp,download,/function/fit.000002.000020.txt,0.000286,55068539.5
9,gcp,europe-west1,1024,MB,europe-west1,gcp,download,/function/fit.000002.000023.txt,0.00028,60678685.5
9,gcp,europe-west1,1024,MB,europe-west1,gcp,download,/function/fit.000002.000025.txt,0.000281,58101130.0
9,gcp,europe-west1,1024,MB,europe-west1,gcp,download,/function/fit.000002.000026.txt,0.000286,64050975.5
9,gcp,europe-west1,1024,MB,europe-west1,gcp,download,/function/fit.000002.000027.txt,0.000286,64874626.5
9,gcp,europe-west1,1024,MB,europe-west1,gcp,download,/function/fit.000002.000028.txt,0.000283,63740664.0
9,gcp,europe-west1,1024,MB,europe-west1,gcp,download,/function/fit.000003.000005.txt,0.000288,66850179.0
9,gcp,europe-west1,1024,MB,europe-west1,gcp,download,/function/fit.000003.000006.txt,0.000279,58675491.0
9,gcp,europe-west1,1024,MB,europe-west1,gcp,download,/function/fit.000003.000016.txt,0.000279,62347195.0
9,gcp,europe-west1,1024,MB,europe-west1,gcp,download,/function/fit.000003.000019.txt,0.000282,60628253.5
9,gcp,europe-west1,1024,MB,europe-west1,gcp,download,/function/fit.000003.000023.txt,0.000281,60662000.0
9,gcp,europe-west1,1024,MB,europe-west1,gcp,download,/function/fit.000003.000024.txt,0.00029,63769471.0
9,gcp,europe-west1,1024,MB,europe-west1,gcp,download,/function/fit.000003.000029.txt,0.000284,79408735.0
9,gcp,europe-west1,1024,MB,europe-west1,gcp,download,/function/fit.000004.000008.txt,0.00029,62573215.0
9,gcp,europe-west1,1024,MB,europe-west1,gcp,download,/function/fit.000004.000010.txt,0.000285,63399949.0
9,gcp,europe-west1,1024,MB,europe-west1,gcp,download,/function/fit.000004.000014.txt,0.000288,66081111.5
9,gcp,europe-west1,1024,MB,europe-west1,gcp,download,/function/fit.000004.000015.txt,0.000288,60400411.5
9,gcp,europe-west1,1024,MB,europe-west1,gcp,download,/function/fit.000004.000016.txt,0.000278,59340625.0
9,gcp,europe-west1,1024,MB,europe-west1,gcp,download,/function/fit.000004.000017.txt,0.000291,60040507.0
9,gcp,europe-west1,1024,MB,europe-west1,gcp,download,/function/fit.000004.000019.txt,0.00028,74456093.0
9,gcp,europe-west1,1024,MB,europe-west1,gcp,download,/function/fit.000004.000020.txt,0.000283,67091232.5
9,gcp,europe-west1,1024,MB,europe-west1,gcp,download,/function/fit.000004.000021.txt,0.000286,71749905.0
9,gcp,europe-west1,1024,MB,europe-west1,gcp,download,/function/fit.000004.000025.txt,0.000285,54079357.0
9,gcp,europe-west1,1024,MB,europe-west1,gcp,download,/function/fit.000004.000027.txt,0.000287,56528245.5
9,gcp,europe-west1,1024,MB,europe-west1,gcp,download,/function/fit.000005.000006.txt,0.000282,76905396.5
9,gcp,europe-west1,1024,MB,europe-west1,gcp,download,/function/fit.000005.000016.txt,0.00028,81817141.5
9,gcp,europe-west1,1024,MB,europe-west1,gcp,download,/function/fit.000005.000019.txt,0.000283,52335334.0
9,gcp,europe-west1,1024,MB,europe-west1,gcp,download,/function/fit.000005.000023.txt,0.000282,51012961.5
9,gcp,europe-west1,1024,MB,europe-west1,gcp,download,/function/fit.000005.000024.txt,0.000282,50462809.5
9,gcp,europe-west1,1024,MB,europe-west1,gcp,download,/function/fit.000005.000029.txt,0.000288,57044539.0
9,gcp,europe-west1,1024,MB,europe-west1,gcp,download,/function/fit.000006.000009.txt,0.000281,68385705.5
9,gcp,europe-west1,1024,MB,europe-west1,gcp,download,/function/fit.000006.000016.txt,0.000282,62759140.5
9,gcp,europe-west1,1024,MB,europe-west1,gcp,download,/function/fit.000006.000019.txt,0.000284,59560588.5
9,gcp,europe-west1,1024,MB,europe-west1,gcp,download,/function/fit.000006.000023.txt,0.000286,58796072.0
9,gcp,europe-west1,1024,MB,europe-west1,gcp,download,/function/fit.000006.000027.txt,0.000277,67489773.0
9,gcp,europe-west1,1024,MB,europe-west1,gcp,download,/function/fit.000007.000008.txt,0.000286,60503774.0
9,gcp,europe-west1,1024,MB,europe-west1,gcp,download,/function/fit.000007.000011.txt,0.000294,57021256.0
9,gcp,europe-west1,1024,MB,europe-west1,gcp,download,/function/fit.000007.000012.txt,0.000291,61739462.0
9,gcp,europe-west1,1024,MB,europe-west1,gcp,download,/function/fit.000007.000013.txt,0.000295,55301692.5
9,gcp,europe-west1,1024,MB,europe-west1,gcp,download,/function/fit.000007.000020.txt,0.000285,61992570.0
9,gcp,europe-west1,1024,MB,europe-west1,gcp,download,/function/fit.000007.000025.txt,0.000285,60404726.0
9,gcp,europe-west1,1024,MB,europe-west1,gcp,download,/function/fit.000007.000026.txt,0.000286,64789784.5
9,gcp,europe-west1,1024,MB,europe-west1,gcp,download,/function/fit.000007.000028.txt,0.000279,75728081.0
9,gcp,europe-west1,1024,MB,europe-west1,gcp,download,/function/fit.000008.000012.txt,0.000285,66259230.5
9,gcp,europe-west1,1024,MB,europe-west1,gcp,download,/function/fit.000008.000013.txt,0.000288,63817622.0
9,gcp,europe-west1,1024,MB,europe-west1,gcp,download,/function/fit.000008.000014.txt,0.000294,75849536.0
9,gcp,europe-west1,1024,MB,europe-west1,gcp,download,/function/fit.000008.000015.txt,0.000291,53845212.5
9,gcp,europe-west1,1024,MB,europe-west1,gcp,download,/function/fit.000008.000017.txt,0.000289,52381923.0
9,gcp,europe-west1,1024,MB,europe-west1,gcp,download,/function/fit.000008.000020.txt,0.000292,64369599.5
9,gcp,europe-west1,1024,MB,europe-west1,gcp,download,/function/fit.000008.000022.txt,0.000291,59344037.5
9,gcp,europe-west1,1024,MB,europe-west1,gcp,download,/function/fit.000008.000025.txt,0.000292,60884522.5
9,gcp,europe-west1,1024,MB,europe-west1,gcp,download,/function/fit.000008.000027.txt,0.000285,66555678.0
9,gcp,europe-west1,1024,MB,europe-west1,gcp,download,/function/fit.000009.000016.txt,0.000275,66369985.0
9,gcp,europe-west1,1024,MB,europe-west1,gcp,download,/function/fit.000009.000019.txt,0.000278,62348244.5
9,gcp,europe-west1,1024,MB,europe-west1,gcp,download,/function/fit.000009.000020.txt,0.000277,55707225.0
9,gcp,europe-west1,1024,MB,europe-west1,gcp,download,/function/fit.000009.000023.txt,0.000284,56751024.0
9,gcp,europe-west1,1024,MB,europe-west1,gcp,download,/function/fit.000009.000026.txt,0.000285,59381672.0
9,gcp,europe-west1,1024,MB,europe-west1,gcp,download,/function/fit.000009.000027.txt,0.000285,58605451.0
9,gcp,europe-west1,1024,MB,europe-west1,gcp,download,/function/fit.000009.000028.txt,0.000288,58599150.0
9,gcp,europe-west1,1024,MB,europe-west1,gcp,download,/function/fit.000010.000015.txt,0.000284,60409134.0
9,gcp,europe-west1,1024,MB,europe-west1,gcp,download,/function/fit.000010.000016.txt,0.000285,64149025.5
9,gcp,europe-west1,1024,MB,europe-west1,gcp,download,/function/fit.000010.000017.txt,0.000287,65413253.0
9,gcp,europe-west1,1024,MB,europe-west1,gcp,download,/function/fit.000010.000018.txt,0.000287,70515080.0
9,gcp,europe-west1,1024,MB,europe-west1,gcp,download,/function/fit.000010.000019.txt,0.000281,61027429.0
9,gcp,europe-west1,1024,MB,europe-west1,gcp,download,/function/fit.000010.000021.txt,0.000288,66753809.5
9,gcp,europe-west1,1024,MB,europe-west1,gcp,download,/function/fit.000010.000024.txt,0.000288,61690552.5
9,gcp,europe-west1,1024,MB,europe-west1,gcp,download,/function/fit.000010.000027.txt,0.000279,63962892.5
9,gcp,europe-west1,1024,MB,europe-west1,gcp,download,/function/fit.000010.000029.txt,0.000283,51821708.5
9,gcp,europe-west1,1024,MB,europe-west1,gcp,download,/function/fit.000010.000030.txt,0.000286,54484815.0
9,gcp,europe-west1,1024,MB,europe-west1,gcp,download,/function/fit.000011.000020.txt,0.000283,73655460.5
9,gcp,europe-west1,1024,MB,europe-west1,gcp,download,/function/fit.000011.000026.txt,0.000282,57935986.5
9,gcp,europe-west1,1024,MB,europe-west1,gcp,download,/function/fit.000011.000028.txt,0.000288,60640854.5
9,gcp,europe-west1,1024,MB,europe-west1,gcp,download,/function/fit.000012.000013.txt,0.000291,59671117.5
9,gcp,europe-west1,1024,MB,europe-west1,gcp,download,/function/fit.000012.000014.txt,0.000287,43806725.0
9,gcp,europe-west1,1024,MB,europe-west1,gcp,download,/function/fit.000012.000020.txt,0.000286,62967397.0
9,gcp,europe-west1,1024,MB,europe-west1,gcp,download,/function/fit.000012.000022.txt,0.000292,59731734.0
9,gcp,europe-west1,1024,MB,europe-west1,gcp,download,/function/fit.000012.000025.txt,0.000289,59982611.5
9,gcp,europe-west1,1024,MB,europe-west1,gcp,download,/function/fit.000012.000026.txt,0.000284,52742160.0
9,gcp,europe-west1,1024,MB,europe-west1,gcp,download,/function/fit.000013.000014.txt,0.000289,69586557.0
9,gcp,europe-west1,1024,MB,europe-west1,gcp,download,/function/fit.000013.000020.txt,0.000285,54314514.0
9,gcp,europe-west1,1024,MB,europe-west1,gcp,download,/function/fit.000013.000022.txt,0.000295,62777508.5
9,gcp,europe-west1,1024,MB,europe-west1,gcp,download,/function/fit.000013.000025.txt,0.00029,63394860.5
9,gcp,europe-west1,1024,MB,europe-west1,gcp,download,/function/fit.000014.000015.txt,0.000283,74269383.5
9,gcp,europe-west1,1024,MB,europe-west1,gcp,download,/function/fit.000014.000017.txt,0.000295,82066376.0
9,gcp,europe-west1,1024,MB,europe-west1,gcp,download,/function/fit.000014.000022.txt,0.000293,61205168.5
9,gcp,europe-west1,1024,MB,europe-west1,gcp,download,/function/fit.000014.000025.txt,0.000292,61953519.0
9,gcp,europe-west1,1024,MB,europe-west1,gcp,download,/function/fit.000015.000016.txt,0.000284,60934146.5
9,gcp,europe-west1,1024,MB,europe-west1,gcp,download,/function/fit.000015.000017.txt,0.00029,50585317.5
9,gcp,europe-west1,1024,MB,europe-west1,gcp,download,/function/fit.000015.000019.txt,0.000285,68464957.0
9,gcp,europe-west1,1024,MB,europe-west1,gcp,download,/function/fit.000015.000020.txt,0.000285,46635606.0
9,gcp,europe-west1,1024,MB,europe-west1,gcp,download,/function/fit.000015.000021.txt,0.000283,46046466.5
9,gcp,europe-west1,1024,MB,europe-west1,gcp,download,/function/fit.000015.000025.txt,0.000287,66478088.0
9,gcp,europe-west1,1024,MB,europe-west1,gcp,download,/function/fit.000015.000026.txt,0.000283,59316021.5
9,gcp,europe-west1,1024,MB,europe-west1,gcp,download,/function/fit.000015.000027.txt,0.000289,64156055.5
9,gcp,europe-west1,1024,MB,europe-west1,gcp,download,/function/fit.000016.000019.txt,0.000283,54449311.0
9,gcp,europe-west1,1024,MB,europe-west1,gcp,download,/function/fit.000016.000021.txt,0.000282,59957041.5
9,gcp,europe-west1,1024,MB,europe-west1,gcp,download,/function/fit.000016.000023.txt,0.000282,54191372.0
9,gcp,europe-west1,1024,MB,europe-west1,gcp,download,/function/fit.000016.000024.txt,0.000279,50622085.0
9,gcp,europe-west1,1024,MB,europe-west1,gcp,download,/function/fit.000016.000027.txt,0.000279,52177858.5
9,gcp,europe-west1,1024,MB,europe-west1,gcp,download,/function/fit.000016.000029.txt,0.000282,60191501.5
9,gcp,europe-west1,1024,MB,europe-west1,gcp,download,/function/fit.000017.000021.txt,0.000288,56522409.0
9,gcp,europe-west1,1024,MB,europe-west1,gcp,download,/function/fit.000017.000025.txt,0.000287,59490578.5
9,gcp,europe-west1,1024,MB,europe-west1,gcp,download,/function/fit.000018.000021.txt,0.000288,57917477.0
9,gcp,europe-west1,1024,MB,europe-west1,gcp,download,/function/fit.000018.000024.txt,0.000286,46934494.5
9,gcp,europe-west1,1024,MB,europe-west1,gcp,download,/function/fit.000018.000029.txt,0.000288,61417594.0
9,gcp,europe-west1,1024,MB,europe-west1,gcp,download,/function/fit.000018.000030.txt,0.000294,55097956.5
9,gcp,europe-west1,1024,MB,europe-west1,gcp,download,/function/fit.000019.000021.txt,0.000288,58549224.5
9,gcp,europe-west1,1024,MB,europe-west1,gcp,download,/function/fit.000019.000023.txt,0.000287,76722251.0
9,gcp,europe-west1,1024,MB,europe-west1,gcp,download,/function/fit.000019.000024.txt,0.000281,50023688.0
9,gcp,europe-west1,1024,MB,europe-west1,gcp,download,/function/fit.000019.000027.txt,0.000279,55534900.0
9,gcp,europe-west1,1024,MB,europe-west1,gcp,download,/function/fit.000019.000029.txt,0.000283,45633764.0
9,gcp,europe-west1,1024,MB,europe-west1,gcp,download,/function/fit.000020.000025.txt,0.000289,63812812.5
9,gcp,europe-west1,1024,MB,europe-west1,gcp,download,/function/fit.000020.000026.txt,0.000286,53008921.5
9,gcp,europe-west1,1024,MB,europe-west1,gcp,download,/function/fit.000020.000027.txt,0.000286,69054947.0
9,gcp,europe-west1,1024,MB,europe-west1,gcp,download,/function/fit.000020.000028.txt,0.000289,53789218.0
9,gcp,europe-west1,1024,MB,europe-west1,gcp,download,/function/fit.000021.000024.txt,0.000285,63226658.0
9,gcp,europe-west1,1024,MB,europe-west1,gcp,download,/function/fit.000021.000027.txt,0.000277,69144579.0
9,gcp,europe-west1,1024,MB,europe-west1,gcp,download,/function/fit.000021.000029.txt,0.000281,62676558.0
9,gcp,europe-west1,1024,MB,europe-west1,gcp,download,/function/fit.000021.000030.txt,0.000284,63712158.5
9,gcp,europe-west1,1024,MB,europe-west1,gcp,download,/function/fit.000022.000025.txt,0.000286,51636806.0
9,gcp,europe-west1,1024,MB,europe-west1,gcp,download,/function/fit.000023.000027.txt,0.00028,53141980.5
9,gcp,europe-west1,1024,MB,europe-west1,gcp,download,/function/fit.000024.000029.txt,0.00029,60129847.5
9,gcp,europe-west1,1024,MB,europe-west1,gcp,download,/function/fit.000024.000030.txt,0.000289,48522359.5
9,gcp,europe-west1,1024,MB,europe-west1,gcp,download,/function/fit.000025.000026.txt,0.00029,57276911.0
9,gcp,europe-west1,1024,MB,europe-west1,gcp,download,/function/fit.000025.000027.txt,0.000282,65960802.5
9,gcp,europe-west1,1024,MB,europe-west1,gcp,download,/function/fit.000026.000027.txt,0.000283,60629772.5
9,gcp,europe-west1,1024,MB,europe-west1,gcp,download,/function/fit.000026.000028.txt,0.00029,55654340.5
9,gcp,europe-west1,1024,MB,europe-west1,gcp,download,/function/fit.000027.000028.txt,0.000278,49887840.5
9,gcp,europe-west1,1024,MB,europe-west1,gcp,download,/function/fit.000029.000030.txt,0.000283,69751996.5
9,gcp,europe-west1,1024,MB,europe-west1,gcp,download,/function/mConcatFit,0.048384,65171325.0
9,gcp,europe-west1,1024,MB,europe-west1,gcp,download,/function/statfile.tbl,0.005863,49642687.0
9,gcp,europe-west1,1024,MB,europe-west1,gcp,upload,/function/fits.tbl,0.029537,143122976.0
