task,payload_size,memory_mb,invocation_latency_ms,input_key,output_key,input_size_bytes,output_size_bytes,download_time_ms,compute_time_ms,upload_time_ms,total_time_ms,download_bandwidth_mbs,upload_bandwidth_mbs,step,chain,run_id,error
e_matrix_multiply,micro,256,4101.281404000000,payloads/matrix_micro.bin,intermediate/task_e_matrix_multiply_256mb_micro_0.out,102156,102156,156.434838,23.116234,80.753723,260.304795,0.6530260000000000,1.2650310000000000,,,,
e_matrix_multiply,micro,256,4247.862101000000,payloads/matrix_micro.bin,intermediate/task_e_matrix_multiply_256mb_micro_1.out,102156,102156,175.110996,6.700044,95.314719,277.125759,0.5833790000000000,1.0717760000000001,,,,
e_matrix_multiply,micro,256,4121.533632000000,payloads/matrix_micro.bin,intermediate/task_e_matrix_multiply_256mb_micro_2.out,102156,102156,168.142599,13.840255,77.363913,259.346767,0.6075560000000000,1.3204610000000001,,,,
e_matrix_multiply,micro,256,4194.21649000000,payloads/matrix_micro.bin,intermediate/task_e_matrix_multiply_256mb_micro_3.out,102156,102156,161.466004,18.075784,118.951031,298.492819,0.6326780000000000,0.8588070000000000,,,,
e_matrix_multiply,micro,256,4545.557737000000,payloads/matrix_micro.bin,intermediate/task_e_matrix_multiply_256mb_micro_4.out,102156,102156,158.697457,21.771049,98.643161,279.111667,0.6437150000000000,1.0356120000000000,,,,
e_matrix_multiply,small,256,5314.087629000000,payloads/matrix_small.bin,intermediate/task_e_matrix_multiply_256mb_small_0.out,5235852,5235852,299.647316,659.065083,372.860483,1331.572882,17.473382000000001,14.042389000000000,,,,
e_matrix_multiply,small,256,5145.410061000000,payloads/matrix_small.bin,intermediate/task_e_matrix_multiply_256mb_small_1.out,5235852,5235852,281.614989,579.299238,395.289471,1256.203698,18.592234999999999,13.245615000000001,,,,
e_matrix_multiply,small,256,5099.536657000000,payloads/matrix_small.bin,intermediate/task_e_matrix_multiply_256mb_small_2.out,5235852,5235852,278.817026,542.479338,353.35216,1174.648524,18.778810000000000,14.81766000000000,,,,
e_matrix_multiply,small,256,4922.281265000000,payloads/matrix_small.bin,intermediate/task_e_matrix_multiply_256mb_small_3.out,5235852,5235852,339.600373,580.707833,360.601978,1280.910184,15.41768600000000,14.519754000000001,,,,
e_matrix_multiply,small,256,4620.072842000000,payloads/matrix_small.bin,intermediate/task_e_matrix_multiply_256mb_small_4.out,5235852,5235852,259.297594,521.388646,282.435771,1063.122011,20.192443000000001,18.53820400000000,,,,
e_matrix_multiply,micro,1024,1650.1386170000001,payloads/matrix_micro.bin,intermediate/task_e_matrix_multiply_1024mb_micro_0.out,102156,102156,76.993256,4.978549,36.310817,118.282622,1.3268180000000001,2.813377000000000,,,,
e_matrix_multiply,micro,1024,1481.8522929999999,payloads/matrix_micro.bin,intermediate/task_e_matrix_multiply_1024mb_micro_1.out,102156,102156,67.315431,4.346859,29.687499,101.349789,1.5175719999999999,3.4410440000000002,,,,
e_matrix_multiply,micro,1024,1577.3272509999999,payloads/matrix_micro.bin,intermediate/task_e_matrix_multiply_1024mb_micro_2.out,102156,102156,64.149581,4.793899,39.0504,107.99388,1.592466000000000,2.616004000000000,,,,
e_matrix_multiply,micro,1024,1510.7529159999999,payloads/matrix_micro.bin,intermediate/task_e_matrix_multiply_1024mb_micro_3.out,102156,102156,60.554089,4.939211,52.327369,117.820669,1.6870210000000001,1.9522480000000000,,,,
e_matrix_multiply,micro,1024,1519.3805689999999,payloads/matrix_micro.bin,intermediate/task_e_matrix_multiply_1024mb_micro_4.out,102156,102156,72.225922,5.15255,56.292855,133.671327,1.4143950000000001,1.8147240000000000,,,,
e_matrix_multiply,small,1024,1859.769821000000,payloads/matrix_small.bin,intermediate/task_e_matrix_multiply_1024mb_small_0.out,5235852,5235852,101.760339,117.423213,155.675466,374.859018,51.4527770000000,33.63312200000000,,,,
e_matrix_multiply,small,1024,1968.6357980000000,payloads/matrix_small.bin,intermediate/task_e_matrix_multiply_1024mb_small_1.out,5235852,5235852,125.885308,167.551708,126.49153,419.928546,41.59224000000000,41.39290600000000,,,,
e_matrix_multiply,small,1024,1861.0334399999999,payloads/matrix_small.bin,intermediate/task_e_matrix_multiply_1024mb_small_2.out,5235852,5235852,96.112339,119.252647,209.895724,425.26071,54.47637700000000,24.945015000000001,,,,
e_matrix_multiply,small,1024,1794.7912220000001,payloads/matrix_small.bin,intermediate/task_e_matrix_multiply_1024mb_small_3.out,5235852,5235852,86.334591,131.386206,143.852829,361.573626,60.64605100000000,36.39728200000000,,,,
e_matrix_multiply,small,1024,1812.650442000000,payloads/matrix_small.bin,intermediate/task_e_matrix_multiply_1024mb_small_4.out,5235852,5235852,96.012595,132.487911,158.868349,387.368855,54.53297000000000,32.95717500000000,,,,
e_matrix_multiply,medium,1024,4665.792227000000,payloads/matrix_medium.bin,intermediate/task_e_matrix_multiply_1024mb_medium_0.out,52387852,52387852,555.034834,2207.945317,594.368149,3357.3483,94.38660200000000,88.14040900000001,,,,
e_matrix_multiply,medium,1024,4840.384245000000,payloads/matrix_medium.bin,intermediate/task_e_matrix_multiply_1024mb_medium_1.out,52387852,52387852,561.721176,2175.331716,603.758891,3340.811783,93.26308899999999,86.7694920000000,,,,
e_matrix_multiply,medium,1024,4820.425749000000,payloads/matrix_medium.bin,intermediate/task_e_matrix_multiply_1024mb_medium_2.out,52387852,52387852,561.546594,2215.220475,589.547874,3366.314943,93.292084000000,88.86106500000000,,,,
e_matrix_multiply,medium,1024,4865.34857700000,payloads/matrix_medium.bin,intermediate/task_e_matrix_multiply_1024mb_medium_3.out,52387852,52387852,576.583708,2329.613294,567.26062,3473.457622,90.8590570000000,92.35235100000000,,,,
e_matrix_multiply,medium,1024,4826.886177000000,payloads/matrix_medium.bin,intermediate/task_e_matrix_multiply_1024mb_medium_4.out,52387852,52387852,550.274004,2193.610355,623.76473,3367.649089,95.20321100000000,83.98655700000000,,,,
e_matrix_multiply,micro,1536,1478.8274770000000,payloads/matrix_micro.bin,intermediate/task_e_matrix_multiply_1536mb_micro_0.out,102156,102156,54.704007,4.92752,98.76646,158.397987,1.8674320000000000,1.034319000000000,,,,
e_matrix_multiply,micro,1536,1308.9265820000001,payloads/matrix_micro.bin,intermediate/task_e_matrix_multiply_1536mb_micro_1.out,102156,102156,49.683754,5.080154,32.899324,87.663232,2.056125000000000,3.105109000000000,,,,
e_matrix_multiply,micro,1536,1436.5370270000001,payloads/matrix_micro.bin,intermediate/task_e_matrix_multiply_1536mb_micro_2.out,102156,102156,56.803223,4.944738,34.043365,95.791326,1.798419000000000,3.0007609999999998,,,,
e_matrix_multiply,micro,1536,1659.6965789999999,payloads/matrix_micro.bin,intermediate/task_e_matrix_multiply_1536mb_micro_3.out,102156,102156,65.790189,5.098112,47.728867,118.617168,1.5527540000000000,2.1403400000000001,,,,
e_matrix_multiply,micro,1536,1370.3882690000000,payloads/matrix_micro.bin,intermediate/task_e_matrix_multiply_1536mb_micro_4.out,102156,102156,66.206721,5.063568,39.998794,111.269083,1.542985000000000,2.5539770000000002,,,,
e_matrix_multiply,small,1536,1517.247200000000,payloads/matrix_small.bin,intermediate/task_e_matrix_multiply_1536mb_small_0.out,5235852,5235852,122.548711,80.917496,132.909009,336.375216,42.72466000000000,39.3942600000000,,,,
e_matrix_multiply,small,1536,1458.1663610000001,payloads/matrix_small.bin,intermediate/task_e_matrix_multiply_1536mb_small_1.out,5235852,5235852,84.10417,85.867481,115.09797,285.069621,62.254368999999997,45.49039400000000,,,,
e_matrix_multiply,small,1536,1639.0862460000001,payloads/matrix_small.bin,intermediate/task_e_matrix_multiply_1536mb_small_2.out,5235852,5235852,95.265646,79.435688,151.512784,326.214118,54.96054700000000,34.55716300000000,,,,
e_matrix_multiply,small,1536,1537.278652000000,payloads/matrix_small.bin,intermediate/task_e_matrix_multiply_1536mb_small_3.out,5235852,5235852,117.514705,72.949862,131.6089,322.073467,44.55486700000000,39.78341900000000,,,,
e_matrix_multiply,small,1536,1568.591833000000,payloads/matrix_small.bin,intermediate/task_e_matrix_multiply_1536mb_small_4.out,5235852,5235852,88.922252,80.286247,142.58643,311.794929,58.88123500000000,36.7205490000000,,,,
e_matrix_multiply,medium,1536,3677.3431300000002,payloads/matrix_medium.bin,intermediate/task_e_matrix_multiply_1536mb_medium_0.out,52387852,52387852,548.202589,1414.399382,498.90608,2461.508051,95.5629420000000,105.00543900000000,,,,
e_matrix_multiply,medium,1536,3686.413050000000,payloads/matrix_medium.bin,intermediate/task_e_matrix_multiply_1536mb_medium_1.out,52387852,52387852,548.016159,1384.425312,514.981522,2447.422993,95.59545100000000,101.72763399999999,,,,
e_matrix_multiply,medium,1536,3759.196520000000,payloads/matrix_medium.bin,intermediate/task_e_matrix_multiply_1536mb_medium_2.out,52387852,52387852,547.658098,1434.446575,516.541016,2498.645689,95.6579520000000,101.42050800000000,,,,
e_matrix_multiply,medium,1536,3660.141468000000,payloads/matrix_medium.bin,intermediate/task_e_matrix_multiply_1536mb_medium_3.out,52387852,52387852,548.304143,1413.951439,501.164909,2463.420491,95.54524200000000,104.53216300000000,,,,
e_matrix_multiply,medium,1536,3815.197229000000,payloads/matrix_medium.bin,intermediate/task_e_matrix_multiply_1536mb_medium_4.out,52387852,52387852,549.0424,1412.12339,491.456538,2452.622328,95.41676900000000,106.59712100000000,,,,
e_matrix_multiply,large,1536,19374.31049300000,payloads/matrix_large.bin,intermediate/task_e_matrix_multiply_1536mb_large_0.out,262113412,262113412,2648.051358,13066.168444,2378.788812,18093.008614,98.98350800000000,110.18776099999999,,,,
e_matrix_multiply,large,1536,19008.82053400000,payloads/matrix_large.bin,intermediate/task_e_matrix_multiply_1536mb_large_1.out,262113412,262113412,2645.465566,12917.075576,2312.406068,17874.94721,99.0802580000000,113.350945000000,,,,
e_matrix_multiply,large,1536,25145.606994999998,payloads/matrix_large.bin,intermediate/task_e_matrix_multiply_1536mb_large_2.out,262113412,262113412,2648.836629,18934.169002,2353.421022,23936.426653,98.9541630000000,111.37548700000001,,,,
e_matrix_multiply,large,1536,19149.02710900000,payloads/matrix_large.bin,intermediate/task_e_matrix_multiply_1536mb_large_3.out,262113412,262113412,2644.663118,13032.468206,2301.241755,17978.373079,99.11032200000000,113.90085900000000,,,,
e_matrix_multiply,large,1536,18147.77898800000,payloads/matrix_large.bin,intermediate/task_e_matrix_multiply_1536mb_large_4.out,262113412,262113412,2643.885852,12065.815499,2306.066566,17015.767917,99.13945900000000,113.6625520000000,,,,
e_matrix_multiply,micro,512,2623.618126000000,payloads/matrix_micro.bin,intermediate/task_e_matrix_multiply_512mb_micro_0.out,102156,102156,92.62936,5.169245,35.052088,132.850693,1.102847000000000,2.9144060000000001,,,,
e_matrix_multiply,micro,512,2251.3723369999998,payloads/matrix_micro.bin,intermediate/task_e_matrix_multiply_512mb_micro_1.out,102156,102156,95.922794,5.861121,42.680401,144.464316,1.064981000000000,2.3935110000000002,,,,
e_matrix_multiply,micro,512,2106.570244000000,payloads/matrix_micro.bin,intermediate/task_e_matrix_multiply_512mb_micro_2.out,102156,102156,94.777373,4.772322,63.739494,163.289189,1.0778520000000000,1.602711000000000,,,,
e_matrix_multiply,micro,512,2374.998093000000,payloads/matrix_micro.bin,intermediate/task_e_matrix_multiply_512mb_micro_3.out,102156,102156,93.720992,5.040252,59.536203,158.297447,1.0900010000000000,1.715864000000000,,,,
e_matrix_multiply,micro,512,2748.337746000000,payloads/matrix_micro.bin,intermediate/task_e_matrix_multiply_512mb_micro_4.out,102156,102156,115.930241,18.627711,67.403271,201.961223,0.8811850000000000,1.5155940000000001,,,,
e_matrix_multiply,small,512,2755.765676000000,payloads/matrix_small.bin,intermediate/task_e_matrix_multiply_512mb_small_0.out,5235852,5235852,160.935783,277.586294,214.772655,653.294732,32.533796000000002,24.37857800000000,,,,
e_matrix_multiply,small,512,2887.8395559999999,payloads/matrix_small.bin,intermediate/task_e_matrix_multiply_512mb_small_1.out,5235852,5235852,143.353531,278.173776,211.186869,632.714176,36.52405300000000,24.79250700000000,,,,
e_matrix_multiply,small,512,2822.2577569999999,payloads/matrix_small.bin,intermediate/task_e_matrix_multiply_512mb_small_2.out,5235852,5235852,161.3252,294.080317,181.927992,637.333509,32.45526400000000,28.77980400000000,,,,
e_matrix_multiply,small,512,3013.4103300000002,payloads/matrix_small.bin,intermediate/task_e_matrix_multiply_512mb_small_3.out,5235852,5235852,124.087428,295.595007,266.343372,686.025807,42.19486300000000,19.65827800000000,,,,
e_matrix_multiply,small,512,2538.893700000000,payloads/matrix_small.bin,intermediate/task_e_matrix_multiply_512mb_small_4.out,5235852,5235852,139.046639,239.66558,149.13547,527.847689,37.65536500000000,35.10802600000000,,,,
e_matrix_multiply,medium,512,8207.668781000000,payloads/matrix_medium.bin,intermediate/task_e_matrix_multiply_512mb_medium_0.out,52387852,52387852,588.562516,4333.353996,1220.975835,6142.892347,89.00983400000000,42.906542999999999,,,,
e_matrix_multiply,medium,512,8545.853853000001,payloads/matrix_medium.bin,intermediate/task_e_matrix_multiply_512mb_medium_1.out,52387852,52387852,599.330926,4305.402649,1394.575453,6299.309028,87.4105600000000,37.565448000000004,,,,
e_matrix_multiply,medium,512,8305.437803000001,payloads/matrix_medium.bin,intermediate/task_e_matrix_multiply_512mb_medium_2.out,52387852,52387852,660.41901,4337.782225,1271.654446,6269.855681,79.32517300000001,41.19661000000000,,,,
e_matrix_multiply,medium,512,8139.106512000000,payloads/matrix_medium.bin,intermediate/task_e_matrix_multiply_512mb_medium_3.out,52387852,52387852,587.467018,4255.282293,1146.29961,5989.048921,89.17581800000001,45.70171000000000,,,,
e_matrix_multiply,medium,512,8287.14656800000,payloads/matrix_medium.bin,intermediate/task_e_matrix_multiply_512mb_medium_4.out,52387852,52387852,602.27228,4334.083425,1194.798394,6131.154099,86.98366799999999,43.846603999999999,,,,
e_matrix_multiply,micro,128,8171.516895000000,payloads/matrix_micro.bin,intermediate/task_e_matrix_multiply_128mb_micro_0.out,102156,102156,299.011244,199.441813,202.578191,701.031248,0.3416460000000000,0.5042790000000000,,,,
e_matrix_multiply,micro,128,8090.739965000000,payloads/matrix_micro.bin,intermediate/task_e_matrix_multiply_128mb_micro_1.out,102156,102156,319.332972,80.885209,179.994403,580.212584,0.3199040000000000,0.5675510000000000,,,,
e_matrix_multiply,micro,128,8238.460064000001,payloads/matrix_micro.bin,intermediate/task_e_matrix_multiply_128mb_micro_2.out,102156,102156,298.830703,60.554591,201.519566,560.90486,0.3418520000000000,0.5069280000000000,,,,
e_matrix_multiply,micro,128,8464.929581000000,payloads/matrix_micro.bin,intermediate/task_e_matrix_multiply_128mb_micro_3.out,102156,102156,318.712897,41.527027,180.182049,540.421973,0.3205270000000000,0.5669600000000000,,,,
e_matrix_multiply,micro,128,8168.855667000000,payloads/matrix_micro.bin,intermediate/task_e_matrix_multiply_128mb_micro_4.out,102156,102156,320.731192,58.745945,201.878716,581.355853,0.3185100000000000,0.5060270000000000,,,,
e_matrix_multiply,small,128,9531.05640400000,payloads/matrix_small.bin,intermediate/task_e_matrix_multiply_128mb_small_0.out,5235852,5235852,519.381789,1001.663136,578.387815,2099.43274,10.080931000000000,9.05249400000000,,,,
e_matrix_multiply,small,128,9705.928564000000,payloads/matrix_small.bin,intermediate/task_e_matrix_multiply_128mb_small_1.out,5235852,5235852,482.038897,1039.33017,641.608248,2162.977315,10.861886999999999,8.16051200000000,,,,
e_matrix_multiply,small,128,9393.51511000000,payloads/matrix_small.bin,intermediate/task_e_matrix_multiply_128mb_small_2.out,5235852,5235852,519.87642,1041.500223,539.277781,2100.654424,10.071339999999999,9.709007000000000,,,,
e_matrix_multiply,small,128,9968.992948999999,payloads/matrix_small.bin,intermediate/task_e_matrix_multiply_128mb_small_3.out,5235852,5235852,521.845428,1039.462193,638.066628,2199.374249,10.033339000000000,8.205807999999999,,,,
e_matrix_multiply,small,128,8696.442604000000,payloads/matrix_small.bin,intermediate/task_e_matrix_multiply_128mb_small_4.out,5235852,5235852,498.838441,961.122173,658.67344,2118.634054,10.49608800000000,7.94908600000000,,,,
e_matrix_multiply,micro,768,1832.5352670000000,payloads/matrix_micro.bin,intermediate/task_e_matrix_multiply_768mb_micro_0.out,102156,102156,68.56692,4.627614,40.257693,113.452227,1.489873000000000,2.5375519999999998,,,,
e_matrix_multiply,micro,768,1782.912016000000,payloads/matrix_micro.bin,intermediate/task_e_matrix_multiply_768mb_micro_1.out,102156,102156,75.235348,4.702515,39.33998,119.277843,1.357819000000000,2.5967479999999998,,,,
e_matrix_multiply,micro,768,1753.5207270000001,payloads/matrix_micro.bin,intermediate/task_e_matrix_multiply_768mb_micro_2.out,102156,102156,89.207901,4.905462,43.040038,137.153401,1.1451450000000001,2.373511000000000,,,,
e_matrix_multiply,micro,768,1777.7397630000000,payloads/matrix_micro.bin,intermediate/task_e_matrix_multiply_768mb_micro_3.out,102156,102156,72.946251,4.892021,55.619736,133.458008,1.4004280000000000,1.8366860000000,,,,
e_matrix_multiply,micro,768,1844.064474000000,payloads/matrix_micro.bin,intermediate/task_e_matrix_multiply_768mb_micro_4.out,102156,102156,75.543533,5.127938,53.951062,134.622533,1.3522799999999999,1.8934940000000000,,,,
e_matrix_multiply,small,768,2167.2751899999998,payloads/matrix_small.bin,intermediate/task_e_matrix_multiply_768mb_small_0.out,5235852,5235852,125.730647,171.319202,176.338612,473.388461,41.64340300000000,29.692034000000000,,,,
e_matrix_multiply,small,768,2187.265396000000,payloads/matrix_small.bin,intermediate/task_e_matrix_multiply_768mb_small_1.out,5235852,5235852,113.892454,179.748666,148.994174,442.635294,45.97189600000000,35.141320000000000,,,,
e_matrix_multiply,small,768,1928.0929570000001,payloads/matrix_small.bin,intermediate/task_e_matrix_multiply_768mb_small_2.out,5235852,5235852,100.465973,140.457551,147.05235,387.975874,52.1156750000000,35.605361000000002,,,,
e_matrix_multiply,small,768,1966.7761330000001,payloads/matrix_small.bin,intermediate/task_e_matrix_multiply_768mb_small_3.out,5235852,5235852,114.80922,160.956796,184.69547,460.461486,45.60480400000000,28.3485680000000,,,,
e_matrix_multiply,small,768,2101.525068000000,payloads/matrix_small.bin,intermediate/task_e_matrix_multiply_768mb_small_4.out,5235852,5235852,118.527868,127.558003,168.523446,414.609317,44.17401700000000,31.06898300000000,,,,
e_matrix_multiply,medium,768,5932.66749400000,payloads/matrix_medium.bin,intermediate/task_e_matrix_multiply_768mb_medium_0.out,52387852,52387852,568.023126,2813.073054,872.164104,4253.260284,92.2283790000000,60.06650800000000,,,,
e_matrix_multiply,medium,768,6251.95050200000,payloads/matrix_medium.bin,intermediate/task_e_matrix_multiply_768mb_medium_1.out,52387852,52387852,572.821146,2903.686879,853.322678,4329.830703,91.4558630000000,61.39278100000000,,,,
e_matrix_multiply,medium,768,5697.14093200000,payloads/matrix_medium.bin,intermediate/task_e_matrix_multiply_768mb_medium_2.out,52387852,52387852,566.043742,2758.207725,800.252721,4124.504188,92.5508900000000,65.46413500000000,,,,
e_matrix_multiply,medium,768,5910.3052619999999,payloads/matrix_medium.bin,intermediate/task_e_matrix_multiply_768mb_medium_3.out,52387852,52387852,566.615441,2758.115193,855.329887,4180.060521,92.45750900000000,61.24871000000000,,,,
e_matrix_multiply,medium,768,5926.985264000000,payloads/matrix_medium.bin,intermediate/task_e_matrix_multiply_768mb_medium_4.out,52387852,52387852,570.999177,2831.095552,797.433142,4199.527871,91.74768400000001,65.69560400000000,,,,
e_matrix_multiply,micro,2048,1389.9550440000000,payloads/matrix_micro.bin,intermediate/task_e_matrix_multiply_2048mb_micro_0.out,102156,102156,66.271375,4.991562,46.578186,117.841123,1.541480000000000,2.1932160000000001,,,,
e_matrix_multiply,micro,2048,1427.8106690000000,payloads/matrix_micro.bin,intermediate/task_e_matrix_multiply_2048mb_micro_1.out,102156,102156,56.250992,4.876687,38.296414,99.424093,1.8160750000000001,2.66750800000000,,,,
e_matrix_multiply,micro,2048,1470.348835000000,payloads/matrix_micro.bin,intermediate/task_e_matrix_multiply_2048mb_micro_2.out,102156,102156,52.709616,5.227806,37.604062,95.541484,1.9380900000000001,2.716621000000000,,,,
e_matrix_multiply,micro,2048,1216.8114189999999,payloads/matrix_micro.bin,intermediate/task_e_matrix_multiply_2048mb_micro_3.out,102156,102156,66.100854,4.841418,37.967778,108.91005,1.5454570000000001,2.690597000000000,,,,
e_matrix_multiply,micro,2048,1353.923798000000,payloads/matrix_micro.bin,intermediate/task_e_matrix_multiply_2048mb_micro_4.out,102156,102156,55.27747,4.938184,36.474005,96.689659,1.8480589999999999,2.800789000000000,,,,
e_matrix_multiply,small,2048,1335.0141050000000,payloads/matrix_small.bin,intermediate/task_e_matrix_multiply_2048mb_small_0.out,5235852,5235852,98.03025,60.72004,93.027908,251.778198,53.4105750000000,56.28259400000000,,,,
e_matrix_multiply,small,2048,1301.391363000000,payloads/matrix_small.bin,intermediate/task_e_matrix_multiply_2048mb_small_1.out,5235852,5235852,80.887637,64.558143,87.238635,232.684415,64.72994100000000,60.01758300000000,,,,
e_matrix_multiply,small,2048,1489.9888040000001,payloads/matrix_small.bin,intermediate/task_e_matrix_multiply_2048mb_small_2.out,5235852,5235852,79.831524,57.525102,147.346691,284.703317,65.58627100000000,35.53423500000000,,,,
e_matrix_multiply,small,2048,1594.905138000000,payloads/matrix_small.bin,intermediate/task_e_matrix_multiply_2048mb_small_3.out,5235852,5235852,81.512346,66.592682,153.158614,301.263642,64.23385200000000,34.185814999999998,,,,
e_matrix_multiply,small,2048,1342.2574999999999,payloads/matrix_small.bin,intermediate/task_e_matrix_multiply_2048mb_small_4.out,5235852,5235852,82.171186,63.171838,106.235597,251.578621,63.71883200000000,49.28528800000000,,,,
e_matrix_multiply,medium,2048,3308.565855000000,payloads/matrix_medium.bin,intermediate/task_e_matrix_multiply_2048mb_medium_0.out,52387852,52387852,546.579155,1040.78598,504.684191,2092.049326,95.84678000000000,103.8032360000000,,,,
e_matrix_multiply,medium,2048,3335.8962540000002,payloads/matrix_medium.bin,intermediate/task_e_matrix_multiply_2048mb_medium_1.out,52387852,52387852,543.497123,1039.90489,488.412017,2071.81403,96.39030200000001,107.26159500000000,,,,
e_matrix_multiply,medium,2048,3626.398087000000,payloads/matrix_medium.bin,intermediate/task_e_matrix_multiply_2048mb_medium_2.out,52387852,52387852,548.334781,1060.502791,535.384279,2144.221851,95.53990300000000,97.85093400000000,,,,
e_matrix_multiply,medium,2048,3527.585030000000,payloads/matrix_medium.bin,intermediate/task_e_matrix_multiply_2048mb_medium_3.out,52387852,52387852,550.342391,1055.961128,507.42838,2113.731899,95.19138100000001,103.24186400000001,,,,
e_matrix_multiply,medium,2048,3541.041374000000,payloads/matrix_medium.bin,intermediate/task_e_matrix_multiply_2048mb_medium_4.out,52387852,52387852,548.068307,1049.834647,526.07407,2123.977024,95.58635500000000,99.58265400000001,,,,
e_matrix_multiply,large,2048,15937.54506100000,payloads/matrix_large.bin,intermediate/task_e_matrix_multiply_2048mb_large_0.out,262113412,262113412,2646.319777,9691.511722,2330.204196,14668.035695,99.04827600000000,112.48516900000000,,,,
e_matrix_multiply,large,2048,15836.248874999999,payloads/matrix_large.bin,intermediate/task_e_matrix_multiply_2048mb_large_1.out,262113412,262113412,2645.482244,9744.515403,2332.458077,14722.455724,99.07963400000000,112.3764730000000,,,,
e_matrix_multiply,large,2048,15749.46117400000,payloads/matrix_large.bin,intermediate/task_e_matrix_multiply_2048mb_large_2.out,262113412,262113412,2646.766991,9705.633654,2314.544692,14666.945337,99.03154000000001,113.24620899999999,,,,
e_matrix_multiply,large,2048,15824.534178000000,payloads/matrix_large.bin,intermediate/task_e_matrix_multiply_2048mb_large_3.out,262113412,262113412,2645.098216,9682.47682,2360.763861,14688.338897,99.09401900000000,111.02906800000000,,,,
e_matrix_multiply,large,2048,15759.572268000000,payloads/matrix_large.bin,intermediate/task_e_matrix_multiply_2048mb_large_4.out,262113412,262113412,2645.563487,9562.50361,2339.739895,14547.806992,99.07659099999999,112.02673100000000,,,,
f_matrix_to_csv,micro,256,4283.047915000000,payloads/matrix_micro.bin,intermediate/task_f_matrix_to_csv_256mb_micro_0.out,102156,132750,192.527776,25.844633,64.432712,282.805121,0.5306040000000000,2.0602890000000000,,,,
f_matrix_to_csv,micro,256,4043.873072000000,payloads/matrix_micro.bin,intermediate/task_f_matrix_to_csv_256mb_micro_1.out,102156,132750,177.05824,21.661079,63.11244,261.831759,0.5769630000000000,2.103389000000000,,,,
f_matrix_to_csv,micro,256,4178.981781000000,payloads/matrix_micro.bin,intermediate/task_f_matrix_to_csv_256mb_micro_2.out,102156,132750,175.927452,5.673744,78.674555,260.275751,0.5806710000000000,1.68733100000000,,,,
f_matrix_to_csv,micro,256,3903.4478660000000,payloads/matrix_micro.bin,intermediate/task_f_matrix_to_csv_256mb_micro_3.out,102156,132750,157.406816,21.581666,71.665771,250.654253,0.6489930000000000,1.852349000000000,,,,
f_matrix_to_csv,micro,256,3831.8371769999999,payloads/matrix_micro.bin,intermediate/task_f_matrix_to_csv_256mb_micro_4.out,102156,132750,170.163895,29.70892,56.110106,255.982921,0.6003390000000000,2.365884000000000,,,,
f_matrix_to_csv,small,256,6244.892359000000,payloads/matrix_small.bin,intermediate/task_f_matrix_to_csv_256mb_small_0.out,5235852,6806553,278.975539,1961.305385,364.068883,2604.349807,18.76814000000000,18.69578300000000,,,,
f_matrix_to_csv,small,256,6721.283436000000,payloads/matrix_small.bin,intermediate/task_f_matrix_to_csv_256mb_small_1.out,5235852,6806553,301.583749,1899.713373,344.99774,2546.294862,17.361187000000001,19.729268000000001,,,,
f_matrix_to_csv,small,256,6558.579206000000,payloads/matrix_small.bin,intermediate/task_f_matrix_to_csv_256mb_small_2.out,5235852,6806553,339.843613,1940.485427,400.284741,2680.613781,15.406651000000000,17.0042780000000,,,,
f_matrix_to_csv,small,256,6403.388739000000,payloads/matrix_small.bin,intermediate/task_f_matrix_to_csv_256mb_small_3.out,5235852,6806553,281.541531,1978.793161,401.601404,2661.936096,18.597086000000001,16.948529000000001,,,,
f_matrix_to_csv,small,256,5758.684397000000,payloads/matrix_small.bin,intermediate/task_f_matrix_to_csv_256mb_small_4.out,5235852,6806553,278.684451,1882.309494,340.621332,2501.615277,18.78774400000000,19.98275600000000,,,,
f_matrix_to_csv,micro,1024,1320.9922309999999,payloads/matrix_micro.bin,intermediate/task_f_matrix_to_csv_1024mb_micro_0.out,102156,132750,73.912131,5.447671,44.877716,124.237518,1.382128000000000,2.958038000000000,,,,
f_matrix_to_csv,micro,1024,1274.0066050000000,payloads/matrix_micro.bin,intermediate/task_f_matrix_to_csv_1024mb_micro_1.out,102156,132750,72.810651,5.49051,35.920302,114.221463,1.4030359999999999,3.695682000000000,,,,
f_matrix_to_csv,micro,1024,1261.6426939999999,payloads/matrix_micro.bin,intermediate/task_f_matrix_to_csv_1024mb_micro_2.out,102156,132750,71.159112,5.55473,37.748037,114.461879,1.435600000000000,3.516739000000000,,,,
f_matrix_to_csv,micro,1024,1312.4346730000000,payloads/matrix_micro.bin,intermediate/task_f_matrix_to_csv_1024mb_micro_3.out,102156,132750,66.03114,5.559258,35.976406,107.566804,1.5470880000000000,3.689918000000000,,,,
f_matrix_to_csv,micro,1024,1460.1290230000000,payloads/matrix_micro.bin,intermediate/task_f_matrix_to_csv_1024mb_micro_4.out,102156,132750,64.139214,5.659904,37.970582,107.7697,1.592723000000000,3.4961280000000001,,,,
f_matrix_to_csv,small,1024,1765.1915550000001,payloads/matrix_small.bin,intermediate/task_f_matrix_to_csv_1024mb_small_0.out,5235852,6806553,91.933687,465.480321,107.605583,665.019591,56.95248600000000,63.25464500000000,,,,
f_matrix_to_csv,small,1024,1804.104805000000,payloads/matrix_small.bin,intermediate/task_f_matrix_to_csv_1024mb_small_1.out,5235852,6806553,102.945441,459.645933,109.550472,672.141846,50.860455000000002,62.13166300000000,,,,
f_matrix_to_csv,small,1024,2112.870693000000,payloads/matrix_small.bin,intermediate/task_f_matrix_to_csv_1024mb_small_2.out,5235852,6806553,110.150376,485.766943,117.521038,713.438357,47.533673000000000,57.917740999999999,,,,
f_matrix_to_csv,small,1024,1785.1638790000000,payloads/matrix_small.bin,intermediate/task_f_matrix_to_csv_1024mb_small_3.out,5235852,6806553,99.624607,458.446737,102.108784,660.180128,52.55581100000000,66.65981800000000,,,,
f_matrix_to_csv,small,1024,1732.9299450000001,payloads/matrix_small.bin,intermediate/task_f_matrix_to_csv_1024mb_small_4.out,5235852,6806553,88.126416,471.240416,127.374862,686.741694,59.412969000000,53.43717700000000,,,,
f_matrix_to_csv,medium,1024,7589.778185000000,payloads/matrix_medium.bin,intermediate/task_f_matrix_to_csv_1024mb_medium_0.out,52387852,68104011,564.998954,4764.145243,1087.867737,6417.011934,92.72203399999999,62.60320900000000,,,,
f_matrix_to_csv,medium,1024,7091.918230000000,payloads/matrix_medium.bin,intermediate/task_f_matrix_to_csv_1024mb_medium_1.out,52387852,68104011,553.978303,4627.821501,802.413574,5984.213378,94.56661300000000,84.8739520000000,,,,
f_matrix_to_csv,medium,1024,7190.102577000000,payloads/matrix_medium.bin,intermediate/task_f_matrix_to_csv_1024mb_medium_2.out,52387852,68104011,556.32442,4665.706825,832.872234,6054.903479,94.16780900000001,81.77005800000001,,,,
f_matrix_to_csv,medium,1024,7337.496519000000,payloads/matrix_medium.bin,intermediate/task_f_matrix_to_csv_1024mb_medium_3.out,52387852,68104011,562.838407,4794.134495,815.266487,6172.239389,93.07796200000000,83.53588900000000,,,,
f_matrix_to_csv,medium,1024,7060.547829000000,payloads/matrix_medium.bin,intermediate/task_f_matrix_to_csv_1024mb_medium_4.out,52387852,68104011,556.171288,4610.05904,747.329027,5913.559355,94.19373700000000,91.12988900000001,,,,
f_matrix_to_csv,micro,1536,1232.806921000000,payloads/matrix_micro.bin,intermediate/task_f_matrix_to_csv_1536mb_micro_0.out,102156,132750,55.395463,5.573268,43.426911,104.395642,1.8441220000000000,3.056860000000000,,,,
f_matrix_to_csv,micro,1536,1073.5142229999999,payloads/matrix_micro.bin,intermediate/task_f_matrix_to_csv_1536mb_micro_1.out,102156,132750,65.882059,5.695889,45.588483,117.166431,1.5505890000000000,2.911920000000000,,,,
f_matrix_to_csv,micro,1536,1221.3423250000001,payloads/matrix_micro.bin,intermediate/task_f_matrix_to_csv_1536mb_micro_2.out,102156,132750,69.084079,5.416484,42.924422,117.424985,1.4787200000000000,3.0926450000000001,,,,
f_matrix_to_csv,micro,1536,1145.3566550000000,payloads/matrix_micro.bin,intermediate/task_f_matrix_to_csv_1536mb_micro_3.out,102156,132750,62.102358,5.919999,65.446563,133.46892,1.6449620000000000,2.028372000000000,,,,
f_matrix_to_csv,micro,1536,1141.3490770000001,payloads/matrix_micro.bin,intermediate/task_f_matrix_to_csv_1536mb_micro_4.out,102156,132750,60.720617,5.530844,50.220606,116.472067,1.6823939999999999,2.6433369999999998,,,,
f_matrix_to_csv,small,1536,1499.5598789999999,payloads/matrix_small.bin,intermediate/task_f_matrix_to_csv_1536mb_small_0.out,5235852,6806553,79.421345,304.726188,80.192296,464.339829,65.92499800000000,84.8778920000000,,,,
f_matrix_to_csv,small,1536,1494.1418169999999,payloads/matrix_small.bin,intermediate/task_f_matrix_to_csv_1536mb_small_1.out,5235852,6806553,85.183459,309.166778,100.182556,494.532793,61.46559500000000,67.94149899999999,,,,
f_matrix_to_csv,small,1536,1532.3903560000001,payloads/matrix_small.bin,intermediate/task_f_matrix_to_csv_1536mb_small_2.out,5235852,6806553,80.401417,312.710832,176.74314,569.855389,65.1213900000000,38.51098800000000,,,,
f_matrix_to_csv,small,1536,1499.0825649999999,payloads/matrix_small.bin,intermediate/task_f_matrix_to_csv_1536mb_small_3.out,5235852,6806553,86.104978,313.843055,103.653752,503.601785,60.8077740000000,65.66624800000000,,,,
f_matrix_to_csv,small,1536,1430.9546949999999,payloads/matrix_small.bin,intermediate/task_f_matrix_to_csv_1536mb_small_4.out,5235852,6806553,81.909436,312.03228,82.490737,476.432453,63.92245200000000,82.5129370000000,,,,
f_matrix_to_csv,medium,1536,5006.957531000000,payloads/matrix_medium.bin,intermediate/task_f_matrix_to_csv_1536mb_medium_0.out,52387852,68104011,544.8557,2896.325117,618.032417,4059.213234,96.14995700000000,110.19488500000000,,,,
f_matrix_to_csv,medium,1536,4949.289322000000,payloads/matrix_medium.bin,intermediate/task_f_matrix_to_csv_1536mb_medium_1.out,52387852,68104011,551.473716,2929.354154,623.825356,4104.653226,94.9961000000000,109.17159800000000,,,,
f_matrix_to_csv,medium,1536,5170.979738000000,payloads/matrix_medium.bin,intermediate/task_f_matrix_to_csv_1536mb_medium_2.out,52387852,68104011,548.912202,3070.663825,627.011706,4246.587733,95.43940100000000,108.61680900000000,,,,
f_matrix_to_csv,medium,1536,5162.595749000000,payloads/matrix_medium.bin,intermediate/task_f_matrix_to_csv_1536mb_medium_3.out,52387852,68104011,547.126303,3061.267076,635.81231,4244.205689,95.75092900000000,107.11338900000000,,,,
f_matrix_to_csv,medium,1536,5301.238298000000,payloads/matrix_medium.bin,intermediate/task_f_matrix_to_csv_1536mb_medium_4.out,52387852,68104011,551.518145,3135.234177,634.101812,4320.854134,94.98844699999999,107.40232800000000,,,,
f_matrix_to_csv,large,1536,21681.488514000001,payloads/matrix_large.bin,intermediate/task_f_matrix_to_csv_1536mb_large_0.out,262113412,340742415,2647.697863,15107.455986,2988.595467,20743.749316,98.99672300000000,114.01423100000000,,,,
f_matrix_to_csv,large,1536,21842.426777000001,payloads/matrix_large.bin,intermediate/task_f_matrix_to_csv_1536mb_large_1.out,262113412,340742415,2643.522516,15207.005827,2982.540971,20833.069314,99.15308500000000,114.24567800000000,,,,
f_matrix_to_csv,large,1536,21878.203630000000,payloads/matrix_large.bin,intermediate/task_f_matrix_to_csv_1536mb_large_2.out,262113412,340742415,2650.021838,15248.260013,2982.867676,20881.149527,98.9099060000000,114.23316500000000,,,,
f_matrix_to_csv,large,1536,21851.01628300000,payloads/matrix_large.bin,intermediate/task_f_matrix_to_csv_1536mb_large_3.out,262113412,340742415,2642.737172,15211.284095,3009.101431,20863.122698,99.1825500000000,113.2372650000000,,,,
f_matrix_to_csv,large,1536,21850.913285999999,payloads/matrix_large.bin,intermediate/task_f_matrix_to_csv_1536mb_large_4.out,262113412,340742415,2647.49248,15338.761403,2984.148608,20970.402491,99.00440300000000,114.184131000000,,,,
f_matrix_to_csv,micro,512,2273.4265329999998,payloads/matrix_micro.bin,intermediate/task_f_matrix_to_csv_512mb_micro_0.out,102156,132750,97.310241,5.849519,39.994686,143.154446,1.049797000000000,3.319191000000000,,,,
f_matrix_to_csv,micro,512,2027.0533559999999,payloads/matrix_micro.bin,intermediate/task_f_matrix_to_csv_512mb_micro_1.out,102156,132750,102.039538,5.534591,50.788483,158.362612,1.0011410000000001,2.613782000000000,,,,
f_matrix_to_csv,micro,512,2138.2815839999998,payloads/matrix_micro.bin,intermediate/task_f_matrix_to_csv_512mb_micro_2.out,102156,132750,97.621071,5.611462,52.112175,155.344708,1.0464540000000000,2.547389000000000,,,,
f_matrix_to_csv,micro,512,2090.489864000000,payloads/matrix_micro.bin,intermediate/task_f_matrix_to_csv_512mb_micro_3.out,102156,132750,92.333309,5.503196,52.037323,149.873828,1.106383000000000,2.5510540000000002,,,,
f_matrix_to_csv,micro,512,2057.356119000000,payloads/matrix_micro.bin,intermediate/task_f_matrix_to_csv_512mb_micro_4.out,102156,132750,118.825637,5.655644,54.438169,178.91945,0.8597129999999999,2.4385460000000001,,,,
f_matrix_to_csv,small,512,3302.133560000000,payloads/matrix_small.bin,intermediate/task_f_matrix_to_csv_512mb_small_0.out,5235852,6806553,144.386509,955.956363,198.188193,1298.531065,36.26275100000000,34.34388700000000,,,,
f_matrix_to_csv,small,512,3200.7858750000000,payloads/matrix_small.bin,intermediate/task_f_matrix_to_csv_512mb_small_1.out,5235852,6806553,143.294739,938.854098,183.932053,1266.08089,36.53903900000000,37.00580100000000,,,,
f_matrix_to_csv,small,512,3392.7156930000001,payloads/matrix_small.bin,intermediate/task_f_matrix_to_csv_512mb_small_2.out,5235852,6806553,160.576504,982.041283,215.21119,1357.828977,32.60658900000000,31.627319000000000,,,,
f_matrix_to_csv,small,512,3255.677938000000,payloads/matrix_small.bin,intermediate/task_f_matrix_to_csv_512mb_small_3.out,5235852,6806553,158.552703,938.380106,232.215025,1329.147834,33.02278600000000,29.311423999999999,,,,
f_matrix_to_csv,small,512,3035.08734700000,payloads/matrix_small.bin,intermediate/task_f_matrix_to_csv_512mb_small_4.out,5235852,6806553,159.002613,937.55095,182.5142,1279.067763,32.929346000000002,37.29327900000000,,,,
f_matrix_to_csv,medium,512,13926.740884999999,payloads/matrix_medium.bin,intermediate/task_f_matrix_to_csv_512mb_medium_0.out,52387852,68104011,589.882281,9888.853575,1509.953507,11988.689363,88.81068900000000,45.10338300000000,,,,
f_matrix_to_csv,medium,512,13598.30617900000,payloads/matrix_medium.bin,intermediate/task_f_matrix_to_csv_512mb_medium_1.out,52387852,68104011,590.286234,9493.840489,1569.204538,11653.331261,88.74991300000001,43.400340000000000,,,,
f_matrix_to_csv,medium,512,13405.935287000000,payloads/matrix_medium.bin,intermediate/task_f_matrix_to_csv_512mb_medium_2.out,52387852,68104011,600.580938,9318.719802,1582.119544,11501.420284,87.22862900000000,43.04605900000000,,,,
f_matrix_to_csv,medium,512,13454.461336000000,payloads/matrix_medium.bin,intermediate/task_f_matrix_to_csv_512mb_medium_3.out,52387852,68104011,588.999834,9172.098013,1681.774643,11442.87249,88.9437470000000,40.4953250000000,,,,
f_matrix_to_csv,medium,512,13887.548685000000,payloads/matrix_medium.bin,intermediate/task_f_matrix_to_csv_512mb_medium_4.out,52387852,68104011,620.63084,9534.705661,1692.419212,11847.755713,84.41064900000001,40.240627000000,,,,
f_matrix_to_csv,micro,128,7716.769218000000,payloads/matrix_micro.bin,intermediate/task_f_matrix_to_csv_128mb_micro_0.out,102156,132750,318.835509,41.707124,98.894466,459.437099,0.3204030000000000,1.342340000000000,,,,
f_matrix_to_csv,micro,128,7931.478262000000,payloads/matrix_micro.bin,intermediate/task_f_matrix_to_csv_128mb_micro_1.out,102156,132750,318.73825,61.680925,120.387085,500.80626,0.3205010000000000,1.1026929999999999,,,,
f_matrix_to_csv,micro,128,7060.788155000000,payloads/matrix_micro.bin,intermediate/task_f_matrix_to_csv_128mb_micro_2.out,102156,132750,299.436851,41.485575,119.671259,460.593685,0.341160000000000,1.1092890000000000,,,,
f_matrix_to_csv,micro,128,8033.950090000000,payloads/matrix_micro.bin,intermediate/task_f_matrix_to_csv_128mb_micro_3.out,102156,132750,319.532182,41.775328,138.061251,499.368761,0.3197050000000000,0.9615300000000000,,,,
f_matrix_to_csv,micro,128,7807.842493000000,payloads/matrix_micro.bin,intermediate/task_f_matrix_to_csv_128mb_micro_4.out,102156,132750,318.834826,41.686561,120.733258,481.254645,0.3204040000000000,1.0995310000000000,,,,
f_matrix_to_csv,small,128,12014.140844000000,payloads/matrix_small.bin,intermediate/task_f_matrix_to_csv_128mb_small_0.out,5235852,6806553,599.424735,3641.66499,718.27995,4959.369675,8.734795000000000,9.476184000000000,,,,
f_matrix_to_csv,small,128,12391.013384000000,payloads/matrix_small.bin,intermediate/task_f_matrix_to_csv_128mb_small_1.out,5235852,6806553,560.276755,3679.046443,732.111545,4971.434743,9.345117000000000,9.297153000000000,,,,
f_matrix_to_csv,small,128,12133.43095800000,payloads/matrix_small.bin,intermediate/task_f_matrix_to_csv_128mb_small_2.out,5235852,6806553,560.546443,3678.799777,744.480842,4983.827062,9.340621000000001,9.142683999999999,,,,
f_matrix_to_csv,small,128,13102.308988999999,payloads/matrix_small.bin,intermediate/task_f_matrix_to_csv_128mb_small_3.out,5235852,6806553,599.539424,3721.704129,798.324569,5119.568122,8.733124000000000,8.526047000000000,,,,
f_matrix_to_csv,small,128,11820.38188000000,payloads/matrix_small.bin,intermediate/task_f_matrix_to_csv_128mb_small_4.out,5235852,6806553,559.235544,3741.931475,712.580774,5013.747793,9.362515999999999,9.551974000000000,,,,
f_matrix_to_csv,micro,768,1911.8146899999999,payloads/matrix_micro.bin,intermediate/task_f_matrix_to_csv_768mb_micro_0.out,102156,132750,97.74581,5.900061,41.113491,144.759362,1.0451189999999999,3.2288670000000002,,,,
f_matrix_to_csv,micro,768,1546.4012620000001,payloads/matrix_micro.bin,intermediate/task_f_matrix_to_csv_768mb_micro_1.out,102156,132750,72.813516,4.770936,41.905776,119.490228,1.4029810000000000,3.1678210000000000,,,,
f_matrix_to_csv,micro,768,1637.3705860000000,payloads/matrix_micro.bin,intermediate/task_f_matrix_to_csv_768mb_micro_2.out,102156,132750,85.350248,5.542501,42.492784,133.385533,1.1969030000000001,3.124060000000000,,,,
f_matrix_to_csv,micro,768,1656.8927759999999,payloads/matrix_micro.bin,intermediate/task_f_matrix_to_csv_768mb_micro_3.out,102156,132750,71.017269,4.555471,35.685276,111.258016,1.4384669999999999,3.720022000000000,,,,
f_matrix_to_csv,micro,768,1797.6667880000000,payloads/matrix_micro.bin,intermediate/task_f_matrix_to_csv_768mb_micro_4.out,102156,132750,71.284074,5.583344,50.923168,127.790586,1.4330830000000001,2.6068680000000000,,,,
f_matrix_to_csv,small,768,2462.289333000000,payloads/matrix_small.bin,intermediate/task_f_matrix_to_csv_768mb_small_0.out,5235852,6806553,121.946298,637.471821,140.169868,899.587987,42.93571900000000,48.55931700000000,,,,
f_matrix_to_csv,small,768,2401.2317659999999,payloads/matrix_small.bin,intermediate/task_f_matrix_to_csv_768mb_small_1.out,5235852,6806553,114.387364,628.925506,121.16727,864.48014,45.77299300000000,56.17484800000000,,,,
f_matrix_to_csv,small,768,2495.205879000000,payloads/matrix_small.bin,intermediate/task_f_matrix_to_csv_768mb_small_2.out,5235852,6806553,113.385627,638.329938,123.626104,875.341669,46.17738700000000,55.05757100000000,,,,
f_matrix_to_csv,small,768,2378.6158559999999,payloads/matrix_small.bin,intermediate/task_f_matrix_to_csv_768mb_small_3.out,5235852,6806553,105.820807,638.111905,141.48506,885.417772,49.4784740000000,48.10792700000000,,,,
f_matrix_to_csv,small,768,2269.322872000000,payloads/matrix_small.bin,intermediate/task_f_matrix_to_csv_768mb_small_4.out,5235852,6806553,111.819709,615.031737,128.863117,855.714563,46.82405300000000,52.8200250000000,,,,
f_matrix_to_csv,medium,768,9420.481205000000,payloads/matrix_medium.bin,intermediate/task_f_matrix_to_csv_768mb_medium_0.out,52387852,68104011,570.148313,6368.393684,1085.410695,8023.952692,91.88460400000000,62.74492300000000,,,,
f_matrix_to_csv,medium,768,9335.19721000000,payloads/matrix_medium.bin,intermediate/task_f_matrix_to_csv_768mb_medium_1.out,52387852,68104011,568.270333,6191.756067,1100.86417,7860.89057,92.188258000000,61.86413600000000,,,,
f_matrix_to_csv,medium,768,9144.23656500000,payloads/matrix_medium.bin,intermediate/task_f_matrix_to_csv_768mb_medium_2.out,52387852,68104011,570.583733,6126.033771,1081.581535,7778.199039,91.81448600000000,62.96706100000000,,,,
f_matrix_to_csv,medium,768,9750.660180999999,payloads/matrix_medium.bin,intermediate/task_f_matrix_to_csv_768mb_medium_3.out,52387852,68104011,582.667913,6434.440476,1173.427175,8190.535564,89.91030900000000,58.03854900000000,,,,
f_matrix_to_csv,medium,768,9050.042391000001,payloads/matrix_medium.bin,intermediate/task_f_matrix_to_csv_768mb_medium_4.out,52387852,68104011,556.635729,6085.874284,1000.115349,7642.625362,94.11514400000000,68.09615599999999,,,,
f_matrix_to_csv,micro,2048,1197.8118420000001,payloads/matrix_micro.bin,intermediate/task_f_matrix_to_csv_2048mb_micro_0.out,102156,132750,59.562746,5.542965,39.981916,105.087627,1.7150989999999999,3.320251000000000,,,,
f_matrix_to_csv,micro,2048,1076.5173440000001,payloads/matrix_micro.bin,intermediate/task_f_matrix_to_csv_2048mb_micro_1.out,102156,132750,57.861822,5.492053,37.512773,100.866648,1.7655160000000001,3.538795000000000,,,,
f_matrix_to_csv,micro,2048,1072.1423629999999,payloads/matrix_micro.bin,intermediate/task_f_matrix_to_csv_2048mb_micro_2.out,102156,132750,57.584908,4.730246,42.53396,104.849114,1.7740060000000000,3.121036000000000,,,,
f_matrix_to_csv,micro,2048,1157.9186920000000,payloads/matrix_micro.bin,intermediate/task_f_matrix_to_csv_2048mb_micro_3.out,102156,132750,75.915357,5.562225,41.882378,123.35996,1.3456570000000001,3.169591000000000,,,,
f_matrix_to_csv,micro,2048,1067.918062000000,payloads/matrix_micro.bin,intermediate/task_f_matrix_to_csv_2048mb_micro_4.out,102156,132750,55.747603,5.640063,47.889918,109.277584,1.832473000000000,2.771982000000000,,,,
f_matrix_to_csv,small,2048,1822.2670559999999,payloads/matrix_small.bin,intermediate/task_f_matrix_to_csv_2048mb_small_0.out,5235852,6806553,77.0938,266.424193,91.205957,434.72395,67.91534500000000,74.62838200000000,,,,
f_matrix_to_csv,small,2048,1540.8053399999999,payloads/matrix_small.bin,intermediate/task_f_matrix_to_csv_2048mb_small_1.out,5235852,6806553,100.595966,264.92712,113.6556,479.178686,52.04833000000000,59.88752900000000,,,,
f_matrix_to_csv,small,2048,1561.1674790000000,payloads/matrix_small.bin,intermediate/task_f_matrix_to_csv_2048mb_small_2.out,5235852,6806553,97.723774,263.279472,106.951509,467.954755,53.57807800000000,63.641486000000000,,,,
f_matrix_to_csv,small,2048,1709.4249729999999,payloads/matrix_small.bin,intermediate/task_f_matrix_to_csv_2048mb_small_3.out,5235852,6806553,87.805658,285.811189,105.589636,479.206483,59.630006999999999,64.46232100000000,,,,
f_matrix_to_csv,small,2048,1220.1406959999999,payloads/matrix_small.bin,intermediate/task_f_matrix_to_csv_2048mb_small_4.out,5235852,6806553,83.420077,260.084397,120.256033,463.760507,62.7648910000000,56.600512000000002,,,,
f_matrix_to_csv,medium,2048,5141.394377000000,payloads/matrix_medium.bin,intermediate/task_f_matrix_to_csv_2048mb_medium_0.out,52387852,68104011,547.258078,2871.927623,642.818054,4062.003755,95.7278730000000,105.94601500000000,,,,
f_matrix_to_csv,medium,2048,4816.4002899999996,payloads/matrix_medium.bin,intermediate/task_f_matrix_to_csv_2048mb_medium_1.out,52387852,68104011,546.83384,2674.907689,624.319774,3846.061303,95.80213999999999,109.08514200000000,,,,
f_matrix_to_csv,medium,2048,4616.691113000000,payloads/matrix_medium.bin,intermediate/task_f_matrix_to_csv_2048mb_medium_2.out,52387852,68104011,552.372137,2602.84548,619.133395,3774.351012,94.84159000000000,109.99893000000000,,,,
f_matrix_to_csv,medium,2048,4841.314077000000,payloads/matrix_medium.bin,intermediate/task_f_matrix_to_csv_2048mb_medium_3.out,52387852,68104011,544.384261,2605.697846,615.295756,3765.377863,96.23322300000000,110.6850000000000,,,,
f_matrix_to_csv,medium,2048,5023.297548000000,payloads/matrix_medium.bin,intermediate/task_f_matrix_to_csv_2048mb_medium_4.out,52387852,68104011,548.02739,2858.880451,695.604202,4102.512043,95.59349200000000,97.90626700000000,,,,
f_matrix_to_csv,large,2048,19619.53067800000,payloads/matrix_large.bin,intermediate/task_f_matrix_to_csv_2048mb_large_0.out,262113412,340742415,2643.554425,13065.813231,2984.230355,18693.598011,99.15188800000000,114.181003000000,,,,
f_matrix_to_csv,large,2048,20092.262983000001,payloads/matrix_large.bin,intermediate/task_f_matrix_to_csv_2048mb_large_1.out,262113412,340742415,2647.284157,13323.268341,2983.807699,18954.360197,99.01219399999999,114.19717700000000,,,,
f_matrix_to_csv,large,2048,19471.196175000001,payloads/matrix_large.bin,intermediate/task_f_matrix_to_csv_2048mb_large_2.out,262113412,340742415,2650.092789,12968.599376,2976.2862,18594.978365,98.9072580000000,114.4857690000000,,,,
f_matrix_to_csv,large,2048,19691.0138130000,payloads/matrix_large.bin,intermediate/task_f_matrix_to_csv_2048mb_large_3.out,262113412,340742415,2644.269006,13154.402445,2984.186809,18782.85826,99.12509300000001,114.18266900000000,,,,
f_matrix_to_csv,large,2048,19850.05235700000,payloads/matrix_large.bin,intermediate/task_f_matrix_to_csv_2048mb_large_4.out,262113412,340742415,2646.319237,13173.697953,2979.496512,18799.513702,99.04829599999999,114.36241400000000,,,,
c_decompress,micro,256,3902.101994000000,payloads/matrix_micro.bin.gz,intermediate/task_c_decompress_256mb_micro_0.out,97378,102156,190.625666,1.146779,65.629012,257.401457,0.51083400000000,1.5565680000000000,,,,
c_decompress,micro,256,3872.626781000000,payloads/matrix_micro.bin.gz,intermediate/task_c_decompress_256mb_micro_1.out,97378,102156,180.846044,1.162068,58.167954,240.176066,0.5384580000000000,1.7562249999999999,,,,
c_decompress,micro,256,3882.3401930000,payloads/matrix_micro.bin.gz,intermediate/task_c_decompress_256mb_micro_2.out,97378,102156,170.610154,1.123313,48.632197,220.365664,0.5707630000000000,2.100584000000000,,,,
c_decompress,micro,256,3906.1107640000000,payloads/matrix_micro.bin.gz,intermediate/task_c_decompress_256mb_micro_3.out,97378,102156,172.648305,5.309428,51.585293,229.543026,0.5640250000000000,1.9803320000000000,,,,
c_decompress,micro,256,3907.656670000000,payloads/matrix_micro.bin.gz,intermediate/task_c_decompress_256mb_micro_4.out,97378,102156,158.833757,1.134625,57.434445,217.402827,0.6130810000000000,1.7786540000000000,,,,
c_decompress,small,256,4693.2032110000000,payloads/matrix_small.bin.gz,intermediate/task_c_decompress_256mb_small_0.out,4986764,5235852,281.308316,379.296534,307.358068,967.962918,17.727041000000000,17.035024000000000,,,,
c_decompress,small,256,4418.3971879999999,payloads/matrix_small.bin.gz,intermediate/task_c_decompress_256mb_small_1.out,4986764,5235852,259.308807,362.014992,264.028463,885.352262,19.230986000000001,19.830635000000001,,,,
c_decompress,small,256,4652.59051300000,payloads/matrix_small.bin.gz,intermediate/task_c_decompress_256mb_small_2.out,4986764,5235852,279.90567,361.709054,281.854335,923.469059,17.815873000000000,18.576447000000002,,,,
c_decompress,small,256,4984.880209000000,payloads/matrix_small.bin.gz,intermediate/task_c_decompress_256mb_small_3.out,4986764,5235852,299.78969,379.187566,316.97627,995.953526,16.63420800000000,16.51812000000000,,,,
c_decompress,small,256,4199.136972000000,payloads/matrix_small.bin.gz,intermediate/task_c_decompress_256mb_small_4.out,4986764,5235852,280.107401,361.14533,263.083844,904.336575,17.803042999999999,19.90183800000000,,,,
c_decompress,medium,256,11042.847157000000,payloads/matrix_medium.bin.gz,intermediate/task_c_decompress_256mb_medium_0.out,49893161,52387852,1139.631406,3499.386673,2524.754037,7163.772116,43.78008600000000,20.74968500000000,,,,
c_decompress,medium,256,11135.128259999999,payloads/matrix_medium.bin.gz,intermediate/task_c_decompress_256mb_medium_1.out,49893161,52387852,1201.275936,3637.198187,2641.092667,7479.56679,41.53347200000000,19.83567400000000,,,,
c_decompress,medium,256,10664.615870000000,payloads/matrix_medium.bin.gz,intermediate/task_c_decompress_256mb_medium_2.out,49893161,52387852,1001.083759,3657.368408,2418.758716,7077.210883,49.8391470000000,21.658982000000002,,,,
c_decompress,medium,256,10980.265379000000,payloads/matrix_medium.bin.gz,intermediate/task_c_decompress_256mb_medium_3.out,49893161,52387852,1218.510577,3520.309558,2584.886309,7323.706444,40.946021999999999,20.26698500000000,,,,
c_decompress,medium,256,10420.199871000001,payloads/matrix_medium.bin.gz,intermediate/task_c_decompress_256mb_medium_4.out,49893161,52387852,999.963763,3499.211689,2409.26272,6908.438172,49.89496900000000,21.744350000000001,,,,
c_decompress,micro,1024,1444.8084830000000,payloads/matrix_micro.bin.gz,intermediate/task_c_decompress_1024mb_micro_0.out,97378,102156,70.152521,1.151166,38.691443,109.99513,1.388090000000000,2.6402739999999998,,,,
c_decompress,micro,1024,1275.3524780000000,payloads/matrix_micro.bin.gz,intermediate/task_c_decompress_1024mb_micro_1.out,97378,102156,63.14074,1.066486,37.727203,101.934429,1.542237000000000,2.707754000000000,,,,
c_decompress,micro,1024,1227.7662750000000,payloads/matrix_micro.bin.gz,intermediate/task_c_decompress_1024mb_micro_2.out,97378,102156,57.060015,1.085417,36.543373,94.688805,1.7065889999999999,2.79547300000000,,,,
c_decompress,micro,1024,1454.9226759999999,payloads/matrix_micro.bin.gz,intermediate/task_c_decompress_1024mb_micro_3.out,97378,102156,72.451837,1.127106,42.306385,115.885328,1.3440380000000001,2.414671000000000,,,,
c_decompress,micro,1024,2017.1644690000001,payloads/matrix_micro.bin.gz,intermediate/task_c_decompress_1024mb_micro_4.out,97378,102156,67.77692,1.109419,53.477653,122.363992,1.4367430000000001,1.9102560000000000,,,,
c_decompress,small,1024,1486.5567679999999,payloads/matrix_small.bin.gz,intermediate/task_c_decompress_1024mb_small_0.out,4986764,5235852,119.112788,85.095971,184.495066,388.703825,41.86589900000000,28.379360999999999,,,,
c_decompress,small,1024,1405.8682920000001,payloads/matrix_small.bin.gz,intermediate/task_c_decompress_1024mb_small_1.out,4986764,5235852,86.878327,94.988791,106.268253,288.135371,57.39940200000000,49.270142999999997,,,,
c_decompress,small,1024,1717.1251769999999,payloads/matrix_small.bin.gz,intermediate/task_c_decompress_1024mb_small_2.out,4986764,5235852,120.653701,93.370215,86.371155,300.395071,41.33121500000000,60.62037700000000,,,,
c_decompress,small,1024,1456.9549560000000,payloads/matrix_small.bin.gz,intermediate/task_c_decompress_1024mb_small_3.out,4986764,5235852,99.006065,93.842634,107.522345,300.371044,50.36826800000000,48.69547800000000,,,,
c_decompress,small,1024,1454.4086460000001,payloads/matrix_small.bin.gz,intermediate/task_c_decompress_1024mb_small_4.out,4986764,5235852,88.762127,97.676746,84.354109,270.792982,56.18121300000000,62.06991100000000,,,,
c_decompress,medium,1024,3672.199011000000,payloads/matrix_medium.bin.gz,intermediate/task_c_decompress_1024mb_medium_0.out,49893161,52387852,532.680677,890.928057,652.777288,2076.386022,93.66429700000000,80.25379100000001,,,,
c_decompress,medium,1024,3415.165663000000,payloads/matrix_medium.bin.gz,intermediate/task_c_decompress_1024mb_medium_1.out,49893161,52387852,538.706404,909.946544,574.238142,2022.89109,92.61660999999999,91.23018500000001,,,,
c_decompress,medium,1024,3312.1821880000002,payloads/matrix_medium.bin.gz,intermediate/task_c_decompress_1024mb_medium_2.out,49893161,52387852,537.625464,918.71801,638.557972,2094.901446,92.80282300000000,82.04087100000000,,,,
c_decompress,medium,1024,3331.7630290000002,payloads/matrix_medium.bin.gz,intermediate/task_c_decompress_1024mb_medium_3.out,49893161,52387852,539.561682,937.006577,603.33714,2079.905399,92.46980000000001,86.83014600000000,,,,
c_decompress,medium,1024,3252.662420000000,payloads/matrix_medium.bin.gz,intermediate/task_c_decompress_1024mb_medium_4.out,49893161,52387852,533.631328,861.528399,589.310695,1984.470422,93.49743599999999,88.8968290000000,,,,
c_decompress,large,1024,11087.544202999999,payloads/matrix_large.bin.gz,intermediate/task_c_decompress_1024mb_large_0.out,249631588,262113412,2526.998029,4632.352169,2743.872823,9903.223021,98.78582600000000,95.52680800000000,,,,
c_decompress,large,1024,11093.6176780000,payloads/matrix_large.bin.gz,intermediate/task_c_decompress_1024mb_large_1.out,249631588,262113412,2536.272784,4676.178587,2655.858893,9868.310264,98.42458200000000,98.69252200000000,,,,
c_decompress,large,1024,11203.460455000000,payloads/matrix_large.bin.gz,intermediate/task_c_decompress_1024mb_large_2.out,249631588,262113412,2541.793575,4662.677122,2779.933584,9984.404281,98.21080300000000,94.28765300000,,,,
c_decompress,large,1024,11116.872549000000,payloads/matrix_large.bin.gz,intermediate/task_c_decompress_1024mb_large_3.out,249631588,262113412,2529.690301,4625.839913,2708.146392,9863.676606,98.68069100000000,96.78701700000001,,,,
c_decompress,large,1024,12683.459043999999,payloads/matrix_large.bin.gz,intermediate/task_c_decompress_1024mb_large_4.out,249631588,262113412,2528.599638,4714.587213,4182.964285,11426.151136,98.72325499999999,62.66212000000000,,,,
c_decompress,micro,1536,1103.6159990000001,payloads/matrix_micro.bin.gz,intermediate/task_c_decompress_1536mb_micro_0.out,97378,102156,111.710515,1.155333,35.836193,148.702041,0.8716990000000000,2.850638000000000,,,,
c_decompress,micro,1536,1010.775089000000,payloads/matrix_micro.bin.gz,intermediate/task_c_decompress_1536mb_micro_1.out,97378,102156,50.119611,1.161049,36.390203,87.670863,1.942912000000000,2.8072390000000000,,,,
c_decompress,micro,1536,1024.9502660000001,payloads/matrix_micro.bin.gz,intermediate/task_c_decompress_1536mb_micro_2.out,97378,102156,56.73958,1.1604,42.650726,100.550706,1.716227000000000,2.395176000000000,,,,
c_decompress,micro,1536,1249.8621940000000,payloads/matrix_micro.bin.gz,intermediate/task_c_decompress_1536mb_micro_3.out,97378,102156,89.965241,1.120819,36.574364,127.660424,1.082396000000000,2.793104000000000,,,,
c_decompress,micro,1536,1004.934311000000,payloads/matrix_micro.bin.gz,intermediate/task_c_decompress_1536mb_micro_4.out,97378,102156,60.11432,1.126472,43.561674,104.802466,1.6198800000000000,2.3450890000000002,,,,
c_decompress,small,1536,1172.1205709999999,payloads/matrix_small.bin.gz,intermediate/task_c_decompress_1536mb_small_0.out,4986764,5235852,101.475003,61.294223,90.060822,252.830048,49.1427820000000,58.136844000000004,,,,
c_decompress,small,1536,1280.153513000000,payloads/matrix_small.bin.gz,intermediate/task_c_decompress_1536mb_small_1.out,4986764,5235852,138.166532,62.619152,97.390275,298.175959,36.09241600000000,53.76154900000000,,,,
c_decompress,small,1536,1374.9563690000000,payloads/matrix_small.bin.gz,intermediate/task_c_decompress_1536mb_small_2.out,4986764,5235852,155.886127,61.500343,158.993111,376.379581,31.989787000000000,32.931314000000000,,,,
c_decompress,small,1536,1252.9046539999999,payloads/matrix_small.bin.gz,intermediate/task_c_decompress_1536mb_small_3.out,4986764,5235852,130.579362,61.880241,126.525887,318.98549,38.1895260000000,41.38166600000000,,,,
c_decompress,small,1536,1192.309856000000,payloads/matrix_small.bin.gz,intermediate/task_c_decompress_1536mb_small_4.out,4986764,5235852,121.754041,59.971829,99.63208,281.35795,40.957687999999997,52.55186900000000,,,,
c_decompress,medium,1536,2604.4764519999999,payloads/matrix_medium.bin.gz,intermediate/task_c_decompress_1536mb_medium_0.out,49893161,52387852,524.412915,604.910195,524.65766,1653.98077,95.1409840000000,99.85149600000000,,,,
c_decompress,medium,1536,2636.1331940000000,payloads/matrix_medium.bin.gz,intermediate/task_c_decompress_1536mb_medium_1.out,49893161,52387852,522.754433,620.630933,521.666783,1665.052149,95.4428270000000,100.42397500000000,,,,
c_decompress,medium,1536,2495.441437000000,payloads/matrix_medium.bin.gz,intermediate/task_c_decompress_1536mb_medium_2.out,49893161,52387852,524.025365,571.186876,484.112011,1579.324252,95.2113470000000,108.2143200000000,,,,
c_decompress,medium,1536,2551.645279000000,payloads/matrix_medium.bin.gz,intermediate/task_c_decompress_1536mb_medium_3.out,49893161,52387852,527.672411,603.338679,508.410087,1639.421177,94.55328700000000,103.04251100000000,,,,
c_decompress,medium,1536,2799.7961040000000,payloads/matrix_medium.bin.gz,intermediate/task_c_decompress_1536mb_medium_4.out,49893161,52387852,536.454918,628.80161,623.98748,1789.244008,93.00531900000000,83.95657600000000,,,,
c_decompress,large,1536,9770.39647100000,payloads/matrix_large.bin.gz,intermediate/task_c_decompress_1536mb_large_0.out,249631588,262113412,3539.522001,3036.281863,2288.283638,8864.087502,70.52692100000000,114.545858000000,,,,
c_decompress,large,1536,9164.25085100000,payloads/matrix_large.bin.gz,intermediate/task_c_decompress_1536mb_large_1.out,249631588,262113412,2826.608311,3037.621639,2298.000726,8162.230676,88.31488500000000,114.0615010000000,,,,
c_decompress,large,1536,9147.818089000000,payloads/matrix_large.bin.gz,intermediate/task_c_decompress_1536mb_large_2.out,249631588,262113412,2809.76272,3059.345517,2320.276749,8189.384986,88.84436599999999,112.96644300000000,,,,
c_decompress,large,1536,8816.341162000001,payloads/matrix_large.bin.gz,intermediate/task_c_decompress_1536mb_large_3.out,249631588,262113412,2527.963963,3068.67297,2313.509345,7910.146278,98.748080000000,113.29688899999999,,,,
c_decompress,large,1536,8753.347873999999,payloads/matrix_large.bin.gz,intermediate/task_c_decompress_1536mb_large_4.out,249631588,262113412,2521.334023,3005.076981,2320.094069,7846.505073,99.00774199999999,112.97533799999999,,,,
c_decompress,micro,512,2318.594217000000,payloads/matrix_micro.bin.gz,intermediate/task_c_decompress_512mb_micro_0.out,97378,102156,117.80679,1.135954,47.496388,166.439132,0.8265910000000000,2.1508159999999998,,,,
c_decompress,micro,512,2155.801058000000,payloads/matrix_micro.bin.gz,intermediate/task_c_decompress_512mb_micro_1.out,97378,102156,98.070796,1.115578,41.856742,141.043116,0.9929360000000000,2.4406099999999999,,,,
c_decompress,micro,512,2044.7454450000000,payloads/matrix_micro.bin.gz,intermediate/task_c_decompress_512mb_micro_2.out,97378,102156,93.710766,1.147147,40.046407,134.90432,1.0391340000000000,2.550940000000000,,,,
c_decompress,micro,512,2016.8545250000000,payloads/matrix_micro.bin.gz,intermediate/task_c_decompress_512mb_micro_3.out,97378,102156,93.162126,1.105207,36.484807,130.75214,1.045253000000000,2.799960000000000,,,,
c_decompress,micro,512,2310.846329000000,payloads/matrix_micro.bin.gz,intermediate/task_c_decompress_512mb_micro_4.out,97378,102156,95.370135,1.13642,33.245509,129.752064,1.021053000000000,3.0727760000000002,,,,
c_decompress,small,512,2639.939070000000,payloads/matrix_small.bin.gz,intermediate/task_c_decompress_512mb_small_0.out,4986764,5235852,143.358591,195.757823,149.676421,488.792835,34.78524700000000,34.981141000000001,,,,
c_decompress,small,512,2674.5238300000001,payloads/matrix_small.bin.gz,intermediate/task_c_decompress_512mb_small_1.out,4986764,5235852,145.067519,194.009485,210.831601,549.908605,34.37546900000000,24.83428500000000,,,,
c_decompress,small,512,2845.8502290000001,payloads/matrix_small.bin.gz,intermediate/task_c_decompress_512mb_small_2.out,4986764,5235852,159.345439,181.985217,186.048472,527.379128,31.29530400000000,28.14240800000000,,,,
c_decompress,small,512,2355.8738229999999,payloads/matrix_small.bin.gz,intermediate/task_c_decompress_512mb_small_3.out,4986764,5235852,156.170222,180.701645,156.694087,493.565954,31.93159300000000,33.41448400000000,,,,
c_decompress,small,512,2265.401602000000,payloads/matrix_small.bin.gz,intermediate/task_c_decompress_512mb_small_4.out,4986764,5235852,141.531654,179.659594,147.282616,468.473864,35.23426600000000,35.54969400000000,,,,
c_decompress,medium,512,5471.2815280000,payloads/matrix_medium.bin.gz,intermediate/task_c_decompress_512mb_medium_0.out,49893161,52387852,564.586531,1796.180174,1117.485718,3478.252423,88.37115000000000,46.8801090000000,,,,
c_decompress,medium,512,5355.268717000000,payloads/matrix_medium.bin.gz,intermediate/task_c_decompress_512mb_medium_1.out,49893161,52387852,576.861558,1820.559204,1079.098124,3476.518886,86.49070200000000,48.54781100000000,,,,
c_decompress,medium,512,5810.322523000000,payloads/matrix_medium.bin.gz,intermediate/task_c_decompress_512mb_medium_2.out,49893161,52387852,581.013113,1843.110715,1295.112462,3719.23629,85.87269400000000,40.45042700000000,,,,
c_decompress,medium,512,5715.618849000000,payloads/matrix_medium.bin.gz,intermediate/task_c_decompress_512mb_medium_3.out,49893161,52387852,562.74356,1801.020849,1119.139649,3482.904058,88.66056300000000,46.81082700000000,,,,
c_decompress,medium,512,5652.9810429999998,payloads/matrix_medium.bin.gz,intermediate/task_c_decompress_512mb_medium_4.out,49893161,52387852,602.287387,1856.658267,1237.992853,3696.938507,82.83945799999999,42.31676400000000,,,,
c_decompress,micro,128,8231.779337000000,payloads/matrix_micro.bin.gz,intermediate/task_c_decompress_128mb_micro_0.out,97378,102156,357.290075,1.188088,101.587718,460.065881,0.2725460000000000,1.005594000000000,,,,
c_decompress,micro,128,7999.478102000000,payloads/matrix_micro.bin.gz,intermediate/task_c_decompress_128mb_micro_1.out,97378,102156,338.883075,1.019756,100.498629,440.40146,0.2873500000000000,1.0164910000000000,,,,
c_decompress,micro,128,7538.640261000000,payloads/matrix_micro.bin.gz,intermediate/task_c_decompress_128mb_micro_2.out,97378,102156,340.276643,1.111731,121.834725,463.223099,0.2861730000000000,0.8384800000000000,,,,
c_decompress,micro,128,7573.759794000000,payloads/matrix_micro.bin.gz,intermediate/task_c_decompress_128mb_micro_3.out,97378,102156,338.825342,1.111147,102.633376,442.569865,0.2873990000000000,0.9953490000000000,,,,
c_decompress,micro,128,7709.369659000000,payloads/matrix_micro.bin.gz,intermediate/task_c_decompress_128mb_micro_4.out,97378,102156,318.759627,1.156508,101.374651,421.290786,0.3054900000000000,1.007708000000000,,,,
c_decompress,small,128,9367.697477000000,payloads/matrix_small.bin.gz,intermediate/task_c_decompress_128mb_small_0.out,4986764,5235852,578.493472,642.711589,545.610003,1766.815064,8.620260000000000,9.596327000000000,,,,
c_decompress,small,128,8767.51446700000,payloads/matrix_small.bin.gz,intermediate/task_c_decompress_128mb_small_1.out,4986764,5235852,519.479449,679.759742,519.040595,1718.279786,9.599539999999999,10.087558000000000,,,,
c_decompress,small,128,9151.777983000000,payloads/matrix_small.bin.gz,intermediate/task_c_decompress_128mb_small_2.out,4986764,5235852,579.263861,660.309787,609.414756,1848.988404,8.608795000000001,8.591607000000000,,,,
c_decompress,small,128,9035.676955999999,payloads/matrix_small.bin.gz,intermediate/task_c_decompress_128mb_small_3.out,4986764,5235852,579.505688,641.357396,612.851277,1833.714361,8.605202999999999,8.54343000000000,,,,
c_decompress,small,128,8522.319793999999,payloads/matrix_small.bin.gz,intermediate/task_c_decompress_128mb_small_4.out,4986764,5235852,579.704579,658.701386,560.354053,1798.760018,8.602250000000000,9.343828000000000,,,,
c_decompress,micro,768,1750.8344649999999,payloads/matrix_micro.bin.gz,intermediate/task_c_decompress_768mb_micro_0.out,97378,102156,75.494047,1.123978,40.843895,117.46192,1.2898769999999999,2.501133000000000,,,,
c_decompress,micro,768,1535.2277759999999,payloads/matrix_micro.bin.gz,intermediate/task_c_decompress_768mb_micro_1.out,97378,102156,75.790326,1.10719,36.502714,113.40023,1.2848340000000000,2.798586000000000,,,,
c_decompress,micro,768,1558.885098000000,payloads/matrix_micro.bin.gz,intermediate/task_c_decompress_768mb_micro_2.out,97378,102156,76.978074,1.132613,48.916886,127.027573,1.265010000000000,2.088359000000000,,,,
c_decompress,micro,768,1670.4649930000000,payloads/matrix_micro.bin.gz,intermediate/task_c_decompress_768mb_micro_3.out,97378,102156,75.438918,1.128154,32.358204,108.925276,1.2908189999999999,3.157036000000000,,,,
c_decompress,micro,768,1949.223042000000,payloads/matrix_micro.bin.gz,intermediate/task_c_decompress_768mb_micro_4.out,97378,102156,75.369237,1.112769,33.165598,109.647604,1.2920130000000001,3.0801799999999999,,,,
c_decompress,small,768,1646.6054919999999,payloads/matrix_small.bin.gz,intermediate/task_c_decompress_768mb_small_0.out,4986764,5235852,106.694897,128.869665,86.828374,322.392936,46.73854300000000,60.30116400000000,,,,
c_decompress,small,768,1843.944788000000,payloads/matrix_small.bin.gz,intermediate/task_c_decompress_768mb_small_1.out,4986764,5235852,105.468782,122.850991,114.513465,342.833238,47.28189600000000,45.7225880000000,,,,
c_decompress,small,768,1969.1967959999999,payloads/matrix_small.bin.gz,intermediate/task_c_decompress_768mb_small_2.out,4986764,5235852,114.66666,121.156996,121.030816,356.854472,43.48922300000000,43.26048700000000,,,,
c_decompress,small,768,1863.4679320000000,payloads/matrix_small.bin.gz,intermediate/task_c_decompress_768mb_small_3.out,4986764,5235852,106.168161,130.719842,105.860579,342.748582,46.9704280000000,49.4598840000000,,,,
c_decompress,small,768,1632.2259899999999,payloads/matrix_small.bin.gz,intermediate/task_c_decompress_768mb_small_4.out,4986764,5235852,105.174739,115.622453,103.298563,324.095755,47.41408500000000,50.68659100000000,,,,
c_decompress,medium,768,3938.345909000000,payloads/matrix_medium.bin.gz,intermediate/task_c_decompress_768mb_medium_0.out,49893161,52387852,540.146567,1198.83189,774.060932,2513.039389,92.3696720000000,67.6792350000000,,,,
c_decompress,medium,768,4089.246273000000,payloads/matrix_medium.bin.gz,intermediate/task_c_decompress_768mb_medium_1.out,49893161,52387852,544.467687,1194.490103,749.054106,2488.011896,91.6365880000000,69.93867500000000,,,,
c_decompress,medium,768,3945.482016000000,payloads/matrix_medium.bin.gz,intermediate/task_c_decompress_768mb_medium_2.out,49893161,52387852,538.881363,1202.859428,805.547364,2547.288155,92.58654000000000,65.03385700000000,,,,
c_decompress,medium,768,4234.446049000000,payloads/matrix_medium.bin.gz,intermediate/task_c_decompress_768mb_medium_3.out,49893161,52387852,547.190522,1237.646873,821.961498,2606.798893,91.18060199999999,63.73516500000000,,,,
c_decompress,medium,768,4022.777319000000,payloads/matrix_medium.bin.gz,intermediate/task_c_decompress_768mb_medium_4.out,49893161,52387852,530.94956,1208.265597,795.397763,2534.61292,93.9696810000000,65.8637160000000,,,,
c_decompress,micro,2048,1061.9392399999999,payloads/matrix_micro.bin.gz,intermediate/task_c_decompress_2048mb_micro_0.out,97378,102156,117.743017,1.16132,36.704385,155.608722,0.8270380000000001,2.7832100000000000,,,,
c_decompress,micro,2048,1033.259392000000,payloads/matrix_micro.bin.gz,intermediate/task_c_decompress_2048mb_micro_1.out,97378,102156,55.593203,1.116848,34.488937,91.198988,1.7516170000000000,2.961993000000000,,,,
c_decompress,micro,2048,1076.2417320000000,payloads/matrix_micro.bin.gz,intermediate/task_c_decompress_2048mb_micro_2.out,97378,102156,56.043239,1.134173,39.591557,96.768969,1.7375510000000001,2.580247000000000,,,,
c_decompress,micro,2048,867.2215940000000,payloads/matrix_micro.bin.gz,intermediate/task_c_decompress_2048mb_micro_3.out,97378,102156,48.944442,0.968501,37.588795,87.501738,1.989562000000000,2.717725000000000,,,,
c_decompress,micro,2048,1031.810999000000,payloads/matrix_micro.bin.gz,intermediate/task_c_decompress_2048mb_micro_4.out,97378,102156,61.171226,1.078244,42.363894,104.613364,1.5918920000000001,2.4113929999999999,,,,
c_decompress,small,2048,1184.8278049999999,payloads/matrix_small.bin.gz,intermediate/task_c_decompress_2048mb_small_0.out,4986764,5235852,137.677814,53.116861,95.280389,286.075064,36.22053400000000,54.952043000000003,,,,
c_decompress,small,2048,1229.7468190000000,payloads/matrix_small.bin.gz,intermediate/task_c_decompress_2048mb_small_1.out,4986764,5235852,146.859231,53.069141,85.584464,285.512836,33.95608100000000,61.17759900000000,,,,
c_decompress,small,2048,1308.434010000000,payloads/matrix_small.bin.gz,intermediate/task_c_decompress_2048mb_small_2.out,4986764,5235852,123.648846,52.800874,104.372934,280.822654,40.33004900000000,50.16484400000000,,,,
c_decompress,small,2048,1262.5539300000000,payloads/matrix_small.bin.gz,intermediate/task_c_decompress_2048mb_small_3.out,4986764,5235852,140.114513,52.603747,157.76504,350.4833,35.59063200000000,33.18765700000000,,,,
c_decompress,small,2048,1107.8686709999999,payloads/matrix_small.bin.gz,intermediate/task_c_decompress_2048mb_small_4.out,4986764,5235852,128.877967,50.455862,96.581712,275.915541,38.693688999999999,54.21163000000000,,,,
c_decompress,medium,2048,2845.714808000000,payloads/matrix_medium.bin.gz,intermediate/task_c_decompress_2048mb_medium_0.out,49893161,52387852,1020.647746,514.22363,480.915616,2015.786992,48.8838200000000,108.93356400000000,,,,
c_decompress,medium,2048,2608.909845000000,payloads/matrix_medium.bin.gz,intermediate/task_c_decompress_2048mb_medium_1.out,49893161,52387852,730.94104,520.507663,506.82167,1758.270373,68.2588040000000,103.36545400000000,,,,
c_decompress,medium,2048,2660.4835990000001,payloads/matrix_medium.bin.gz,intermediate/task_c_decompress_2048mb_medium_2.out,49893161,52387852,725.018728,532.00064,507.704974,1764.724342,68.81637499999999,103.18561900000000,,,,
c_decompress,medium,2048,2582.564354000000,payloads/matrix_medium.bin.gz,intermediate/task_c_decompress_2048mb_medium_3.out,49893161,52387852,682.50602,526.957547,496.864423,1706.32799,73.10288799999999,105.4369150000000,,,,
c_decompress,medium,2048,2405.624866000000,payloads/matrix_medium.bin.gz,intermediate/task_c_decompress_2048mb_medium_4.out,49893161,52387852,639.32108,525.077932,480.32381,1644.722822,78.04085100000000,109.0677810000000,,,,
c_decompress,large,2048,9878.5400390000,payloads/matrix_large.bin.gz,intermediate/task_c_decompress_2048mb_large_0.out,249631588,262113412,3943.008521,2622.412286,2337.694964,8903.115771,63.30992900000000,112.1247280000000,,,,
c_decompress,large,2048,9529.83570100000,payloads/matrix_large.bin.gz,intermediate/task_c_decompress_2048mb_large_1.out,249631588,262113412,3254.258776,2640.084971,2657.738571,8552.082318,76.70920000000000,98.62272200000000,,,,
c_decompress,large,2048,8690.609216999999,payloads/matrix_large.bin.gz,intermediate/task_c_decompress_2048mb_large_2.out,249631588,262113412,2838.456156,2625.294044,2292.70262,7756.45282,87.94625499999999,114.32508100000000,,,,
c_decompress,large,2048,8825.670958000001,payloads/matrix_large.bin.gz,intermediate/task_c_decompress_2048mb_large_3.out,249631588,262113412,3022.966354,2623.227272,2301.469219,7947.662845,82.57835500000000,113.88960100000000,,,,
c_decompress,large,2048,8714.531422000000,payloads/matrix_large.bin.gz,intermediate/task_c_decompress_2048mb_large_4.out,249631588,262113412,2839.600347,2618.354752,2321.924473,7779.879572,87.91081800000001,112.88627800000000,,,,
d_csv_to_matrix,micro,256,3946.977615000000,payloads/matrix_micro.csv,intermediate/task_d_csv_to_matrix_256mb_micro_0.out,88022,67716,193.264137,2.582093,67.411488,263.257718,0.4554490000000000,1.004517000000000,,,,
d_csv_to_matrix,micro,256,4045.548916000000,payloads/matrix_micro.csv,intermediate/task_d_csv_to_matrix_256mb_micro_1.out,88022,67716,186.861023,2.81218,69.44516,259.118363,0.4710560000000000,0.975100000000000,,,,
d_csv_to_matrix,micro,256,4089.742422000000,payloads/matrix_micro.csv,intermediate/task_d_csv_to_matrix_256mb_micro_2.out,88022,67716,170.45193,2.555482,65.289261,238.296673,0.5164040000000000,1.0371690000000000,,,,
d_csv_to_matrix,micro,256,3946.921349000000,payloads/matrix_micro.csv,intermediate/task_d_csv_to_matrix_256mb_micro_3.out,88022,67716,177.966567,2.571096,77.034681,257.572344,0.49459900000000,0.8790330000000000,,,,
d_csv_to_matrix,micro,256,4158.749104000000,payloads/matrix_micro.csv,intermediate/task_d_csv_to_matrix_256mb_micro_4.out,88022,67716,168.375806,2.683359,69.344059,240.403224,0.5227710000000000,0.9765220000000000,,,,
d_csv_to_matrix,small,256,5133.733749000000,payloads/matrix_small.csv,intermediate/task_d_csv_to_matrix_256mb_small_0.out,4530348,3484804,260.87197,880.685716,244.130326,1385.688012,17.366174000000001,14.2743590000000,,,,
d_csv_to_matrix,small,256,5309.635639000000,payloads/matrix_small.csv,intermediate/task_d_csv_to_matrix_256mb_small_1.out,4530348,3484804,280.674207,879.062917,247.7776,1407.514724,16.140948999999999,14.064241000000001,,,,
d_csv_to_matrix,small,256,5239.18891000000,payloads/matrix_small.csv,intermediate/task_d_csv_to_matrix_256mb_small_2.out,4530348,3484804,260.396761,877.547657,219.321831,1357.266249,17.397866000000000,15.888997000000000,,,,
d_csv_to_matrix,small,256,5069.657803000000,payloads/matrix_small.csv,intermediate/task_d_csv_to_matrix_256mb_small_3.out,4530348,3484804,301.34934,878.278081,220.940641,1400.568062,15.033542000000001,15.772580000000000,,,,
d_csv_to_matrix,small,256,4595.782042000000,payloads/matrix_small.csv,intermediate/task_d_csv_to_matrix_256mb_small_4.out,4530348,3484804,221.932258,819.937592,263.334741,1305.204591,20.41320200000000,13.233362000000000,,,,
d_csv_to_matrix,micro,1024,1321.9687939999999,payloads/matrix_micro.csv,intermediate/task_d_csv_to_matrix_1024mb_micro_0.out,88022,67716,73.820293,2.51335,31.220214,107.553857,1.192382000000000,2.1689790000000002,,,,
d_csv_to_matrix,micro,1024,1388.394833000000,payloads/matrix_micro.csv,intermediate/task_d_csv_to_matrix_1024mb_micro_1.out,88022,67716,64.665587,2.677094,31.523052,98.865733,1.3611880000000001,2.148142000000000,,,,
d_csv_to_matrix,micro,1024,1424.5929719999999,payloads/matrix_micro.csv,intermediate/task_d_csv_to_matrix_1024mb_micro_2.out,88022,67716,58.586517,2.610023,32.710803,93.907343,1.5024280000000001,2.070142000000000,,,,
d_csv_to_matrix,micro,1024,1441.8864249999999,payloads/matrix_micro.csv,intermediate/task_d_csv_to_matrix_1024mb_micro_3.out,88022,67716,86.749395,2.572286,36.295226,125.616907,1.01467000000000,1.86570000000000,,,,
d_csv_to_matrix,micro,1024,1411.8788239999999,payloads/matrix_micro.csv,intermediate/task_d_csv_to_matrix_1024mb_micro_4.out,88022,67716,83.003418,2.564215,39.547725,125.115358,1.0604620000000000,1.7122599999999999,,,,
d_csv_to_matrix,small,1024,1812.0825290000000,payloads/matrix_small.csv,intermediate/task_d_csv_to_matrix_1024mb_small_0.out,4530348,3484804,93.213338,207.338197,78.841219,379.392754,48.60192900000000,44.200280999999997,,,,
d_csv_to_matrix,small,1024,1571.5217590000000,payloads/matrix_small.csv,intermediate/task_d_csv_to_matrix_1024mb_small_1.out,4530348,3484804,91.689549,205.623217,128.751569,426.064335,49.40964400000000,27.06610900000000,,,,
d_csv_to_matrix,small,1024,1746.9398980000001,payloads/matrix_small.csv,intermediate/task_d_csv_to_matrix_1024mb_small_2.out,4530348,3484804,102.201708,213.370747,90.400054,405.972509,44.32751800000000,38.54869400000000,,,,
d_csv_to_matrix,small,1024,1542.0918460000000,payloads/matrix_small.csv,intermediate/task_d_csv_to_matrix_1024mb_small_3.out,4530348,3484804,103.107536,206.757167,107.108592,416.973295,43.93808800000000,32.53524200000000,,,,
d_csv_to_matrix,small,1024,1777.745008000000,payloads/matrix_small.csv,intermediate/task_d_csv_to_matrix_1024mb_small_4.out,4530348,3484804,100.777865,200.359619,135.629748,436.767232,44.95380000000000,25.69350800000000,,,,
d_csv_to_matrix,medium,1024,4303.669691000000,payloads/matrix_medium.csv,intermediate/task_d_csv_to_matrix_1024mb_medium_0.out,45428557,34944804,494.461473,2161.735795,411.449933,3067.647201,91.8748160000000,84.93087800000001,,,,
d_csv_to_matrix,medium,1024,4283.370733000000,payloads/matrix_medium.csv,intermediate/task_d_csv_to_matrix_1024mb_medium_1.out,45428557,34944804,493.868226,2085.687213,463.511782,3043.067221,91.98517900000000,75.39140399999999,,,,
d_csv_to_matrix,medium,1024,4327.881336000000,payloads/matrix_medium.csv,intermediate/task_d_csv_to_matrix_1024mb_medium_2.out,45428557,34944804,488.523894,2135.347976,424.771135,3048.643005,92.99147400000000,82.26737000000000,,,,
d_csv_to_matrix,medium,1024,4304.267406000000,payloads/matrix_medium.csv,intermediate/task_d_csv_to_matrix_1024mb_medium_3.out,45428557,34944804,486.524647,2152.282103,479.589957,3118.396707,93.3735980000000,72.863919000000,,,,
d_csv_to_matrix,medium,1024,4290.162802000000,payloads/matrix_medium.csv,intermediate/task_d_csv_to_matrix_1024mb_medium_4.out,45428557,34944804,483.921808,2062.80467,479.606462,3026.33294,93.87582100000000,72.86141200000000,,,,
d_csv_to_matrix,micro,1536,1227.8790469999999,payloads/matrix_micro.csv,intermediate/task_d_csv_to_matrix_1536mb_micro_0.out,88022,67716,79.87991,2.515794,35.546738,117.942442,1.1019289999999999,1.9049849999999999,,,,
d_csv_to_matrix,micro,1536,1151.439905000000,payloads/matrix_micro.csv,intermediate/task_d_csv_to_matrix_1536mb_micro_1.out,88022,67716,60.241709,2.507107,34.62236,97.371176,1.4611470000000000,1.9558460000000000,,,,
d_csv_to_matrix,micro,1536,1071.8133450000000,payloads/matrix_micro.csv,intermediate/task_d_csv_to_matrix_1536mb_micro_2.out,88022,67716,59.383345,2.579949,30.71278,92.676074,1.4822670000000000,2.204815000000000,,,,
d_csv_to_matrix,micro,1536,1052.46901500000,payloads/matrix_micro.csv,intermediate/task_d_csv_to_matrix_1536mb_micro_3.out,88022,67716,63.718742,2.532841,35.937039,102.188622,1.3814150000000001,1.8842950000000001,,,,
d_csv_to_matrix,micro,1536,1182.7189920000001,payloads/matrix_micro.csv,intermediate/task_d_csv_to_matrix_1536mb_micro_4.out,88022,67716,66.532632,2.557117,43.940322,113.030071,1.3229900000000001,1.541090000000000,,,,
d_csv_to_matrix,small,1536,1292.8314210000001,payloads/matrix_small.csv,intermediate/task_d_csv_to_matrix_1536mb_small_0.out,4530348,3484804,141.252207,138.309456,116.48102,396.042683,32.07275900000000,29.91735500000000,,,,
d_csv_to_matrix,small,1536,1291.8767929999999,payloads/matrix_small.csv,intermediate/task_d_csv_to_matrix_1536mb_small_1.out,4530348,3484804,104.521304,148.850358,73.001142,326.372804,43.34377600000000,47.73629400000000,,,,
d_csv_to_matrix,small,1536,1451.4045719999999,payloads/matrix_small.csv,intermediate/task_d_csv_to_matrix_1536mb_small_2.out,4530348,3484804,122.059804,139.552846,124.492259,386.104909,37.11580600000000,27.99213400000000,,,,
d_csv_to_matrix,small,1536,1280.461311000000,payloads/matrix_small.csv,intermediate/task_d_csv_to_matrix_1536mb_small_3.out,4530348,3484804,94.64969,132.528492,70.776536,297.954718,47.8643720000000,49.23671300000000,,,,
d_csv_to_matrix,small,1536,1269.1802980000000,payloads/matrix_small.csv,intermediate/task_d_csv_to_matrix_1536mb_small_4.out,4530348,3484804,102.07808,137.266108,102.942785,342.286973,44.38120300000000,33.851852999999998,,,,
d_csv_to_matrix,medium,1536,3394.078255000000,payloads/matrix_medium.csv,intermediate/task_d_csv_to_matrix_1536mb_medium_0.out,45428557,34944804,668.060309,1389.729602,362.453656,2420.243567,68.00068300000000,96.41178499999999,,,,
d_csv_to_matrix,medium,1536,3525.400400000000,payloads/matrix_medium.csv,intermediate/task_d_csv_to_matrix_1536mb_medium_1.out,45428557,34944804,507.2296,1406.609678,393.453726,2307.293004,89.56211700000000,88.81553700000001,,,,
d_csv_to_matrix,medium,1536,3264.5633220000000,payloads/matrix_medium.csv,intermediate/task_d_csv_to_matrix_1536mb_medium_2.out,45428557,34944804,488.272933,1420.958376,335.612172,2244.843481,93.03926900000000,104.12257600000000,,,,
d_csv_to_matrix,medium,1536,3255.5010320000001,payloads/matrix_medium.csv,intermediate/task_d_csv_to_matrix_1536mb_medium_3.out,45428557,34944804,486.693891,1403.264288,346.924566,2236.882745,93.34112800000000,100.72738400000000,,,,
d_csv_to_matrix,medium,1536,3290.1902200000000,payloads/matrix_medium.csv,intermediate/task_d_csv_to_matrix_1536mb_medium_4.out,45428557,34944804,476.6514,1393.253788,343.055178,2212.960366,95.3077180000000,101.86350800000000,,,,
d_csv_to_matrix,micro,512,2184.983015000000,payloads/matrix_micro.csv,intermediate/task_d_csv_to_matrix_512mb_micro_0.out,88022,67716,114.167095,2.627191,38.863194,155.65748,0.770993000000000,1.7424200000000001,,,,
d_csv_to_matrix,micro,512,2571.871996000000,payloads/matrix_micro.csv,intermediate/task_d_csv_to_matrix_512mb_micro_1.out,88022,67716,134.396983,2.559933,55.11792,192.074836,0.6549400000000000,1.2285660000000000,,,,
d_csv_to_matrix,micro,512,2238.377810000000,payloads/matrix_micro.csv,intermediate/task_d_csv_to_matrix_512mb_micro_2.out,88022,67716,111.180193,2.567062,41.891251,155.638506,0.7917060000000000,1.6164710000000000,,,,
d_csv_to_matrix,micro,512,2188.2967950000002,payloads/matrix_micro.csv,intermediate/task_d_csv_to_matrix_512mb_micro_3.out,88022,67716,134.112398,2.524101,39.438175,176.074674,0.6563300000000000,1.717017000000000,,,,
d_csv_to_matrix,micro,512,2112.9963400000001,payloads/matrix_micro.csv,intermediate/task_d_csv_to_matrix_512mb_micro_4.out,88022,67716,107.127103,2.526276,36.714404,146.367783,0.8216590000000000,1.844399000000000,,,,
d_csv_to_matrix,small,512,2764.346123000000,payloads/matrix_small.csv,intermediate/task_d_csv_to_matrix_512mb_small_0.out,4530348,3484804,156.338754,437.983646,128.775787,723.098187,28.97776700000000,27.061019000000002,,,,
d_csv_to_matrix,small,512,2753.581047000000,payloads/matrix_small.csv,intermediate/task_d_csv_to_matrix_512mb_small_1.out,4530348,3484804,124.667695,437.527285,107.220864,669.415844,36.33939000000000,32.501173999999999,,,,
d_csv_to_matrix,small,512,3111.687183000000,payloads/matrix_small.csv,intermediate/task_d_csv_to_matrix_512mb_small_2.out,4530348,3484804,184.948218,414.127191,141.356322,740.431731,24.49522400000000,24.652622000000001,,,,
d_csv_to_matrix,small,512,2664.8762230000002,payloads/matrix_small.csv,intermediate/task_d_csv_to_matrix_512mb_small_3.out,4530348,3484804,125.154833,434.152967,116.795964,676.103764,36.19794700000000,29.83668200000000,,,,
d_csv_to_matrix,small,512,2513.7815479999999,payloads/matrix_small.csv,intermediate/task_d_csv_to_matrix_512mb_small_4.out,4530348,3484804,123.779417,397.169356,103.637708,624.586481,36.600172000000001,33.624865999999997,,,,
d_csv_to_matrix,medium,512,7325.536728000000,payloads/matrix_medium.csv,intermediate/task_d_csv_to_matrix_512mb_medium_0.out,45428557,34944804,517.703905,4058.663479,776.803092,5353.170476,87.75007600000001,44.98540800000000,,,,
d_csv_to_matrix,medium,512,7829.559088000000,payloads/matrix_medium.csv,intermediate/task_d_csv_to_matrix_512mb_medium_1.out,45428557,34944804,536.927873,4336.932799,848.780338,5722.64101,84.60830500000000,41.1706100000000,,,,
d_csv_to_matrix,medium,512,7622.838497000000,payloads/matrix_medium.csv,intermediate/task_d_csv_to_matrix_512mb_medium_2.out,45428557,34944804,520.69604,4245.380096,840.081174,5606.15731,87.24582800000000,41.596936999999997,,,,
d_csv_to_matrix,medium,512,7388.1988529999999,payloads/matrix_medium.csv,intermediate/task_d_csv_to_matrix_512mb_medium_3.out,45428557,34944804,538.872361,4141.756657,808.00302,5488.632038,84.30300099999999,43.248358000000003,,,,
d_csv_to_matrix,medium,512,7962.856293000000,payloads/matrix_medium.csv,intermediate/task_d_csv_to_matrix_512mb_medium_4.out,45428557,34944804,541.103219,4341.949929,847.162088,5730.215236,83.95543700000000,41.24925400000000,,,,
d_csv_to_matrix,micro,128,8097.248316000000,payloads/matrix_micro.csv,intermediate/task_d_csv_to_matrix_128mb_micro_0.out,88022,67716,338.822204,2.59635,134.926218,476.344772,0.2597880000000000,0.5018740000000000,,,,
d_csv_to_matrix,micro,128,7438.339233000000,payloads/matrix_micro.csv,intermediate/task_d_csv_to_matrix_128mb_micro_1.out,88022,67716,318.802854,2.505911,100.356266,421.665031,0.2761020000000000,0.674756000000000,,,,
d_csv_to_matrix,micro,128,7897.063971000000,payloads/matrix_micro.csv,intermediate/task_d_csv_to_matrix_128mb_micro_2.out,88022,67716,318.762727,2.59037,118.140544,439.493641,0.2761360000000000,0.5731820000000000,,,,
d_csv_to_matrix,micro,128,7635.417461000000,payloads/matrix_micro.csv,intermediate/task_d_csv_to_matrix_128mb_micro_3.out,88022,67716,298.877785,2.576903,119.458392,420.91308,0.2945080000000000,0.5668580000000000,,,,
d_csv_to_matrix,micro,128,7754.259586000000,payloads/matrix_micro.csv,intermediate/task_d_csv_to_matrix_128mb_micro_4.out,88022,67716,318.260932,2.588861,123.431203,444.280996,0.2765720000000000,0.5486130000000000,,,,
d_csv_to_matrix,small,128,9669.321060000000,payloads/matrix_small.csv,intermediate/task_d_csv_to_matrix_128mb_small_0.out,4530348,3484804,538.932076,1579.503287,399.738028,2518.173391,8.406158000000000,8.717719000000001,,,,
d_csv_to_matrix,small,128,9626.588105999999,payloads/matrix_small.csv,intermediate/task_d_csv_to_matrix_128mb_small_1.out,4530348,3484804,502.114498,1638.705091,459.752598,2600.572187,9.022539999999999,7.579737000000000,,,,
d_csv_to_matrix,small,128,10029.827117999999,payloads/matrix_small.csv,intermediate/task_d_csv_to_matrix_128mb_small_2.out,4530348,3484804,561.651574,1577.133444,458.109334,2596.894352,8.066117999999999,7.6069259999999996,,,,
d_csv_to_matrix,small,128,9929.187059000000,payloads/matrix_small.csv,intermediate/task_d_csv_to_matrix_128mb_small_3.out,4530348,3484804,501.581429,1580.663214,447.381358,2529.626001,9.032128999999999,7.789337000000000,,,,
d_csv_to_matrix,small,128,9506.078720000000,payloads/matrix_small.csv,intermediate/task_d_csv_to_matrix_128mb_small_4.out,4530348,3484804,597.894088,1523.163396,443.746096,2564.80358,7.577175000000000,7.853149000000000,,,,
d_csv_to_matrix,micro,768,1668.731689000000,payloads/matrix_micro.csv,intermediate/task_d_csv_to_matrix_768mb_micro_0.out,88022,67716,76.284366,2.575946,34.935808,113.79612,1.1538670000000000,1.9382980000000001,,,,
d_csv_to_matrix,micro,768,1567.9600240000000,payloads/matrix_micro.csv,intermediate/task_d_csv_to_matrix_768mb_micro_1.out,88022,67716,72.012729,2.484588,31.274178,105.771495,1.2223120000000001,2.165237000000000,,,,
d_csv_to_matrix,micro,768,1591.0909180000001,payloads/matrix_micro.csv,intermediate/task_d_csv_to_matrix_768mb_micro_2.out,88022,67716,72.829221,2.647007,34.667984,110.144212,1.2086079999999999,1.9532719999999999,,,,
d_csv_to_matrix,micro,768,1621.2801930000001,payloads/matrix_micro.csv,intermediate/task_d_csv_to_matrix_768mb_micro_3.out,88022,67716,86.050399,2.533089,39.260286,127.843774,1.022912000000000,1.7247960000000000,,,,
d_csv_to_matrix,micro,768,1733.4115509999999,payloads/matrix_micro.csv,intermediate/task_d_csv_to_matrix_768mb_micro_4.out,88022,67716,79.788327,2.512917,167.266534,249.567778,1.103194000000000,0.4048390000000000,,,,
d_csv_to_matrix,small,768,2027.909279000000,payloads/matrix_small.csv,intermediate/task_d_csv_to_matrix_768mb_small_0.out,4530348,3484804,118.564576,286.879658,133.815613,539.259847,38.20996200000000,26.04183400000000,,,,
d_csv_to_matrix,small,768,2023.7863060000000,payloads/matrix_small.csv,intermediate/task_d_csv_to_matrix_768mb_small_1.out,4530348,3484804,115.841364,286.373,96.95504,499.169404,39.1082070000000,35.942473999999997,,,,
d_csv_to_matrix,small,768,2101.007462000000,payloads/matrix_small.csv,intermediate/task_d_csv_to_matrix_768mb_small_2.out,4530348,3484804,107.497301,300.180567,130.727113,538.404981,42.14383000000000,26.657087000000001,,,,
d_csv_to_matrix,small,768,2064.658642000000,payloads/matrix_small.csv,intermediate/task_d_csv_to_matrix_768mb_small_3.out,4530348,3484804,108.076657,293.630852,110.770546,512.478055,41.91791400000000,31.45966300000000,,,,
d_csv_to_matrix,small,768,1850.1598830000000,payloads/matrix_small.csv,intermediate/task_d_csv_to_matrix_768mb_small_4.out,4530348,3484804,101.592389,276.028212,131.4466,509.067201,44.59338000000000,26.511175999999999,,,,
d_csv_to_matrix,medium,768,5428.839922000000,payloads/matrix_medium.csv,intermediate/task_d_csv_to_matrix_768mb_medium_0.out,45428557,34944804,494.814384,2864.961227,549.426633,3909.202244,91.809289000000,63.60231200000000,,,,
d_csv_to_matrix,medium,768,5468.575716000000,payloads/matrix_medium.csv,intermediate/task_d_csv_to_matrix_768mb_medium_1.out,45428557,34944804,499.007975,2857.855038,545.279847,3902.14286,91.03773700000001,64.08599900000000,,,,
d_csv_to_matrix,medium,768,5634.033442000000,payloads/matrix_medium.csv,intermediate/task_d_csv_to_matrix_768mb_medium_2.out,45428557,34944804,498.519314,2860.023382,579.317916,3937.860612,91.12697500000000,60.32060000000000,,,,
d_csv_to_matrix,medium,768,5267.9877280000001,payloads/matrix_medium.csv,intermediate/task_d_csv_to_matrix_768mb_medium_3.out,45428557,34944804,493.797795,2778.353946,542.555137,3814.706878,91.99829900000000,64.40783900000000,,,,
d_csv_to_matrix,medium,768,5544.3525310000005,payloads/matrix_medium.csv,intermediate/task_d_csv_to_matrix_768mb_medium_4.out,45428557,34944804,513.710477,2826.173446,557.355387,3897.23931,88.43221800000001,62.69752600000000,,,,
d_csv_to_matrix,micro,2048,1241.126299000000,payloads/matrix_micro.csv,intermediate/task_d_csv_to_matrix_2048mb_micro_0.out,88022,67716,113.191426,2.505723,36.274132,151.971281,0.7776380000000001,1.866785000000000,,,,
d_csv_to_matrix,micro,2048,1076.348066000000,payloads/matrix_micro.csv,intermediate/task_d_csv_to_matrix_2048mb_micro_1.out,88022,67716,62.317807,2.508182,41.427345,106.253334,1.4124690000000000,1.634573000000000,,,,
d_csv_to_matrix,micro,2048,1014.5812030000000,payloads/matrix_micro.csv,intermediate/task_d_csv_to_matrix_2048mb_micro_2.out,88022,67716,55.425779,2.618797,37.557582,95.602158,1.5881060000000000,1.8029910000000000,,,,
d_csv_to_matrix,micro,2048,992.9287430000001,payloads/matrix_micro.csv,intermediate/task_d_csv_to_matrix_2048mb_micro_3.out,88022,67716,55.485051,2.610681,36.654841,94.750573,1.58640900000000,1.8473960000000000,,,,
d_csv_to_matrix,micro,2048,974.5044710000000,payloads/matrix_micro.csv,intermediate/task_d_csv_to_matrix_2048mb_micro_4.out,88022,67716,55.973764,2.534307,33.008199,91.51627,1.5725579999999999,2.051490000000000,,,,
d_csv_to_matrix,small,2048,1421.3435649999999,payloads/matrix_small.csv,intermediate/task_d_csv_to_matrix_2048mb_small_0.out,4530348,3484804,198.399474,123.668209,72.085529,394.153212,22.83447600000000,48.34262900000000,,,,
d_csv_to_matrix,small,2048,1329.5137880000000,payloads/matrix_small.csv,intermediate/task_d_csv_to_matrix_2048mb_small_1.out,4530348,3484804,236.37108,122.748976,111.671241,470.791297,19.166253000000001,31.205922000000001,,,,
d_csv_to_matrix,small,2048,1389.096975000000,payloads/matrix_small.csv,intermediate/task_d_csv_to_matrix_2048mb_small_2.out,4530348,3484804,153.685151,120.011308,157.759538,431.455997,29.47811100000000,22.08934000000000,,,,
d_csv_to_matrix,small,2048,1378.211260000000,payloads/matrix_small.csv,intermediate/task_d_csv_to_matrix_2048mb_small_3.out,4530348,3484804,170.06679,121.236486,125.819485,417.122761,26.638639999999999,27.696854999999999,,,,
d_csv_to_matrix,small,2048,1283.6816309999999,payloads/matrix_small.csv,intermediate/task_d_csv_to_matrix_2048mb_small_4.out,4530348,3484804,213.690967,121.682429,71.982581,407.355977,21.200465999999999,48.41176800000000,,,,
d_csv_to_matrix,medium,2048,3380.4051880000002,payloads/matrix_medium.csv,intermediate/task_d_csv_to_matrix_2048mb_medium_0.out,45428557,34944804,879.834743,1195.124057,356.054702,2431.013502,51.63305700000000,98.14448100000000,,,,
d_csv_to_matrix,medium,2048,3089.965582000000,payloads/matrix_medium.csv,intermediate/task_d_csv_to_matrix_2048mb_medium_1.out,45428557,34944804,557.22769,1222.405922,358.005645,2137.639257,81.52602200000000,97.60964500000000,,,,
d_csv_to_matrix,medium,2048,2966.031075000000,payloads/matrix_medium.csv,intermediate/task_d_csv_to_matrix_2048mb_medium_2.out,45428557,34944804,483.092361,1213.867491,337.04311,2034.002962,94.0370010000000,103.68051699999999,,,,
d_csv_to_matrix,medium,2048,2997.2984790000,payloads/matrix_medium.csv,intermediate/task_d_csv_to_matrix_2048mb_medium_3.out,45428557,34944804,558.382716,1207.196487,345.009648,2110.588851,81.35738400000000,101.286454000000,,,,
d_csv_to_matrix,medium,2048,3525.724411000000,payloads/matrix_medium.csv,intermediate/task_d_csv_to_matrix_2048mb_medium_4.out,45428557,34944804,572.894607,1054.562983,1034.178497,2661.636087,79.29653500000001,33.78991500000000,,,,
d_csv_to_matrix,large,2048,12468.923330000000,payloads/matrix_large.csv,intermediate/task_d_csv_to_matrix_2048mb_large_0.out,227102481,174695436,3748.292262,6070.788536,1567.374448,11386.455246,60.588253000000002,111.45737099999999,,,,
d_csv_to_matrix,large,2048,11360.244751000000,payloads/matrix_large.csv,intermediate/task_d_csv_to_matrix_2048mb_large_1.out,227102481,174695436,2503.937098,6117.494653,1581.755111,10203.186862,90.69815699999999,110.44404700000000,,,,
d_csv_to_matrix,large,2048,10233.807564000001,payloads/matrix_large.csv,intermediate/task_d_csv_to_matrix_2048mb_large_2.out,227102481,174695436,2296.865207,5384.876925,1537.402344,9219.144476,98.87497100000000,113.63026499999999,,,,
d_csv_to_matrix,large,2048,11115.429400999999,payloads/matrix_large.csv,intermediate/task_d_csv_to_matrix_2048mb_large_3.out,227102481,174695436,2294.79759,6143.541785,1571.605437,10009.944812,98.9640580000000,111.15731200000000,,,,
d_csv_to_matrix,large,2048,11074.947834000001,payloads/matrix_large.csv,intermediate/task_d_csv_to_matrix_2048mb_large_4.out,227102481,174695436,2293.197036,6127.178948,1565.785778,9986.161762,99.0331300000000,111.57045800000000,,,,
b_compress,micro,256,4004.959583000000,payloads/matrix_micro.bin,intermediate/task_b_compress_256mb_micro_0.out,102156,97378,174.908632,25.953608,59.634948,260.497188,0.5840540000000000,1.6329020000000001,,,,
b_compress,micro,256,4040.630579000000,payloads/matrix_micro.bin,intermediate/task_b_compress_256mb_micro_1.out,102156,97378,159.045371,22.133533,76.754787,257.933691,0.6423070000000000,1.2686900000000001,,,,
b_compress,micro,256,4004.529238000000,payloads/matrix_micro.bin,intermediate/task_b_compress_256mb_micro_2.out,102156,97378,217.866013,22.016617,73.978837,313.861467,0.4688940000000000,1.3162950000000000,,,,
b_compress,micro,256,4017.597437000000,payloads/matrix_micro.bin,intermediate/task_b_compress_256mb_micro_3.out,102156,97378,175.875686,22.107581,74.801543,272.78481,0.5808420000000000,1.3018179999999999,,,,
b_compress,micro,256,3918.525219000000,payloads/matrix_micro.bin,intermediate/task_b_compress_256mb_micro_4.out,102156,97378,154.018095,26.031735,66.536603,246.586433,0.6632730000000000,1.4635250000000000,,,,
b_compress,small,256,6593.43147300000,payloads/matrix_small.bin,intermediate/task_b_compress_256mb_small_0.out,5235852,4986764,320.561909,2240.869942,304.584894,2866.016745,16.333356999999999,16.37232900000000,,,,
b_compress,small,256,6148.552656000000,payloads/matrix_small.bin,intermediate/task_b_compress_256mb_small_1.out,5235852,4986764,261.863235,2199.408774,314.572799,2775.844808,19.994605000000000,15.852496000000000,,,,
b_compress,small,256,6871.9751829999996,payloads/matrix_small.bin,intermediate/task_b_compress_256mb_small_2.out,5235852,4986764,302.210863,2296.828726,270.062763,2869.102352,17.325161000000001,18.46520400000000,,,,
b_compress,small,256,6693.927526000000,payloads/matrix_small.bin,intermediate/task_b_compress_256mb_small_3.out,5235852,4986764,301.237695,2300.198147,263.646097,2865.081939,17.38113200000000,18.91461300000000,,,,
b_compress,small,256,5846.450090000000,payloads/matrix_small.bin,intermediate/task_b_compress_256mb_small_4.out,5235852,4986764,278.935799,2199.488133,252.843657,2731.267589,18.77081400000000,19.722716999999999,,,,
b_compress,medium,256,29059.90839000000,payloads/matrix_medium.bin,intermediate/task_b_compress_256mb_medium_0.out,52387852,49893161,978.341703,22143.237254,2429.112009,25550.690966,53.54760200000000,20.53967100000000,,,,
b_compress,medium,256,30780.598879000001,payloads/matrix_medium.bin,intermediate/task_b_compress_256mb_medium_1.out,52387852,49893161,1180.438536,23177.727702,2679.591572,27037.75781,44.37999100000000,18.619689000000001,,,,
b_compress,medium,256,28396.104096999999,payloads/matrix_medium.bin,intermediate/task_b_compress_256mb_medium_2.out,52387852,49893161,1178.974436,21660.25197,2253.542546,25092.768952,44.43510400000000,22.139880000000002,,,,
b_compress,medium,256,30753.346920000000,payloads/matrix_medium.bin,intermediate/task_b_compress_256mb_medium_3.out,52387852,49893161,1260.81606,23102.712175,2523.761201,26887.289436,41.55074900000000,19.769366999999999,,,,
b_compress,medium,256,30178.8969040000,payloads/matrix_medium.bin,intermediate/task_b_compress_256mb_medium_4.out,52387852,49893161,1238.958413,22559.985841,2517.000906,26315.94516,42.28378600000000,19.82246400000000,,,,
b_compress,micro,1024,1453.582525000000,payloads/matrix_micro.bin,intermediate/task_b_compress_1024mb_micro_0.out,102156,97378,64.905699,5.833524,34.171053,104.910276,1.5739140000000000,2.849722000000000,,,,
b_compress,micro,1024,1360.5844970000001,payloads/matrix_micro.bin,intermediate/task_b_compress_1024mb_micro_1.out,102156,97378,72.354234,5.829033,71.343655,149.526922,1.4118869999999999,1.3649150000000001,,,,
b_compress,micro,1024,1906.3751700000000,payloads/matrix_micro.bin,intermediate/task_b_compress_1024mb_micro_2.out,102156,97378,119.265526,6.128893,62.572514,187.966933,0.8565430000000001,1.5562419999999999,,,,
b_compress,micro,1024,1783.524513000000,payloads/matrix_micro.bin,intermediate/task_b_compress_1024mb_micro_3.out,102156,97378,84.176428,6.06569,42.067342,132.30946,1.213594000000000,2.314812000000000,,,,
b_compress,micro,1024,1441.5419099999999,payloads/matrix_micro.bin,intermediate/task_b_compress_1024mb_micro_4.out,102156,97378,71.714256,5.797868,38.751961,116.264085,1.4244870000000001,2.512853000000000,,,,
b_compress,small,1024,1943.016529000000,payloads/matrix_small.bin,intermediate/task_b_compress_1024mb_small_0.out,5235852,4986764,103.663395,551.379117,133.000569,788.043081,50.50820500000000,37.49430600000000,,,,
b_compress,small,1024,2042.9472920000001,payloads/matrix_small.bin,intermediate/task_b_compress_1024mb_small_1.out,5235852,4986764,117.426865,541.046772,112.016337,770.489974,44.58819500000000,44.51818500000000,,,,
b_compress,small,1024,2006.2172410000001,payloads/matrix_small.bin,intermediate/task_b_compress_1024mb_small_2.out,5235852,4986764,97.595449,542.396846,99.318732,739.311027,53.64852600000000,50.20970300000000,,,,
b_compress,small,1024,1842.439890000000,payloads/matrix_small.bin,intermediate/task_b_compress_1024mb_small_3.out,5235852,4986764,96.402267,539.856048,86.911064,723.169379,54.31254000000000,57.37778100000000,,,,
b_compress,small,1024,1796.8459130000001,payloads/matrix_small.bin,intermediate/task_b_compress_1024mb_small_4.out,5235852,4986764,93.818871,517.366059,79.071439,690.256369,55.80809000000000,63.0665640000000,,,,
b_compress,medium,1024,8094.934940000000,payloads/matrix_medium.bin,intermediate/task_b_compress_1024mb_medium_0.out,52387852,49893161,561.461824,5547.139799,627.404953,6736.006576,93.30616900000000,79.52305900000000,,,,
b_compress,medium,1024,7714.480639000000,payloads/matrix_medium.bin,intermediate/task_b_compress_1024mb_medium_1.out,52387852,49893161,557.947918,5396.799338,550.962564,6505.70982,93.8938030000000,90.55635400000000,,,,
b_compress,medium,1024,7548.243046000000,payloads/matrix_medium.bin,intermediate/task_b_compress_1024mb_medium_2.out,52387852,49893161,557.770399,5379.543248,558.737026,6496.050673,93.92368600000000,89.29632100000001,,,,
b_compress,medium,1024,7683.233976000000,payloads/matrix_medium.bin,intermediate/task_b_compress_1024mb_medium_3.out,52387852,49893161,560.778524,5513.581322,538.239673,6612.599519,93.41986100000000,92.69692200000000,,,,
b_compress,medium,1024,7775.4645350000001,payloads/matrix_medium.bin,intermediate/task_b_compress_1024mb_medium_4.out,52387852,49893161,559.704009,5433.529986,545.498018,6538.732013,93.59920800000000,91.46350600000000,,,,
b_compress,large,1024,33550.6443980000,payloads/matrix_large.bin,intermediate/task_b_compress_1024mb_large_0.out,262113412,249631588,2650.735387,26954.553509,2761.614751,32366.903647,98.88328100000000,90.39334200000000,,,,
b_compress,large,1024,35005.80382300000,payloads/matrix_large.bin,intermediate/task_b_compress_1024mb_large_1.out,262113412,249631588,2688.908379,28115.193023,2999.565216,33803.666618,97.47948800000000,83.22259099999999,,,,
b_compress,large,1024,33702.52823800000,payloads/matrix_large.bin,intermediate/task_b_compress_1024mb_large_2.out,262113412,249631588,2653.029976,27107.264886,2750.942287,32511.237149,98.79775700000000,90.74402900000000,,,,
b_compress,large,1024,33758.17537300000,payloads/matrix_large.bin,intermediate/task_b_compress_1024mb_large_3.out,262113412,249631588,2658.229206,27131.621813,2832.745863,32622.596882,98.60451900000000,88.12353800000000,,,,
b_compress,large,1024,33438.85803200000,payloads/matrix_large.bin,intermediate/task_b_compress_1024mb_large_4.out,262113412,249631588,2654.543362,27044.483986,2571.214607,32270.241955,98.74143200000000,97.08702900000000,,,,
b_compress,micro,1536,1180.0189020000000,payloads/matrix_micro.bin,intermediate/task_b_compress_1536mb_micro_0.out,102156,97378,59.216227,5.781698,73.833835,138.83176,1.7251350000000001,1.3188800000000001,,,,
b_compress,micro,1536,1046.7829700000000,payloads/matrix_micro.bin,intermediate/task_b_compress_1536mb_micro_1.out,102156,97378,55.888225,5.765497,37.162291,98.816013,1.8278630000000000,2.620344000000000,,,,
b_compress,micro,1536,1083.5285190000000,payloads/matrix_micro.bin,intermediate/task_b_compress_1536mb_micro_2.out,102156,97378,58.719054,5.737914,38.220304,102.677272,1.7397419999999999,2.5478079999999999,,,,
b_compress,micro,1536,1164.0095710000001,payloads/matrix_micro.bin,intermediate/task_b_compress_1536mb_micro_3.out,102156,97378,65.309873,5.804168,35.84021,106.954251,1.564174000000000,2.71700400000000,,,,
b_compress,micro,1536,1277.0822049999999,payloads/matrix_micro.bin,intermediate/task_b_compress_1536mb_micro_4.out,102156,97378,64.101605,5.800138,36.793899,106.695642,1.5936570000000001,2.646580000000000,,,,
b_compress,small,1536,1603.6393639999999,payloads/matrix_small.bin,intermediate/task_b_compress_1536mb_small_0.out,5235852,4986764,113.038247,358.603247,127.481422,599.122916,46.319296000000001,39.11757400000000,,,,
b_compress,small,1536,1592.9319860000001,payloads/matrix_small.bin,intermediate/task_b_compress_1536mb_small_1.out,5235852,4986764,116.23543,360.1688,88.919305,565.323535,45.04523300000000,56.08190500000000,,,,
b_compress,small,1536,1522.3171709999999,payloads/matrix_small.bin,intermediate/task_b_compress_1536mb_small_2.out,5235852,4986764,90.058442,358.689159,120.634719,569.38232,58.13838100000000,41.33771800000000,,,,
b_compress,small,1536,1905.8587550000000,payloads/matrix_small.bin,intermediate/task_b_compress_1536mb_small_3.out,5235852,4986764,82.598458,463.775258,99.474599,645.848315,63.38922200000000,50.131028999999998,,,,
b_compress,small,1536,1624.1214279999999,payloads/matrix_small.bin,intermediate/task_b_compress_1536mb_small_4.out,5235852,4986764,114.676645,354.653956,104.631493,573.962094,45.65752700000000,47.6602580000000,,,,
b_compress,medium,1536,5443.931580000000,payloads/matrix_medium.bin,intermediate/task_b_compress_1536mb_medium_0.out,52387852,49893161,546.138769,3558.067229,457.137191,4561.343189,95.92406699999999,109.1426420000000,,,,
b_compress,medium,1536,5590.329170000000,payloads/matrix_medium.bin,intermediate/task_b_compress_1536mb_medium_1.out,52387852,49893161,549.445408,3615.204092,486.280873,4650.930373,95.34678300000000,102.6015290000000,,,,
b_compress,medium,1536,5580.641031000000,payloads/matrix_medium.bin,intermediate/task_b_compress_1536mb_medium_2.out,52387852,49893161,549.902213,3547.508244,459.30391,4556.714367,95.267578000000,108.62777300000000,,,,
b_compress,medium,1536,5626.980782000000,payloads/matrix_medium.bin,intermediate/task_b_compress_1536mb_medium_3.out,52387852,49893161,547.870302,3580.745318,494.272813,4622.888433,95.62090100000000,100.94255600000000,,,,
b_compress,medium,1536,5584.922314000000,payloads/matrix_medium.bin,intermediate/task_b_compress_1536mb_medium_4.out,52387852,49893161,546.503268,3634.067331,456.585551,4637.15615,95.86008900000000,109.274507000000,,,,
b_compress,large,1536,24118.39985800000,payloads/matrix_large.bin,intermediate/task_b_compress_1536mb_large_0.out,262113412,249631588,2642.848802,18232.08966,2203.146691,23078.085153,99.17836100000000,113.30683900000000,,,,
b_compress,large,1536,24160.80498700000,payloads/matrix_large.bin,intermediate/task_b_compress_1536mb_large_1.out,262113412,249631588,2645.332588,18212.521002,2203.525968,23061.379558,99.08523900000000,113.28733699999999,,,,
b_compress,large,1536,23805.78851700000,payloads/matrix_large.bin,intermediate/task_b_compress_1536mb_large_2.out,262113412,249631588,2648.531069,18014.436876,2197.338629,22860.306574,98.96557900000001,113.60633500000000,,,,
b_compress,large,1536,23781.776666999998,payloads/matrix_large.bin,intermediate/task_b_compress_1536mb_large_3.out,262113412,249631588,2648.954836,17917.6499,2212.760173,22779.364909,98.94974700000000,112.81457000000000,,,,
b_compress,large,1536,23797.097205999999,payloads/matrix_large.bin,intermediate/task_b_compress_1536mb_large_4.out,262113412,249631588,2648.229696,17857.675261,2194.845107,22700.750064,98.9768420000000,113.7354010000000,,,,
b_compress,micro,512,2225.9535790000000,payloads/matrix_micro.bin,intermediate/task_b_compress_512mb_micro_0.out,102156,97378,96.441175,5.794726,35.546265,137.782166,1.0592569999999999,2.7394720000000001,,,,
b_compress,micro,512,2176.227570000000,payloads/matrix_micro.bin,intermediate/task_b_compress_512mb_micro_1.out,102156,97378,97.530779,5.758811,51.420556,154.710146,1.047423000000000,1.893756000000000,,,,
b_compress,micro,512,2220.2484610000001,payloads/matrix_micro.bin,intermediate/task_b_compress_512mb_micro_2.out,102156,97378,101.133789,18.205453,42.662159,162.001401,1.010108000000000,2.282538000000000,,,,
b_compress,micro,512,2745.9819320000001,payloads/matrix_micro.bin,intermediate/task_b_compress_512mb_micro_3.out,102156,97378,159.045624,5.775726,55.25666,220.07801,0.642306000000000,1.7622850000000001,,,,
b_compress,micro,512,2499.6566769999999,payloads/matrix_micro.bin,intermediate/task_b_compress_512mb_micro_4.out,102156,97378,116.634902,5.830035,53.391877,175.856814,0.875861000000000,1.8238350000000001,,,,
b_compress,small,512,3772.1238140000000,payloads/matrix_small.bin,intermediate/task_b_compress_512mb_small_0.out,5235852,4986764,176.271551,1104.449891,222.658655,1503.380097,29.70333000000000,22.39645300000000,,,,
b_compress,small,512,3597.193480000000,payloads/matrix_small.bin,intermediate/task_b_compress_512mb_small_1.out,5235852,4986764,179.515149,1100.153412,165.21806,1444.886621,29.166630000000001,30.18292300000000,,,,
b_compress,small,512,3556.587219000000,payloads/matrix_small.bin,intermediate/task_b_compress_512mb_small_2.out,5235852,4986764,163.33632,1140.844609,147.488128,1451.669057,32.055650999999997,33.81129100000000,,,,
b_compress,small,512,3678.9917949999999,payloads/matrix_small.bin,intermediate/task_b_compress_512mb_small_3.out,5235852,4986764,164.440075,1174.861244,182.617183,1521.918502,31.84048700000000,27.30720000000000,,,,
b_compress,small,512,3047.156572000000,payloads/matrix_small.bin,intermediate/task_b_compress_512mb_small_4.out,5235852,4986764,139.157219,1062.364043,168.576757,1370.098019,37.625442999999997,29.58156300000000,,,,
b_compress,medium,512,15103.744268000000,payloads/matrix_medium.bin,intermediate/task_b_compress_512mb_medium_0.out,52387852,49893161,641.682757,11078.375765,1300.530181,13020.588703,81.6413580000000,38.3637090000000,,,,
b_compress,medium,512,14826.44510300000,payloads/matrix_medium.bin,intermediate/task_b_compress_512mb_medium_1.out,52387852,49893161,585.65286,10975.077538,1152.628894,12713.359292,89.45205500000000,43.28640500000000,,,,
b_compress,medium,512,14318.910599000001,payloads/matrix_medium.bin,intermediate/task_b_compress_512mb_medium_2.out,52387852,49893161,589.535495,10869.37714,1106.649118,12565.561753,88.86293100000000,45.08489700000000,,,,
b_compress,medium,512,15246.886492000000,payloads/matrix_medium.bin,intermediate/task_b_compress_512mb_medium_3.out,52387852,49893161,657.742855,11379.022605,1264.920413,13301.685873,79.6479230000000,39.44371600000000,,,,
b_compress,medium,512,15180.4358960000,payloads/matrix_medium.bin,intermediate/task_b_compress_512mb_medium_4.out,52387852,49893161,587.627816,11055.426836,1206.105108,12849.15976,89.15141600000000,41.36717500000000,,,,
b_compress,micro,128,8455.843924999999,payloads/matrix_micro.bin,intermediate/task_b_compress_128mb_micro_0.out,102156,97378,338.953431,42.019858,117.925542,498.898831,0.3013870000000000,0.8257580000000000,,,,
b_compress,micro,128,7867.384672000000,payloads/matrix_micro.bin,intermediate/task_b_compress_128mb_micro_1.out,102156,97378,321.03106,78.139821,101.195664,500.366545,0.3182120000000000,0.962274000000000,,,,
b_compress,micro,128,8082.698107000000,payloads/matrix_micro.bin,intermediate/task_b_compress_128mb_micro_2.out,102156,97378,358.936657,42.144793,139.932696,541.014146,0.2846070000000000,0.6958920000000000,,,,
b_compress,micro,128,7971.094131000000,payloads/matrix_micro.bin,intermediate/task_b_compress_128mb_micro_3.out,102156,97378,319.617857,42.256015,138.904293,500.778165,0.3196190000000000,0.7010440000000000,,,,
b_compress,micro,128,8026.095629000000,payloads/matrix_micro.bin,intermediate/task_b_compress_128mb_micro_4.out,102156,97378,338.861922,62.688134,99.506471,501.056527,0.3014680000000000,0.9786100000000000,,,,
b_compress,small,128,13697.387218000000,payloads/matrix_small.bin,intermediate/task_b_compress_128mb_small_0.out,5235852,4986764,621.302881,4699.49142,538.93986,5859.734161,8.427213000000000,9.25291400000000,,,,
b_compress,small,128,12519.394398000000,payloads/matrix_small.bin,intermediate/task_b_compress_128mb_small_1.out,5235852,4986764,559.774125,4380.160346,525.83319,5465.767661,9.353508000000000,9.483547000000000,,,,
b_compress,small,128,13319.491147999999,payloads/matrix_small.bin,intermediate/task_b_compress_128mb_small_2.out,5235852,4986764,578.92032,4402.327469,601.287716,5582.535505,9.044167000000000,8.293474000000000,,,,
b_compress,small,128,12469.460725999999,payloads/matrix_small.bin,intermediate/task_b_compress_128mb_small_3.out,5235852,4986764,540.356913,4458.636597,539.729945,5538.723455,9.689617999999999,9.239369000000000,,,,
b_compress,small,128,12165.666342000000,payloads/matrix_small.bin,intermediate/task_b_compress_128mb_small_4.out,5235852,4986764,578.795226,4459.56466,460.185749,5498.545635,9.046122000000000,10.836416000000000,,,,
b_compress,micro,768,1601.9985680000000,payloads/matrix_micro.bin,intermediate/task_b_compress_768mb_micro_0.out,102156,97378,82.745341,5.801022,50.612831,139.159194,1.2345830000000000,1.9239790000000,,,,
b_compress,micro,768,1750.1552099999999,payloads/matrix_micro.bin,intermediate/task_b_compress_768mb_micro_1.out,102156,97378,89.71996,5.979652,37.227832,132.927444,1.1386099999999999,2.6157309999999998,,,,
b_compress,micro,768,1584.482193000000,payloads/matrix_micro.bin,intermediate/task_b_compress_768mb_micro_2.out,102156,97378,83.480542,5.798351,40.116206,129.395099,1.223710000000000,2.427398000000000,,,,
b_compress,micro,768,1781.6002370000001,payloads/matrix_micro.bin,intermediate/task_b_compress_768mb_micro_3.out,102156,97378,81.720869,6.006238,43.995517,131.722624,1.2500599999999999,2.213362000000000,,,,
b_compress,micro,768,1756.239891000000,payloads/matrix_micro.bin,intermediate/task_b_compress_768mb_micro_4.out,102156,97378,78.60057,5.811028,50.677674,135.089272,1.2996850000000000,1.9215169999999999,,,,
b_compress,small,768,2509.181023000000,payloads/matrix_small.bin,intermediate/task_b_compress_768mb_small_0.out,5235852,4986764,109.068313,730.982901,149.907333,989.958547,48.005253000000003,33.2656440000000,,,,
b_compress,small,768,2457.343340000000,payloads/matrix_small.bin,intermediate/task_b_compress_768mb_small_1.out,5235852,4986764,114.165184,722.089641,190.754426,1027.009251,45.86207300000000,26.142323999999999,,,,
b_compress,small,768,2396.069050000000,payloads/matrix_small.bin,intermediate/task_b_compress_768mb_small_2.out,5235852,4986764,103.795474,733.464367,125.78959,963.049431,50.443933999999999,39.6436940000000,,,,
b_compress,small,768,2423.13551900000,payloads/matrix_small.bin,intermediate/task_b_compress_768mb_small_3.out,5235852,4986764,115.619753,738.560915,174.641762,1028.82243,45.28509900000000,28.55424700000000,,,,
b_compress,small,768,2317.2478679999999,payloads/matrix_small.bin,intermediate/task_b_compress_768mb_small_4.out,5235852,4986764,111.904782,741.689816,86.567231,940.161829,46.78845600000000,57.60567800000000,,,,
b_compress,medium,768,9958.503246000000,payloads/matrix_medium.bin,intermediate/task_b_compress_768mb_medium_0.out,52387852,49893161,555.259174,7186.36464,748.090769,8489.714583,94.34846700000000,66.69399400000000,,,,
b_compress,medium,768,9916.15867600000,payloads/matrix_medium.bin,intermediate/task_b_compress_768mb_medium_1.out,52387852,49893161,567.771311,7216.670878,756.838177,8541.280366,92.26928300000000,65.92315600000001,,,,
b_compress,medium,768,10019.423484999999,payloads/matrix_medium.bin,intermediate/task_b_compress_768mb_medium_2.out,52387852,49893161,568.633202,7214.214122,809.189716,8592.03704,92.12942900000000,61.6581750000000,,,,
b_compress,medium,768,10108.899355000000,payloads/matrix_medium.bin,intermediate/task_b_compress_768mb_medium_3.out,52387852,49893161,567.796248,7274.15242,818.240817,8660.189485,92.26523100000000,60.97613300000000,,,,
b_compress,medium,768,10135.767221000000,payloads/matrix_medium.bin,intermediate/task_b_compress_768mb_medium_4.out,52387852,49893161,569.074499,7271.512585,826.48348,8667.070564,92.0579860000000,60.368008000000003,,,,
b_compress,micro,2048,1429.1555880000001,payloads/matrix_micro.bin,intermediate/task_b_compress_2048mb_micro_0.out,102156,97378,80.451907,6.300244,46.833952,133.586103,1.2697769999999999,2.0792180000000000,,,,
b_compress,micro,2048,1027.189016000000,payloads/matrix_micro.bin,intermediate/task_b_compress_2048mb_micro_1.out,102156,97378,61.619639,6.187378,38.111529,105.918546,1.6578480000000000,2.555080000000000,,,,
b_compress,micro,2048,1158.7252619999999,payloads/matrix_micro.bin,intermediate/task_b_compress_2048mb_micro_2.out,102156,97378,66.154379,5.797948,40.688978,112.641305,1.544206000000000,2.3932280000000001,,,,
b_compress,micro,2048,1220.3450200000000,payloads/matrix_micro.bin,intermediate/task_b_compress_2048mb_micro_3.out,102156,97378,67.25974,6.029705,54.858344,128.147789,1.5188280000000001,1.7750809999999999,,,,
b_compress,micro,2048,1068.711281000000,payloads/matrix_micro.bin,intermediate/task_b_compress_2048mb_micro_4.out,102156,97378,52.978828,5.917784,37.82991,96.726522,1.9282420000000000,2.574101000000000,,,,
b_compress,small,2048,1555.0241470000001,payloads/matrix_small.bin,intermediate/task_b_compress_2048mb_small_0.out,5235852,4986764,115.728899,312.834788,96.963981,525.527668,45.242390000000,51.42903500000000,,,,
b_compress,small,2048,1502.073050000000,payloads/matrix_small.bin,intermediate/task_b_compress_2048mb_small_1.out,5235852,4986764,93.543542,315.822403,103.50988,512.875825,55.972351000000003,48.17669600000000,,,,
b_compress,small,2048,1481.344223000000,payloads/matrix_small.bin,intermediate/task_b_compress_2048mb_small_2.out,5235852,4986764,80.646286,307.985681,83.816744,472.448711,64.92365900000000,59.4960360000000,,,,
b_compress,small,2048,1405.6036469999999,payloads/matrix_small.bin,intermediate/task_b_compress_2048mb_small_3.out,5235852,4986764,80.305662,316.193655,113.810907,510.310224,65.19903900000000,43.81622200000000,,,,
b_compress,small,2048,1257.7435969999999,payloads/matrix_small.bin,intermediate/task_b_compress_2048mb_small_4.out,5235852,4986764,80.000805,303.902988,87.792835,471.696628,65.44749100000000,56.80149200000000,,,,
b_compress,medium,2048,4965.348721000000,payloads/matrix_medium.bin,intermediate/task_b_compress_2048mb_medium_0.out,52387852,49893161,551.030796,3068.285413,459.992446,4079.308655,95.07245800000000,108.46517500000000,,,,
b_compress,medium,2048,5032.946348000000,payloads/matrix_medium.bin,intermediate/task_b_compress_2048mb_medium_1.out,52387852,49893161,549.74029,3117.713947,460.44934,4127.903577,95.29563899999999,108.35754700000000,,,,
b_compress,medium,2048,5032.739162000000,payloads/matrix_medium.bin,intermediate/task_b_compress_2048mb_medium_2.out,52387852,49893161,546.736312,3139.920083,497.867197,4184.523592,95.8192290000000,100.21379500000000,,,,
b_compress,medium,2048,4866.441250000000,payloads/matrix_medium.bin,intermediate/task_b_compress_2048mb_medium_3.out,52387852,49893161,547.075099,3070.157026,464.05505,4081.287175,95.7598910000000,107.51560800000000,,,,
b_compress,medium,2048,5056.813955000000,payloads/matrix_medium.bin,intermediate/task_b_compress_2048mb_medium_4.out,52387852,49893161,547.497718,3121.683424,482.811771,4151.992913,95.68597300000000,103.33874200000000,,,,
b_compress,large,2048,20773.666859000001,payloads/matrix_large.bin,intermediate/task_b_compress_2048mb_large_0.out,262113412,249631588,2644.343522,15073.966571,2233.28113,19951.591223,99.12230000000000,111.77795100000000,,,,
b_compress,large,2048,21208.123207000001,payloads/matrix_large.bin,intermediate/task_b_compress_2048mb_large_1.out,262113412,249631588,2649.663602,15466.348092,2214.49472,20330.506414,98.92327899999999,112.72620600000000,,,,
b_compress,large,2048,21319.400549000002,payloads/matrix_large.bin,intermediate/task_b_compress_2048mb_large_2.out,262113412,249631588,2644.500532,15454.367614,2264.982692,20363.850838,99.11641500000000,110.2134640000000,,,,
b_compress,large,2048,21249.642610999999,payloads/matrix_large.bin,intermediate/task_b_compress_2048mb_large_3.out,262113412,249631588,2647.194724,15422.43937,2223.239821,20292.873915,99.01553900000000,112.28279800000000,,,,
b_compress,large,2048,21124.7832780000,payloads/matrix_large.bin,intermediate/task_b_compress_2048mb_large_4.out,262113412,249631588,2644.911268,15369.220816,2199.345966,20213.47805,99.10102300000000,113.50264700000000,,,,
a_passthrough,micro,256,3975.820541000000,payloads/matrix_micro.bin,intermediate/task_a_passthrough_256mb_micro_0.out,102156,102156,158.930642,0.000232,55.06812,213.998994,0.6427710000000000,1.8550840000000000,,,,
a_passthrough,micro,256,3913.993359000000,payloads/matrix_micro.bin,intermediate/task_a_passthrough_256mb_micro_1.out,102156,102156,215.988445,0.0003,49.6751,265.663845,0.472970000000000,2.0564830000000001,,,,
a_passthrough,micro,256,4102.834940000000,payloads/matrix_micro.bin,intermediate/task_a_passthrough_256mb_micro_2.out,102156,102156,171.815217,0.000269,47.67544,219.490926,0.5945690000000000,2.142738000000000,,,,
a_passthrough,micro,256,4214.650393000000,payloads/matrix_micro.bin,intermediate/task_a_passthrough_256mb_micro_3.out,102156,102156,179.114264,0.000202,59.369667,238.484133,0.5703400000000000,1.720677000000000,,,,
a_passthrough,micro,256,4303.526402000000,payloads/matrix_micro.bin,intermediate/task_a_passthrough_256mb_micro_4.out,102156,102156,174.026086,0.000258,50.420682,224.447026,0.5870150000000000,2.026073000000000,,,,
a_passthrough,small,256,4627.999544000000,payloads/matrix_small.bin,intermediate/task_a_passthrough_256mb_small_0.out,5235852,5235852,319.054162,0.000255,324.619862,643.674279,16.410543000000001,16.12917900000000,,,,
a_passthrough,small,256,4250.519514000000,payloads/matrix_small.bin,intermediate/task_a_passthrough_256mb_small_1.out,5235852,5235852,298.347239,0.000241,303.722854,602.070334,17.549524000000002,17.23891300000000,,,,
a_passthrough,small,256,4423.064470000000,payloads/matrix_small.bin,intermediate/task_a_passthrough_256mb_small_2.out,5235852,5235852,280.814008,0.000252,317.39317,598.20743,18.64526600000000,16.496423000000000,,,,
a_passthrough,small,256,4320.389032000000,payloads/matrix_small.bin,intermediate/task_a_passthrough_256mb_small_3.out,5235852,5235852,320.347995,0.000273,346.353893,666.702161,16.34426300000000,15.11705800000000,,,,
a_passthrough,small,256,3714.179039000000,payloads/matrix_small.bin,intermediate/task_a_passthrough_256mb_small_4.out,5235852,5235852,259.934733,0.000236,242.298505,502.233474,20.14294900000000,21.609096999999998,,,,
a_passthrough,medium,256,7072.290182000000,payloads/matrix_medium.bin,intermediate/task_a_passthrough_256mb_medium_0.out,52387852,52387852,1197.809267,0.00026,2480.582444,3678.391971,43.73638900000000,21.119174000000001,,,,
a_passthrough,medium,256,7070.713997000000,payloads/matrix_medium.bin,intermediate/task_a_passthrough_256mb_medium_1.out,52387852,52387852,1102.263083,0.000236,2414.823621,3517.08694,47.5275390000000,21.694277000000000,,,,
a_passthrough,medium,256,7365.877151000000,payloads/matrix_medium.bin,intermediate/task_a_passthrough_256mb_medium_2.out,52387852,52387852,1200.245147,0.000253,2521.117647,3721.363047,43.647627000000000,20.779613999999999,,,,
a_passthrough,medium,256,7546.232224000000,payloads/matrix_medium.bin,intermediate/task_a_passthrough_256mb_medium_3.out,52387852,52387852,1299.911686,0.000256,2649.270028,3949.18197,40.301085999999998,19.77444800000000,,,,
a_passthrough,medium,256,7176.240921000000,payloads/matrix_medium.bin,intermediate/task_a_passthrough_256mb_medium_4.out,52387852,52387852,1059.974979,0.00025,2400.415182,3460.390411,49.42366900000000,21.824496000000000,,,,
a_passthrough,micro,1024,1652.8370379999999,payloads/matrix_micro.bin,intermediate/task_a_passthrough_1024mb_micro_0.out,102156,102156,64.269328,0.000203,38.014262,102.283793,1.5894980000000001,2.687307000000000,,,,
a_passthrough,micro,1024,1287.120342000000,payloads/matrix_micro.bin,intermediate/task_a_passthrough_1024mb_micro_1.out,102156,102156,71.183027,0.000282,35.897812,107.081121,1.435117000000000,2.8457439999999998,,,,
a_passthrough,micro,1024,1482.2263720000001,payloads/matrix_micro.bin,intermediate/task_a_passthrough_1024mb_micro_2.out,102156,102156,60.952873,0.000259,45.55533,106.508462,1.675983000000000,2.242460000000000,,,,
a_passthrough,micro,1024,1375.3464220000001,payloads/matrix_micro.bin,intermediate/task_a_passthrough_1024mb_micro_3.out,102156,102156,72.713292,0.000293,38.535978,111.249563,1.404915000000000,2.650925000000000,,,,
a_passthrough,micro,1024,1289.525032000000,payloads/matrix_micro.bin,intermediate/task_a_passthrough_1024mb_micro_4.out,102156,102156,55.524191,0.000223,34.692262,90.216676,1.8398470000000000,2.9446340000000002,,,,
a_passthrough,small,1024,1611.8462090000000,payloads/matrix_small.bin,intermediate/task_a_passthrough_1024mb_small_0.out,5235852,5235852,138.789636,0.000241,169.606012,308.395889,37.72509400000000,30.87067500000000,,,,
a_passthrough,small,1024,1486.1044879999999,payloads/matrix_small.bin,intermediate/task_a_passthrough_1024mb_small_1.out,5235852,5235852,107.606057,0.000264,125.771254,233.377575,48.657595999999998,41.62995800000000,,,,
a_passthrough,small,1024,1491.5573600000000,payloads/matrix_small.bin,intermediate/task_a_passthrough_1024mb_small_2.out,5235852,5235852,98.562311,0.00024,96.759229,195.32178,53.12225300000000,54.11217200000000,,,,
a_passthrough,small,1024,1549.1437910000000,payloads/matrix_small.bin,intermediate/task_a_passthrough_1024mb_small_3.out,5235852,5235852,94.166145,0.000261,142.364658,236.531064,55.60227600000000,36.77775100000000,,,,
a_passthrough,small,1024,1612.9047869999999,payloads/matrix_small.bin,intermediate/task_a_passthrough_1024mb_small_4.out,5235852,5235852,92.858959,0.000237,115.350635,208.209831,56.38499600000000,45.39075100000000,,,,
a_passthrough,medium,1024,2391.7605880000001,payloads/matrix_medium.bin,intermediate/task_a_passthrough_1024mb_medium_0.out,52387852,52387852,563.509953,0.00025,570.337811,1133.848014,92.96703900000000,91.8540750000000,,,,
a_passthrough,medium,1024,2264.824390000000,payloads/matrix_medium.bin,intermediate/task_a_passthrough_1024mb_medium_1.out,52387852,52387852,553.341307,0.000243,565.016682,1118.358232,94.67547700000000,92.71912399999999,,,,
a_passthrough,medium,1024,2449.470282000000,payloads/matrix_medium.bin,intermediate/task_a_passthrough_1024mb_medium_2.out,52387852,52387852,554.334407,0.000258,557.982783,1112.317448,94.50586400000000,93.88793600000000,,,,
a_passthrough,medium,1024,2501.91330900000,payloads/matrix_medium.bin,intermediate/task_a_passthrough_1024mb_medium_3.out,52387852,52387852,558.5354,0.000243,624.242436,1182.778079,93.7950430000000,83.92228600000000,,,,
a_passthrough,medium,1024,2426.3927939999999,payloads/matrix_medium.bin,intermediate/task_a_passthrough_1024mb_medium_4.out,52387852,52387852,558.899667,0.000281,543.772006,1102.671954,93.73391200000000,96.341576000000,,,,
a_passthrough,micro,1536,1169.677973000000,payloads/matrix_micro.bin,intermediate/task_a_passthrough_1536mb_micro_0.out,102156,102156,55.9801,0.000266,40.808615,96.788981,1.824863000000000,2.503295000000000,,,,
a_passthrough,micro,1536,1089.6945000000001,payloads/matrix_micro.bin,intermediate/task_a_passthrough_1536mb_micro_1.out,102156,102156,59.529467,0.000246,35.083289,94.613002,1.7160580000000001,2.911814000000000,,,,
a_passthrough,micro,1536,1017.841101000000,payloads/matrix_micro.bin,intermediate/task_a_passthrough_1536mb_micro_2.out,102156,102156,59.339231,0.000247,35.386321,94.725799,1.7215590000000001,2.8868779999999998,,,,
a_passthrough,micro,1536,1030.9782029999999,payloads/matrix_micro.bin,intermediate/task_a_passthrough_1536mb_micro_3.out,102156,102156,58.172252,0.000256,37.453944,95.626452,1.756095000000000,2.7275100000000001,,,,
a_passthrough,micro,1536,1075.0720500000000,payloads/matrix_micro.bin,intermediate/task_a_passthrough_1536mb_micro_4.out,102156,102156,66.197047,0.000239,35.786448,101.983734,1.543211000000000,2.8546000000000000,,,,
a_passthrough,small,1536,1270.019770000000,payloads/matrix_small.bin,intermediate/task_a_passthrough_1536mb_small_0.out,5235852,5235852,192.617912,0.000221,98.234491,290.852624,27.18258100000000,53.29952800000000,,,,
a_passthrough,small,1536,1352.6911740000000,payloads/matrix_small.bin,intermediate/task_a_passthrough_1536mb_small_1.out,5235852,5235852,144.331328,0.000253,83.244143,227.575724,36.27661500000000,62.8975420000000,,,,
a_passthrough,small,1536,1369.9398040000001,payloads/matrix_small.bin,intermediate/task_a_passthrough_1536mb_small_2.out,5235852,5235852,167.135941,0.000245,131.634742,298.770928,31.32690700000000,39.775609000000003,,,,
a_passthrough,small,1536,1226.5846730000001,payloads/matrix_small.bin,intermediate/task_a_passthrough_1536mb_small_3.out,5235852,5235852,120.042531,0.000195,122.667065,242.709791,43.61664100000000,42.68343700000000,,,,
a_passthrough,small,1536,1137.4263759999999,payloads/matrix_small.bin,intermediate/task_a_passthrough_1536mb_small_4.out,5235852,5235852,112.246083,0.000278,135.060632,247.306993,46.646189000000000,38.766677999999999,,,,
a_passthrough,medium,1536,2542.712927000000,payloads/matrix_medium.bin,intermediate/task_a_passthrough_1536mb_medium_0.out,52387852,52387852,1002.761855,0.000235,535.953259,1538.715349,52.243563000000002,97.74705400000001,,,,
a_passthrough,medium,1536,2191.460609000000,payloads/matrix_medium.bin,intermediate/task_a_passthrough_1536mb_medium_1.out,52387852,52387852,551.200027,0.000235,668.146733,1219.346995,95.0432680000000,78.4077050000000,,,,
a_passthrough,medium,1536,2019.0680030000001,payloads/matrix_medium.bin,intermediate/task_a_passthrough_1536mb_medium_2.out,52387852,52387852,552.841562,0.000231,492.674231,1045.516024,94.76105900000000,106.3336560000000,,,,
a_passthrough,medium,1536,1920.020342000000,payloads/matrix_medium.bin,intermediate/task_a_passthrough_1536mb_medium_3.out,52387852,52387852,550.176214,0.000226,494.639288,1044.815728,95.22013300000000,105.9112230000000,,,,
a_passthrough,medium,1536,2121.1042400000001,payloads/matrix_medium.bin,intermediate/task_a_passthrough_1536mb_medium_4.out,52387852,52387852,552.024659,0.000241,485.857344,1037.882244,94.901290000000,107.82558400000001,,,,
a_passthrough,micro,512,2693.963528000000,payloads/matrix_micro.bin,intermediate/task_a_passthrough_512mb_micro_0.out,102156,102156,95.962308,0.000218,57.457427,153.419953,1.064543000000000,1.7779419999999999,,,,
a_passthrough,micro,512,2341.5658469999998,payloads/matrix_micro.bin,intermediate/task_a_passthrough_512mb_micro_1.out,102156,102156,94.590921,0.000269,51.052897,145.644087,1.0799770000000000,2.00098300000000,,,,
a_passthrough,micro,512,2357.5031760000002,payloads/matrix_micro.bin,intermediate/task_a_passthrough_512mb_micro_2.out,102156,102156,97.907154,0.000289,37.089095,134.996538,1.0433969999999999,2.754341000000000,,,,
a_passthrough,micro,512,2342.543602000000,payloads/matrix_micro.bin,intermediate/task_a_passthrough_512mb_micro_3.out,102156,102156,121.543322,0.000246,41.387512,162.93108,0.8404900000000000,2.468281000000000,,,,
a_passthrough,micro,512,2199.0132330000001,payloads/matrix_micro.bin,intermediate/task_a_passthrough_512mb_micro_4.out,102156,102156,98.805673,0.000239,45.234313,144.040225,1.0339080000000000,2.258374000000000,,,,
a_passthrough,small,512,2497.642517000000,payloads/matrix_small.bin,intermediate/task_a_passthrough_512mb_small_0.out,5235852,5235852,139.126448,0.000267,201.33369,340.460405,37.63376500000000,26.00584100000000,,,,
a_passthrough,small,512,2674.4651789999998,payloads/matrix_small.bin,intermediate/task_a_passthrough_512mb_small_1.out,5235852,5235852,159.454793,0.000234,205.500005,364.955032,32.83596500000000,25.47859800000000,,,,
a_passthrough,small,512,2840.6100270000002,payloads/matrix_small.bin,intermediate/task_a_passthrough_512mb_small_2.out,5235852,5235852,194.830214,0.00026,166.858051,361.688525,26.87392200000000,31.37907900000000,,,,
a_passthrough,small,512,2466.171980000000,payloads/matrix_small.bin,intermediate/task_a_passthrough_512mb_small_3.out,5235852,5235852,178.756113,0.000244,129.533221,308.289578,29.290478000000000,40.42092000000000,,,,
a_passthrough,small,512,2350.4843710000000,payloads/matrix_small.bin,intermediate/task_a_passthrough_512mb_small_4.out,5235852,5235852,140.653091,0.000235,143.961885,284.615211,37.22528900000000,36.369709999999998,,,,
a_passthrough,medium,512,3999.398947000000,payloads/matrix_medium.bin,intermediate/task_a_passthrough_512mb_medium_0.out,52387852,52387852,600.467252,0.000216,1233.7717,1834.239168,87.24514400000000,42.461545000000001,,,,
a_passthrough,medium,512,3888.503075000000,payloads/matrix_medium.bin,intermediate/task_a_passthrough_512mb_medium_1.out,52387852,52387852,586.935944,0.00024,1144.63519,1731.571374,89.25650700000000,45.76816500000000,,,,
a_passthrough,medium,512,3987.075329000000,payloads/matrix_medium.bin,intermediate/task_a_passthrough_512mb_medium_2.out,52387852,52387852,586.514193,0.000234,1176.89573,1763.410157,89.32068900000000,44.51358800000000,,,,
a_passthrough,medium,512,4254.583597000000,payloads/matrix_medium.bin,intermediate/task_a_passthrough_512mb_medium_3.out,52387852,52387852,599.91303,0.000264,1289.756441,1889.669735,87.32574500000000,40.61840700000000,,,,
a_passthrough,medium,512,3970.3121190000002,payloads/matrix_medium.bin,intermediate/task_a_passthrough_512mb_medium_4.out,52387852,52387852,599.081201,0.000227,1205.654005,1804.735433,87.44699700000000,43.45181300000000,,,,
a_passthrough,micro,128,8051.106930000000,payloads/matrix_micro.bin,intermediate/task_a_passthrough_128mb_micro_0.out,102156,102156,318.878096,0.000272,93.467633,412.346001,0.3203610000000000,1.0929560000000000,,,,
a_passthrough,micro,128,7471.995831000000,payloads/matrix_micro.bin,intermediate/task_a_passthrough_128mb_micro_1.out,102156,102156,299.060297,0.000242,82.458699,381.519238,0.3415900000000000,1.2388749999999999,,,,
a_passthrough,micro,128,8572.305678999999,payloads/matrix_micro.bin,intermediate/task_a_passthrough_128mb_micro_2.out,102156,102156,339.653479,0.000268,82.154449,421.808196,0.3007650000000000,1.2434630000000000,,,,
a_passthrough,micro,128,8251.024960999999,payloads/matrix_micro.bin,intermediate/task_a_passthrough_128mb_micro_3.out,102156,102156,339.686601,0.00028,82.02459,421.711471,0.3007360000000000,1.2454310000000000,,,,
a_passthrough,micro,128,7658.239126000000,payloads/matrix_micro.bin,intermediate/task_a_passthrough_128mb_micro_4.out,102156,102156,298.964189,0.000259,92.258788,391.223236,0.3417000000000000,1.10727700000000,,,,
a_passthrough,small,128,8557.295322000000,payloads/matrix_small.bin,intermediate/task_a_passthrough_128mb_small_0.out,5235852,5235852,540.121374,0.000279,599.593628,1139.715281,9.693842999999999,8.732334000000000,,,,
a_passthrough,small,128,8908.959865999999,payloads/matrix_small.bin,intermediate/task_a_passthrough_128mb_small_1.out,5235852,5235852,600.123464,0.000268,598.461894,1198.585626,8.724625000000000,8.74884800000000,,,,
a_passthrough,small,128,8795.948505000000,payloads/matrix_small.bin,intermediate/task_a_passthrough_128mb_small_2.out,5235852,5235852,580.066875,0.000253,688.272834,1268.339962,9.026289999999999,7.607233000000000,,,,
a_passthrough,small,128,7497.80011200000,payloads/matrix_small.bin,intermediate/task_a_passthrough_128mb_small_3.out,5235852,5235852,521.171658,0.000674,653.968272,1175.140604,10.04631000000000,8.006278000000000,,,,
a_passthrough,small,128,7679.801464000000,payloads/matrix_small.bin,intermediate/task_a_passthrough_128mb_small_4.out,5235852,5235852,579.368419,0.000255,479.920361,1059.289035,9.037172000000000,10.909834999999999,,,,
a_passthrough,medium,128,14358.614206000000,payloads/matrix_medium.bin,intermediate/task_a_passthrough_128mb_medium_0.out,52387852,52387852,1800.002757,0.000271,5098.465744,6898.468772,29.104317999999999,10.275219000000000,,,,
a_passthrough,medium,128,14792.932272000000,payloads/matrix_medium.bin,intermediate/task_a_passthrough_128mb_medium_1.out,52387852,52387852,1998.239156,0.000227,5240.188973,7238.428356,26.21700800000000,9.997320999999999,,,,
a_passthrough,medium,128,14772.91703200000,payloads/matrix_medium.bin,intermediate/task_a_passthrough_128mb_medium_2.out,52387852,52387852,1900.414365,0.00026,5455.960542,7356.375167,27.566541999999998,9.601948000000000,,,,
a_passthrough,medium,128,13729.86888900000,payloads/matrix_medium.bin,intermediate/task_a_passthrough_128mb_medium_3.out,52387852,52387852,1738.901135,0.000219,4862.2883,6601.189654,30.126987000000000,10.77432000000000,,,,
a_passthrough,medium,128,13590.726376000001,payloads/matrix_medium.bin,intermediate/task_a_passthrough_128mb_medium_4.out,52387852,52387852,1699.946561,0.000214,4799.505526,6499.452301,30.81735200000000,10.915260000000000,,,,
a_passthrough,micro,768,1739.6018509999999,payloads/matrix_micro.bin,intermediate/task_a_passthrough_768mb_micro_0.out,102156,102156,75.291552,0.000303,38.540807,113.832662,1.3568060000000000,2.650593000000000,,,,
a_passthrough,micro,768,1660.9745029999999,payloads/matrix_micro.bin,intermediate/task_a_passthrough_768mb_micro_1.out,102156,102156,80.758971,0.000207,36.498277,117.257455,1.2649490000000001,2.798927000000000,,,,
a_passthrough,micro,768,1689.5146370000000,payloads/matrix_micro.bin,intermediate/task_a_passthrough_768mb_micro_2.out,102156,102156,81.484869,0.000256,43.75801,125.243135,1.2536810000000000,2.334567000000000,,,,
a_passthrough,micro,768,1805.1643369999999,payloads/matrix_micro.bin,intermediate/task_a_passthrough_768mb_micro_3.out,102156,102156,76.006604,0.000246,37.938108,113.944958,1.3440410000000000,2.6927010000000000,,,,
a_passthrough,micro,768,1719.5415499999999,payloads/matrix_micro.bin,intermediate/task_a_passthrough_768mb_micro_4.out,102156,102156,76.056695,0.000245,38.043991,114.100931,1.3431560000000000,2.6852070000000001,,,,
a_passthrough,small,768,1746.5028760000000,payloads/matrix_small.bin,intermediate/task_a_passthrough_768mb_small_0.out,5235852,5235852,116.369244,0.000275,103.397654,219.767173,44.99343500000000,50.63801500000000,,,,
a_passthrough,small,768,1722.076654000000,payloads/matrix_small.bin,intermediate/task_a_passthrough_768mb_small_1.out,5235852,5235852,107.090623,0.000229,117.331165,224.422017,48.891787999999998,44.62456300000000,,,,
a_passthrough,small,768,1842.0069220000000,payloads/matrix_small.bin,intermediate/task_a_passthrough_768mb_small_2.out,5235852,5235852,121.01232,0.000218,158.233646,279.246184,43.26709900000000,33.089371999999997,,,,
a_passthrough,small,768,1971.782923000000,payloads/matrix_small.bin,intermediate/task_a_passthrough_768mb_small_3.out,5235852,5235852,125.194302,0.000235,109.329894,234.524431,41.82180800000000,47.890397000000000,,,,
a_passthrough,small,768,1653.2926560000001,payloads/matrix_small.bin,intermediate/task_a_passthrough_768mb_small_4.out,5235852,5235852,232.434646,0.000256,142.776365,375.211267,22.526125000000,36.67170000000000,,,,
a_passthrough,medium,768,2829.035759000000,payloads/matrix_medium.bin,intermediate/task_a_passthrough_768mb_medium_0.out,52387852,52387852,568.356459,0.000312,739.078847,1307.435618,92.17428800000000,70.88262899999999,,,,
a_passthrough,medium,768,2923.1014249999998,payloads/matrix_medium.bin,intermediate/task_a_passthrough_768mb_medium_1.out,52387852,52387852,574.191366,0.00024,881.304209,1455.495815,91.2376170000000,59.443550999999999,,,,
a_passthrough,medium,768,2655.7648180000001,payloads/matrix_medium.bin,intermediate/task_a_passthrough_768mb_medium_2.out,52387852,52387852,569.341596,0.000201,703.350845,1272.692642,92.01479800000000,74.48324300000000,,,,
a_passthrough,medium,768,2778.102160000000,payloads/matrix_medium.bin,intermediate/task_a_passthrough_768mb_medium_3.out,52387852,52387852,568.592247,0.000268,812.422533,1381.015048,92.1360650000000,64.48350400000000,,,,
a_passthrough,medium,768,2848.728895000000,payloads/matrix_medium.bin,intermediate/task_a_passthrough_768mb_medium_4.out,52387852,52387852,567.631567,0.00025,819.128711,1386.760528,92.29199900000000,63.955579999999998,,,,
a_passthrough,micro,2048,1210.5095389999999,payloads/matrix_micro.bin,intermediate/task_a_passthrough_2048mb_micro_0.out,102156,102156,57.008526,0.000267,42.442165,99.450958,1.7919419999999999,2.406946000000000,,,,
a_passthrough,micro,2048,1376.4300350000001,payloads/matrix_micro.bin,intermediate/task_a_passthrough_2048mb_micro_1.out,102156,102156,62.162478,0.000247,37.728938,99.891663,1.6433709999999999,2.7076300000000000,,,,
a_passthrough,micro,2048,942.8110120000000,payloads/matrix_micro.bin,intermediate/task_a_passthrough_2048mb_micro_2.out,102156,102156,62.122915,0.000242,44.332916,106.456073,1.6444170000000000,2.3042919999999998,,,,
a_passthrough,micro,2048,1190.7765870000001,payloads/matrix_micro.bin,intermediate/task_a_passthrough_2048mb_micro_3.out,102156,102156,61.427263,0.00024,39.829521,101.257024,1.6630400000000001,2.564831000000000,,,,
a_passthrough,micro,2048,959.0215680000000,payloads/matrix_micro.bin,intermediate/task_a_passthrough_2048mb_micro_4.out,102156,102156,53.40065,0.000248,35.634409,89.035307,1.9130100000000001,2.8667799999999999,,,,
a_passthrough,small,2048,1126.6958709999999,payloads/matrix_small.bin,intermediate/task_a_passthrough_2048mb_small_0.out,5235852,5235852,125.370506,0.000256,119.339604,244.710366,41.76302800000000,43.87354900000000,,,,
a_passthrough,small,2048,1321.549892000000,payloads/matrix_small.bin,intermediate/task_a_passthrough_2048mb_small_1.out,5235852,5235852,107.500703,0.000266,103.30605,210.807019,48.70528100000000,50.68291700000000,,,,
a_passthrough,small,2048,1345.9701540000001,payloads/matrix_small.bin,intermediate/task_a_passthrough_2048mb_small_2.out,5235852,5235852,116.210692,0.000218,178.204654,294.415564,45.05482200000000,29.381118000000001,,,,
a_passthrough,small,2048,1117.9265980000000,payloads/matrix_small.bin,intermediate/task_a_passthrough_2048mb_small_3.out,5235852,5235852,160.221149,0.000316,107.484821,267.706286,32.67890700000000,48.71247800000000,,,,
a_passthrough,small,2048,1080.8348659999999,payloads/matrix_small.bin,intermediate/task_a_passthrough_2048mb_small_4.out,5235852,5235852,125.790971,0.000285,86.989398,212.780654,41.623432999999999,60.18954200000000,,,,
a_passthrough,medium,2048,2479.656935000000,payloads/matrix_medium.bin,intermediate/task_a_passthrough_2048mb_medium_0.out,52387852,52387852,1102.074773,0.000265,517.257256,1619.332294,47.53566000000000,101.28007200000000,,,,
a_passthrough,medium,2048,1823.974371000000,payloads/matrix_medium.bin,intermediate/task_a_passthrough_2048mb_medium_1.out,52387852,52387852,544.820402,0.000173,478.366385,1023.18696,96.15618600000001,109.51407500000001,,,,
a_passthrough,medium,2048,1878.1957629999999,payloads/matrix_medium.bin,intermediate/task_a_passthrough_2048mb_medium_2.out,52387852,52387852,554.732903,0.000202,479.752803,1034.485908,94.4379750000000,109.19759400000000,,,,
a_passthrough,medium,2048,2015.990257000000,payloads/matrix_medium.bin,intermediate/task_a_passthrough_2048mb_medium_3.out,52387852,52387852,622.207721,0.000269,511.714667,1133.922657,84.1967240000000,102.37707700000000,,,,
a_passthrough,medium,2048,2134.7527500000001,payloads/matrix_medium.bin,intermediate/task_a_passthrough_2048mb_medium_4.out,52387852,52387852,560.481801,0.000228,549.646824,1110.128853,93.46931900000000,95.3118430000000,,,,
a_passthrough,large,1024,6592.600107000000,payloads/matrix_large.bin,intermediate/task_a_passthrough_1024mb_large_0.out,262113412,262113412,2658.518955,0.000257,2733.130031,5391.649243,98.5937720000000,95.9022840000000,,,,
a_passthrough,large,1024,6903.847218000000,payloads/matrix_large.bin,intermediate/task_a_passthrough_1024mb_large_1.out,262113412,262113412,2649.931993,0.000264,2790.126025,5440.058282,98.91325999999999,93.94321600000001,,,,
a_passthrough,large,1024,6407.730103000000,payloads/matrix_large.bin,intermediate/task_a_passthrough_1024mb_large_2.out,262113412,262113412,2657.329332,0.000236,2665.865565,5323.195133,98.63791000000001,98.32206700000000,,,,
a_passthrough,large,1024,6638.670206000000,payloads/matrix_large.bin,intermediate/task_a_passthrough_1024mb_large_3.out,262113412,262113412,2659.678644,0.000254,2696.494878,5356.173776,98.55078300000000,97.20523300000001,,,,
a_passthrough,large,1024,6544.351578000000,payloads/matrix_large.bin,intermediate/task_a_passthrough_1024mb_large_4.out,262113412,262113412,2652.459019,0.000235,2662.009964,5314.469218,98.81902400000000,98.46447400000000,,,,
a_passthrough,large,1536,5960.37483200000,payloads/matrix_large.bin,intermediate/task_a_passthrough_1536mb_large_0.out,262113412,262113412,2653.589988,0.000278,2293.967222,4947.557488,98.77690699999999,114.2620560000000,,,,
a_passthrough,large,1536,11944.074154000000,payloads/matrix_large.bin,intermediate/task_a_passthrough_1536mb_large_1.out,262113412,262113412,2654.842972,0.000242,8384.948243,11039.791457,98.73028800000000,31.259992000000000,,,,
a_passthrough,large,1536,5862.979412000000,payloads/matrix_large.bin,intermediate/task_a_passthrough_1536mb_large_2.out,262113412,262113412,2650.311737,0.000217,2311.74877,4962.060724,98.899087000000,113.38317400000000,,,,
a_passthrough,large,1536,5912.672997000000,payloads/matrix_large.bin,intermediate/task_a_passthrough_1536mb_large_3.out,262113412,262113412,2647.006703,0.000254,2304.017814,4951.024771,99.02257200000000,113.76362200000000,,,,
a_passthrough,large,1536,5835.036039000000,payloads/matrix_large.bin,intermediate/task_a_passthrough_1536mb_large_4.out,262113412,262113412,2645.262525,0.000262,2289.072313,4934.3351,99.08786400000000,114.50639200000001,,,,
a_passthrough,large,512,11270.737886000001,payloads/matrix_large.bin,intermediate/task_a_passthrough_512mb_large_0.out,262113412,262113412,2714.100445,0.000229,6246.029192,8960.129866,96.57469100000000,41.964807000000000,,,,
a_passthrough,large,512,10926.769018000001,payloads/matrix_large.bin,intermediate/task_a_passthrough_512mb_large_1.out,262113412,262113412,2683.848951,0.000226,5871.542584,8555.391761,97.66325000000001,44.64132000000000,,,,
a_passthrough,large,512,10970.977068000000,payloads/matrix_large.bin,intermediate/task_a_passthrough_512mb_large_2.out,262113412,262113412,2745.368748,0.000238,6043.766541,8789.135527,95.47475600000000,43.36921500000000,,,,
a_passthrough,large,512,10200.044870000000,payloads/matrix_large.bin,intermediate/task_a_passthrough_512mb_large_3.out,262113412,262113412,2685.513463,0.000222,5498.726433,8184.240118,97.6027180000000,47.66802200000000,,,,
a_passthrough,large,512,10694.840908000000,payloads/matrix_large.bin,intermediate/task_a_passthrough_512mb_large_4.out,262113412,262113412,2698.765849,0.000232,5925.689017,8624.455098,97.12343600000000,44.23340700000000,,,,
a_passthrough,large,768,7759.593487000000,payloads/matrix_large.bin,intermediate/task_a_passthrough_768mb_large_0.out,262113412,262113412,2664.21056,0.000235,3664.76786,6328.978655,98.38314400000000,71.52251400000000,,,,
a_passthrough,large,768,7804.15415800000,payloads/matrix_large.bin,intermediate/task_a_passthrough_768mb_large_1.out,262113412,262113412,2666.495566,0.000282,3656.741233,6323.237081,98.29883700000001,71.67950800000000,,,,
a_passthrough,large,768,8475.707292999999,payloads/matrix_large.bin,intermediate/task_a_passthrough_768mb_large_2.out,262113412,262113412,2676.886056,0.000232,4114.571698,6791.457986,97.91728400000000,63.70369300000000,,,,
a_passthrough,large,768,7768.481731000000,payloads/matrix_large.bin,intermediate/task_a_passthrough_768mb_large_3.out,262113412,262113412,2667.877936,0.000255,3602.370059,6270.24825,98.24790299999999,72.76137900000001,,,,
a_passthrough,large,768,7932.918549000000,payloads/matrix_large.bin,intermediate/task_a_passthrough_768mb_large_4.out,262113412,262113412,2666.03512,0.000222,3712.874313,6378.909655,98.31581400000000,70.59582100000000,,,,
a_passthrough,large,2048,5960.7813360000000,payloads/matrix_large.bin,intermediate/task_a_passthrough_2048mb_large_0.out,262113412,262113412,2648.660687,0.00028,2325.184789,4973.845756,98.96073600000000,112.72799200000000,,,,
a_passthrough,large,2048,5900.897264000000,payloads/matrix_large.bin,intermediate/task_a_passthrough_2048mb_large_1.out,262113412,262113412,2645.96678,0.000211,2296.450405,4942.417396,99.061490000000,114.1385030000000,,,,
a_passthrough,large,2048,5857.240200000000,payloads/matrix_large.bin,intermediate/task_a_passthrough_2048mb_large_2.out,262113412,262113412,2659.495308,0.000255,2289.647473,4949.143036,98.55757600000000,114.4776280000000,,,,
a_passthrough,large,2048,5853.646994000000,payloads/matrix_large.bin,intermediate/task_a_passthrough_2048mb_large_3.out,262113412,262113412,2649.668276,0.000216,2297.452085,4947.120577,98.92310500000001,114.08873900000000,,,,
a_passthrough,large,2048,5775.709391000000,payloads/matrix_large.bin,intermediate/task_a_passthrough_2048mb_large_4.out,262113412,262113412,2646.192158,0.000232,2288.602169,4934.794559,99.05305300000001,114.52991500000000
