task,payload_size,memory_mb,invocation_latency_ms,input_key,output_key,input_size_bytes,output_size_bytes,download_time_ms,compute_time_ms,upload_time_ms,total_time_ms,download_bandwidth_mbs,upload_bandwidth_mbs,step,chain,run_id,error,primary_download_time_ms,primary_upload_time_ms,additional_download_time_ms,additional_upload_time_ms,additional_download_count,additional_upload_count
c_decompress,micro,256,259.5694070000000,payloads/matrix_micro.bin.gz,intermediate/task_c_decompress_256mb_micro_0.out,97378,102156,150.289039,0.764049,60.579515,211.632603,0.6479380000000000,1.686313000000000,,,,,,,,,,
c_decompress,micro,256,275.87008500000002,payloads/matrix_micro.bin.gz,intermediate/task_c_decompress_256mb_micro_1.out,97378,102156,132.739397,0.78452,38.236578,171.760495,0.7336030000000000,2.6716829999999998,,,,,,,,,,
c_decompress,micro,256,244.8756690000000,payloads/matrix_micro.bin.gz,intermediate/task_c_decompress_256mb_micro_2.out,97378,102156,120.000541,0.867465,60.878357,181.746363,0.8114800000000000,1.6780349999999999,,,,,,,,,,
c_decompress,micro,256,217.73004499999999,payloads/matrix_micro.bin.gz,intermediate/task_c_decompress_256mb_micro_3.out,97378,102156,94.730269,0.7342,46.968015,142.432484,1.0279499999999999,2.175012000000000,,,,,,,,,,
c_decompress,micro,256,278.7957190000000,payloads/matrix_micro.bin.gz,intermediate/task_c_decompress_256mb_micro_4.out,97378,102156,99.593804,0.729504,58.494611,158.817919,0.9777520000000000,1.7464170000000001,,,,,,,,,,
f_matrix_to_csv,micro,128,499.7737410000000,payloads/matrix_micro.bin,intermediate/task_f_matrix_to_csv_128mb_micro_1.out,102156,132750,218.227069,61.310888,81.163996,360.701953,0.4681180000000000,1.6355770000000001,,,,,,,,,,
f_matrix_to_csv,micro,128,447.0450880000000,payloads/matrix_micro.bin,intermediate/task_f_matrix_to_csv_128mb_micro_2.out,102156,132750,236.427494,61.272902,84.470781,382.171177,0.4320820000000000,1.5715490000000001,,,,,,,,,,
f_matrix_to_csv,micro,128,457.5018880000000,payloads/matrix_micro.bin,intermediate/task_f_matrix_to_csv_128mb_micro_3.out,102156,132750,219.416777,41.266227,103.59921,364.282214,0.46558000000000,1.281380000000000,,,,,,,,,,
f_matrix_to_csv,micro,128,461.1706730000000,payloads/matrix_micro.bin,intermediate/task_f_matrix_to_csv_128mb_micro_4.out,102156,132750,219.711637,41.450474,103.139656,364.301767,0.4649550000000000,1.287090000000000,,,,,,,,,,
f_matrix_to_csv,micro,128,434.4069960000000,payloads/matrix_micro.bin,intermediate/task_f_matrix_to_csv_128mb_micro_5.out,102156,132750,236.751828,41.242844,99.45977,377.454442,0.4314900000000000,1.3347110000000000,,,,,,,,,,
f_matrix_to_csv,micro,256,284.76882000000,payloads/matrix_micro.bin,intermediate/task_f_matrix_to_csv_256mb_micro_1.out,102156,132750,127.777922,29.317212,44.984452,202.079586,0.7994810000000000,2.951020000000000,,,,,,,,,,
f_matrix_to_csv,micro,256,277.6765820000000,payloads/matrix_micro.bin,intermediate/task_f_matrix_to_csv_256mb_micro_2.out,102156,132750,115.370949,25.335009,67.512543,208.218501,0.8854570000000000,1.96630100000000,,,,,,,,,,
f_matrix_to_csv,micro,256,296.6814040000000,payloads/matrix_micro.bin,intermediate/task_f_matrix_to_csv_256mb_micro_3.out,102156,132750,158.702596,41.990216,45.65766,246.350472,0.6436950000000000,2.9075080000000000,,,,,,,,,,
f_matrix_to_csv,micro,256,274.17921999999999,payloads/matrix_micro.bin,intermediate/task_f_matrix_to_csv_256mb_micro_4.out,102156,132750,133.805055,5.136278,78.397136,217.338469,0.7634690000000000,1.6933020000000001,,,,,,,,,,
f_matrix_to_csv,micro,256,280.376673000000,payloads/matrix_micro.bin,intermediate/task_f_matrix_to_csv_256mb_micro_5.out,102156,132750,116.286522,25.32651,58.977561,200.590593,0.8784850000000000,2.2508560000000002,,,,,,,,,,
f_matrix_to_csv,micro,512,167.71340400000000,payloads/matrix_micro.bin,intermediate/task_f_matrix_to_csv_512mb_micro_1.out,102156,132750,60.116006,5.004858,45.225484,110.346348,1.6993140000000000,2.935292000000000,,,,,,,,,,
f_matrix_to_csv,micro,512,187.67094599999999,payloads/matrix_micro.bin,intermediate/task_f_matrix_to_csv_512mb_micro_2.out,102156,132750,86.043796,9.206702,38.940536,134.191034,1.1872560000000001,3.4090440000000002,,,,,,,,,,
f_matrix_to_csv,micro,512,175.46987500000000,payloads/matrix_micro.bin,intermediate/task_f_matrix_to_csv_512mb_micro_3.out,102156,132750,60.35803,5.093772,53.532209,118.984011,1.6925010000000000,2.479815000000000,,,,,,,,,,
f_matrix_to_csv,micro,512,168.31493399999999,payloads/matrix_micro.bin,intermediate/task_f_matrix_to_csv_512mb_micro_4.out,102156,132750,70.749638,9.231991,43.373488,123.355117,1.4439080000000000,3.060625000000000,,,,,,,,,,
f_matrix_to_csv,micro,512,169.37971099999999,payloads/matrix_micro.bin,intermediate/task_f_matrix_to_csv_512mb_micro_5.out,102156,132750,63.245222,5.034899,51.932054,120.212175,1.6152370000000000,2.556225000000000,,,,,,,,,,
f_matrix_to_csv,micro,768,155.1215650000000,payloads/matrix_micro.bin,intermediate/task_f_matrix_to_csv_768mb_micro_1.out,102156,132750,51.884965,5.063128,50.827473,107.775566,1.9688939999999999,2.6117770000000000,,,,,,,,,,
f_matrix_to_csv,micro,768,156.3122270000000,payloads/matrix_micro.bin,intermediate/task_f_matrix_to_csv_768mb_micro_2.out,102156,132750,63.224345,4.901615,39.460957,107.586917,1.6157699999999999,3.3640850000000002,,,,,,,,,,
f_matrix_to_csv,micro,768,155.80296500000000,payloads/matrix_micro.bin,intermediate/task_f_matrix_to_csv_768mb_micro_3.out,102156,132750,55.674014,5.159912,41.04146,101.875386,1.8348960000000001,3.2345340000000000,,,,,,,,,,
f_matrix_to_csv,micro,768,166.80049900000000,payloads/matrix_micro.bin,intermediate/task_f_matrix_to_csv_768mb_micro_4.out,102156,132750,47.308725,5.097303,53.041897,105.447925,2.159348000000000,2.502739000000000,,,,,,,,,,
f_matrix_to_csv,micro,768,165.03357900000000,payloads/matrix_micro.bin,intermediate/task_f_matrix_to_csv_768mb_micro_5.out,102156,132750,68.229502,5.030505,44.587756,117.847763,1.4972410000000000,2.977275000000000,,,,,,,,,,
f_matrix_to_csv,micro,1024,134.17339300000000,payloads/matrix_micro.bin,intermediate/task_f_matrix_to_csv_1024mb_micro_1.out,102156,132750,46.099259,4.338376,38.541025,88.97866,2.216001000000000,3.444382000000000,,,,,,,,,,
f_matrix_to_csv,micro,1024,145.59030500000000,payloads/matrix_micro.bin,intermediate/task_f_matrix_to_csv_1024mb_micro_2.out,102156,132750,44.966377,4.29781,39.155162,88.419349,2.2718310000000002,3.390358000000000,,,,,,,,,,
f_matrix_to_csv,micro,1024,139.48416700000001,payloads/matrix_micro.bin,intermediate/task_f_matrix_to_csv_1024mb_micro_3.out,102156,132750,43.261654,4.364393,39.396158,87.022205,2.361352000000000,3.369618000000000,,,,,,,,,,
f_matrix_to_csv,micro,1024,149.0616800000000,payloads/matrix_micro.bin,intermediate/task_f_matrix_to_csv_1024mb_micro_4.out,102156,132750,49.02806,4.372836,46.72635,100.127246,2.0836229999999998,2.8410090000000001,,,,,,,,,,
f_matrix_to_csv,micro,1024,142.3661710000000,payloads/matrix_micro.bin,intermediate/task_f_matrix_to_csv_1024mb_micro_5.out,102156,132750,50.583019,4.366695,36.36601,91.315724,2.0195710000000000,3.650387000000000,,,,,,,,,,
f_matrix_to_csv,micro,1536,142.2109600000000,payloads/matrix_micro.bin,intermediate/task_f_matrix_to_csv_1536mb_micro_1.out,102156,132750,47.934132,5.1486,40.288213,93.370945,2.1311749999999998,3.2950080000000002,,,,,,,,,,
f_matrix_to_csv,micro,1536,132.97104800000000,payloads/matrix_micro.bin,intermediate/task_f_matrix_to_csv_1536mb_micro_2.out,102156,132750,42.033356,5.010201,36.498922,83.542479,2.430356000000000,3.637094000000000,,,,,,,,,,
f_matrix_to_csv,micro,1536,148.81563199999999,payloads/matrix_micro.bin,intermediate/task_f_matrix_to_csv_1536mb_micro_3.out,102156,132750,48.321929,5.084612,42.464061,95.870602,2.1140710000000000,3.1261730000000001,,,,,,,,,,
f_matrix_to_csv,micro,1536,135.10942499999999,payloads/matrix_micro.bin,intermediate/task_f_matrix_to_csv_1536mb_micro_4.out,102156,132750,42.024537,5.091614,40.610743,87.726894,2.4308660000000000,3.2688389999999998,,,,,,,,,,
f_matrix_to_csv,micro,1536,145.4031470000000,payloads/matrix_micro.bin,intermediate/task_f_matrix_to_csv_1536mb_micro_5.out,102156,132750,47.740424,5.004881,37.14338,89.888685,2.13982200000000,3.573988000000000,,,,,,,,,,
f_matrix_to_csv,micro,2048,144.05107500000000,payloads/matrix_micro.bin,intermediate/task_f_matrix_to_csv_2048mb_micro_1.out,102156,132750,43.249768,5.438495,38.406758,87.095021,2.362001000000000,3.4564230000000000,,,,,,,,,,
f_matrix_to_csv,micro,2048,133.31174899999999,payloads/matrix_micro.bin,intermediate/task_f_matrix_to_csv_2048mb_micro_2.out,102156,132750,47.909651,5.060707,34.35704,87.327398,2.132263000000000,3.863837000000000,,,,,,,,,,
f_matrix_to_csv,micro,2048,148.2694150000000,payloads/matrix_micro.bin,intermediate/task_f_matrix_to_csv_2048mb_micro_3.out,102156,132750,53.861629,5.150212,37.782359,96.7942,1.8966380000000000,3.513545000000000,,,,,,,,,,
f_matrix_to_csv,micro,2048,142.83132599999999,payloads/matrix_micro.bin,intermediate/task_f_matrix_to_csv_2048mb_micro_4.out,102156,132750,42.719822,5.155123,50.219162,98.094107,2.391302000000000,2.6434129999999998,,,,,,,,,,
f_matrix_to_csv,micro,2048,143.95689999999999,payloads/matrix_micro.bin,intermediate/task_f_matrix_to_csv_2048mb_micro_5.out,102156,132750,51.273923,5.025752,35.479505,91.77918,1.992358000000000,3.741597000000000,,,,,,,,,,
f_matrix_to_csv,small,128,5100.961447000000,payloads/matrix_small.bin,intermediate/task_f_matrix_to_csv_128mb_small_1.out,5235852,6806553,499.28767,3761.083886,678.843748,4939.215304,10.486644000000000,10.026686000000000,,,,,,,,,,
f_matrix_to_csv,small,128,5079.196453000000,payloads/matrix_small.bin,intermediate/task_f_matrix_to_csv_128mb_small_2.out,5235852,6806553,441.138225,3738.645282,779.326049,4959.109556,11.868960000000000,8.733896000000000,,,,,,,,,,
f_matrix_to_csv,small,128,4899.6453289999999,payloads/matrix_small.bin,intermediate/task_f_matrix_to_csv_128mb_small_3.out,5235852,6806553,438.227579,3622.874834,737.419309,4798.521722,11.947792000000000,9.23023400000000,,,,,,,,,,
f_matrix_to_csv,small,128,4783.551693000000,payloads/matrix_small.bin,intermediate/task_f_matrix_to_csv_128mb_small_4.out,5235852,6806553,357.657002,3659.311895,680.661575,4697.630472,14.63931100000000,9.99990800000000,,,,,,,,,,
f_matrix_to_csv,small,128,4878.338814000000,payloads/matrix_small.bin,intermediate/task_f_matrix_to_csv_128mb_small_5.out,5235852,6806553,377.97204,3643.124182,777.112199,4798.208421,13.852485000000000,8.758778000000000,,,,,,,,,,
f_matrix_to_csv,small,256,2512.2902389999999,payloads/matrix_small.bin,intermediate/task_f_matrix_to_csv_256mb_small_1.out,5235852,6806553,219.862567,1840.897618,387.621923,2448.382108,23.81420400000000,17.559773000000000,,,,,,,,,,
f_matrix_to_csv,small,256,2541.06068600000,payloads/matrix_small.bin,intermediate/task_f_matrix_to_csv_256mb_small_2.out,5235852,6806553,220.867726,1858.418054,385.284695,2464.570475,23.705826999999999,17.666295000000002,,,,,,,,,,
f_matrix_to_csv,small,256,2407.7353480000002,payloads/matrix_small.bin,intermediate/task_f_matrix_to_csv_256mb_small_3.out,5235852,6806553,180.47204,1840.140803,324.818609,2345.431452,29.011984000000002,20.954934999999999,,,,,,,,,,
f_matrix_to_csv,small,256,2500.6320479999999,payloads/matrix_small.bin,intermediate/task_f_matrix_to_csv_256mb_small_4.out,5235852,6806553,201.35021,1879.455647,367.269721,2448.075578,26.00370800000000,18.53284600000000,,,,,,,,,,
f_matrix_to_csv,small,256,2475.0449659999999,payloads/matrix_small.bin,intermediate/task_f_matrix_to_csv_256mb_small_5.out,5235852,6806553,181.599005,1898.911849,342.446593,2422.957447,28.831942000000002,19.876246999999999,,,,,,,,,,
f_matrix_to_csv,small,512,1223.2885360000000,payloads/matrix_small.bin,intermediate/task_f_matrix_to_csv_512mb_small_1.out,5235852,6806553,99.667402,879.777164,201.207031,1180.651597,52.533245000000001,33.82860400000000,,,,,,,,,,
f_matrix_to_csv,small,512,1274.6713159999999,payloads/matrix_small.bin,intermediate/task_f_matrix_to_csv_512mb_small_2.out,5235852,6806553,112.742976,921.430218,182.286859,1216.460053,46.44060500000000,37.33979000000000,,,,,,,,,,
f_matrix_to_csv,small,512,1237.684727000000,payloads/matrix_small.bin,intermediate/task_f_matrix_to_csv_512mb_small_3.out,5235852,6806553,112.961918,895.930012,180.16513,1189.05706,46.350594000000001,37.77952500000000,,,,,,,,,,
f_matrix_to_csv,small,512,1213.1807799999999,payloads/matrix_small.bin,intermediate/task_f_matrix_to_csv_512mb_small_4.out,5235852,6806553,95.569523,897.781761,170.123985,1163.475269,54.785792000000001,40.00936700000000,,,,,,,,,,
f_matrix_to_csv,small,512,1253.441334000000,payloads/matrix_small.bin,intermediate/task_f_matrix_to_csv_512mb_small_5.out,5235852,6806553,101.380442,914.150584,189.031817,1204.562843,51.64558300000000,36.00744600000000,,,,,,,,,,
f_matrix_to_csv,small,768,884.6592900000001,payloads/matrix_small.bin,intermediate/task_f_matrix_to_csv_768mb_small_1.out,5235852,6806553,102.546374,596.71794,132.397677,831.661991,51.05838300000000,51.40991300000000,,,,,,,,,,
f_matrix_to_csv,small,768,854.7472950000000,payloads/matrix_small.bin,intermediate/task_f_matrix_to_csv_768mb_small_2.out,5235852,6806553,93.393294,587.754873,125.710384,806.858551,56.06239800000000,54.14471600000000,,,,,,,,,,
f_matrix_to_csv,small,768,856.4701080000000,payloads/matrix_small.bin,intermediate/task_f_matrix_to_csv_768mb_small_3.out,5235852,6806553,86.461691,590.771812,128.526161,805.759664,60.55690000000000,52.9585020000000,,,,,,,,,,
f_matrix_to_csv,small,768,862.3363970000000,payloads/matrix_small.bin,intermediate/task_f_matrix_to_csv_768mb_small_4.out,5235852,6806553,85.068828,596.698733,129.490856,811.258417,61.548420999999998,52.56396600000000,,,,,,,,,,
f_matrix_to_csv,small,768,869.2107200000000,payloads/matrix_small.bin,intermediate/task_f_matrix_to_csv_768mb_small_5.out,5235852,6806553,84.853148,596.784571,134.790495,816.428214,61.70486500000000,50.49727700000000,,,,,,,,,,
f_matrix_to_csv,small,1024,672.4560260000000,payloads/matrix_small.bin,intermediate/task_f_matrix_to_csv_1024mb_small_1.out,5235852,6806553,87.538213,431.355575,104.065425,622.959213,59.81218700000000,65.40647900000000,,,,,,,,,,
f_matrix_to_csv,small,1024,709.7792630000000,payloads/matrix_small.bin,intermediate/task_f_matrix_to_csv_1024mb_small_2.out,5235852,6806553,104.745569,428.051259,127.147558,659.944386,49.98638200000000,53.5327070000000,,,,,,,,,,
f_matrix_to_csv,small,1024,694.7195530000000,payloads/matrix_small.bin,intermediate/task_f_matrix_to_csv_1024mb_small_3.out,5235852,6806553,83.054941,437.3029,124.395059,644.7529,63.040824999999998,54.717230000000001,,,,,,,,,,
f_matrix_to_csv,small,1024,688.3480550000000,payloads/matrix_small.bin,intermediate/task_f_matrix_to_csv_1024mb_small_4.out,5235852,6806553,94.208015,430.939794,118.056257,643.204066,55.57756400000000,57.65516500000000,,,,,,,,,,
f_matrix_to_csv,small,1024,748.3434680000000,payloads/matrix_small.bin,intermediate/task_f_matrix_to_csv_1024mb_small_5.out,5235852,6806553,133.453593,436.915382,124.647801,695.016776,39.23350300000000,54.60628200000000,,,,,,,,,,
f_matrix_to_csv,small,1536,542.900562000000,payloads/matrix_small.bin,intermediate/task_f_matrix_to_csv_1536mb_small_1.out,5235852,6806553,113.826653,293.823564,86.174129,493.824346,45.99847100000000,78.98603799999999,,,,,,,,,,
f_matrix_to_csv,small,1536,508.9442730000000,payloads/matrix_small.bin,intermediate/task_f_matrix_to_csv_1536mb_small_2.out,5235852,6806553,78.679074,280.546767,100.407235,459.633076,66.54694499999999,67.78946800000000,,,,,,,,,,
f_matrix_to_csv,small,1536,534.5075130000000,payloads/matrix_small.bin,intermediate/task_f_matrix_to_csv_1536mb_small_3.out,5235852,6806553,84.131777,299.422246,105.843164,489.397187,62.233939999999997,64.30791300000000,,,,,,,,,,
f_matrix_to_csv,small,1536,543.4272290000000,payloads/matrix_small.bin,intermediate/task_f_matrix_to_csv_1536mb_small_4.out,5235852,6806553,71.656756,299.69937,124.340673,495.696799,73.06850500000000,54.74116300000000,,,,,,,,,,
f_matrix_to_csv,small,1536,559.3061450000000,payloads/matrix_small.bin,intermediate/task_f_matrix_to_csv_1536mb_small_5.out,5235852,6806553,110.334059,299.979502,100.930276,511.243837,47.45454000000000,67.43816900000000,,,,,,,,,,
f_matrix_to_csv,small,2048,484.1835500000000,payloads/matrix_small.bin,intermediate/task_f_matrix_to_csv_2048mb_small_1.out,5235852,6806553,73.097039,247.111627,113.996084,434.20475,71.62878400000000,59.70865600000000,,,,,,,,,,
f_matrix_to_csv,small,2048,488.9535900000000,payloads/matrix_small.bin,intermediate/task_f_matrix_to_csv_2048mb_small_2.out,5235852,6806553,78.828778,247.011602,111.826586,437.666966,66.42056500000000,60.86703700000000,,,,,,,,,,
f_matrix_to_csv,small,2048,477.6592250000000,payloads/matrix_small.bin,intermediate/task_f_matrix_to_csv_2048mb_small_3.out,5235852,6806553,72.009933,251.232395,95.387254,418.629582,72.7101360000000,71.35704900000000,,,,,,,,,,
f_matrix_to_csv,small,2048,467.1893120000000,payloads/matrix_small.bin,intermediate/task_f_matrix_to_csv_2048mb_small_4.out,5235852,6806553,74.677285,247.446389,100.006936,422.13061,70.11304699999999,68.06080900000001,,,,,,,,,,
f_matrix_to_csv,small,2048,492.6738740000000,payloads/matrix_small.bin,intermediate/task_f_matrix_to_csv_2048mb_small_5.out,5235852,6806553,77.567957,254.672405,112.792749,445.033111,67.50019200000000,60.345661000000000,,,,,,,,,,
f_matrix_to_csv,medium,512,11441.129446000001,payloads/matrix_medium.bin,intermediate/task_f_matrix_to_csv_512mb_medium_1.out,52387852,68104011,608.185947,9003.828158,1763.258359,11375.272464,86.13788599999999,38.62395500000000,,,,,,,,,,
f_matrix_to_csv,medium,512,11356.313705000000,payloads/matrix_medium.bin,intermediate/task_f_matrix_to_csv_512mb_medium_2.out,52387852,68104011,566.871811,9100.839221,1607.045256,11274.756288,92.4156940000000,42.37840300000000,,,,,,,,,,
f_matrix_to_csv,medium,512,11399.07431600000,payloads/matrix_medium.bin,intermediate/task_f_matrix_to_csv_512mb_medium_3.out,52387852,68104011,570.3011,9053.65642,1698.13703,11322.09455,91.8599880000000,40.1051330000000,,,,,,,,,,
f_matrix_to_csv,medium,512,11459.826230999999,payloads/matrix_medium.bin,intermediate/task_f_matrix_to_csv_512mb_medium_4.out,52387852,68104011,569.652355,9153.575544,1684.164029,11407.391928,91.96460200000000,40.4378730000000,,,,,,,,,,
f_matrix_to_csv,medium,512,11363.270044000001,payloads/matrix_medium.bin,intermediate/task_f_matrix_to_csv_512mb_medium_5.out,52387852,68104011,579.672616,9155.540197,1556.596908,11291.809721,90.37489500000000,43.751860999999998,,,,,,,,,,
f_matrix_to_csv,medium,768,7441.927195000000,payloads/matrix_medium.bin,intermediate/task_f_matrix_to_csv_768mb_medium_1.out,52387852,68104011,553.136136,5832.577046,988.678623,7374.391805,94.71059400000000,68.88387100000000,,,,,,,,,,
f_matrix_to_csv,medium,768,7537.558317000000,payloads/matrix_medium.bin,intermediate/task_f_matrix_to_csv_768mb_medium_2.out,52387852,68104011,561.362505,5819.838942,1098.290885,7479.492332,93.322677000000,62.00908300000000,,,,,,,,,,
f_matrix_to_csv,medium,768,7420.868635000000,payloads/matrix_medium.bin,intermediate/task_f_matrix_to_csv_768mb_medium_3.out,52387852,68104011,554.171695,5846.12553,955.278282,7355.575507,94.53361200000001,71.29232600000000,,,,,,,,,,
f_matrix_to_csv,medium,768,7420.612812000000,payloads/matrix_medium.bin,intermediate/task_f_matrix_to_csv_768mb_medium_4.out,52387852,68104011,553.278379,5809.828213,990.998206,7354.104798,94.68624500000000,68.72263800000000,,,,,,,,,,
f_matrix_to_csv,medium,768,7561.912537000000,payloads/matrix_medium.bin,intermediate/task_f_matrix_to_csv_768mb_medium_5.out,52387852,68104011,547.066652,5828.742296,1128.414783,7504.223731,95.76137000000000,60.353703000000003,,,,,,,,,,
f_matrix_to_csv,medium,1024,5716.022968000000,payloads/matrix_medium.bin,intermediate/task_f_matrix_to_csv_1024mb_medium_1.out,52387852,68104011,545.068596,4370.253449,746.056296,5661.378341,96.11240200000000,91.28535100000001,,,,,,,,,,
f_matrix_to_csv,medium,1024,5759.646416000000,payloads/matrix_medium.bin,intermediate/task_f_matrix_to_csv_1024mb_medium_2.out,52387852,68104011,549.821267,4412.448874,732.053489,5694.32363,95.28160400000000,93.03146800000000,,,,,,,,,,
f_matrix_to_csv,medium,1024,5779.867172000000,payloads/matrix_medium.bin,intermediate/task_f_matrix_to_csv_1024mb_medium_3.out,52387852,68104011,559.205687,4477.234782,677.005266,5713.445735,93.68261699999999,100.59598400000000,,,,,,,,,,
f_matrix_to_csv,medium,1024,5857.15651500000,payloads/matrix_medium.bin,intermediate/task_f_matrix_to_csv_1024mb_medium_4.out,52387852,68104011,551.337634,4508.457626,740.346564,5800.141824,95.01954700000000,91.98936600000000,,,,,,,,,,
f_matrix_to_csv,medium,1024,5735.429525000000,payloads/matrix_medium.bin,intermediate/task_f_matrix_to_csv_1024mb_medium_5.out,52387852,68104011,543.118026,4428.12986,704.423959,5675.671845,96.45758300000000,96.6804300000000,,,,,,,,,,
f_matrix_to_csv,medium,1536,4103.542328000000,payloads/matrix_medium.bin,intermediate/task_f_matrix_to_csv_1536mb_medium_1.out,52387852,68104011,542.830712,2878.306867,617.421348,4038.558927,96.50863699999999,110.30394600000000,,,,,,,,,,
f_matrix_to_csv,medium,1536,4131.631851000000,payloads/matrix_medium.bin,intermediate/task_f_matrix_to_csv_1536mb_medium_2.out,52387852,68104011,539.113275,2913.206038,620.052631,4072.371944,97.17410900000000,109.83585500000000,,,,,,,,,,
f_matrix_to_csv,medium,1536,4084.197760000000,payloads/matrix_medium.bin,intermediate/task_f_matrix_to_csv_1536mb_medium_3.out,52387852,68104011,538.883843,2863.697528,620.423587,4023.004958,97.21548100000000,109.7701840000000,,,,,,,,,,
f_matrix_to_csv,medium,1536,4204.463720000000,payloads/matrix_medium.bin,intermediate/task_f_matrix_to_csv_1536mb_medium_4.out,52387852,68104011,545.903782,2977.893128,628.438954,4152.235864,95.96535799999999,108.37013000000000,,,,,,,,,,
f_matrix_to_csv,medium,1536,4133.781910000000,payloads/matrix_medium.bin,intermediate/task_f_matrix_to_csv_1536mb_medium_5.out,52387852,68104011,541.464734,2903.248112,629.842158,4074.555004,96.7521040000000,108.1286960000000,,,,,,,,,,
f_matrix_to_csv,medium,2048,3672.441721000000,payloads/matrix_medium.bin,intermediate/task_f_matrix_to_csv_2048mb_medium_1.out,52387852,68104011,539.682409,2440.807727,641.401009,3621.891145,97.07163199999999,106.18008100000000,,,,,,,,,,
f_matrix_to_csv,medium,2048,3692.416430000000,payloads/matrix_medium.bin,intermediate/task_f_matrix_to_csv_2048mb_medium_2.out,52387852,68104011,537.675879,2473.703899,617.621142,3629.00092,97.43388899999999,110.26826400000000,,,,,,,,,,
f_matrix_to_csv,medium,2048,3679.876566000000,payloads/matrix_medium.bin,intermediate/task_f_matrix_to_csv_2048mb_medium_3.out,52387852,68104011,539.003178,2459.489918,616.950755,3615.443851,97.19395799999999,110.38808299999999,,,,,,,,,,
f_matrix_to_csv,medium,2048,3698.817015000000,payloads/matrix_medium.bin,intermediate/task_f_matrix_to_csv_2048mb_medium_4.out,52387852,68104011,541.241232,2483.290455,622.222432,3646.754119,96.7920570000000,109.45283800000000,,,,,,,,,,
f_matrix_to_csv,medium,2048,3696.518660000000,payloads/matrix_medium.bin,intermediate/task_f_matrix_to_csv_2048mb_medium_5.out,52387852,68104011,540.625566,2466.435803,623.148561,3630.20993,96.90228399999999,109.29016800000,,,,,,,,,,
f_matrix_to_csv,large,1536,20604.08878300000,payloads/matrix_large.bin,intermediate/task_f_matrix_to_csv_1536mb_large_1.out,262113412,340742415,2639.196842,14885.569853,2978.067653,20502.834348,99.31559799999999,114.41728500000001,,,,,,,,,,
f_matrix_to_csv,large,1536,20616.597652000000,payloads/matrix_large.bin,intermediate/task_f_matrix_to_csv_1536mb_large_2.out,262113412,340742415,2656.082837,14841.696636,3022.586566,20520.366039,98.68420100000000,112.73206200000000,,,,,,,,,,
f_matrix_to_csv,large,1536,20799.43013200000,payloads/matrix_large.bin,intermediate/task_f_matrix_to_csv_1536mb_large_3.out,262113412,340742415,2638.850801,15051.307126,3015.311785,20705.469712,99.3286210000000,113.00404000000000,,,,,,,,,,
f_matrix_to_csv,large,1536,20790.20357100000,payloads/matrix_large.bin,intermediate/task_f_matrix_to_csv_1536mb_large_4.out,262113412,340742415,2637.702689,15064.706394,2983.379117,20685.7882,99.37185599999999,114.21358200000000,,,,,,,,,,
f_matrix_to_csv,large,1536,20504.414558000000,payloads/matrix_large.bin,intermediate/task_f_matrix_to_csv_1536mb_large_5.out,262113412,340742415,2640.287701,14772.77656,2984.195184,20397.259445,99.27456500000000,114.18234900000000,,,,,,,,,,
f_matrix_to_csv,large,2048,18176.37729600000,payloads/matrix_large.bin,intermediate/task_f_matrix_to_csv_2048mb_large_1.out,262113412,340742415,2642.357174,12412.550671,3013.471123,18068.378968,99.19681400000000,113.07306500000000,,,,,,,,,,
f_matrix_to_csv,large,2048,18405.54595000000,payloads/matrix_large.bin,intermediate/task_f_matrix_to_csv_2048mb_large_2.out,262113412,340742415,2637.449615,12653.344622,3019.990188,18310.784425,99.38139099999999,112.82898100000000,,,,,,,,,,
f_matrix_to_csv,large,2048,18290.06719600000,payloads/matrix_large.bin,intermediate/task_f_matrix_to_csv_2048mb_large_3.out,262113412,340742415,2648.450081,12564.055893,2979.149955,18191.655929,98.9686060000000,114.37571800000001,,,,,,,,,,
f_matrix_to_csv,large,2048,18269.062280999999,payloads/matrix_large.bin,intermediate/task_f_matrix_to_csv_2048mb_large_4.out,262113412,340742415,2639.002334,12554.129195,2976.436234,18169.567763,99.3229180000000,114.47999799999999,,,,,,,,,,
f_matrix_to_csv,large,2048,18244.246006000001,payloads/matrix_large.bin,intermediate/task_f_matrix_to_csv_2048mb_large_5.out,262113412,340742415,2636.218799,12534.717805,2981.632081,18152.568685,99.42779100000000,114.28050300000000,,,,,,,,,,
c_decompress,micro,128,426.7127510000000,payloads/matrix_micro.bin.gz,intermediate/task_c_decompress_128mb_micro_1.out,97378,102156,218.820765,0.743586,110.697648,330.261999,0.4450130000000000,0.9228380000000000,,,,,,,,,,
c_decompress,micro,128,387.3658180000000,payloads/matrix_micro.bin.gz,intermediate/task_c_decompress_128mb_micro_2.out,97378,102156,217.362209,0.843377,98.995698,317.201284,0.4479990000000000,1.031924000000000,,,,,,,,,,
c_decompress,micro,128,398.5250000000000,payloads/matrix_micro.bin.gz,intermediate/task_c_decompress_128mb_micro_3.out,97378,102156,237.497446,0.719054,84.468411,322.684911,0.4100170000000000,1.20939900000000,,,,,,,,,,
c_decompress,micro,128,384.2430110000000,payloads/matrix_micro.bin.gz,intermediate/task_c_decompress_128mb_micro_4.out,97378,102156,218.249094,0.80146,82.046203,301.096757,0.4461780000000000,1.245103000000000,,,,,,,,,,
c_decompress,micro,128,379.5590400000000,payloads/matrix_micro.bin.gz,intermediate/task_c_decompress_128mb_micro_5.out,97378,102156,200.735854,0.722907,81.561448,283.020209,0.4851050000000000,1.252504000000000,,,,,,,,,,
c_decompress,micro,512,155.5333140000000,payloads/matrix_micro.bin.gz,intermediate/task_c_decompress_512mb_micro_1.out,97378,102156,64.562637,0.76469,36.50559,101.832917,1.508272000000000,2.7983660000000001,,,,,,,,,,
c_decompress,micro,512,170.71914699999999,payloads/matrix_micro.bin.gz,intermediate/task_c_decompress_512mb_micro_2.out,97378,102156,75.068701,0.766921,44.346714,120.182336,1.2971850000000000,2.3035749999999999,,,,,,,,,,
c_decompress,micro,512,159.53516999999999,payloads/matrix_micro.bin.gz,intermediate/task_c_decompress_512mb_micro_3.out,97378,102156,63.422319,0.886201,42.252307,106.560827,1.5353900000000000,2.4177610000000000,,,,,,,,,,
c_decompress,micro,512,163.73229000000001,payloads/matrix_micro.bin.gz,intermediate/task_c_decompress_512mb_micro_4.out,97378,102156,77.798253,0.80273,35.471569,114.072552,1.2516730000000000,2.8799399999999999,,,,,,,,,,
c_decompress,micro,512,186.01274500000000,payloads/matrix_micro.bin.gz,intermediate/task_c_decompress_512mb_micro_5.out,97378,102156,87.488556,0.72894,42.279984,130.49748,1.1130370000000001,2.4161790000000001,,,,,,,,,,
c_decompress,micro,768,160.25900799999999,payloads/matrix_micro.bin.gz,intermediate/task_c_decompress_768mb_micro_1.out,97378,102156,75.623812,0.775003,38.90694,115.305755,1.287663000000000,2.625650000000000,,,,,,,,,,
c_decompress,micro,768,150.87890600,payloads/matrix_micro.bin.gz,intermediate/task_c_decompress_768mb_micro_2.out,97378,102156,51.913937,0.799416,44.414766,97.128119,1.8757580000000000,2.300046000000000,,,,,,,,,,
c_decompress,micro,768,152.71329900000001,payloads/matrix_micro.bin.gz,intermediate/task_c_decompress_768mb_micro_3.out,97378,102156,60.300014,0.860873,45.9847,107.145587,1.6148920000000000,2.221522000000000,,,,,,,,,,
c_decompress,micro,768,153.02801099999999,payloads/matrix_micro.bin.gz,intermediate/task_c_decompress_768mb_micro_4.out,97378,102156,64.162084,0.767544,39.183862,104.11349,1.517688000000000,2.607094000000000,,,,,,,,,,
c_decompress,micro,768,148.25201000000001,payloads/matrix_micro.bin.gz,intermediate/task_c_decompress_768mb_micro_5.out,97378,102156,59.583961,0.734254,41.154738,101.472953,1.6342989999999999,2.4822419999999998,,,,,,,,,,
c_decompress,micro,1024,135.76507599999999,payloads/matrix_micro.bin.gz,intermediate/task_c_decompress_1024mb_micro_1.out,97378,102156,48.609711,0.777428,38.402165,87.789304,2.003262000000000,2.660163000000000,,,,,,,,,,
c_decompress,micro,1024,140.86413400000001,payloads/matrix_micro.bin.gz,intermediate/task_c_decompress_1024mb_micro_2.out,97378,102156,53.581415,0.779177,37.877005,92.237597,1.817384000000000,2.6970450000000001,,,,,,,,,,
c_decompress,micro,1024,173.3698840000000,payloads/matrix_micro.bin.gz,intermediate/task_c_decompress_1024mb_micro_3.out,97378,102156,79.411167,0.732364,40.628599,120.77213,1.2262510000000000,2.514386000000000,,,,,,,,,,
c_decompress,micro,1024,136.61813699999999,payloads/matrix_micro.bin.gz,intermediate/task_c_decompress_1024mb_micro_4.out,97378,102156,49.065919,0.937709,39.910362,89.91399,1.9846360000000001,2.5596359999999998,,,,,,,,,,
c_decompress,micro,1024,155.1363470000000,payloads/matrix_micro.bin.gz,intermediate/task_c_decompress_1024mb_micro_5.out,97378,102156,61.58071,0.745192,45.179612,107.505514,1.5813070000000000,2.261108000000000,,,,,,,,,,
c_decompress,micro,1536,140.0456430000000,payloads/matrix_micro.bin.gz,intermediate/task_c_decompress_1536mb_micro_1.out,97378,102156,46.249266,0.757981,37.517158,84.524405,2.1055039999999998,2.722914000000000,,,,,,,,,,
c_decompress,micro,1536,126.42550500000000,payloads/matrix_micro.bin.gz,intermediate/task_c_decompress_1536mb_micro_2.out,97378,102156,45.46692,0.759551,34.747797,80.974268,2.1417329999999999,2.9399270000000000,,,,,,,,,,
c_decompress,micro,1536,129.9912930000000,payloads/matrix_micro.bin.gz,intermediate/task_c_decompress_1536mb_micro_3.out,97378,102156,45.185728,0.856309,36.851207,82.893244,2.155061000000000,2.7721209999999998,,,,,,,,,,
c_decompress,micro,1536,125.43773700000000,payloads/matrix_micro.bin.gz,intermediate/task_c_decompress_1536mb_micro_4.out,97378,102156,42.549257,0.737551,38.420135,81.706943,2.288595000000000,2.6589179999999999,,,,,,,,,,
c_decompress,micro,1536,145.8573340000000,payloads/matrix_micro.bin.gz,intermediate/task_c_decompress_1536mb_micro_5.out,97378,102156,56.779353,0.727328,39.560301,97.066982,1.71502500000000,2.58228600000000,,,,,,,,,,
c_decompress,micro,2048,122.16567999999999,payloads/matrix_micro.bin.gz,intermediate/task_c_decompress_2048mb_micro_1.out,97378,102156,43.788903,0.76083,33.610532,78.160265,2.2238050000000000,3.039404000000000,,,,,,,,,,
c_decompress,micro,2048,112.6241680000000,payloads/matrix_micro.bin.gz,intermediate/task_c_decompress_2048mb_micro_2.out,97378,102156,37.981871,0.753746,31.148764,69.884381,2.5638019999999999,3.2796159999999999,,,,,,,,,,
c_decompress,micro,2048,137.5222210000000,payloads/matrix_micro.bin.gz,intermediate/task_c_decompress_2048mb_micro_3.out,97378,102156,45.768126,0.796756,39.917097,86.481979,2.127638000000000,2.559204000000000,,,,,,,,,,
c_decompress,micro,2048,136.06715199999999,payloads/matrix_micro.bin.gz,intermediate/task_c_decompress_2048mb_micro_4.out,97378,102156,50.561903,0.725326,38.750904,90.038133,1.9259160000000000,2.636222000000000,,,,,,,,,,
c_decompress,micro,2048,140.761137000000,payloads/matrix_micro.bin.gz,intermediate/task_c_decompress_2048mb_micro_5.out,97378,102156,48.541721,0.722934,39.67637,88.941025,2.006068000000000,2.574732000000000,,,,,,,,,,
c_decompress,small,128,1580.369473000000,payloads/matrix_small.bin.gz,intermediate/task_c_decompress_128mb_small_1.out,4986764,5235852,398.69345,619.772566,479.255616,1497.721632,12.507764999999999,10.924967000000001,,,,,,,,,,
c_decompress,small,128,1616.2254809999999,payloads/matrix_small.bin.gz,intermediate/task_c_decompress_128mb_small_2.out,4986764,5235852,399.91887,540.212778,559.062629,1499.194277,12.469438999999999,9.365411999999999,,,,,,,,,,
c_decompress,small,128,1660.1448060000000,payloads/matrix_small.bin.gz,intermediate/task_c_decompress_128mb_small_3.out,4986764,5235852,379.655448,561.935764,557.866787,1499.457999,13.134973000000000,9.38548800000000,,,,,,,,,,
c_decompress,small,128,1741.155386000000,payloads/matrix_small.bin.gz,intermediate/task_c_decompress_128mb_small_4.out,4986764,5235852,458.894633,598.339767,585.369348,1642.603748,10.866904000000000,8.944527000000001,,,,,,,,,,
c_decompress,small,128,1601.978064000000,payloads/matrix_small.bin.gz,intermediate/task_c_decompress_128mb_small_5.out,4986764,5235852,398.83973,561.084532,557.674577,1517.598839,12.503178000000000,9.388723000000001,,,,,,,,,,
c_decompress,small,256,864.1629220000000,payloads/matrix_small.bin.gz,intermediate/task_c_decompress_256mb_small_1.out,4986764,5235852,197.790511,261.736447,333.094824,792.621782,25.212351999999999,15.718802999999999,,,,,,,,,,
c_decompress,small,256,859.1079710000000,payloads/matrix_small.bin.gz,intermediate/task_c_decompress_256mb_small_2.out,4986764,5235852,180.911754,299.177452,314.92324,795.012446,27.56462100000000,16.6258040000000,,,,,,,,,,
c_decompress,small,256,880.3331850000000,payloads/matrix_small.bin.gz,intermediate/task_c_decompress_256mb_small_3.out,4986764,5235852,182.018215,297.155446,336.414177,815.587838,27.39706000000000,15.563708000000000,,,,,,,,,,
c_decompress,small,256,872.4620340000000,payloads/matrix_small.bin.gz,intermediate/task_c_decompress_256mb_small_4.out,4986764,5235852,200.241812,281.831322,325.829358,807.902492,24.903710000000000,16.069306999999998,,,,,,,,,,
c_decompress,small,256,896.4715000000000,payloads/matrix_small.bin.gz,intermediate/task_c_decompress_256mb_small_5.out,4986764,5235852,201.211828,261.278367,363.100457,825.590652,24.783652000000000,14.419843999999999,,,,,,,,,,
c_decompress,small,512,509.90891500000,payloads/matrix_small.bin.gz,intermediate/task_c_decompress_512mb_small_0.out,4986764,5235852,123.786782,193.131736,145.61671,462.535228,40.28510900000000,35.95639500000000,,,,,,,,,,
c_decompress,small,512,444.6542260000000,payloads/matrix_small.bin.gz,intermediate/task_c_decompress_512mb_small_1.out,4986764,5235852,90.835631,154.247221,150.637033,395.719885,54.8987650000000,34.758065999999999,,,,,,,,,,
c_decompress,small,512,440.61779999999999,payloads/matrix_small.bin.gz,intermediate/task_c_decompress_512mb_small_3.out,4986764,5235852,104.433116,141.77262,146.099232,392.304968,47.75079200000000,35.837642000000002,,,,,,,,,,
c_decompress,small,512,487.36071600000002,payloads/matrix_small.bin.gz,intermediate/task_c_decompress_512mb_small_4.out,4986764,5235852,107.341162,142.900608,188.532316,438.774086,46.45714600000000,27.771642000000000,,,,,,,,,,
c_decompress,small,512,514.0056610000000,payloads/matrix_small.bin.gz,intermediate/task_c_decompress_512mb_small_5.out,4986764,5235852,104.648948,155.179803,209.100137,468.928888,47.65230900000000,25.039926000000,,,,,,,,,,
c_decompress,small,768,451.7524240000000,payloads/matrix_small.bin.gz,intermediate/task_c_decompress_768mb_small_0.out,4986764,5235852,159.368436,118.037255,127.915239,405.32093,31.29078800000000,40.93219900000000,,,,,,,,,,
c_decompress,small,768,360.66484500000001,payloads/matrix_small.bin.gz,intermediate/task_c_decompress_768mb_small_2.out,4986764,5235852,92.491589,90.697667,133.848078,317.037334,53.91586500000000,39.11787200000000,,,,,,,,,,
c_decompress,small,768,339.31803700000000,payloads/matrix_small.bin.gz,intermediate/task_c_decompress_768mb_small_3.out,4986764,5235852,84.500413,96.18819,103.700577,284.38918,59.01467000000000,50.490094999999997,,,,,,,,,,
c_decompress,small,768,350.771427000000,payloads/matrix_small.bin.gz,intermediate/task_c_decompress_768mb_small_4.out,4986764,5235852,98.339716,92.38125,111.987882,302.708848,50.70956300000000,46.753737000000001,,,,,,,,,,
c_decompress,small,768,341.9489860000000,payloads/matrix_small.bin.gz,intermediate/task_c_decompress_768mb_small_5.out,4986764,5235852,89.921793,89.257021,115.936954,295.115768,55.45667900000000,45.16120000000000,,,,,,,,,,
c_decompress,small,1024,337.1455670000000,payloads/matrix_small.bin.gz,intermediate/task_c_decompress_1024mb_small_1.out,4986764,5235852,79.066424,69.182282,129.475018,277.723724,63.07056500000000,40.43909100000000,,,,,,,,,,
c_decompress,small,1024,321.3214870000000,payloads/matrix_small.bin.gz,intermediate/task_c_decompress_1024mb_small_2.out,4986764,5235852,93.310562,70.523495,112.791736,276.625793,53.44265300000000,46.420529000000002,,,,,,,,,,
c_decompress,small,1024,328.37581599999999,payloads/matrix_small.bin.gz,intermediate/task_c_decompress_1024mb_small_3.out,4986764,5235852,116.087195,65.18933,101.586992,282.863517,42.95705500000000,51.54057500000000,,,,,,,,,,
c_decompress,small,1024,280.8210850000000,payloads/matrix_small.bin.gz,intermediate/task_c_decompress_1024mb_small_4.out,4986764,5235852,78.968972,69.207998,85.179895,233.356865,63.14839700000000,61.46816700000000,,,,,,,,,,
c_decompress,small,1024,303.77864799999998,payloads/matrix_small.bin.gz,intermediate/task_c_decompress_1024mb_small_5.out,4986764,5235852,68.489387,65.242884,108.347187,242.079458,72.81075500000000,48.32476200000000,,,,,,,,,,
c_decompress,small,1536,322.17884099999998,payloads/matrix_small.bin.gz,intermediate/task_c_decompress_1536mb_small_1.out,4986764,5235852,96.978083,51.020818,116.038211,264.037112,51.4215570000000,45.12179200000000,,,,,,,,,,
c_decompress,small,1536,253.57317900000001,payloads/matrix_small.bin.gz,intermediate/task_c_decompress_1536mb_small_2.out,4986764,5235852,75.508436,45.464551,87.405646,208.378633,66.04247500000000,59.90290400000000,,,,,,,,,,
c_decompress,small,1536,254.8592090000000,payloads/matrix_small.bin.gz,intermediate/task_c_decompress_1536mb_small_3.out,4986764,5235852,70.999319,51.54215,88.693908,211.235377,70.23678600000000,59.03282600000000,,,,,,,,,,
c_decompress,small,1536,292.5069330000000,payloads/matrix_small.bin.gz,intermediate/task_c_decompress_1536mb_small_4.out,4986764,5235852,73.257448,46.020149,128.056868,247.334465,68.07176800000001,40.88692800000000,,,,,,,,,,
c_decompress,small,1536,260.2396010000000,payloads/matrix_small.bin.gz,intermediate/task_c_decompress_1536mb_small_5.out,4986764,5235852,71.586289,44.870851,97.020164,213.477304,69.66088200000000,53.96663700000000,,,,,,,,,,
c_decompress,small,2048,299.4065280000000,payloads/matrix_small.bin.gz,intermediate/task_c_decompress_2048mb_small_1.out,4986764,5235852,67.104108,41.518999,144.387106,253.010213,74.31384100000000,36.26260100000000,,,,,,,,,,
c_decompress,small,2048,239.5727630000000,payloads/matrix_small.bin.gz,intermediate/task_c_decompress_2048mb_small_2.out,4986764,5235852,77.044626,40.738208,72.116098,189.898932,64.72565700000000,72.60309599999999,,,,,,,,,,
c_decompress,small,2048,279.97541400000000,payloads/matrix_small.bin.gz,intermediate/task_c_decompress_2048mb_small_3.out,4986764,5235852,90.198098,42.231238,102.735895,235.165231,55.2867980000000,50.96419300000000,,,,,,,,,,
c_decompress,small,2048,265.0468350000000,payloads/matrix_small.bin.gz,intermediate/task_c_decompress_2048mb_small_4.out,4986764,5235852,79.972793,40.926849,99.57361,220.473252,62.35575600000000,52.58272700000000,,,,,,,,,,
c_decompress,small,2048,231.9307330000000,payloads/matrix_small.bin.gz,intermediate/task_c_decompress_2048mb_small_5.out,4986764,5235852,70.958653,40.058324,78.031534,189.048511,70.27703900000000,67.0991810000000,,,,,,,,,,
c_decompress,medium,256,6298.943281000000,payloads/matrix_medium.bin.gz,intermediate/task_c_decompress_256mb_medium_1.out,49893161,52387852,700.775812,2918.305617,2608.101171,6227.1826,71.19703600000000,20.086587000000002,,,,,,,,,,
c_decompress,medium,256,6278.673410000000,payloads/matrix_medium.bin.gz,intermediate/task_c_decompress_256mb_medium_2.out,49893161,52387852,742.358026,2896.713061,2559.254928,6198.326015,67.20902800000000,20.46996200000000,,,,,,,,,,
c_decompress,medium,256,6097.889423000000,payloads/matrix_medium.bin.gz,intermediate/task_c_decompress_256mb_medium_3.out,49893161,52387852,621.388671,2861.992493,2522.340609,6005.721773,80.29300100000000,20.769539000000002,,,,,,,,,,
c_decompress,medium,256,6420.073509000000,payloads/matrix_medium.bin.gz,intermediate/task_c_decompress_256mb_medium_4.out,49893161,52387852,801.062317,2876.899393,2650.95161,6328.91332,62.283745000000003,19.761904000000001,,,,,,,,,,
c_decompress,medium,256,6482.074022000000,payloads/matrix_medium.bin.gz,intermediate/task_c_decompress_256mb_medium_5.out,49893161,52387852,779.199771,2858.188091,2761.265316,6398.653178,64.0312830000000,18.972408000000001,,,,,,,,,,
c_decompress,medium,512,3223.9091400000002,payloads/matrix_medium.bin.gz,intermediate/task_c_decompress_512mb_medium_1.out,49893161,52387852,544.417033,1437.311382,1179.139684,3160.868099,91.64511400000001,44.42887700000000,,,,,,,,,,
c_decompress,medium,512,3272.092581000000,payloads/matrix_medium.bin.gz,intermediate/task_c_decompress_512mb_medium_2.out,49893161,52387852,529.058656,1420.920551,1266.459677,3216.438884,94.30553800000000,41.36559000000000,,,,,,,,,,
c_decompress,medium,512,3177.4535179999998,payloads/matrix_medium.bin.gz,intermediate/task_c_decompress_512mb_medium_3.out,49893161,52387852,554.665251,1421.689615,1151.479832,3127.834698,89.95184200000000,45.49610900000000,,,,,,,,,,
c_decompress,medium,512,3356.491804000000,payloads/matrix_medium.bin.gz,intermediate/task_c_decompress_512mb_medium_4.out,49893161,52387852,555.674881,1420.813211,1329.15629,3305.644382,89.78840500000000,39.41436600000000,,,,,,,,,,
c_decompress,medium,512,3241.652012000000,payloads/matrix_medium.bin.gz,intermediate/task_c_decompress_512mb_medium_5.out,49893161,52387852,540.766861,1440.379209,1195.673261,3176.819331,92.26371800000000,43.81452200000000,,,,,,,,,,
c_decompress,medium,768,2367.767572000000,payloads/matrix_medium.bin.gz,intermediate/task_c_decompress_768mb_medium_1.out,49893161,52387852,524.29585,932.741936,859.3661,2316.403886,95.1622280000000,60.96104100000000,,,,,,,,,,
c_decompress,medium,768,2269.361973000000,payloads/matrix_medium.bin.gz,intermediate/task_c_decompress_768mb_medium_2.out,49893161,52387852,519.63705,917.192686,781.392277,2218.222013,96.0154030000000,67.04424100000000,,,,,,,,,,
c_decompress,medium,768,2348.6900329999999,payloads/matrix_medium.bin.gz,intermediate/task_c_decompress_768mb_medium_3.out,49893161,52387852,535.709705,923.806625,833.781007,2293.297337,93.1346970000000,62.83166900000000,,,,,,,,,,
c_decompress,medium,768,2242.295742000000,payloads/matrix_medium.bin.gz,intermediate/task_c_decompress_768mb_medium_4.out,49893161,52387852,518.641126,912.793611,758.46254,2189.897277,96.19977799999999,69.07111300000000,,,,,,,,,,
c_decompress,medium,768,2270.712614000000,payloads/matrix_medium.bin.gz,intermediate/task_c_decompress_768mb_medium_5.out,49893161,52387852,518.934956,927.886998,775.359771,2222.181725,96.14530800000000,67.56586299999999,,,,,,,,,,
c_decompress,medium,1024,1860.3720659999999,payloads/matrix_medium.bin.gz,intermediate/task_c_decompress_1024mb_medium_1.out,49893161,52387852,517.274625,703.860609,587.122801,1808.258035,96.45391200000000,89.22810000000000,,,,,,,,,,
c_decompress,medium,1024,1875.615358000000,payloads/matrix_medium.bin.gz,intermediate/task_c_decompress_1024mb_medium_2.out,49893161,52387852,518.295393,691.885331,610.476209,1820.656933,96.2639480000000,85.81473200000001,,,,,,,,,,
c_decompress,medium,1024,1841.8474200000001,payloads/matrix_medium.bin.gz,intermediate/task_c_decompress_1024mb_medium_3.out,49893161,52387852,524.492042,695.747238,572.006194,1792.245474,95.12663100000000,91.58616200000000,,,,,,,,,,
c_decompress,medium,1024,1914.9284359999999,payloads/matrix_medium.bin.gz,intermediate/task_c_decompress_1024mb_medium_4.out,49893161,52387852,514.510453,697.262536,648.426799,1860.199788,96.97210400000000,80.79223800000000,,,,,,,,,,
c_decompress,medium,1024,1917.4797530000001,payloads/matrix_medium.bin.gz,intermediate/task_c_decompress_1024mb_medium_5.out,49893161,52387852,517.84714,698.352208,647.527782,1863.72713,96.34727500000000,80.90440800000000,,,,,,,,,,
c_decompress,medium,1536,1533.3800320000000,payloads/matrix_medium.bin.gz,intermediate/task_c_decompress_1536mb_medium_1.out,49893161,52387852,516.958474,476.784239,484.864107,1478.60682,96.5128990000000,108.04646300000000,,,,,,,,,,
c_decompress,medium,1536,1544.0983770000000,payloads/matrix_medium.bin.gz,intermediate/task_c_decompress_1536mb_medium_2.out,49893161,52387852,517.828171,464.089875,505.374676,1487.292722,96.35080499999999,103.66141100000000,,,,,,,,,,
c_decompress,medium,1536,5071.406603000000,payloads/matrix_medium.bin.gz,intermediate/task_c_decompress_1536mb_medium_3.out,49893161,52387852,517.273066,463.779944,4041.333453,5022.386463,96.4542020000000,12.96301100000000,,,,,,,,,,
c_decompress,medium,1536,1604.3691640000000,payloads/matrix_medium.bin.gz,intermediate/task_c_decompress_1536mb_medium_4.out,49893161,52387852,526.10727,472.136082,551.894222,1550.137574,94.8345780000000,94.9237190000000,,,,,,,,,,
c_decompress,medium,1536,1649.0161419999999,payloads/matrix_medium.bin.gz,intermediate/task_c_decompress_1536mb_medium_5.out,49893161,52387852,569.891276,480.047815,549.410083,1599.349174,87.5485610000000,95.35291300000000,,,,,,,,,,
c_decompress,medium,2048,1468.661547000000,payloads/matrix_medium.bin.gz,intermediate/task_c_decompress_2048mb_medium_1.out,49893161,52387852,517.252991,404.700502,494.803879,1416.757372,96.457946000000,105.87599299999999,,,,,,,,,,
c_decompress,medium,2048,1529.9196240000001,payloads/matrix_medium.bin.gz,intermediate/task_c_decompress_2048mb_medium_2.out,49893161,52387852,520.856003,401.545558,535.3908,1457.792361,95.79070000000000,97.84974300000000,,,,,,,,,,
c_decompress,medium,2048,1450.169325000000,payloads/matrix_medium.bin.gz,intermediate/task_c_decompress_2048mb_medium_3.out,49893161,52387852,514.803103,402.691895,480.590069,1398.085067,96.91697800000000,109.00735400000001,,,,,,,,,,
c_decompress,medium,2048,1485.1131439999999,payloads/matrix_medium.bin.gz,intermediate/task_c_decompress_2048mb_medium_4.out,49893161,52387852,518.971606,403.521453,507.946214,1430.439273,96.13851800000000,103.136613000000,,,,,,,,,,
c_decompress,medium,2048,1451.404095000000,payloads/matrix_medium.bin.gz,intermediate/task_c_decompress_2048mb_medium_5.out,49893161,52387852,514.421908,401.599859,482.157611,1398.179378,96.98879500000000,108.65296100000000,,,,,,,,,,
c_decompress,large,1024,9037.352323999999,payloads/matrix_large.bin.gz,intermediate/task_c_decompress_1024mb_large_1.out,249631588,262113412,2518.669413,3595.126131,2841.971012,8955.766556,99.1124860000000,92.2294460000000,,,,,,,,,,
c_decompress,large,1024,8760.93316100000,payloads/matrix_large.bin.gz,intermediate/task_c_decompress_1024mb_large_2.out,249631588,262113412,2518.224381,3557.69546,2592.639177,8668.559018,99.13000200000000,101.099071000000,,,,,,,,,,
c_decompress,large,1024,8879.560947000000,payloads/matrix_large.bin.gz,intermediate/task_c_decompress_1024mb_large_3.out,249631588,262113412,2524.104565,3563.207993,2703.984102,8791.29666,98.89906800000000,96.93600300000000,,,,,,,,,,
c_decompress,large,1024,8846.693754000000,payloads/matrix_large.bin.gz,intermediate/task_c_decompress_1024mb_large_4.out,249631588,262113412,2515.966037,3559.747671,2689.824032,8765.53774,99.21898200000000,97.44630500000000,,,,,,,,,,
c_decompress,large,1024,8991.077900000000,payloads/matrix_large.bin.gz,intermediate/task_c_decompress_1024mb_large_5.out,249631588,262113412,2523.56227,3564.345353,2822.971057,8910.87868,98.9203200000000,92.85019500000000,,,,,,,,,,
c_decompress,large,1536,7259.731531000000,payloads/matrix_large.bin.gz,intermediate/task_c_decompress_1536mb_large_1.out,249631588,262113412,2516.027889,2376.789289,2289.205482,7182.02266,99.21654300000000,114.49973100000000,,,,,,,,,,
c_decompress,large,1536,7266.197681000000,payloads/matrix_large.bin.gz,intermediate/task_c_decompress_1536mb_large_2.out,249631588,262113412,2514.354596,2372.154356,2305.813909,7192.322861,99.28257100000000,113.67500699999999,,,,,,,,,,
c_decompress,large,1536,7272.204876000000,payloads/matrix_large.bin.gz,intermediate/task_c_decompress_1536mb_large_3.out,249631588,262113412,2515.124413,2372.823794,2308.458069,7196.406276,99.2521830000000,113.54480100000001,,,,,,,,,,
c_decompress,large,1536,7270.072460000000,payloads/matrix_large.bin.gz,intermediate/task_c_decompress_1536mb_large_4.out,249631588,262113412,2512.698585,2370.860923,2316.908975,7200.468483,99.3480040000000,113.13064700000000,,,,,,,,,,
c_decompress,large,1536,7269.964218000000,payloads/matrix_large.bin.gz,intermediate/task_c_decompress_1536mb_large_5.out,249631588,262113412,2514.979807,2375.14038,2308.540319,7198.660506,99.257890000000,113.54075600000000,,,,,,,,,,
c_decompress,large,2048,9427.35719700000,payloads/matrix_large.bin.gz,intermediate/task_c_decompress_2048mb_large_1.out,249631588,262113412,2516.511594,2058.186413,4780.454964,9355.152971,99.19747200000000,54.83022300000000,,,,,,,,,,
c_decompress,large,2048,7023.638964000000,payloads/matrix_large.bin.gz,intermediate/task_c_decompress_2048mb_large_2.out,249631588,262113412,2515.548251,2044.1872,2385.091223,6944.826674,99.2354600000000,109.89659800000000,,,,,,,,,,
c_decompress,large,2048,6970.3209400000,payloads/matrix_large.bin.gz,intermediate/task_c_decompress_2048mb_large_3.out,249631588,262113412,2537.665899,2049.79373,2300.656173,6888.115802,98.37054900000000,113.9298500000000,,,,,,,,,,
c_decompress,large,2048,6941.487074000000,payloads/matrix_large.bin.gz,intermediate/task_c_decompress_2048mb_large_4.out,249631588,262113412,2518.966448,2050.695246,2301.755981,6871.417675,99.10079899999999,113.8754130000000,,,,,,,,,,
c_decompress,large,2048,6924.901724000000,payloads/matrix_large.bin.gz,intermediate/task_c_decompress_2048mb_large_5.out,249631588,262113412,2515.477734,2046.057267,2291.229902,6852.764903,99.23824200000000,114.3985650000000,,,,,,,,,,
e_matrix_multiply,micro,128,455.8522700000000,payloads/matrix_micro.bin,intermediate/task_e_matrix_multiply_128mb_micro_1.out,102156,102156,218.929033,0.282106,100.425264,319.636403,0.4666170000000000,1.0172340000000000,,,,,,,,,,
e_matrix_multiply,micro,128,485.81862400000,payloads/matrix_micro.bin,intermediate/task_e_matrix_multiply_128mb_micro_2.out,102156,102156,236.988201,0.315928,183.248261,420.55239,0.4310590000000000,0.5574730000000000,,,,,,,,,,
e_matrix_multiply,micro,128,460.4344370000000,payloads/matrix_micro.bin,intermediate/task_e_matrix_multiply_128mb_micro_3.out,102156,102156,200.767351,0.294741,162.741985,363.804077,0.5088279999999999,0.627718000000000,,,,,,,,,,
e_matrix_multiply,micro,128,456.36916200000002,payloads/matrix_micro.bin,intermediate/task_e_matrix_multiply_128mb_micro_4.out,102156,102156,220.626366,0.272704,138.609166,359.508236,0.4630270000000000,0.7370080000000000,,,,,,,,,,
e_matrix_multiply,micro,128,479.6187880000000,payloads/matrix_micro.bin,intermediate/task_e_matrix_multiply_128mb_micro_5.out,102156,102156,218.793446,0.279181,179.199083,398.27171,0.466906000000000,0.5700700000000000,,,,,,,,,,
e_matrix_multiply,micro,256,261.185884000000,payloads/matrix_micro.bin,intermediate/task_e_matrix_multiply_256mb_micro_1.out,102156,102156,129.84615,0.266956,49.7544,179.867506,0.7867459999999999,2.0532050000000002,,,,,,,,,,
e_matrix_multiply,micro,256,299.4992730000000,payloads/matrix_micro.bin,intermediate/task_e_matrix_multiply_256mb_micro_2.out,102156,102156,176.095224,0.312882,62.192991,238.601097,0.5801180000000000,1.6425650000000001,,,,,,,,,,
e_matrix_multiply,micro,256,296.8678470000000,payloads/matrix_micro.bin,intermediate/task_e_matrix_multiply_256mb_micro_3.out,102156,102156,113.647071,0.320293,84.955703,198.923067,0.8988880000000000,1.202462000000000,,,,,,,,,,
e_matrix_multiply,micro,256,298.70057100000002,payloads/matrix_micro.bin,intermediate/task_e_matrix_multiply_256mb_micro_4.out,102156,102156,114.615336,0.267945,102.349938,217.233219,0.891294000000000,0.9981050000000,,,,,,,,,,
e_matrix_multiply,micro,256,300.0786300000000,payloads/matrix_micro.bin,intermediate/task_e_matrix_multiply_256mb_micro_5.out,102156,102156,136.974705,0.271327,48.48796,185.733992,0.7458020000000000,2.10683200000000,,,,,,,,,,
e_matrix_multiply,micro,512,182.8165050000000,payloads/matrix_micro.bin,intermediate/task_e_matrix_multiply_512mb_micro_1.out,102156,102156,80.60738,1.285128,40.020466,121.912974,1.2673280000000000,2.5525940000000000,,,,,,,,,,
e_matrix_multiply,micro,512,164.40415400000001,payloads/matrix_micro.bin,intermediate/task_e_matrix_multiply_512mb_micro_2.out,102156,102156,66.949913,0.300351,44.289135,111.539399,1.5258570000000000,2.306570000000000,,,,,,,,,,
e_matrix_multiply,micro,512,156.75067899999999,payloads/matrix_micro.bin,intermediate/task_e_matrix_multiply_512mb_micro_3.out,102156,102156,66.060234,0.320678,36.896989,103.277901,1.5464070000000001,2.7686809999999999,,,,,,,,,,
e_matrix_multiply,micro,512,159.25908100000001,payloads/matrix_micro.bin,intermediate/task_e_matrix_multiply_512mb_micro_4.out,102156,102156,65.381018,0.277493,40.083594,105.742105,1.5624720000000001,2.548574000000000,,,,,,,,,,
e_matrix_multiply,micro,512,181.75864200000001,payloads/matrix_micro.bin,intermediate/task_e_matrix_multiply_512mb_micro_5.out,102156,102156,72.75875,0.276993,48.002459,121.038202,1.4040370000000000,2.128141000000000,,,,,,,,,,
e_matrix_multiply,micro,768,133.9569090000000,payloads/matrix_micro.bin,intermediate/task_e_matrix_multiply_768mb_micro_1.out,102156,102156,42.625858,0.286785,42.489704,85.402347,2.3965730000000001,2.4042530000000002,,,,,,,,,,
e_matrix_multiply,micro,768,150.50506600000000,payloads/matrix_micro.bin,intermediate/task_e_matrix_multiply_768mb_micro_2.out,102156,102156,58.571439,0.303128,40.284839,99.159406,1.744127000000000,2.535842000000000,,,,,,,,,,
e_matrix_multiply,micro,768,149.11866200000000,payloads/matrix_micro.bin,intermediate/task_e_matrix_multiply_768mb_micro_3.out,102156,102156,56.2264,0.397149,43.824001,100.44755,1.816869000000000,2.331051000000000,,,,,,,,,,
e_matrix_multiply,micro,768,164.47758700000000,payloads/matrix_micro.bin,intermediate/task_e_matrix_multiply_768mb_micro_4.out,102156,102156,54.410304,0.286885,40.314255,95.011444,1.8775120000000001,2.533992000000000,,,,,,,,,,
e_matrix_multiply,micro,768,155.31635299999999,payloads/matrix_micro.bin,intermediate/task_e_matrix_multiply_768mb_micro_5.out,102156,102156,49.124233,0.272956,40.32367,89.720859,2.079544000000000,2.5333999999999999,,,,,,,,,,
e_matrix_multiply,micro,1024,147.58825300000001,payloads/matrix_micro.bin,intermediate/task_e_matrix_multiply_1024mb_micro_1.out,102156,102156,52.275181,0.290546,36.715261,89.280988,1.9541970000000000,2.7823850000000001,,,,,,,,,,
e_matrix_multiply,micro,1024,129.0304660000000,payloads/matrix_micro.bin,intermediate/task_e_matrix_multiply_1024mb_micro_2.out,102156,102156,46.284878,0.293917,34.692488,81.271283,2.207114000000000,2.9446140000000001,,,,,,,,,,
e_matrix_multiply,micro,1024,141.29948600000000,payloads/matrix_micro.bin,intermediate/task_e_matrix_multiply_1024mb_micro_3.out,102156,102156,47.649618,0.321819,36.114817,84.086254,2.1438999999999999,2.828645000000000,,,,,,,,,,
e_matrix_multiply,micro,1024,139.04142400000001,payloads/matrix_micro.bin,intermediate/task_e_matrix_multiply_1024mb_micro_4.out,102156,102156,44.221586,0.246964,44.390099,88.858649,2.310094000000000,2.3013240000000001,,,,,,,,,,
e_matrix_multiply,micro,1024,138.01956200000001,payloads/matrix_micro.bin,intermediate/task_e_matrix_multiply_1024mb_micro_5.out,102156,102156,52.552998,0.269182,38.714679,91.536859,1.9438660000000001,2.638689000000000,,,,,,,,,,
e_matrix_multiply,micro,1536,139.36448100000001,payloads/matrix_micro.bin,intermediate/task_e_matrix_multiply_1536mb_micro_1.out,102156,102156,48.228383,0.265434,38.693062,87.186879,2.1181719999999999,2.640163000000000,,,,,,,,,,
e_matrix_multiply,micro,1536,131.14237800000001,payloads/matrix_micro.bin,intermediate/task_e_matrix_multiply_1536mb_micro_2.out,102156,102156,45.554355,0.311999,36.322246,82.1886,2.242508000000000,2.8124910000000001,,,,,,,,,,
e_matrix_multiply,micro,1536,138.68141199999999,payloads/matrix_micro.bin,intermediate/task_e_matrix_multiply_1536mb_micro_3.out,102156,102156,47.276653,0.335228,35.801949,83.41383,2.1608130000000001,2.853364000000000,,,,,,,,,,
e_matrix_multiply,micro,1536,131.95276300000000,payloads/matrix_micro.bin,intermediate/task_e_matrix_multiply_1536mb_micro_4.out,102156,102156,43.746899,0.290098,39.919908,83.956905,2.33516000000000,2.559024000000000,,,,,,,,,,
e_matrix_multiply,micro,1536,141.80827099999999,payloads/matrix_micro.bin,intermediate/task_e_matrix_multiply_1536mb_micro_5.out,102156,102156,49.616628,0.603029,42.224617,92.444274,2.0589070000000000,2.4193470000000001,,,,,,,,,,
e_matrix_multiply,micro,2048,143.7668800000000,payloads/matrix_micro.bin,intermediate/task_e_matrix_multiply_2048mb_micro_1.out,102156,102156,55.300068,0.25738,44.215972,99.77342,1.8473029999999999,2.310387000000000,,,,,,,,,,
e_matrix_multiply,micro,2048,140.852690000000,payloads/matrix_micro.bin,intermediate/task_e_matrix_multiply_2048mb_micro_2.out,102156,102156,45.179915,0.284253,43.61506,89.079228,2.261093000000000,2.342218000000000,,,,,,,,,,
e_matrix_multiply,micro,2048,138.33093600000001,payloads/matrix_micro.bin,intermediate/task_e_matrix_multiply_2048mb_micro_3.out,102156,102156,48.139126,0.380661,38.444332,86.964119,2.1220990000000000,2.6572450000000,,,,,,,,,,
e_matrix_multiply,micro,2048,146.4517120000000,payloads/matrix_micro.bin,intermediate/task_e_matrix_multiply_2048mb_micro_4.out,102156,102156,45.678772,0.275061,46.836035,92.789868,2.236400000000000,2.18114100000000,,,,,,,,,,
e_matrix_multiply,micro,2048,135.47134399999999,payloads/matrix_micro.bin,intermediate/task_e_matrix_multiply_2048mb_micro_5.out,102156,102156,49.201548,0.276619,41.160188,90.638355,2.076276000000000,2.481913000000000,,,,,,,,,,
e_matrix_multiply,small,128,1914.9410720000001,payloads/matrix_small.bin,intermediate/task_e_matrix_multiply_128mb_small_1.out,5235852,5235852,420.490857,800.529617,519.331019,1740.351493,12.451762000000000,10.081917000000001,,,,,,,,,,
e_matrix_multiply,small,128,1759.4783310000000,payloads/matrix_small.bin,intermediate/task_e_matrix_multiply_128mb_small_2.out,5235852,5235852,398.291158,778.925765,515.882899,1693.099822,13.145790000000000,10.149303000000000,,,,,,,,,,
e_matrix_multiply,small,128,1779.8914910000001,payloads/matrix_small.bin,intermediate/task_e_matrix_multiply_128mb_small_3.out,5235852,5235852,379.811694,722.491673,537.005917,1639.309284,13.785389000000000,9.750083000000000,,,,,,,,,,
e_matrix_multiply,small,128,1962.076187000000,payloads/matrix_small.bin,intermediate/task_e_matrix_multiply_128mb_small_4.out,5235852,5235852,399.71945,898.689491,579.420833,1877.829774,13.09881700000000,9.036353999999999,,,,,,,,,,
e_matrix_multiply,small,128,1840.165615000000,payloads/matrix_small.bin,intermediate/task_e_matrix_multiply_128mb_small_5.out,5235852,5235852,378.673238,858.094383,539.592508,1776.360129,13.826834000000000,9.703345000000001,,,,,,,,,,
e_matrix_multiply,small,256,1000.0548360000000,payloads/matrix_small.bin,intermediate/task_e_matrix_multiply_256mb_small_1.out,5235852,5235852,200.493596,379.65456,357.858448,938.006604,26.11480900000000,14.631069999999999,,,,,,,,,,
e_matrix_multiply,small,256,991.5359020000000,payloads/matrix_small.bin,intermediate/task_e_matrix_multiply_256mb_small_2.out,5235852,5235852,233.45221,362.50549,347.664993,943.622693,22.427938999999999,15.06004900000000,,,,,,,,,,
e_matrix_multiply,small,256,987.485647000000,payloads/matrix_small.bin,intermediate/task_e_matrix_multiply_256mb_small_3.out,5235852,5235852,241.727186,343.536385,345.691542,930.955113,21.6601700000000,15.146023000000000,,,,,,,,,,
e_matrix_multiply,small,256,980.2258010000000,payloads/matrix_small.bin,intermediate/task_e_matrix_multiply_256mb_small_4.out,5235852,5235852,199.802662,343.526625,375.198369,918.527656,26.20511600000000,13.954890000000001,,,,,,,,,,
e_matrix_multiply,small,256,974.3614200000000,payloads/matrix_small.bin,intermediate/task_e_matrix_multiply_256mb_small_5.out,5235852,5235852,219.310007,342.094858,350.326364,911.731229,23.87420500000000,14.945641000000000,,,,,,,,,,
e_matrix_multiply,small,512,543.877363000000,payloads/matrix_small.bin,intermediate/task_e_matrix_multiply_512mb_small_1.out,5235852,5235852,111.400065,214.353406,172.521579,498.27505,47.00043900000000,30.348969000000000,,,,,,,,,,
e_matrix_multiply,small,512,603.3961770000000,payloads/matrix_small.bin,intermediate/task_e_matrix_multiply_512mb_small_2.out,5235852,5235852,114.630142,237.35457,189.686784,541.671496,45.67604900000000,27.60261900000000,,,,,,,,,,
e_matrix_multiply,small,512,574.5835300000000,payloads/matrix_small.bin,intermediate/task_e_matrix_multiply_512mb_small_3.out,5235852,5235852,143.076501,181.918633,207.846614,532.841748,36.594771999999999,25.190942000000000,,,,,,,,,,
e_matrix_multiply,small,512,583.0395220000000,payloads/matrix_small.bin,intermediate/task_e_matrix_multiply_512mb_small_4.out,5235852,5235852,120.50841,179.354599,231.691339,531.554348,43.44802200000000,22.598393000000002,,,,,,,,,,
e_matrix_multiply,small,512,576.4153000000000,payloads/matrix_small.bin,intermediate/task_e_matrix_multiply_512mb_small_5.out,5235852,5235852,129.818436,210.675692,188.868943,529.363071,40.33211400000000,27.72214400000000,,,,,,,,,,
e_matrix_multiply,small,768,396.3170050000000,payloads/matrix_small.bin,intermediate/task_e_matrix_multiply_768mb_small_1.out,5235852,5235852,81.679974,87.235295,179.971538,348.886807,64.10202800000000,29.092666999999999,,,,,,,,,,
e_matrix_multiply,small,768,434.8628520000000,payloads/matrix_small.bin,intermediate/task_e_matrix_multiply_768mb_small_2.out,5235852,5235852,104.449225,118.246398,163.28143,385.977053,50.1282030000000,32.06642700000000,,,,,,,,,,
e_matrix_multiply,small,768,385.1757050000000,payloads/matrix_small.bin,intermediate/task_e_matrix_multiply_768mb_small_3.out,5235852,5235852,93.958167,99.721383,145.235928,338.915478,55.72535300000000,36.05066600000000,,,,,,,,,,
e_matrix_multiply,small,768,477.562428000000,payloads/matrix_small.bin,intermediate/task_e_matrix_multiply_768mb_small_4.out,5235852,5235852,72.810259,112.087208,243.896931,428.794398,71.91091000000000,21.46747800000000,,,,,,,,,,
e_matrix_multiply,small,768,423.0315690000000,payloads/matrix_small.bin,intermediate/task_e_matrix_multiply_768mb_small_5.out,5235852,5235852,77.369211,109.609359,187.811873,374.790443,67.6735870000000,27.878174000000001,,,,,,,,,,
e_matrix_multiply,small,1024,367.84839599999998,payloads/matrix_small.bin,intermediate/task_e_matrix_multiply_1024mb_small_1.out,5235852,5235852,78.439054,95.511764,151.186356,325.137174,66.75057600000000,34.631776000000002,,,,,,,,,,
e_matrix_multiply,small,1024,391.3626670000000,payloads/matrix_small.bin,intermediate/task_e_matrix_multiply_1024mb_small_2.out,5235852,5235852,97.18558,85.564245,160.312833,343.062658,53.87478300000000,32.660218000000000,,,,,,,,,,
e_matrix_multiply,small,1024,355.5717470000000,payloads/matrix_small.bin,intermediate/task_e_matrix_multiply_1024mb_small_3.out,5235852,5235852,84.634405,54.884283,172.983832,312.50252,61.86434500000000,30.26786900000000,,,,,,,,,,
e_matrix_multiply,small,1024,395.9577080000000,payloads/matrix_small.bin,intermediate/task_e_matrix_multiply_1024mb_small_4.out,5235852,5235852,85.859,74.847397,191.652334,352.358731,60.98198200000000,27.31953200000000,,,,,,,,,,
e_matrix_multiply,small,1024,382.0493220000000,payloads/matrix_small.bin,intermediate/task_e_matrix_multiply_1024mb_small_5.out,5235852,5235852,78.788373,78.685635,174.398434,331.872442,66.45462800000000,30.0223570000000,,,,,,,,,,
e_matrix_multiply,small,1536,314.04781300000002,payloads/matrix_small.bin,intermediate/task_e_matrix_multiply_1536mb_small_1.out,5235852,5235852,84.366559,53.602577,121.920809,259.889945,62.060751000000003,42.94469500000000,,,,,,,,,,
e_matrix_multiply,small,1536,286.0450740000000,payloads/matrix_small.bin,intermediate/task_e_matrix_multiply_1536mb_small_2.out,5235852,5235852,73.686768,42.890964,123.868716,240.446448,71.05552500000000,42.26936500000000,,,,,,,,,,
e_matrix_multiply,small,1536,286.23247099999998,payloads/matrix_small.bin,intermediate/task_e_matrix_multiply_1536mb_small_3.out,5235852,5235852,77.6383,49.419776,116.157543,243.215619,67.4390350000000,45.07543700000000,,,,,,,,,,
e_matrix_multiply,small,1536,334.6865180000000,payloads/matrix_small.bin,intermediate/task_e_matrix_multiply_1536mb_small_4.out,5235852,5235852,76.106502,45.701674,167.622598,289.430774,68.79638199999999,31.235955000000001,,,,,,,,,,
e_matrix_multiply,small,1536,279.91294900000003,payloads/matrix_small.bin,intermediate/task_e_matrix_multiply_1536mb_small_5.out,5235852,5235852,76.77387,47.668407,111.414673,235.85695,68.19835999999999,46.994276999999997,,,,,,,,,,
e_matrix_multiply,small,2048,240.6609060000000,payloads/matrix_small.bin,intermediate/task_e_matrix_multiply_2048mb_small_1.out,5235852,5235852,72.717481,37.823913,75.770166,186.31156,72.00265899999999,69.10176199999999,,,,,,,,,,
e_matrix_multiply,small,2048,282.87720700000000,payloads/matrix_small.bin,intermediate/task_e_matrix_multiply_2048mb_small_2.out,5235852,5235852,78.288992,38.464556,114.874471,231.628019,66.8785210000000,45.578899999999997,,,,,,,,,,
e_matrix_multiply,small,2048,293.6382290000000,payloads/matrix_small.bin,intermediate/task_e_matrix_multiply_2048mb_small_3.out,5235852,5235852,89.535957,40.96743,116.795303,247.29869,58.47764600000000,44.82930300000000,,,,,,,,,,
e_matrix_multiply,small,2048,270.95747000000000,payloads/matrix_small.bin,intermediate/task_e_matrix_multiply_2048mb_small_4.out,5235852,5235852,79.778083,37.328623,103.632639,220.739345,65.6302060000000,50.52319500000000,,,,,,,,,,
e_matrix_multiply,small,2048,291.0656930000000,payloads/matrix_small.bin,intermediate/task_e_matrix_multiply_2048mb_small_5.out,5235852,5235852,76.70198,32.965762,135.755054,245.422796,68.26228000000000,38.568376000000001,,,,,,,,,,
e_matrix_multiply,medium,512,5698.459148000000,payloads/matrix_medium.bin,intermediate/task_e_matrix_multiply_512mb_medium_1.out,52387852,52387852,570.496755,3871.410236,1193.662054,5635.569045,91.82848400000000,43.88834500000000,,,,,,,,,,
e_matrix_multiply,medium,512,5919.895649000000,payloads/matrix_medium.bin,intermediate/task_e_matrix_multiply_512mb_medium_2.out,52387852,52387852,577.477265,4065.124006,1221.756918,5864.358189,90.71846700000000,42.87911200000000,,,,,,,,,,
e_matrix_multiply,medium,512,5803.241968000000,payloads/matrix_medium.bin,intermediate/task_e_matrix_multiply_512mb_medium_3.out,52387852,52387852,566.459029,3853.549288,1325.617451,5745.625768,92.48303799999999,39.51958500000000,,,,,,,,,,
e_matrix_multiply,medium,512,5717.42844600000,payloads/matrix_medium.bin,intermediate/task_e_matrix_multiply_512mb_medium_4.out,52387852,52387852,572.985515,3908.832524,1155.162652,5636.980691,91.42962700000000,45.35106100000000,,,,,,,,,,
e_matrix_multiply,medium,512,5537.3375420000,payloads/matrix_medium.bin,intermediate/task_e_matrix_multiply_512mb_medium_5.out,52387852,52387852,564.841646,3771.801271,1146.298079,5482.940996,92.7478570000000,45.70177100000000,,,,,,,,,,
e_matrix_multiply,medium,768,3832.980156000000,payloads/matrix_medium.bin,intermediate/task_e_matrix_multiply_768mb_medium_1.out,52387852,52387852,545.285705,2493.879459,742.688763,3781.853927,96.07413400000000,70.53809699999999,,,,,,,,,,
e_matrix_multiply,medium,768,3847.590208000000,payloads/matrix_medium.bin,intermediate/task_e_matrix_multiply_768mb_medium_2.out,52387852,52387852,554.287956,2510.925783,732.007791,3797.22153,94.51378400000000,71.56734200000000,,,,,,,,,,
e_matrix_multiply,medium,768,3859.4367499999998,payloads/matrix_medium.bin,intermediate/task_e_matrix_multiply_768mb_medium_3.out,52387852,52387852,544.255744,2491.647967,767.029169,3802.93288,96.25594700000001,68.29968700000001,,,,,,,,,,
e_matrix_multiply,medium,768,3836.870670000000,payloads/matrix_medium.bin,intermediate/task_e_matrix_multiply_768mb_medium_4.out,52387852,52387852,544.010564,2509.264288,727.986852,3781.261704,96.29932800000000,71.96263500000001,,,,,,,,,,
e_matrix_multiply,medium,768,3806.268454000000,payloads/matrix_medium.bin,intermediate/task_e_matrix_multiply_768mb_medium_5.out,52387852,52387852,550.400375,2469.938272,734.006733,3754.34538,95.18135200000000,71.3724410000000,,,,,,,,,,
e_matrix_multiply,medium,1024,3292.370558000000,payloads/matrix_medium.bin,intermediate/task_e_matrix_multiply_1024mb_medium_1.out,52387852,52387852,543.412673,2052.114938,646.466198,3241.993809,96.40528200000000,81.03726399999999,,,,,,,,,,
e_matrix_multiply,medium,1024,3262.9966740000000,payloads/matrix_medium.bin,intermediate/task_e_matrix_multiply_1024mb_medium_2.out,52387852,52387852,544.968377,2067.263814,576.789196,3189.021387,96.13007700000000,90.8266870000000,,,,,,,,,,
e_matrix_multiply,medium,1024,3148.3848090000001,payloads/matrix_medium.bin,intermediate/task_e_matrix_multiply_1024mb_medium_3.out,52387852,52387852,542.802222,1987.840827,561.890764,3092.533813,96.513702000000,93.2349410000000,,,,,,,,,,
e_matrix_multiply,medium,1024,3330.3146360000001,payloads/matrix_medium.bin,intermediate/task_e_matrix_multiply_1024mb_medium_4.out,52387852,52387852,539.059522,2173.755673,569.186375,3282.00157,97.1837990000000,92.03989100000000,,,,,,,,,,
e_matrix_multiply,medium,1024,3314.182997000000,payloads/matrix_medium.bin,intermediate/task_e_matrix_multiply_1024mb_medium_5.out,52387852,52387852,543.096528,2133.505071,580.454386,3257.055985,96.46140100000000,90.2531760000000,,,,,,,,,,
e_matrix_multiply,medium,1536,2364.0565870000000,payloads/matrix_medium.bin,intermediate/task_e_matrix_multiply_1536mb_medium_1.out,52387852,52387852,541.405841,1292.128009,481.021926,2314.555776,96.7626280000000,108.90948899999999,,,,,,,,,,
e_matrix_multiply,medium,1536,2386.073589000000,payloads/matrix_medium.bin,intermediate/task_e_matrix_multiply_1536mb_medium_2.out,52387852,52387852,539.045803,1302.823738,494.721718,2336.591259,97.18627200000000,105.89357600000000,,,,,,,,,,
e_matrix_multiply,medium,1536,2366.5945529999999,payloads/matrix_medium.bin,intermediate/task_e_matrix_multiply_1536mb_medium_3.out,52387852,52387852,542.682285,1286.539502,494.085006,2323.306793,96.53503200000000,106.03003800000000,,,,,,,,,,
e_matrix_multiply,medium,1536,2405.140162000000,payloads/matrix_medium.bin,intermediate/task_e_matrix_multiply_1536mb_medium_4.out,52387852,52387852,544.377491,1266.810005,538.78059,2349.968086,96.23442000000000,97.23411200000000,,,,,,,,,,
e_matrix_multiply,medium,1536,2380.928040000000,payloads/matrix_medium.bin,intermediate/task_e_matrix_multiply_1536mb_medium_5.out,52387852,52387852,542.583998,1288.961947,484.578301,2316.124246,96.55251900000000,108.1101900000000,,,,,,,,,,
e_matrix_multiply,medium,2048,2056.9891929999999,payloads/matrix_medium.bin,intermediate/task_e_matrix_multiply_2048mb_medium_1.out,52387852,52387852,542.463148,946.187086,510.113498,1998.763732,96.57402900000000,102.69842300000001,,,,,,,,,,
e_matrix_multiply,medium,2048,2059.411764000000,payloads/matrix_medium.bin,intermediate/task_e_matrix_multiply_2048mb_medium_2.out,52387852,52387852,561.671204,939.145926,506.543809,2007.360939,93.27138700000000,103.42215400000001,,,,,,,,,,
e_matrix_multiply,medium,2048,2027.34375,payloads/matrix_medium.bin,intermediate/task_e_matrix_multiply_2048mb_medium_3.out,52387852,52387852,544.292523,949.011906,482.033265,1975.337694,96.24944300000000,108.68098900000000,,,,,,,,,,
e_matrix_multiply,medium,2048,2024.9602789999999,payloads/matrix_medium.bin,intermediate/task_e_matrix_multiply_2048mb_medium_4.out,52387852,52387852,539.973235,932.712326,498.828229,1971.51379,97.0193490000000,105.02182700000000,,,,,,,,,,
e_matrix_multiply,medium,2048,2011.440754000000,payloads/matrix_medium.bin,intermediate/task_e_matrix_multiply_2048mb_medium_5.out,52387852,52387852,540.625582,940.742647,480.513542,1961.881771,96.90228100000000,109.02471500000000,,,,,,,,,,
e_matrix_multiply,large,1536,17685.712337000001,payloads/matrix_large.bin,intermediate/task_e_matrix_multiply_1536mb_large_1.out,262113412,262113412,2639.790196,12544.874709,2428.949065,17613.61397,99.29327400000000,107.91227200000000,,,,,,,,,,
e_matrix_multiply,large,1536,17964.571952999999,payloads/matrix_large.bin,intermediate/task_e_matrix_multiply_1536mb_large_2.out,262113412,262113412,2642.485118,12942.261057,2303.340117,17888.086292,99.19201099999999,113.7970940000000,,,,,,,,,,
e_matrix_multiply,large,1536,17410.776376999998,payloads/matrix_large.bin,intermediate/task_e_matrix_multiply_1536mb_large_3.out,262113412,262113412,2639.115841,12364.205675,2324.1039,17327.425416,99.3186460000000,112.78041899999999,,,,,,,,,,
e_matrix_multiply,large,1536,17558.309316999999,payloads/matrix_large.bin,intermediate/task_e_matrix_multiply_1536mb_large_4.out,262113412,262113412,2680.010824,12495.752582,2306.354968,17482.118374,97.80311700000000,113.648339000000,,,,,,,,,,
e_matrix_multiply,large,1536,17885.16616800000,payloads/matrix_large.bin,intermediate/task_e_matrix_multiply_1536mb_large_5.out,262113412,262113412,2639.853482,12859.884825,2307.272509,17807.010816,99.29089399999999,113.60314400000000,,,,,,,,,,
e_matrix_multiply,large,2048,14279.312134000000,payloads/matrix_large.bin,intermediate/task_e_matrix_multiply_2048mb_large_1.out,262113412,262113412,2637.667961,9250.573465,2312.008427,14200.249853,99.37316400000000,113.37044000000000,,,,,,,,,,
e_matrix_multiply,large,2048,14233.340501999999,payloads/matrix_large.bin,intermediate/task_e_matrix_multiply_2048mb_large_2.out,262113412,262113412,2638.796934,9211.984154,2299.200629,14149.981717,99.33064899999999,114.00197500000000,,,,,,,,,,
e_matrix_multiply,large,2048,14387.555838000000,payloads/matrix_large.bin,intermediate/task_e_matrix_multiply_2048mb_large_3.out,262113412,262113412,2640.479842,9345.701885,2328.842938,14315.024665,99.26734100000000,112.55091899999999,,,,,,,,,,
e_matrix_multiply,large,2048,14314.2831330000,payloads/matrix_large.bin,intermediate/task_e_matrix_multiply_2048mb_large_4.out,262113412,262113412,2655.818918,9279.213187,2299.528318,14234.560423,98.69400700000000,113.98572900000001,,,,,,,,,,
e_matrix_multiply,large,2048,14285.751581000000,payloads/matrix_large.bin,intermediate/task_e_matrix_multiply_2048mb_large_5.out,262113412,262113412,2638.151286,9244.41754,2329.6447,14212.213526,99.35495899999999,112.5121840000000,,,,,,,,,,
a_passthrough,micro,128,382.0533750000000,payloads/matrix_micro.bin,intermediate/task_a_passthrough_128mb_micro_1.out,102156,102156,199.53188,0.000219,82.637731,282.16983,0.5119780000000000,1.236191000000000,,,,,,,,,,
a_passthrough,micro,128,414.0818120000000,payloads/matrix_micro.bin,intermediate/task_a_passthrough_128mb_micro_2.out,102156,102156,236.772647,0.000209,86.289977,323.062833,0.4314520000000000,1.183869000000000,,,,,,,,,,
a_passthrough,micro,128,413.98167599999999,payloads/matrix_micro.bin,intermediate/task_a_passthrough_128mb_micro_3.out,102156,102156,276.668062,0.000211,71.412456,348.080729,0.3692370000000000,1.4305070000000000,,,,,,,,,,
a_passthrough,micro,128,350.82078000000001,payloads/matrix_micro.bin,intermediate/task_a_passthrough_128mb_micro_4.out,102156,102156,198.962863,0.000182,64.253173,263.216218,0.5134430000000000,1.5898980000000000,,,,,,,,,,
a_passthrough,micro,128,393.3453560000000,payloads/matrix_micro.bin,intermediate/task_a_passthrough_128mb_micro_5.out,102156,102156,198.676147,0.000583,82.756808,281.433538,0.5141840000000000,1.2344120000000001,,,,,,,,,,
a_passthrough,micro,256,228.07693499999999,payloads/matrix_micro.bin,intermediate/task_a_passthrough_256mb_micro_1.out,102156,102156,129.493831,0.000253,41.252873,170.746957,0.788887000000000,2.476337000000000,,,,,,,,,,
a_passthrough,micro,256,274.3520740000000,payloads/matrix_micro.bin,intermediate/task_a_passthrough_256mb_micro_2.out,102156,102156,151.054324,0.000201,65.631264,216.685789,0.6762860000000001,1.556514000000000,,,,,,,,,,
a_passthrough,micro,256,220.2968600000000,payloads/matrix_micro.bin,intermediate/task_a_passthrough_256mb_micro_3.out,102156,102156,128.648455,0.00023,38.914608,167.563293,0.7940710000000000,2.6251319999999998,,,,,,,,,,
a_passthrough,micro,256,297.6415160000000,payloads/matrix_micro.bin,intermediate/task_a_passthrough_256mb_micro_4.out,102156,102156,132.756505,0.000232,111.74347,244.500207,0.7694990000000000,0.91420100000000,,,,,,,,,,
a_passthrough,micro,256,221.7731480000000,payloads/matrix_micro.bin,intermediate/task_a_passthrough_256mb_micro_5.out,102156,102156,136.403319,0.000193,37.374665,173.778177,0.7489260000000000,2.7332950000000000,,,,,,,,,,
a_passthrough,micro,512,167.71554900000001,payloads/matrix_micro.bin,intermediate/task_a_passthrough_512mb_micro_1.out,102156,102156,75.414429,0.000253,37.558054,112.972736,1.3545950000000000,2.719949000000000,,,,,,,,,,
a_passthrough,micro,512,163.38062300000001,payloads/matrix_micro.bin,intermediate/task_a_passthrough_512mb_micro_2.out,102156,102156,77.565567,0.000346,38.139184,115.705097,1.3170280000000001,2.6785049999999999,,,,,,,,,,
a_passthrough,micro,512,179.8381810000000,payloads/matrix_micro.bin,intermediate/task_a_passthrough_512mb_micro_3.out,102156,102156,75.173214,0.000243,41.219162,116.392619,1.3589410000000000,2.4783620000000002,,,,,,,,,,
a_passthrough,micro,512,160.78734399999999,payloads/matrix_micro.bin,intermediate/task_a_passthrough_512mb_micro_4.out,102156,102156,73.325662,0.000232,40.205815,113.531709,1.393182000000000,2.540826000000000,,,,,,,,,,
a_passthrough,micro,512,168.11585400000001,payloads/matrix_micro.bin,intermediate/task_a_passthrough_512mb_micro_5.out,102156,102156,76.522704,0.000596,41.235077,117.758377,1.334976000000000,2.477405000000000,,,,,,,,,,
a_passthrough,micro,768,147.63712899999999,payloads/matrix_micro.bin,intermediate/task_a_passthrough_768mb_micro_1.out,102156,102156,56.844879,0.000228,40.167418,97.012525,1.7971010000000001,2.5432549999999998,,,,,,,,,,
a_passthrough,micro,768,153.99670599999999,payloads/matrix_micro.bin,intermediate/task_a_passthrough_768mb_micro_2.out,102156,102156,54.749612,0.000196,56.458107,111.207915,1.8658760000000001,1.809412000000000,,,,,,,,,,
a_passthrough,micro,768,137.0372770000000,payloads/matrix_micro.bin,intermediate/task_a_passthrough_768mb_micro_3.out,102156,102156,50.389221,0.000226,34.195728,84.585175,2.027338000000000,2.9873910000000001,,,,,,,,,,
a_passthrough,micro,768,152.16851199999999,payloads/matrix_micro.bin,intermediate/task_a_passthrough_768mb_micro_4.out,102156,102156,66.215213,0.000224,38.675777,104.891214,1.5427869999999999,2.641343000000000,,,,,,,,,,
a_passthrough,micro,768,152.69947099999999,payloads/matrix_micro.bin,intermediate/task_a_passthrough_768mb_micro_5.out,102156,102156,66.93758,0.000212,39.069255,106.007047,1.526138000000000,2.614741000000000,,,,,,,,,,
a_passthrough,micro,1024,139.03045700000001,payloads/matrix_micro.bin,intermediate/task_a_passthrough_1024mb_micro_1.out,102156,102156,58.833575,0.000255,36.301846,95.135676,1.7363550000000001,2.814072000000000,,,,,,,,,,
a_passthrough,micro,1024,133.54826000000000,payloads/matrix_micro.bin,intermediate/task_a_passthrough_1024mb_micro_2.out,102156,102156,40.742591,0.000243,39.959467,80.702301,2.507352000000000,2.556491000000000,,,,,,,,,,
a_passthrough,micro,1024,136.0785960000000,payloads/matrix_micro.bin,intermediate/task_a_passthrough_1024mb_micro_3.out,102156,102156,57.350654,0.00019,34.733482,92.084326,1.7812530000000000,2.941139000000000,,,,,,,,,,
a_passthrough,micro,1024,138.70620700000001,payloads/matrix_micro.bin,intermediate/task_a_passthrough_1024mb_micro_4.out,102156,102156,54.644866,0.000197,35.941626,90.586689,1.869453000000000,2.842275000000000,,,,,,,,,,
a_passthrough,micro,1024,129.79722000000001,payloads/matrix_micro.bin,intermediate/task_a_passthrough_1024mb_micro_5.out,102156,102156,49.387158,0.000192,32.610096,81.997446,2.068473000000000,3.132649000000000,,,,,,,,,,
a_passthrough,micro,1536,139.56546800000001,payloads/matrix_micro.bin,intermediate/task_a_passthrough_1536mb_micro_1.out,102156,102156,51.400887,0.000262,37.619611,89.02076,1.9874369999999999,2.7154989999999999,,,,,,,,,,
a_passthrough,micro,1536,140.95592500000001,payloads/matrix_micro.bin,intermediate/task_a_passthrough_1536mb_micro_2.out,102156,102156,45.359484,0.000244,48.312429,93.672157,2.252142000000000,2.114487000000000,,,,,,,,,,
a_passthrough,micro,1536,137.3748780000000,payloads/matrix_micro.bin,intermediate/task_a_passthrough_1536mb_micro_3.out,102156,102156,52.474502,0.000261,35.48348,87.958243,1.9467740000000000,2.8789739999999999,,,,,,,,,,
a_passthrough,micro,1536,137.15672499999999,payloads/matrix_micro.bin,intermediate/task_a_passthrough_1536mb_micro_4.out,102156,102156,43.016835,0.000204,36.350596,79.367635,2.374791000000000,2.810298000000000,,,,,,,,,,
a_passthrough,micro,1536,126.1298660000000,payloads/matrix_micro.bin,intermediate/task_a_passthrough_1536mb_micro_5.out,102156,102156,45.295188,0.000209,35.35787,80.653267,2.255339000000000,2.88920100000000,,,,,,,,,,
a_passthrough,micro,2048,132.8716280000000,payloads/matrix_micro.bin,intermediate/task_a_passthrough_2048mb_micro_1.out,102156,102156,43.267044,0.000237,42.172572,85.439853,2.3610579999999999,2.4223330000000001,,,,,,,,,,
a_passthrough,micro,2048,150.8932110000000,payloads/matrix_micro.bin,intermediate/task_a_passthrough_2048mb_micro_2.out,102156,102156,51.34501,0.000246,36.760833,88.106089,1.989599000000000,2.7789359999999999,,,,,,,,,,
a_passthrough,micro,2048,136.48581500000000,payloads/matrix_micro.bin,intermediate/task_a_passthrough_2048mb_micro_3.out,102156,102156,51.005388,0.000257,37.493566,88.499211,2.0028470000000000,2.724627000000000,,,,,,,,,,
a_passthrough,micro,2048,133.6970330000000,payloads/matrix_micro.bin,intermediate/task_a_passthrough_2048mb_micro_4.out,102156,102156,45.353187,0.000243,37.29454,82.64797,2.2524549999999999,2.739168000000000,,,,,,,,,,
a_passthrough,micro,2048,129.8086640000000,payloads/matrix_micro.bin,intermediate/task_a_passthrough_2048mb_micro_5.out,102156,102156,43.540267,0.000207,38.970814,82.511288,2.3462420000000002,2.6213460000000000,,,,,,,,,,
a_passthrough,small,128,1060.5711940000001,payloads/matrix_small.bin,intermediate/task_a_passthrough_128mb_small_1.out,5235852,5235852,339.831527,0.000275,609.656352,949.488154,15.407199000000000,8.588202000000001,,,,,,,,,,
a_passthrough,small,128,1041.0587790000000,payloads/matrix_small.bin,intermediate/task_a_passthrough_128mb_small_2.out,5235852,5235852,361.747668,0.00018,558.341941,920.089789,14.473768000000000,9.377501000000001,,,,,,,,,,
a_passthrough,small,128,979.4456960000000,payloads/matrix_small.bin,intermediate/task_a_passthrough_128mb_small_3.out,5235852,5235852,360.854363,0.000215,537.825079,898.679657,14.50959900000000,9.735232000000000,,,,,,,,,,
a_passthrough,small,128,977.5376320000000,payloads/matrix_small.bin,intermediate/task_a_passthrough_128mb_small_4.out,5235852,5235852,378.251543,0.000225,520.705177,898.956945,13.842249000000001,10.055310000000000,,,,,,,,,,
a_passthrough,small,128,1019.118309000000,payloads/matrix_small.bin,intermediate/task_a_passthrough_128mb_small_5.out,5235852,5235852,379.436892,0.000233,525.103211,904.540336,13.7990060000000,9.971090999999999,,,,,,,,,,
a_passthrough,small,256,532.3593620000000,payloads/matrix_small.bin,intermediate/task_a_passthrough_256mb_small_1.out,5235852,5235852,180.394756,0.000228,275.400498,455.795482,29.024414000000000,19.011773999999999,,,,,,,,,,
a_passthrough,small,256,543.7777040000000,payloads/matrix_small.bin,intermediate/task_a_passthrough_256mb_small_2.out,5235852,5235852,218.33843,0.00027,261.098935,479.437635,23.98044200000000,20.053134000000000,,,,,,,,,,
a_passthrough,small,256,558.6292740000000,payloads/matrix_small.bin,intermediate/task_a_passthrough_256mb_small_3.out,5235852,5235852,180.943329,0.00021,318.521318,499.464857,28.9364190000000,16.43799600000000,,,,,,,,,,
a_passthrough,small,256,540.3013230000000,payloads/matrix_small.bin,intermediate/task_a_passthrough_256mb_small_4.out,5235852,5235852,178.631289,0.000253,318.499485,497.131027,29.310946000000001,16.4391220000000,,,,,,,,,,
a_passthrough,small,256,603.4314630000000,payloads/matrix_small.bin,intermediate/task_a_passthrough_256mb_small_5.out,5235852,5235852,199.09343,0.00022,323.604984,522.698634,26.29846700000000,16.179763000000001,,,,,,,,,,
a_passthrough,small,512,292.3164370000000,payloads/matrix_small.bin,intermediate/task_a_passthrough_512mb_small_1.out,5235852,5235852,103.319409,0.000213,138.888986,242.208608,50.67636400000000,37.69810800000000,,,,,,,,,,
a_passthrough,small,512,302.84762400000000,payloads/matrix_small.bin,intermediate/task_a_passthrough_512mb_small_2.out,5235852,5235852,86.550811,0.000225,159.925636,246.476672,60.49454600000,32.73929100000000,,,,,,,,,,
a_passthrough,small,512,319.3049430000000,payloads/matrix_small.bin,intermediate/task_a_passthrough_512mb_small_3.out,5235852,5235852,109.807375,0.000192,161.856211,271.663778,47.682152000000002,32.34878600000000,,,,,,,,,,
a_passthrough,small,512,321.9928740000000,payloads/matrix_small.bin,intermediate/task_a_passthrough_512mb_small_4.out,5235852,5235852,115.073317,0.00021,155.141326,270.214853,45.50014000000000,33.74891900000000,,,,,,,,,,
a_passthrough,small,512,266.7975430000000,payloads/matrix_small.bin,intermediate/task_a_passthrough_512mb_small_5.out,5235852,5235852,94.593609,0.000257,125.241721,219.835587,55.35101200000000,41.80597300000000,,,,,,,,,,
a_passthrough,small,768,307.952881000000,payloads/matrix_small.bin,intermediate/task_a_passthrough_768mb_small_1.out,5235852,5235852,91.709861,0.000247,165.897469,257.607577,57.09148300000000,31.56077100000000,,,,,,,,,,
a_passthrough,small,768,259.84787899999998,payloads/matrix_small.bin,intermediate/task_a_passthrough_768mb_small_2.out,5235852,5235852,81.934706,0.000194,129.782445,211.717345,63.90273700000000,40.34329900000000,,,,,,,,,,
a_passthrough,small,768,238.50297900000001,payloads/matrix_small.bin,intermediate/task_a_passthrough_768mb_small_3.out,5235852,5235852,76.356367,0.00019,116.228535,192.585092,68.57125600000001,45.047905000000,,,,,,,,,,
a_passthrough,small,768,252.4821760000000,payloads/matrix_small.bin,intermediate/task_a_passthrough_768mb_small_4.out,5235852,5235852,84.057659,0.00023,117.068949,201.126838,62.28881500000000,44.72451500000000,,,,,,,,,,
a_passthrough,small,768,271.6543670000000,payloads/matrix_small.bin,intermediate/task_a_passthrough_768mb_small_5.out,5235852,5235852,95.602467,0.000229,129.173032,224.775728,54.76691300000000,40.533631000000000,,,,,,,,,,
a_passthrough,small,1024,210.57605699999999,payloads/matrix_small.bin,intermediate/task_a_passthrough_1024mb_small_1.out,5235852,5235852,70.746189,0.000235,92.426952,163.173376,74.00896200000000,56.648541000000002,,,,,,,,,,
a_passthrough,small,1024,210.9687330000000,payloads/matrix_small.bin,intermediate/task_a_passthrough_1024mb_small_2.out,5235852,5235852,79.923728,0.000234,85.210763,165.134725,65.51060800000000,61.44590000000000,,,,,,,,,,
a_passthrough,small,1024,217.8783420000000,payloads/matrix_small.bin,intermediate/task_a_passthrough_1024mb_small_3.out,5235852,5235852,82.625912,0.000187,86.751322,169.377421,63.368160000000003,60.35472300000000,,,,,,,,,,
a_passthrough,small,1024,256.96373000000000,payloads/matrix_small.bin,intermediate/task_a_passthrough_1024mb_small_4.out,5235852,5235852,82.707412,0.000419,120.585256,203.293087,63.3057170000000,43.4203330000000,,,,,,,,,,
a_passthrough,small,1024,257.04026199999998,payloads/matrix_small.bin,intermediate/task_a_passthrough_1024mb_small_5.out,5235852,5235852,110.912472,0.00021,93.097566,204.010248,47.20706300000000,56.24048200000000,,,,,,,,,,
a_passthrough,small,1536,205.52754400000001,payloads/matrix_small.bin,intermediate/task_a_passthrough_1536mb_small_1.out,5235852,5235852,75.466378,0.00037,82.716518,158.183266,69.37993000000000,63.29874800000000,,,,,,,,,,
a_passthrough,small,1536,198.04835299999999,payloads/matrix_small.bin,intermediate/task_a_passthrough_1536mb_small_2.out,5235852,5235852,70.833659,0.00029,76.474597,147.308546,73.91757100000000,68.46524500000000,,,,,,,,,,
a_passthrough,small,1536,208.2149980000000,payloads/matrix_small.bin,intermediate/task_a_passthrough_1536mb_small_3.out,5235852,5235852,77.654981,0.000214,85.014783,162.669978,67.42454800000000,61.58754800000000,,,,,,,,,,
a_passthrough,small,1536,264.4469740000000,payloads/matrix_small.bin,intermediate/task_a_passthrough_1536mb_small_4.out,5235852,5235852,75.442978,0.000196,142.109849,217.553023,69.40144900000000,36.84369500000000,,,,,,,,,,
a_passthrough,small,1536,195.06287599999999,payloads/matrix_small.bin,intermediate/task_a_passthrough_1536mb_small_5.out,5235852,5235852,73.532053,0.000251,78.211913,151.744217,71.20502900000000,66.94443099999999,,,,,,,,,,
a_passthrough,small,2048,204.8044200000000,payloads/matrix_small.bin,intermediate/task_a_passthrough_2048mb_small_1.out,5235852,5235852,70.87029,0.000307,86.568967,157.439564,73.87936500000001,60.48185800000000,,,,,,,,,,
a_passthrough,small,2048,253.9887430000000,payloads/matrix_small.bin,intermediate/task_a_passthrough_2048mb_small_2.out,5235852,5235852,72.374806,0.000225,130.672247,203.047278,72.34357199999999,40.068584999999999,,,,,,,,,,
a_passthrough,small,2048,199.01776300000000,payloads/matrix_small.bin,intermediate/task_a_passthrough_2048mb_small_3.out,5235852,5235852,71.409914,0.000215,85.582222,156.992351,73.32107999999999,61.17920100000000,,,,,,,,,,
a_passthrough,small,2048,202.1193500000000,payloads/matrix_small.bin,intermediate/task_a_passthrough_2048mb_small_4.out,5235852,5235852,72.267273,0.000228,86.2991,158.566601,72.45121899999999,60.670991999999998,,,,,,,,,,
a_passthrough,small,2048,197.0696450000000,payloads/matrix_small.bin,intermediate/task_a_passthrough_2048mb_small_5.out,5235852,5235852,72.776811,0.000259,79.973504,152.750574,71.9439600000000,65.46983400000001,,,,,,,,,,
a_passthrough,medium,128,6519.021988000000,payloads/matrix_medium.bin,intermediate/task_a_passthrough_128mb_medium_1.out,52387852,52387852,1500.589848,0.000204,4867.211187,6367.801239,34.911506000000003,10.763423000000000,,,,,,,,,,
a_passthrough,medium,128,6678.696871000000,payloads/matrix_medium.bin,intermediate/task_a_passthrough_128mb_medium_2.out,52387852,52387852,1578.072273,0.000207,4930.713859,6508.786339,33.19737200000000,10.624801000000000,,,,,,,,,,
a_passthrough,medium,128,6439.188480000000,payloads/matrix_medium.bin,intermediate/task_a_passthrough_128mb_medium_3.out,52387852,52387852,1497.746935,0.000225,4786.628431,6284.375591,34.97777300000000,10.944625000000000,,,,,,,,,,
a_passthrough,medium,128,6740.413666000000,payloads/matrix_medium.bin,intermediate/task_a_passthrough_128mb_medium_4.out,52387852,52387852,1657.163285,0.000216,4971.831961,6628.995462,31.612969000000000,10.536930999999999,,,,,,,,,,
a_passthrough,medium,128,6538.932323000000,payloads/matrix_medium.bin,intermediate/task_a_passthrough_128mb_medium_5.out,52387852,52387852,1477.906853,0.000234,4919.793374,6397.700461,35.44733000000000,10.648384999999999,,,,,,,,,,
a_passthrough,medium,256,3518.984079000000,payloads/matrix_medium.bin,intermediate/task_a_passthrough_256mb_medium_1.out,52387852,52387852,779.152018,0.000288,2633.392881,3412.545187,67.23701000000000,19.89367100000000,,,,,,,,,,
a_passthrough,medium,256,3249.4733329999999,payloads/matrix_medium.bin,intermediate/task_a_passthrough_256mb_medium_2.out,52387852,52387852,722.810647,0.000242,2485.08799,3207.898879,72.47797500000000,21.080884000000001,,,,,,,,,,
a_passthrough,medium,256,3708.8022230000001,payloads/matrix_medium.bin,intermediate/task_a_passthrough_256mb_medium_3.out,52387852,52387852,741.041466,0.000236,2893.007287,3634.048989,70.6949000000000,18.108440999999999,,,,,,,,,,
a_passthrough,medium,256,3442.465305000000,payloads/matrix_medium.bin,intermediate/task_a_passthrough_256mb_medium_4.out,52387852,52387852,702.076023,0.000247,2676.853132,3378.929402,74.61848900000000,19.57068600000000,,,,,,,,,,
a_passthrough,medium,256,3283.8263510000002,payloads/matrix_medium.bin,intermediate/task_a_passthrough_256mb_medium_5.out,52387852,52387852,719.396104,0.000251,2500.918577,3220.314932,72.82198500000000,20.947444000000001,,,,,,,,,,
a_passthrough,medium,512,1761.9121070000001,payloads/matrix_medium.bin,intermediate/task_a_passthrough_512mb_medium_1.out,52387852,52387852,568.47556,0.000239,1144.735098,1713.210897,92.15497700000000,45.76417000000000,,,,,,,,,,
a_passthrough,medium,512,1878.477573000000,payloads/matrix_medium.bin,intermediate/task_a_passthrough_512mb_medium_2.out,52387852,52387852,566.927168,0.000233,1259.999369,1826.92677,92.40667000000001,41.57768100000000,,,,,,,,,,
a_passthrough,medium,512,1816.73264500000,payloads/matrix_medium.bin,intermediate/task_a_passthrough_512mb_medium_3.out,52387852,52387852,575.348424,0.000217,1193.011407,1768.360048,91.05413299999999,43.912281000000000,,,,,,,,,,
a_passthrough,medium,512,1799.414873000000,payloads/matrix_medium.bin,intermediate/task_a_passthrough_512mb_medium_4.out,52387852,52387852,584.19288,0.000234,1163.541273,1747.734387,89.67560899999999,45.02449000000000,,,,,,,,,,
a_passthrough,medium,512,1805.5932519999999,payloads/matrix_medium.bin,intermediate/task_a_passthrough_512mb_medium_5.out,52387852,52387852,555.955554,0.000195,1186.047693,1742.003442,94.23028800000000,44.170105999999997,,,,,,,,,,
a_passthrough,medium,768,1412.9691120000000,payloads/matrix_medium.bin,intermediate/task_a_passthrough_768mb_medium_1.out,52387852,52387852,550.04062,0.000214,810.297137,1360.337971,95.24360600000000,64.65264400000000,,,,,,,,,,
a_passthrough,medium,768,1437.495232000000,payloads/matrix_medium.bin,intermediate/task_a_passthrough_768mb_medium_2.out,52387852,52387852,540.017741,0.000197,853.443763,1393.461701,97.01135400000000,61.38407000000000,,,,,,,,,,
a_passthrough,medium,768,1390.2764320000001,payloads/matrix_medium.bin,intermediate/task_a_passthrough_768mb_medium_3.out,52387852,52387852,543.946725,0.000237,799.603618,1343.55058,96.3106300000000,65.51727700000001,,,,,,,,,,
a_passthrough,medium,768,1416.3875579999999,payloads/matrix_medium.bin,intermediate/task_a_passthrough_768mb_medium_4.out,52387852,52387852,549.892951,0.000268,821.170811,1371.06403,95.2691830000000,63.79653500000000,,,,,,,,,,
a_passthrough,medium,768,1387.8517150000000,payloads/matrix_medium.bin,intermediate/task_a_passthrough_768mb_medium_5.out,52387852,52387852,552.155333,0.00024,790.422867,1342.57844,94.87882999999999,66.2782600000000,,,,,,,,,,
a_passthrough,medium,1024,1157.5813290000001,payloads/matrix_medium.bin,intermediate/task_a_passthrough_1024mb_medium_1.out,52387852,52387852,542.569033,0.00024,563.183346,1105.752619,96.55518200000000,93.02095400000000,,,,,,,,,,
a_passthrough,medium,1024,1187.9348749999999,payloads/matrix_medium.bin,intermediate/task_a_passthrough_1024mb_medium_2.out,52387852,52387852,549.264169,0.000266,592.78276,1142.047195,95.378244000000,88.37614000000001,,,,,,,,,,
a_passthrough,medium,1024,1215.628147000000,payloads/matrix_medium.bin,intermediate/task_a_passthrough_1024mb_medium_3.out,52387852,52387852,541.772946,0.000234,622.470503,1164.243683,96.69706200000000,84.16118000000000,,,,,,,,,,
a_passthrough,medium,1024,1180.1433560000000,payloads/matrix_medium.bin,intermediate/task_a_passthrough_1024mb_medium_4.out,52387852,52387852,541.003897,0.000276,585.648891,1126.653064,96.83451900000000,89.45266100000001,,,,,,,,,,
a_passthrough,medium,1024,1191.9739250000000,payloads/matrix_medium.bin,intermediate/task_a_passthrough_1024mb_medium_5.out,52387852,52387852,545.327573,0.000225,579.225123,1124.552921,96.06675799999999,90.4447160000000,,,,,,,,,,
a_passthrough,medium,1536,1063.274622000000,payloads/matrix_medium.bin,intermediate/task_a_passthrough_1536mb_medium_1.out,52387852,52387852,537.336847,0.00026,476.742239,1014.079346,97.49536500000001,109.88716300000000,,,,,,,,,,
a_passthrough,medium,1536,1072.9687210000000,payloads/matrix_medium.bin,intermediate/task_a_passthrough_1536mb_medium_2.out,52387852,52387852,540.762549,0.00021,480.096106,1020.858865,96.87773700000000,109.11951000000001,,,,,,,,,,
a_passthrough,medium,1536,1084.5284460000000,payloads/matrix_medium.bin,intermediate/task_a_passthrough_1536mb_medium_3.out,52387852,52387852,554.176289,0.000239,480.144153,1034.320681,94.53282799999999,109.10859100000000,,,,,,,,,,
a_passthrough,medium,1536,1072.1347330000001,payloads/matrix_medium.bin,intermediate/task_a_passthrough_1536mb_medium_4.out,52387852,52387852,539.493647,0.000252,480.698108,1020.192007,97.10559600000001,108.9828550000000,,,,,,,,,,
a_passthrough,medium,1536,1091.0851960000000,payloads/matrix_medium.bin,intermediate/task_a_passthrough_1536mb_medium_5.out,52387852,52387852,539.192994,0.0003,494.140972,1033.334266,97.15974199999999,106.01802900000000,,,,,,,,,,
a_passthrough,medium,2048,1097.541332000000,payloads/matrix_medium.bin,intermediate/task_a_passthrough_2048mb_medium_1.out,52387852,52387852,540.816801,0.000261,510.256144,1051.073206,96.86801900000000,102.66971300000000,,,,,,,,,,
a_passthrough,medium,2048,1083.9858059999999,payloads/matrix_medium.bin,intermediate/task_a_passthrough_2048mb_medium_2.out,52387852,52387852,542.650772,0.00024,492.263391,1034.914403,96.54063800000000,106.42240099999999,,,,,,,,,,
a_passthrough,medium,2048,1082.223415000000,payloads/matrix_medium.bin,intermediate/task_a_passthrough_2048mb_medium_3.out,52387852,52387852,539.885014,0.000201,493.275283,1033.160498,97.0352030000000,106.20408900000000,,,,,,,,,,
a_passthrough,medium,2048,1096.989632000000,payloads/matrix_medium.bin,intermediate/task_a_passthrough_2048mb_medium_4.out,52387852,52387852,541.602627,0.00024,502.671006,1044.273873,96.72747000000000,104.21896500000000,,,,,,,,,,
a_passthrough,medium,2048,1079.2224409999999,payloads/matrix_medium.bin,intermediate/task_a_passthrough_2048mb_medium_5.out,52387852,52387852,543.164692,0.00026,486.353239,1029.518191,96.44929600000000,107.7156430000000,,,,,,,,,,
a_passthrough,large,512,8542.40346000000,payloads/matrix_large.bin,intermediate/task_a_passthrough_512mb_large_1.out,262113412,262113412,2657.156901,0.00021,5792.132341,8449.289452,98.64431100000000,45.2533530000000,,,,,,,,,,
a_passthrough,large,512,8422.541380000001,payloads/matrix_large.bin,intermediate/task_a_passthrough_512mb_large_2.out,262113412,262113412,2674.437308,0.000221,5685.236537,8359.674066,98.0069380000000,46.10422300000000,,,,,,,,,,
a_passthrough,large,512,8453.01628100000,payloads/matrix_large.bin,intermediate/task_a_passthrough_512mb_large_3.out,262113412,262113412,2663.047043,0.000233,5707.816609,8370.863885,98.4261290000000,45.92183500000000,,,,,,,,,,
a_passthrough,large,512,8340.477228000000,payloads/matrix_large.bin,intermediate/task_a_passthrough_512mb_large_4.out,262113412,262113412,2664.200827,0.000224,5590.404572,8254.605623,98.38350400000000,46.88630500000000,,,,,,,,,,
a_passthrough,large,512,8402.521133000000,payloads/matrix_large.bin,intermediate/task_a_passthrough_512mb_large_5.out,262113412,262113412,2665.512832,0.000201,5663.483673,8328.996706,98.33507800000000,46.28130400000000,,,,,,,,,,
a_passthrough,large,768,6300.9302619999999,payloads/matrix_large.bin,intermediate/task_a_passthrough_768mb_large_1.out,262113412,262113412,2665.247801,0.000223,3561.997195,6227.245219,98.34485599999999,73.58608000000000,,,,,,,,,,
a_passthrough,large,768,6220.62611600000,payloads/matrix_large.bin,intermediate/task_a_passthrough_768mb_large_2.out,262113412,262113412,2644.527791,0.000234,3516.652735,6161.18076,99.1153930000000,74.53491500000000,,,,,,,,,,
a_passthrough,large,768,6118.7286379999996,payloads/matrix_large.bin,intermediate/task_a_passthrough_768mb_large_3.out,262113412,262113412,2639.271087,0.000227,3403.961109,6043.232423,99.31280400000000,77.00247000000000,,,,,,,,,,
a_passthrough,large,768,6205.28507200000,payloads/matrix_large.bin,intermediate/task_a_passthrough_768mb_large_4.out,262113412,262113412,2648.637515,0.000214,3500.895781,6149.53351,98.96160200000000,74.87038400000000,,,,,,,,,,
a_passthrough,large,768,6277.001143000000,payloads/matrix_large.bin,intermediate/task_a_passthrough_768mb_large_5.out,262113412,262113412,2652.168616,0.000242,3560.968779,6213.137637,98.82984500000001,73.60733200000000,,,,,,,,,,
a_passthrough,large,1024,5394.126177000000,payloads/matrix_large.bin,intermediate/task_a_passthrough_1024mb_large_1.out,262113412,262113412,2637.748692,0.000199,2685.427688,5323.176579,99.3701230000000,97.60583500000000,,,,,,,,,,
a_passthrough,large,1024,5497.745037000000,payloads/matrix_large.bin,intermediate/task_a_passthrough_1024mb_large_2.out,262113412,262113412,2644.62853,0.000183,2787.375665,5432.004378,99.11161800000001,94.03591200000000,,,,,,,,,,
a_passthrough,large,1024,5335.197926000000,payloads/matrix_large.bin,intermediate/task_a_passthrough_1024mb_large_3.out,262113412,262113412,2636.836432,0.000169,2639.808369,5276.64497,99.4045020000000,99.29259100000000,,,,,,,,,,
a_passthrough,large,1024,5692.583799000000,payloads/matrix_large.bin,intermediate/task_a_passthrough_1024mb_large_4.out,262113412,262113412,2645.36434,0.000176,2988.097796,5633.462312,99.08405000000000,87.7191540000000,,,,,,,,,,
a_passthrough,large,1024,5295.693874000000,payloads/matrix_large.bin,intermediate/task_a_passthrough_1024mb_large_5.out,262113412,262113412,2643.748246,0.000178,2588.862889,5232.611313,99.14461900000001,101.24654099999999,,,,,,,,,,
a_passthrough,large,1536,4998.013258000000,payloads/matrix_large.bin,intermediate/task_a_passthrough_1536mb_large_1.out,262113412,262113412,2639.292202,0.000253,2291.495214,4930.787669,99.31200900000000,114.3853190000000,,,,,,,,,,
a_passthrough,large,1536,4988.974810000000,payloads/matrix_large.bin,intermediate/task_a_passthrough_1536mb_large_2.out,262113412,262113412,2638.809395,0.000277,2285.595066,4924.404738,99.3301800000000,114.68059900000000,,,,,,,,,,
a_passthrough,large,1536,5015.215635000000,payloads/matrix_large.bin,intermediate/task_a_passthrough_1536mb_large_3.out,262113412,262113412,2640.762127,0.000259,2316.110286,4956.872672,99.25672900000001,113.16965900000000,,,,,,,,,,
a_passthrough,large,1536,5012.904167000000,payloads/matrix_large.bin,intermediate/task_a_passthrough_1536mb_large_4.out,262113412,262113412,2637.395064,0.000226,2316.804293,4954.199583,99.38344700000000,113.13575899999999,,,,,,,,,,
a_passthrough,large,1536,4987.50639000000,payloads/matrix_large.bin,intermediate/task_a_passthrough_1536mb_large_5.out,262113412,262113412,2641.212077,0.000218,2289.637468,4930.849763,99.23981999999999,114.47812800000000,,,,,,,,,,
a_passthrough,large,2048,5240.674734000000,payloads/matrix_large.bin,intermediate/task_a_passthrough_2048mb_large_1.out,262113412,262113412,2650.342992,0.000201,2529.385193,5179.728386,98.89792100000000,103.62732099999999,,,,,,,,,,
a_passthrough,large,2048,5037.656546000000,payloads/matrix_large.bin,intermediate/task_a_passthrough_2048mb_large_2.out,262113412,262113412,2647.078912,0.000254,2331.231445,4978.310611,99.01987099999999,112.43560200000000,,,,,,,,,,
a_passthrough,large,2048,4985.25857900000,payloads/matrix_large.bin,intermediate/task_a_passthrough_2048mb_large_3.out,262113412,262113412,2641.216938,0.00022,2287.109681,4928.326839,99.23963800000000,114.60465300000000,,,,,,,,,,
a_passthrough,large,2048,5017.159462000000,payloads/matrix_large.bin,intermediate/task_a_passthrough_2048mb_large_4.out,262113412,262113412,2650.386654,0.000195,2288.639669,4939.026518,98.896292000000,114.52803800000000,,,,,,,,,,
a_passthrough,large,2048,5006.371021000000,payloads/matrix_large.bin,intermediate/task_a_passthrough_2048mb_large_5.out,262113412,262113412,2639.279111,0.000209,2304.640728,4943.920048,99.31250199999999,113.73287300000000,,,,,,,,,,
d_csv_to_matrix,micro,128,457.7906130000000,payloads/matrix_micro.csv,intermediate/task_d_csv_to_matrix_128mb_micro_1.out,88022,67716,200.82248,1.885047,123.995442,326.702969,0.4383080000000000,0.5461170000000000,,,,,,,,,,
d_csv_to_matrix,micro,128,441.2443640000000,payloads/matrix_micro.csv,intermediate/task_d_csv_to_matrix_128mb_micro_2.out,88022,67716,219.094071,2.203284,100.224337,321.521692,0.4017540000000000,0.6756440000000000,,,,,,,,,,
d_csv_to_matrix,micro,128,598.4086990000000,payloads/matrix_micro.csv,intermediate/task_d_csv_to_matrix_128mb_micro_3.out,88022,67716,379.615845,2.131777,107.690998,489.43862,0.2318710000000000,0.6287990000000000,,,,,,,,,,
d_csv_to_matrix,micro,128,443.3360100000000,payloads/matrix_micro.csv,intermediate/task_d_csv_to_matrix_128mb_micro_4.out,88022,67716,256.522958,1.92251,99.693976,358.139444,0.3431350000000000,0.6792390000000000,,,,,,,,,,
d_csv_to_matrix,micro,128,418.0479050000000,payloads/matrix_micro.csv,intermediate/task_d_csv_to_matrix_128mb_micro_5.out,88022,67716,217.74708,2.240382,97.072758,317.06022,0.4042400000000000,0.6975800000000000,,,,,,,,,,
d_csv_to_matrix,micro,256,262.6166340000000,payloads/matrix_micro.csv,intermediate/task_d_csv_to_matrix_256mb_micro_1.out,88022,67716,142.12124,1.993644,56.051667,200.166551,0.6193440000000000,1.208100000000000,,,,,,,,,,
d_csv_to_matrix,micro,256,241.3311000000000,payloads/matrix_micro.csv,intermediate/task_d_csv_to_matrix_256mb_micro_2.out,88022,67716,131.667228,1.911418,48.107884,181.68653,0.6685190000000000,1.4075860000000000,,,,,,,,,,
d_csv_to_matrix,micro,256,237.7228740000000,payloads/matrix_micro.csv,intermediate/task_d_csv_to_matrix_256mb_micro_3.out,88022,67716,132.111447,1.930254,46.511826,180.553527,0.6662709999999999,1.4558880000000001,,,,,,,,,,
d_csv_to_matrix,micro,256,250.45061100000001,payloads/matrix_micro.csv,intermediate/task_d_csv_to_matrix_256mb_micro_4.out,88022,67716,107.123903,1.955633,63.143127,172.222663,0.8216840000000000,1.072421000000000,,,,,,,,,,
d_csv_to_matrix,micro,256,251.44004799999999,payloads/matrix_micro.csv,intermediate/task_d_csv_to_matrix_256mb_micro_5.out,88022,67716,131.565306,1.852239,48.815654,182.233199,0.6690370000000000,1.387178000000000,,,,,,,,,,
d_csv_to_matrix,micro,512,160.39633799999999,payloads/matrix_micro.csv,intermediate/task_d_csv_to_matrix_512mb_micro_1.out,88022,67716,71.053931,2.068979,36.672287,109.795197,1.2388049999999999,1.846517000000000,,,,,,,,,,
d_csv_to_matrix,micro,512,189.61000400000000,payloads/matrix_micro.csv,intermediate/task_d_csv_to_matrix_512mb_micro_2.out,88022,67716,81.675863,1.952568,52.775087,136.403518,1.0776990000000000,1.2831049999999999,,,,,,,,,,
d_csv_to_matrix,micro,512,149.08981299999999,payloads/matrix_micro.csv,intermediate/task_d_csv_to_matrix_512mb_micro_3.out,88022,67716,68.940751,2.037232,32.483742,103.461725,1.276778000000000,2.084612000000000,,,,,,,,,,
d_csv_to_matrix,micro,512,183.02154500000000,payloads/matrix_micro.csv,intermediate/task_d_csv_to_matrix_512mb_micro_4.out,88022,67716,87.756131,2.174855,42.520698,132.451684,1.0030300000000001,1.592542000000000,,,,,,,,,,
d_csv_to_matrix,micro,512,173.17914999999999,payloads/matrix_micro.csv,intermediate/task_d_csv_to_matrix_512mb_micro_5.out,88022,67716,89.758926,1.894169,33.885085,125.53818,0.9806490000000000,1.998401000000000,,,,,,,,,,
d_csv_to_matrix,micro,768,144.96469500000001,payloads/matrix_micro.csv,intermediate/task_d_csv_to_matrix_768mb_micro_1.out,88022,67716,54.364582,1.963079,33.280718,89.608379,1.619106000000000,2.0346920000000002,,,,,,,,,,
d_csv_to_matrix,micro,768,147.11713800000001,payloads/matrix_micro.csv,intermediate/task_d_csv_to_matrix_768mb_micro_2.out,88022,67716,56.908649,1.884637,33.922397,92.715683,1.546724000000000,1.9962029999999999,,,,,,,,,,
d_csv_to_matrix,micro,768,139.75286500000001,payloads/matrix_micro.csv,intermediate/task_d_csv_to_matrix_768mb_micro_3.out,88022,67716,56.690542,1.930755,35.358465,93.979762,1.5526750000000000,1.9151279999999999,,,,,,,,,,
d_csv_to_matrix,micro,768,138.1537910000000,payloads/matrix_micro.csv,intermediate/task_d_csv_to_matrix_768mb_micro_4.out,88022,67716,58.463495,1.917614,32.97086,93.351969,1.5055890000000001,2.0538140000000000,,,,,,,,,,
d_csv_to_matrix,micro,768,133.0573560000000,payloads/matrix_micro.csv,intermediate/task_d_csv_to_matrix_768mb_micro_5.out,88022,67716,49.87221,1.871272,32.746894,84.490376,1.764951000000000,2.067860000000000,,,,,,,,,,
d_csv_to_matrix,micro,1024,132.3561670000000,payloads/matrix_micro.csv,intermediate/task_d_csv_to_matrix_1024mb_micro_1.out,88022,67716,47.446317,1.922573,34.046407,83.415297,1.8551910000000000,1.9889319999999999,,,,,,,,,,
d_csv_to_matrix,micro,1024,156.1877730000000,payloads/matrix_micro.csv,intermediate/task_d_csv_to_matrix_1024mb_micro_2.out,88022,67716,64.763824,1.828454,36.959258,103.551536,1.3591230000000001,1.832180000000000,,,,,,,,,,
d_csv_to_matrix,micro,1024,147.09067300000001,payloads/matrix_micro.csv,intermediate/task_d_csv_to_matrix_1024mb_micro_3.out,88022,67716,50.22261,1.895399,43.541292,95.659301,1.7526370000000000,1.5552130000000,,,,,,,,,,
d_csv_to_matrix,micro,1024,135.08343700000000,payloads/matrix_micro.csv,intermediate/task_d_csv_to_matrix_1024mb_micro_4.out,88022,67716,43.966603,1.861299,37.121477,82.949379,2.0020199999999999,1.824173000000000,,,,,,,,,,
d_csv_to_matrix,micro,1024,141.25561700000000,payloads/matrix_micro.csv,intermediate/task_d_csv_to_matrix_1024mb_micro_5.out,88022,67716,51.627683,1.877095,37.434608,90.939386,1.704938000000000,1.8089139999999999,,,,,,,,,,
d_csv_to_matrix,micro,1536,165.88521000000000,payloads/matrix_micro.csv,intermediate/task_d_csv_to_matrix_1536mb_micro_1.out,88022,67716,85.503016,2.097097,35.257194,122.857307,1.0294610000000000,1.9206289999999999,,,,,,,,,,
d_csv_to_matrix,micro,1536,153.35702900000001,payloads/matrix_micro.csv,intermediate/task_d_csv_to_matrix_1536mb_micro_2.out,88022,67716,50.789515,1.936445,37.893459,90.619419,1.7330740000000000,1.7870100000000000,,,,,,,,,,
d_csv_to_matrix,micro,1536,164.5677090000000,payloads/matrix_micro.csv,intermediate/task_d_csv_to_matrix_1536mb_micro_3.out,88022,67716,48.68105,2.11919,69.635449,120.435689,1.8081370000000001,0.9724360000000000,,,,,,,,,,
d_csv_to_matrix,micro,1536,136.69443100000001,payloads/matrix_micro.csv,intermediate/task_d_csv_to_matrix_1536mb_micro_4.out,88022,67716,49.45414,2.128685,38.371364,89.954189,1.779871000000000,1.7647539999999999,,,,,,,,,,
d_csv_to_matrix,micro,1536,128.6919120000000,payloads/matrix_micro.csv,intermediate/task_d_csv_to_matrix_1536mb_micro_5.out,88022,67716,48.710473,2.02864,35.007921,85.747034,1.8070450000000000,1.9343049999999999,,,,,,,,,,
d_csv_to_matrix,micro,2048,139.146090000000,payloads/matrix_micro.csv,intermediate/task_d_csv_to_matrix_2048mb_micro_1.out,88022,67716,47.214753,2.156444,40.543015,89.914212,1.8642900000000000,1.6702260000000000,,,,,,,,,,
d_csv_to_matrix,micro,2048,132.246733000000,payloads/matrix_micro.csv,intermediate/task_d_csv_to_matrix_2048mb_micro_2.out,88022,67716,41.523621,1.841911,36.717117,80.082649,2.119805000000000,1.844262000000000,,,,,,,,,,
d_csv_to_matrix,micro,2048,149.60122100000001,payloads/matrix_micro.csv,intermediate/task_d_csv_to_matrix_2048mb_micro_3.out,88022,67716,48.401834,2.181746,39.264048,89.847628,1.8185670000000000,1.7246310000000000,,,,,,,,,,
d_csv_to_matrix,micro,2048,151.59034700000001,payloads/matrix_micro.csv,intermediate/task_d_csv_to_matrix_2048mb_micro_4.out,88022,67716,47.011409,2.056445,46.735318,95.803172,1.8723540000000001,1.4489259999999999,,,,,,,,,,
d_csv_to_matrix,micro,2048,145.48850100000001,payloads/matrix_micro.csv,intermediate/task_d_csv_to_matrix_2048mb_micro_5.out,88022,67716,60.630181,1.938992,37.302956,99.872129,1.4517850000000001,1.8152980000000001,,,,,,,,,,
d_csv_to_matrix,small,128,2438.5323520000002,payloads/matrix_small.csv,intermediate/task_d_csv_to_matrix_128mb_small_1.out,4530348,3484804,421.258943,1380.332062,419.122286,2220.713291,10.754307000000001,8.31452800000000,,,,,,,,,,
d_csv_to_matrix,small,128,2441.1063190000000,payloads/matrix_small.csv,intermediate/task_d_csv_to_matrix_128mb_small_2.out,4530348,3484804,457.377713,1399.444766,400.328834,2257.151313,9.905048000000001,8.704853999999999,,,,,,,,,,
d_csv_to_matrix,small,128,2360.807180000000,payloads/matrix_small.csv,intermediate/task_d_csv_to_matrix_128mb_small_3.out,4530348,3484804,380.904583,1380.727205,457.676584,2219.308372,11.893656000000000,7.61411900000000,,,,,,,,,,
d_csv_to_matrix,small,128,2297.528028000000,payloads/matrix_small.csv,intermediate/task_d_csv_to_matrix_128mb_small_4.out,4530348,3484804,360.109121,1262.991681,482.995159,2106.095961,12.580487000000000,7.2149870000000,,,,,,,,,,
d_csv_to_matrix,small,128,2284.4250200000001,payloads/matrix_small.csv,intermediate/task_d_csv_to_matrix_128mb_small_5.out,4530348,3484804,398.112055,1222.996286,486.808658,2107.916999,11.379580000000001,7.158468000000000,,,,,,,,,,
d_csv_to_matrix,small,256,1237.6537320000000,payloads/matrix_small.csv,intermediate/task_d_csv_to_matrix_256mb_small_1.out,4530348,3484804,198.986273,663.584386,256.157818,1118.728477,22.76713800000000,13.604129000000000,,,,,,,,,,
d_csv_to_matrix,small,256,1203.368902000000,payloads/matrix_small.csv,intermediate/task_d_csv_to_matrix_256mb_small_2.out,4530348,3484804,213.216467,680.781936,251.333988,1145.332391,21.24764600000000,13.865232000000001,,,,,,,,,,
d_csv_to_matrix,small,256,1136.7759699999999,payloads/matrix_small.csv,intermediate/task_d_csv_to_matrix_256mb_small_3.out,4530348,3484804,179.451712,681.14261,183.28476,1043.879082,25.24549900000000,19.01305900000000,,,,,,,,,,
d_csv_to_matrix,small,256,1220.1151850000001,payloads/matrix_small.csv,intermediate/task_d_csv_to_matrix_256mb_small_4.out,4530348,3484804,182.388953,659.10085,262.594402,1104.084205,24.83893900000000,13.270671000000000,,,,,,,,,,
d_csv_to_matrix,small,256,1162.17041000000,payloads/matrix_small.csv,intermediate/task_d_csv_to_matrix_256mb_small_5.out,4530348,3484804,221.770019,672.303551,186.729118,1080.802688,20.428135999999999,18.66234900000000,,,,,,,,,,
d_csv_to_matrix,small,512,640.7506470000000,payloads/matrix_small.csv,intermediate/task_d_csv_to_matrix_512mb_small_1.out,4530348,3484804,100.02292,360.070884,115.515582,575.609386,45.29309900000000,30.167393000000001,,,,,,,,,,
d_csv_to_matrix,small,512,620.4180720000001,payloads/matrix_small.csv,intermediate/task_d_csv_to_matrix_512mb_small_2.out,4530348,3484804,101.464257,319.2887,126.651704,547.404661,44.64969400000000,27.51486100000000,,,,,,,,,,
d_csv_to_matrix,small,512,659.4924930000000,payloads/matrix_small.csv,intermediate/task_d_csv_to_matrix_512mb_small_3.out,4530348,3484804,112.503941,323.189657,171.707812,607.40141,40.268349000000001,20.294965000000001,,,,,,,,,,
d_csv_to_matrix,small,512,608.8168620000000,payloads/matrix_small.csv,intermediate/task_d_csv_to_matrix_512mb_small_4.out,4530348,3484804,95.955263,328.558479,119.492976,544.006718,47.21312700000000,29.1632540000000,,,,,,,,,,
d_csv_to_matrix,small,512,590.207577000000,payloads/matrix_small.csv,intermediate/task_d_csv_to_matrix_512mb_small_5.out,4530348,3484804,105.825653,321.865292,103.384657,531.075602,42.80954400000000,33.707168000000003,,,,,,,,,,
d_csv_to_matrix,small,768,506.8886280000000,payloads/matrix_small.csv,intermediate/task_d_csv_to_matrix_768mb_small_1.out,4530348,3484804,76.530724,219.978579,159.087362,455.596665,59.19646100000000,21.904971000000000,,,,,,,,,,
d_csv_to_matrix,small,768,430.0377370000000,payloads/matrix_small.csv,intermediate/task_d_csv_to_matrix_768mb_small_2.out,4530348,3484804,76.806253,219.100779,80.756907,376.663939,58.98410400000000,43.151775999999998,,,,,,,,,,
d_csv_to_matrix,small,768,452.7695180000000,payloads/matrix_small.csv,intermediate/task_d_csv_to_matrix_768mb_small_3.out,4530348,3484804,75.794359,221.175585,104.145676,401.11562,59.77157200000000,33.46086100000000,,,,,,,,,,
d_csv_to_matrix,small,768,435.1508620000000,payloads/matrix_small.csv,intermediate/task_d_csv_to_matrix_768mb_small_4.out,4530348,3484804,68.603088,219.152873,96.403727,384.159688,66.03708600000000,36.14802200000000,,,,,,,,,,
d_csv_to_matrix,small,768,459.13243299999999,payloads/matrix_small.csv,intermediate/task_d_csv_to_matrix_768mb_small_5.out,4530348,3484804,79.783508,211.346407,118.998924,410.128839,56.78301300000000,29.28433200000000,,,,,,,,,,
d_csv_to_matrix,small,1024,363.1172180000000,payloads/matrix_small.csv,intermediate/task_d_csv_to_matrix_1024mb_small_1.out,4530348,3484804,68.883424,168.203767,74.339525,311.426716,65.76833300000000,46.87686700000000,,,,,,,,,,
d_csv_to_matrix,small,1024,388.2789610000000,payloads/matrix_small.csv,intermediate/task_d_csv_to_matrix_1024mb_small_2.out,4530348,3484804,72.3235,168.516127,87.196962,328.036589,62.64005500000000,39.96474100000000,,,,,,,,,,
d_csv_to_matrix,small,1024,387.8173830000,payloads/matrix_small.csv,intermediate/task_d_csv_to_matrix_1024mb_small_3.out,4530348,3484804,81.148986,168.526955,89.515339,339.19128,55.827537000000000,38.929685999999997,,,,,,,,,,
d_csv_to_matrix,small,1024,457.4933050000000,payloads/matrix_small.csv,intermediate/task_d_csv_to_matrix_1024mb_small_4.out,4530348,3484804,91.436411,162.004498,148.716576,402.157485,49.54643300000000,23.43251900000000,,,,,,,,,,
d_csv_to_matrix,small,1024,402.74596200000002,payloads/matrix_small.csv,intermediate/task_d_csv_to_matrix_1024mb_small_5.out,4530348,3484804,92.448316,162.500516,95.853861,350.802693,49.00411600000000,36.35538500000000,,,,,,,,,,
d_csv_to_matrix,small,1536,374.25828000000001,payloads/matrix_small.csv,intermediate/task_d_csv_to_matrix_1536mb_small_1.out,4530348,3484804,63.952219,117.50722,123.468437,304.927876,70.83957500000000,28.224250000000001,,,,,,,,,,
d_csv_to_matrix,small,1536,292.3858170000000,payloads/matrix_small.csv,intermediate/task_d_csv_to_matrix_1536mb_small_2.out,4530348,3484804,64.663974,102.740665,68.397749,235.802388,70.05984500000000,50.94910400000000,,,,,,,,,,
d_csv_to_matrix,small,1536,310.9574320000000,payloads/matrix_small.csv,intermediate/task_d_csv_to_matrix_1536mb_small_3.out,4530348,3484804,65.831472,104.612307,84.422562,254.866341,68.81735800000000,41.27811200000000,,,,,,,,,,
d_csv_to_matrix,small,1536,382.30061499999999,payloads/matrix_small.csv,intermediate/task_d_csv_to_matrix_1536mb_small_4.out,4530348,3484804,76.701732,101.74577,137.027841,315.475343,59.06448100000000,25.431356999999998,,,,,,,,,,
d_csv_to_matrix,small,1536,362.2581960000000,payloads/matrix_small.csv,intermediate/task_d_csv_to_matrix_1536mb_small_5.out,4530348,3484804,68.862764,102.694102,138.083014,309.63988,65.78806500000000,25.237022000000000,,,,,,,,,,
d_csv_to_matrix,small,2048,359.7900870000000,payloads/matrix_small.csv,intermediate/task_d_csv_to_matrix_2048mb_small_1.out,4530348,3484804,65.452904,101.897325,141.656016,309.006245,69.21538600000000,24.600466000000001,,,,,,,,,,
d_csv_to_matrix,small,2048,296.0166930000000,payloads/matrix_small.csv,intermediate/task_d_csv_to_matrix_2048mb_small_2.out,4530348,3484804,69.108996,92.763351,77.821273,239.69362,65.5536650000000,44.77958100000000,,,,,,,,,,
d_csv_to_matrix,small,2048,321.83217999999999,payloads/matrix_small.csv,intermediate/task_d_csv_to_matrix_2048mb_small_3.out,4530348,3484804,70.835078,96.0401,104.29527,271.170448,63.95627900000000,33.41286700000000,,,,,,,,,,
d_csv_to_matrix,small,2048,295.9213260000000,payloads/matrix_small.csv,intermediate/task_d_csv_to_matrix_2048mb_small_4.out,4530348,3484804,64.436876,92.605427,74.402356,231.444659,70.30676000000000,46.83728000000000,,,,,,,,,,
d_csv_to_matrix,small,2048,364.1793730000000,payloads/matrix_small.csv,intermediate/task_d_csv_to_matrix_2048mb_small_5.out,4530348,3484804,68.200251,93.659505,153.853821,315.713577,66.42714599999999,22.65009700000000,,,,,,,,,,
d_csv_to_matrix,medium,512,5456.508160000000,payloads/matrix_medium.csv,intermediate/task_d_csv_to_matrix_512mb_medium_1.out,45428557,34944804,584.435195,3600.674756,1018.464697,5203.574648,77.73070000000000,34.311256999999998,,,,,,,,,,
d_csv_to_matrix,medium,512,5256.685019000000,payloads/matrix_medium.csv,intermediate/task_d_csv_to_matrix_512mb_medium_2.out,45428557,34944804,502.059132,3558.488546,946.751603,5007.299281,90.48447500000000,36.9102140000000,,,,,,,,,,
d_csv_to_matrix,medium,512,5198.788643000000,payloads/matrix_medium.csv,intermediate/task_d_csv_to_matrix_512mb_medium_3.out,45428557,34944804,498.447649,3583.100839,864.090362,4945.63885,91.14007700000001,40.441144999999999,,,,,,,,,,
d_csv_to_matrix,medium,512,5200.4241940000002,payloads/matrix_medium.csv,intermediate/task_d_csv_to_matrix_512mb_medium_4.out,45428557,34944804,502.660791,3598.544086,853.809676,4955.014553,90.3761700000000,40.92809600000000,,,,,,,,,,
d_csv_to_matrix,medium,512,5141.986847000000,payloads/matrix_medium.csv,intermediate/task_d_csv_to_matrix_512mb_medium_5.out,45428557,34944804,494.010311,3539.027678,881.883481,4914.92147,91.95872199999999,39.62519400000000,,,,,,,,,,
d_csv_to_matrix,medium,768,3477.4491790000002,payloads/matrix_medium.csv,intermediate/task_d_csv_to_matrix_768mb_medium_1.out,45428557,34944804,484.39261,2257.642052,550.045925,3292.080587,93.7845790000000,63.53070200000000,,,,,,,,,,
d_csv_to_matrix,medium,768,3515.2392390000000,payloads/matrix_medium.csv,intermediate/task_d_csv_to_matrix_768mb_medium_2.out,45428557,34944804,472.875269,2295.863646,569.181027,3337.919942,96.0687940000000,61.39488600000000,,,,,,,,,,
d_csv_to_matrix,medium,768,3462.778091000000,payloads/matrix_medium.csv,intermediate/task_d_csv_to_matrix_768mb_medium_3.out,45428557,34944804,484.501761,2276.675598,542.341908,3303.519267,93.76345100000000,64.43316200000000,,,,,,,,,,
d_csv_to_matrix,medium,768,3501.777411000000,payloads/matrix_medium.csv,intermediate/task_d_csv_to_matrix_768mb_medium_4.out,45428557,34944804,479.644518,2314.633796,547.018239,3341.296553,94.71297000000000,63.8823380000000,,,,,,,,,,
d_csv_to_matrix,medium,768,3495.3858850000001,payloads/matrix_medium.csv,intermediate/task_d_csv_to_matrix_768mb_medium_5.out,45428557,34944804,482.029303,2250.833866,601.975495,3334.838664,94.24438900000000,58.05021000000000,,,,,,,,,,
d_csv_to_matrix,medium,1024,2718.8541890000001,payloads/matrix_medium.csv,intermediate/task_d_csv_to_matrix_1024mb_medium_1.out,45428557,34944804,481.454052,1658.153882,445.8002,2585.408134,94.356994000000,78.3866940000000,,,,,,,,,,
d_csv_to_matrix,medium,1024,2714.31851400000,payloads/matrix_medium.csv,intermediate/task_d_csv_to_matrix_1024mb_medium_2.out,45428557,34944804,479.911718,1648.054868,444.53149,2572.498076,94.66023700000000,78.6104130000000,,,,,,,,,,
d_csv_to_matrix,medium,1024,2687.12854400000,payloads/matrix_medium.csv,intermediate/task_d_csv_to_matrix_1024mb_medium_3.out,45428557,34944804,479.463239,1677.669726,395.712471,2552.845436,94.748780000000,88.30857399999999,,,,,,,,,,
d_csv_to_matrix,medium,1024,2731.5683359999998,payloads/matrix_medium.csv,intermediate/task_d_csv_to_matrix_1024mb_medium_4.out,45428557,34944804,471.273816,1677.768924,447.199634,2596.242374,96.39524900000001,78.1413970000000,,,,,,,,,,
d_csv_to_matrix,medium,1024,2691.2708280000002,payloads/matrix_medium.csv,intermediate/task_d_csv_to_matrix_1024mb_medium_5.out,45428557,34944804,473.435724,1640.25934,446.829632,2560.524696,95.95506800000000,78.20610200000000,,,,,,,,,,
d_csv_to_matrix,medium,1536,2171.6320510000000,payloads/matrix_medium.csv,intermediate/task_d_csv_to_matrix_1536mb_medium_1.out,45428557,34944804,471.573301,1149.418932,435.988077,2056.98031,96.33403100000000,80.15082500000000,,,,,,,,,,
d_csv_to_matrix,medium,1536,2133.625031000000,payloads/matrix_medium.csv,intermediate/task_d_csv_to_matrix_1536mb_medium_2.out,45428557,34944804,472.432833,1140.281071,408.534619,2021.248523,96.15876299999999,85.5369470000000,,,,,,,,,,
d_csv_to_matrix,medium,1536,2083.7337969999999,payloads/matrix_medium.csv,intermediate/task_d_csv_to_matrix_1536mb_medium_3.out,45428557,34944804,469.241639,1136.36744,358.257073,1963.866152,96.81271500000000,97.5411420000000,,,,,,,,,,
d_csv_to_matrix,medium,1536,2200.63853300000,payloads/matrix_medium.csv,intermediate/task_d_csv_to_matrix_1536mb_medium_4.out,45428557,34944804,481.60718,1207.319707,378.10201,2067.028897,94.32699300000000,92.42162999999999,,,,,,,,,,
d_csv_to_matrix,medium,1536,2350.1081469999999,payloads/matrix_medium.csv,intermediate/task_d_csv_to_matrix_1536mb_medium_5.out,45428557,34944804,480.842665,1388.412669,364.867175,2234.122509,94.47696800000000,95.77404199999999,,,,,,,,,,
d_csv_to_matrix,medium,2048,2015.8417219999999,payloads/matrix_medium.csv,intermediate/task_d_csv_to_matrix_2048mb_medium_1.out,45428557,34944804,471.609559,1015.972164,423.109818,1910.691541,96.32662500000001,82.59038800000000,,,,,,,,,,
d_csv_to_matrix,medium,2048,1948.1325150000000,payloads/matrix_medium.csv,intermediate/task_d_csv_to_matrix_2048mb_medium_2.out,45428557,34944804,470.582185,1005.643952,364.956226,1841.182363,96.53692500000000,95.7506720000000,,,,,,,,,,
d_csv_to_matrix,medium,2048,1940.7570360000000,payloads/matrix_medium.csv,intermediate/task_d_csv_to_matrix_2048mb_medium_3.out,45428557,34944804,468.177906,1022.829959,344.54104,1835.548905,97.03268000000000,101.42421299999999,,,,,,,,,,
d_csv_to_matrix,medium,2048,1952.810764000000,payloads/matrix_medium.csv,intermediate/task_d_csv_to_matrix_2048mb_medium_4.out,45428557,34944804,468.422606,1019.389754,363.642438,1851.454798,96.9819910000000,96.09660599999999,,,,,,,,,,
d_csv_to_matrix,medium,2048,1928.951979000000,payloads/matrix_medium.csv,intermediate/task_d_csv_to_matrix_2048mb_medium_5.out,45428557,34944804,465.989087,1006.284586,358.269381,1830.543054,97.48845700000000,97.53779100000000,,,,,,,,,,
d_csv_to_matrix,large,2048,11380.113125000000,payloads/matrix_large.csv,intermediate/task_d_csv_to_matrix_2048mb_large_0.out,227102481,174695436,2295.496463,5438.270689,2583.82424,10317.591392,98.93392799999999,67.61119200000000,,,,,,,,,,
d_csv_to_matrix,large,2048,8288.370848000000,payloads/matrix_large.csv,intermediate/task_d_csv_to_matrix_2048mb_large_1.out,227102481,174695436,2290.677831,4154.840801,1562.921591,8008.440223,99.14204300000000,111.77491999999999,,,,,,,,,,
d_csv_to_matrix,large,2048,8325.51097900000,payloads/matrix_large.csv,intermediate/task_d_csv_to_matrix_2048mb_large_2.out,227102481,174695436,2291.948209,4174.964697,1565.833792,8032.746698,99.0870910000000,111.5670370000000,,,,,,,,,,
d_csv_to_matrix,large,2048,8352.405548000001,payloads/matrix_large.csv,intermediate/task_d_csv_to_matrix_2048mb_large_3.out,227102481,174695436,2288.613762,4190.65595,1586.743453,8066.013165,99.23145800000000,110.0968370000000,,,,,,,,,,
d_csv_to_matrix,large,2048,8338.524579999999,payloads/matrix_large.csv,intermediate/task_d_csv_to_matrix_2048mb_large_4.out,227102481,174695436,2289.104444,4198.735461,1553.176934,8041.016839,99.210187000000,112.47619800000000,,,,,,,,,,
d_csv_to_matrix,large,2048,9697.453498999999,payloads/matrix_large.csv,intermediate/task_d_csv_to_matrix_2048mb_large_5.out,227102481,174695436,2288.226614,4172.081885,2951.437955,9411.746454,99.2482470000000,59.18994000000000,,,,,,,,,,
b_compress,micro,128,464.2660620000000,payloads/matrix_micro.bin,intermediate/task_b_compress_128mb_micro_1.out,102156,97378,218.689042,41.497097,102.485808,362.671947,0.4671290000000000,0.9501610000000000,,,,,,,,,,
b_compress,micro,128,460.576057000000,payloads/matrix_micro.bin,intermediate/task_b_compress_128mb_micro_2.out,102156,97378,200.189562,41.616291,121.653738,363.459591,0.5102960000000000,0.8004520000000001,,,,,,,,,,
b_compress,micro,128,465.0065900000000,payloads/matrix_micro.bin,intermediate/task_b_compress_128mb_micro_3.out,102156,97378,199.69406,41.496806,109.604065,350.794931,0.5115630000000000,0.8884520000000000,,,,,,,,,,
b_compress,micro,128,484.1930870000000,payloads/matrix_micro.bin,intermediate/task_b_compress_128mb_micro_4.out,102156,97378,236.520332,61.4746,113.624361,411.619293,0.4319120000000000,0.8570170000000000,,,,,,,,,,
b_compress,micro,128,462.0575900000000,payloads/matrix_micro.bin,intermediate/task_b_compress_128mb_micro_5.out,102156,97378,199.863219,41.499735,104.636902,345.999856,0.5111300000000000,0.9306280000000000,,,,,,,,,,
b_compress,micro,256,279.102087000000,payloads/matrix_micro.bin,intermediate/task_b_compress_256mb_micro_1.out,102156,97378,134.601066,25.587972,61.684623,221.873661,0.7589540000000000,1.5786430000000000,,,,,,,,,,
b_compress,micro,256,261.8710990000000,payloads/matrix_micro.bin,intermediate/task_b_compress_256mb_micro_2.out,102156,97378,138.341718,9.662034,62.130378,210.13413,0.7384320000000000,1.567317000000000,,,,,,,,,,
b_compress,micro,256,274.37305500000002,payloads/matrix_micro.bin,intermediate/task_b_compress_256mb_micro_3.out,102156,97378,133.292415,25.620238,59.857467,218.77012,0.766405000000000,1.6268309999999999,,,,,,,,,,
b_compress,micro,256,283.383846000000,payloads/matrix_micro.bin,intermediate/task_b_compress_256mb_micro_4.out,102156,97378,149.219056,25.540491,62.630222,237.389769,0.6846040000000000,1.5548080000000000,,,,,,,,,,
b_compress,micro,256,287.83106800000002,payloads/matrix_micro.bin,intermediate/task_b_compress_256mb_micro_5.out,102156,97378,141.479291,5.395782,90.834722,237.709795,0.7220560000000000,1.0720350000000001,,,,,,,,,,
b_compress,micro,512,175.60291300000000,payloads/matrix_micro.bin,intermediate/task_b_compress_512mb_micro_1.out,102156,97378,86.270149,5.444747,38.001215,129.716111,1.1841410000000001,2.562497000000000,,,,,,,,,,
b_compress,micro,512,160.7513430000000,payloads/matrix_micro.bin,intermediate/task_b_compress_512mb_micro_2.out,102156,97378,59.948899,5.479663,35.074777,100.503339,1.7040510000000000,2.776297000000000,,,,,,,,,,
b_compress,micro,512,186.40756600000000,payloads/matrix_micro.bin,intermediate/task_b_compress_512mb_micro_3.out,102156,97378,64.02698,5.673242,61.516544,131.216766,1.5955150000000000,1.582956000000000,,,,,,,,,,
b_compress,micro,512,150.97475100000000,payloads/matrix_micro.bin,intermediate/task_b_compress_512mb_micro_4.out,102156,97378,58.767148,5.333215,36.309878,100.410241,1.7383180000000000,2.6818599999999999,,,,,,,,,,
b_compress,micro,512,170.50433200000001,payloads/matrix_micro.bin,intermediate/task_b_compress_512mb_micro_5.out,102156,97378,53.401567,5.354176,46.237984,104.993727,1.9129780000000001,2.1060170000000000,,,,,,,,,,
b_compress,micro,768,143.57280700000001,payloads/matrix_micro.bin,intermediate/task_b_compress_768mb_micro_1.out,102156,97378,50.499715,5.357651,41.728408,97.585774,2.0229029999999999,2.333614000000000,,,,,,,,,,
b_compress,micro,768,188.0028250000000,payloads/matrix_micro.bin,intermediate/task_b_compress_768mb_micro_2.out,102156,97378,67.255425,5.323794,59.631503,132.210722,1.5189260000000000,1.632996000000000,,,,,,,,,,
b_compress,micro,768,147.03035399999999,payloads/matrix_micro.bin,intermediate/task_b_compress_768mb_micro_3.out,102156,97378,60.907663,5.458605,37.368663,103.734931,1.67722700000000,2.6058729999999999,,,,,,,,,,
b_compress,micro,768,137.3288630000000,payloads/matrix_micro.bin,intermediate/task_b_compress_768mb_micro_4.out,102156,97378,49.363499,5.299978,34.916815,89.580292,2.069464000000000,2.7888570000000001,,,,,,,,,,
b_compress,micro,768,144.75703200000001,payloads/matrix_micro.bin,intermediate/task_b_compress_768mb_micro_5.out,102156,97378,48.836968,5.365627,44.818076,99.020671,2.091776000000000,2.172739000000000,,,,,,,,,,
b_compress,micro,1024,160.61997400000001,payloads/matrix_micro.bin,intermediate/task_b_compress_1024mb_micro_1.out,102156,97378,50.115976,5.387944,56.341747,111.845667,2.038392000000000,1.728345000000000,,,,,,,,,,
b_compress,micro,1024,161.8447300000000,payloads/matrix_micro.bin,intermediate/task_b_compress_1024mb_micro_2.out,102156,97378,57.603563,5.58496,40.493391,103.681914,1.7734319999999999,2.404787000000000,,,,,,,,,,
b_compress,micro,1024,156.43310500000,payloads/matrix_micro.bin,intermediate/task_b_compress_1024mb_micro_3.out,102156,97378,50.97542,5.53391,54.247649,110.756979,2.0040249999999999,1.7950640000000000,,,,,,,,,,
b_compress,micro,1024,137.4976630000000,payloads/matrix_micro.bin,intermediate/task_b_compress_1024mb_micro_4.out,102156,97378,46.340558,5.407798,38.147755,89.896111,2.2044619999999999,2.55265300000000,,,,,,,,,,
b_compress,micro,1024,136.69586200000001,payloads/matrix_micro.bin,intermediate/task_b_compress_1024mb_micro_5.out,102156,97378,47.418788,5.365372,33.972307,86.756467,2.154336000000000,2.866394000000000,,,,,,,,,,
b_compress,micro,1536,136.1675260000000,payloads/matrix_micro.bin,intermediate/task_b_compress_1536mb_micro_1.out,102156,97378,42.731292,5.400617,41.431267,89.563176,2.390660000000000,2.350351000000000,,,,,,,,,,
b_compress,micro,1536,147.45211599999999,payloads/matrix_micro.bin,intermediate/task_b_compress_1536mb_micro_2.out,102156,97378,50.612159,5.594495,36.973968,93.180622,2.018408000000000,2.6336909999999998,,,,,,,,,,
b_compress,micro,1536,144.24395600000000,payloads/matrix_micro.bin,intermediate/task_b_compress_1536mb_micro_3.out,102156,97378,44.965399,5.448332,45.600607,96.014338,2.271880000000000,2.13545400000000,,,,,,,,,,
b_compress,micro,1536,137.40277300000000,payloads/matrix_micro.bin,intermediate/task_b_compress_1536mb_micro_4.out,102156,97378,46.081762,5.370368,35.348112,86.800242,2.216842000000000,2.754829000000000,,,,,,,,,,
b_compress,micro,1536,147.752047000000,payloads/matrix_micro.bin,intermediate/task_b_compress_1536mb_micro_5.out,102156,97378,51.543467,5.40588,43.040581,99.989928,1.9819389999999999,2.2624689999999998,,,,,,,,,,
b_compress,micro,2048,138.26918599999999,payloads/matrix_micro.bin,intermediate/task_b_compress_2048mb_micro_1.out,102156,97378,47.027316,5.354447,33.790319,86.172082,2.172269000000000,2.8818310000000000,,,,,,,,,,
b_compress,micro,2048,170.5009940000000,payloads/matrix_micro.bin,intermediate/task_b_compress_2048mb_micro_2.out,102156,97378,50.489537,5.334342,36.748934,92.572813,2.023310000000000,2.6498179999999998,,,,,,,,,,
b_compress,micro,2048,152.63867400000001,payloads/matrix_micro.bin,intermediate/task_b_compress_2048mb_micro_3.out,102156,97378,49.908058,5.475327,41.135205,96.51859,2.046884000000000,2.3672670000000000,,,,,,,,,,
b_compress,micro,2048,138.02814499999999,payloads/matrix_micro.bin,intermediate/task_b_compress_2048mb_micro_4.out,102156,97378,52.748602,5.382498,35.352654,93.483754,1.936658000000000,2.7544749999999998,,,,,,,,,,
b_compress,micro,2048,170.03512400000000,payloads/matrix_micro.bin,intermediate/task_b_compress_2048mb_micro_5.out,102156,97378,49.845778,5.348715,60.965724,116.160217,2.049441000000000,1.5972580000000001,,,,,,,,,,
b_compress,small,128,5520.727634000000,payloads/matrix_small.bin,intermediate/task_b_compress_128mb_small_1.out,5235852,4986764,439.022266,4401.995303,555.042203,5396.059772,11.92616500000000,8.984477000000000,,,,,,,,,,
b_compress,small,128,5558.761120000000,payloads/matrix_small.bin,intermediate/task_b_compress_128mb_small_2.out,5235852,4986764,458.454262,4439.601118,559.687271,5457.742651,11.420664000000000,8.909910999999999,,,,,,,,,,
b_compress,small,128,5567.83652300000,payloads/matrix_small.bin,intermediate/task_b_compress_128mb_small_3.out,5235852,4986764,420.932483,4458.748894,584.173361,5463.854738,12.43869800000000,8.536445000000001,,,,,,,,,,
b_compress,small,128,5552.893400000000,payloads/matrix_small.bin,intermediate/task_b_compress_128mb_small_4.out,5235852,4986764,459.250724,4441.416909,558.156175,5458.823808,11.400857000000000,8.934352000000001,,,,,,,,,,
b_compress,small,128,5522.088528000000,payloads/matrix_small.bin,intermediate/task_b_compress_128mb_small_5.out,5235852,4986764,459.179757,4402.53531,536.76245,5398.477517,11.402619000000000,9.290449000000001,,,,,,,,,,
b_compress,small,256,2755.7249069999998,payloads/matrix_small.bin,intermediate/task_b_compress_256mb_small_1.out,5235852,4986764,202.417624,2179.831722,306.070229,2688.319575,25.8665820000000,16.292874999999999,,,,,,,,,,
b_compress,small,256,2772.571325000000,payloads/matrix_small.bin,intermediate/task_b_compress_256mb_small_2.out,5235852,4986764,203.288906,2180.324969,319.4151,2703.028975,25.75571900000000,15.612174000000000,,,,,,,,,,
b_compress,small,256,2774.43265900000,payloads/matrix_small.bin,intermediate/task_b_compress_256mb_small_3.out,5235852,4986764,233.057016,2182.409089,314.702963,2730.169068,22.46597000000000,15.845939000000000,,,,,,,,,,
b_compress,small,256,2756.298542000000,payloads/matrix_small.bin,intermediate/task_b_compress_256mb_small_4.out,5235852,4986764,200.113552,2199.847798,289.384636,2689.345986,26.16440500000000,17.232303999999999,,,,,,,,,,
b_compress,small,256,2770.105124000000,payloads/matrix_small.bin,intermediate/task_b_compress_256mb_small_5.out,5235852,4986764,221.695221,2198.733599,282.272702,2702.701522,23.61734300000000,17.66647600000000,,,,,,,,,,
b_compress,small,512,1362.936020000000,payloads/matrix_small.bin,intermediate/task_b_compress_512mb_small_1.out,5235852,4986764,111.375817,1065.922781,137.835373,1315.133971,47.01067200000000,36.17913100000000,,,,,,,,,,
b_compress,small,512,1424.494028000000,payloads/matrix_small.bin,intermediate/task_b_compress_512mb_small_2.out,5235852,4986764,105.109127,1075.101733,191.115298,1371.326158,49.81348600000000,26.09296100000000,,,,,,,,,,
b_compress,small,512,1392.7958010000000,payloads/matrix_small.bin,intermediate/task_b_compress_512mb_small_3.out,5235852,4986764,107.122194,1060.324723,182.21368,1349.660597,48.87737800000000,27.36767100000000,,,,,,,,,,
b_compress,small,512,1378.880262000000,payloads/matrix_small.bin,intermediate/task_b_compress_512mb_small_4.out,5235852,4986764,115.789189,1059.813262,158.970617,1334.573068,45.21883300000000,31.369092999999999,,,,,,,,,,
b_compress,small,512,1363.4986879999999,payloads/matrix_small.bin,intermediate/task_b_compress_512mb_small_5.out,5235852,4986764,110.882528,1056.728375,146.844087,1314.45499,47.21981100000000,33.959583000000002,,,,,,,,,,
b_compress,small,768,926.5079500000001,payloads/matrix_small.bin,intermediate/task_b_compress_768mb_small_1.out,5235852,4986764,81.15736,708.889756,85.006327,875.053443,64.51481400000000,58.66344500000000,,,,,,,,,,
b_compress,small,768,969.5801729999999,payloads/matrix_small.bin,intermediate/task_b_compress_768mb_small_2.out,5235852,4986764,81.053769,707.220854,133.07388,921.348503,64.59726800000000,37.4736500000000,,,,,,,,,,
b_compress,small,768,951.0548110000000,payloads/matrix_small.bin,intermediate/task_b_compress_768mb_small_3.out,5235852,4986764,97.878048,702.952599,103.444598,904.275245,53.49362900000000,48.20709900000000,,,,,,,,,,
b_compress,small,768,926.9838330000000,payloads/matrix_small.bin,intermediate/task_b_compress_768mb_small_4.out,5235852,4986764,73.514985,712.724595,92.685127,878.924707,71.22156099999999,53.80328200000000,,,,,,,,,,
b_compress,small,768,946.4447500000000,payloads/matrix_small.bin,intermediate/task_b_compress_768mb_small_5.out,5235852,4986764,73.298547,714.36236,117.624696,905.285603,71.43186600000000,42.39555300000000,,,,,,,,,,
b_compress,small,1024,726.130486000000,payloads/matrix_small.bin,intermediate/task_b_compress_1024mb_small_1.out,5235852,4986764,80.78101,509.698421,89.33997,679.819401,64.81538200000000,55.81783800000000,,,,,,,,,,
b_compress,small,1024,741.6262630000000,payloads/matrix_small.bin,intermediate/task_b_compress_1024mb_small_2.out,5235852,4986764,78.234891,508.479181,100.021072,686.735144,66.92476900000000,49.85713400000000,,,,,,,,,,
b_compress,small,1024,772.1140380000001,payloads/matrix_small.bin,intermediate/task_b_compress_1024mb_small_3.out,5235852,4986764,76.609586,518.829128,129.109997,724.548711,68.34460600000000,38.62415100000000,,,,,,,,,,
b_compress,small,1024,728.7185190000000,payloads/matrix_small.bin,intermediate/task_b_compress_1024mb_small_4.out,5235852,4986764,80.399141,508.197949,92.274807,680.871897,65.12323300000000,54.04253000000000,,,,,,,,,,
b_compress,small,1024,759.4189640000000,payloads/matrix_small.bin,intermediate/task_b_compress_1024mb_small_5.out,5235852,4986764,72.120376,515.473999,121.860568,709.454943,72.59878999999999,40.92188400000000,,,,,,,,,,
b_compress,small,1536,579.1659360000000,payloads/matrix_small.bin,intermediate/task_b_compress_1536mb_small_1.out,5235852,4986764,77.518691,350.352102,100.022395,527.893188,67.54309100000000,49.85647500000000,,,,,,,,,,
b_compress,small,1536,542.5548550000000,payloads/matrix_small.bin,intermediate/task_b_compress_1536mb_small_2.out,5235852,4986764,73.185859,343.645183,76.36995,493.200992,71.54185300000000,65.29746299999999,,,,,,,,,,
b_compress,small,1536,594.0537450000000,payloads/matrix_small.bin,intermediate/task_b_compress_1536mb_small_3.out,5235852,4986764,107.01249,352.439262,87.624255,547.076007,48.9274850000000,56.91077200000000,,,,,,,,,,
b_compress,small,1536,541.9881339999999,payloads/matrix_small.bin,intermediate/task_b_compress_1536mb_small_4.out,5235852,4986764,71.828869,340.657316,77.889283,490.375468,72.89342100000000,64.02375000000001,,,,,,,,,,
b_compress,small,1536,543.330193000000,payloads/matrix_small.bin,intermediate/task_b_compress_1536mb_small_5.out,5235852,4986764,72.293539,339.70538,78.255217,490.254136,72.42489500000001,63.72436500000000,,,,,,,,,,
b_compress,small,2048,541.269064000000,payloads/matrix_small.bin,intermediate/task_b_compress_2048mb_small_1.out,5235852,4986764,72.120813,294.67078,131.726909,498.518502,72.59835000000000,37.85683600000000,,,,,,,,,,
b_compress,small,2048,551.844597000000,payloads/matrix_small.bin,intermediate/task_b_compress_2048mb_small_2.out,5235852,4986764,78.375839,296.359813,122.006969,496.742621,66.8044140000000,40.87278000000000,,,,,,,,,,
b_compress,small,2048,533.2984920000000,payloads/matrix_small.bin,intermediate/task_b_compress_2048mb_small_3.out,5235852,4986764,83.711251,298.602233,101.826629,484.140113,62.546574999999997,48.97308300000000,,,,,,,,,,
b_compress,small,2048,520.44677700000,payloads/matrix_small.bin,intermediate/task_b_compress_2048mb_small_4.out,5235852,4986764,72.953959,298.019306,81.744846,452.718111,71.76926500000000,61.00401700000000,,,,,,,,,,
b_compress,small,2048,555.7127000000000,payloads/matrix_small.bin,intermediate/task_b_compress_2048mb_small_5.out,5235852,4986764,107.872246,296.373132,108.585105,512.830483,48.53752700000000,45.92493600000000,,,,,,,,,,
b_compress,medium,256,26159.87229300000,payloads/matrix_medium.bin,intermediate/task_b_compress_256mb_medium_1.out,52387852,49893161,900.241073,22520.829949,2666.024994,26087.096016,58.19313700000000,18.714438999999999,,,,,,,,,,
b_compress,medium,256,25976.05991400000,payloads/matrix_medium.bin,intermediate/task_b_compress_256mb_medium_2.out,52387852,49893161,739.459277,22359.921608,2785.526047,25884.906932,70.84616200000001,17.911576000000000,,,,,,,,,,
b_compress,medium,256,25783.063172999999,payloads/matrix_medium.bin,intermediate/task_b_compress_256mb_medium_3.out,52387852,49893161,814.185611,22380.879342,2522.628347,25717.6933,64.34386900000000,19.77824500000000,,,,,,,,,,
b_compress,medium,256,26338.383436000000,payloads/matrix_medium.bin,intermediate/task_b_compress_256mb_medium_4.out,52387852,49893161,866.302515,22661.942596,2733.35877,26261.603881,60.47293100000000,18.25342600000000,,,,,,,,,,
b_compress,medium,256,26058.41612800000,payloads/matrix_medium.bin,intermediate/task_b_compress_256mb_medium_5.out,52387852,49893161,878.771402,22379.673593,2722.068418,25980.513413,59.614879999999999,18.329135999999998,,,,,,,,,,
b_compress,medium,512,12892.948388999999,payloads/matrix_medium.bin,intermediate/task_b_compress_512mb_medium_1.out,52387852,49893161,690.611524,10946.808606,1181.996636,12819.416766,75.85719300000000,42.21091600000000,,,,,,,,,,
b_compress,medium,512,12829.64563400000,payloads/matrix_medium.bin,intermediate/task_b_compress_512mb_medium_2.out,52387852,49893161,675.121513,10882.962935,1221.328403,12779.412851,77.5976640000000,40.85155200000000,,,,,,,,,,
b_compress,medium,512,12809.426546000001,payloads/matrix_medium.bin,intermediate/task_b_compress_512mb_medium_3.out,52387852,49893161,605.401503,10877.531334,1247.104216,12730.037053,86.53406300000000,40.00721100000000,,,,,,,,,,
b_compress,medium,512,12758.952379000000,payloads/matrix_medium.bin,intermediate/task_b_compress_512mb_medium_4.out,52387852,49893161,559.889113,10893.124032,1245.149814,12698.162959,93.56826300000000,40.070005999999999,,,,,,,,,,
b_compress,medium,512,12754.83536700000,payloads/matrix_medium.bin,intermediate/task_b_compress_512mb_medium_5.out,52387852,49893161,593.075646,10900.189364,1203.360766,12696.625776,88.33249600000001,41.46151500000000,,,,,,,,,,
b_compress,medium,768,8566.208363000000,payloads/matrix_medium.bin,intermediate/task_b_compress_768mb_medium_1.out,52387852,49893161,539.713858,7131.067171,831.394007,8502.175036,97.06597499999999,60.011451000000,,,,,,,,,,
b_compress,medium,768,8439.204931000000,payloads/matrix_medium.bin,intermediate/task_b_compress_768mb_medium_2.out,52387852,49893161,555.840797,7079.60281,751.582434,8387.026041,94.24974300000000,66.38415000000001,,,,,,,,,,
b_compress,medium,768,8543.667793000001,payloads/matrix_medium.bin,intermediate/task_b_compress_768mb_medium_3.out,52387852,49893161,554.230932,7149.6038,776.552664,8480.387396,94.52350800000001,64.24955199999999,,,,,,,,,,
b_compress,medium,768,8409.554243000000,payloads/matrix_medium.bin,intermediate/task_b_compress_768mb_medium_4.out,52387852,49893161,544.718524,7049.933482,762.426203,8357.078209,96.17417000000000,65.43998700000000,,,,,,,,,,
b_compress,medium,768,8500.703573000001,payloads/matrix_medium.bin,intermediate/task_b_compress_768mb_medium_5.out,52387852,49893161,554.201413,7069.978853,826.661989,8450.842255,94.52854300000000,60.35497200000000,,,,,,,,,,
b_compress,medium,1024,6481.791496000000,payloads/matrix_medium.bin,intermediate/task_b_compress_1024mb_medium_1.out,52387852,49893161,546.503542,5300.609399,580.014614,6427.127555,95.86004100000000,86.02052399999999,,,,,,,,,,
b_compress,medium,1024,6446.993589000000,payloads/matrix_medium.bin,intermediate/task_b_compress_1024mb_medium_2.out,52387852,49893161,548.672164,5276.835849,570.343542,6395.851555,95.48115500000000,87.47913699999999,,,,,,,,,,
b_compress,medium,1024,6399.513483000000,payloads/matrix_medium.bin,intermediate/task_b_compress_1024mb_medium_3.out,52387852,49893161,545.326877,5271.930808,530.916356,6348.174041,96.06688100000000,93.97555800000001,,,,,,,,,,
b_compress,medium,1024,6465.968609000000,payloads/matrix_medium.bin,intermediate/task_b_compress_1024mb_medium_4.out,52387852,49893161,542.689412,5267.838806,598.569512,6409.09773,96.53376500000000,83.35399600000000,,,,,,,,,,
b_compress,medium,1024,6425.239325000000,payloads/matrix_medium.bin,intermediate/task_b_compress_1024mb_medium_5.out,52387852,49893161,542.614002,5291.018613,540.666351,6374.298966,96.54718099999999,92.28086999999999,,,,,,,,,,
b_compress,medium,1536,4570.544004000000,payloads/matrix_medium.bin,intermediate/task_b_compress_1536mb_medium_1.out,52387852,49893161,541.41229,3508.315501,466.789904,4516.517695,96.76147500000000,106.88569000000000,,,,,,,,,,
b_compress,medium,1536,4534.863234000000,payloads/matrix_medium.bin,intermediate/task_b_compress_1536mb_medium_2.out,52387852,49893161,542.606927,3475.295324,464.409244,4482.311495,96.5484390000000,107.4336090000000,,,,,,,,,,
b_compress,medium,1536,4576.815844000000,payloads/matrix_medium.bin,intermediate/task_b_compress_1536mb_medium_3.out,52387852,49893161,543.34581,3495.249295,483.718702,4522.313807,96.41714500000000,103.14499100000000,,,,,,,,,,
b_compress,medium,1536,4541.584730000000,payloads/matrix_medium.bin,intermediate/task_b_compress_1536mb_medium_4.out,52387852,49893161,542.55194,3486.836324,459.704556,4489.09282,96.55822400000000,108.53310100000000,,,,,,,,,,
b_compress,medium,1536,4553.613186000000,payloads/matrix_medium.bin,intermediate/task_b_compress_1536mb_medium_5.out,52387852,49893161,544.35723,3492.975914,458.643918,4495.977062,96.23800199999999,108.78408899999999,,,,,,,,,,
b_compress,medium,2048,4187.30616600000,payloads/matrix_medium.bin,intermediate/task_b_compress_2048mb_medium_1.out,52387852,49893161,546.745555,3117.646448,459.516612,4123.908615,95.81760900000000,108.57749099999999,,,,,,,,,,
b_compress,medium,2048,4094.66290500000,payloads/matrix_medium.bin,intermediate/task_b_compress_2048mb_medium_2.out,52387852,49893161,548.986907,3027.807978,458.763241,4035.558126,95.42641399999999,108.75579500000001,,,,,,,,,,
b_compress,medium,2048,5042.853594000000,payloads/matrix_medium.bin,intermediate/task_b_compress_2048mb_medium_3.out,52387852,49893161,547.863413,3092.890227,470.525635,4111.279275,95.6221040000000,106.0370730000000,,,,,,,,,,
b_compress,medium,2048,4094.017506000000,payloads/matrix_medium.bin,intermediate/task_b_compress_2048mb_medium_4.out,52387852,49893161,539.78588,3023.460978,480.900753,4044.147611,97.05302399999999,103.74939300000000,,,,,,,,,,
b_compress,medium,2048,4087.7959729999998,payloads/matrix_medium.bin,intermediate/task_b_compress_2048mb_medium_5.out,52387852,49893161,543.750799,3032.809226,455.26426,4031.824285,96.34533300000000,109.59164900000000,,,,,,,,,,
b_compress,large,1024,32878.01766400000,payloads/matrix_large.bin,intermediate/task_b_compress_1024mb_large_1.out,262113412,249631588,2677.025706,27317.341146,2797.101496,32791.468348,97.91217600000000,89.2465250000000,,,,,,,,,,
b_compress,large,1024,33022.77731900000,payloads/matrix_large.bin,intermediate/task_b_compress_1024mb_large_2.out,262113412,249631588,2645.770765,27324.135232,2971.00034,32940.906337,99.06882899999999,84.02274000000000,,,,,,,,,,
b_compress,large,1024,32759.97567200000,payloads/matrix_large.bin,intermediate/task_b_compress_1024mb_large_3.out,262113412,249631588,2643.843698,27264.649479,2760.288435,32668.781612,99.14103900000001,90.43677599999999,,,,,,,,,,
b_compress,large,1024,32795.04060700000,payloads/matrix_large.bin,intermediate/task_b_compress_1024mb_large_4.out,262113412,249631588,2636.445584,27308.369432,2755.548699,32700.363715,99.41923800000001,90.59233399999999,,,,,,,,,,
b_compress,large,1024,32748.93093100000,payloads/matrix_large.bin,intermediate/task_b_compress_1024mb_large_5.out,262113412,249631588,2642.792967,27253.366167,2772.249421,32668.408555,99.1804560000000,90.04658300000000,,,,,,,,,,
b_compress,large,1536,22558.28285200000,payloads/matrix_large.bin,intermediate/task_b_compress_1536mb_large_1.out,262113412,249631588,2643.351712,17641.363459,2195.387943,22480.103114,99.15949200000000,113.70727800000000,,,,,,,,,,
b_compress,large,1536,22562.105178999998,payloads/matrix_large.bin,intermediate/task_b_compress_1536mb_large_2.out,262113412,249631588,2644.421065,17618.302853,2218.451849,22481.175767,99.11939300000000,112.5251320000000,,,,,,,,,,
b_compress,large,1536,22657.315730999999,payloads/matrix_large.bin,intermediate/task_b_compress_1536mb_large_3.out,262113412,249631588,2635.77946,17752.358686,2197.047729,22585.185875,99.4443640000000,113.62137700000000,,,,,,,,,,
b_compress,large,1536,22579.19216200000,payloads/matrix_large.bin,intermediate/task_b_compress_1536mb_large_4.out,262113412,249631588,2634.929094,17597.762127,2276.531416,22509.222637,99.4764570000000,109.65435700000000,,,,,,,,,,
b_compress,large,1536,22518.419980999999,payloads/matrix_large.bin,intermediate/task_b_compress_1536mb_large_5.out,262113412,249631588,2637.356692,17575.14537,2212.141839,22424.643901,99.384893000000,112.8461040000000,,,,,,,,,,
b_compress,large,2048,19955.039500999999,payloads/matrix_large.bin,intermediate/task_b_compress_2048mb_large_1.out,262113412,249631588,2641.700098,15006.312508,2230.759223,19878.771829,99.22148700000000,111.9043170000000,,,,,,,,,,
b_compress,large,2048,19902.52018000000,payloads/matrix_large.bin,intermediate/task_b_compress_2048mb_large_2.out,262113412,249631588,2639.547331,14981.07628,2213.400832,19834.024443,99.30240999999999,112.78191700000001,,,,,,,,,,
b_compress,large,2048,19920.44472700000,payloads/matrix_large.bin,intermediate/task_b_compress_2048mb_large_3.out,262113412,249631588,2638.727326,14998.424601,2208.865801,19846.017728,99.33326900000000,113.01347000000000,,,,,,,,,,
b_compress,large,2048,19928.191900000002,payloads/matrix_large.bin,intermediate/task_b_compress_2048mb_large_4.out,262113412,249631588,2657.608047,14987.177429,2210.84695,19855.632426,98.62756600000000,112.91219800000000,,,,,,,,,,
b_compress,large,2048,19894.813775999999,payloads/matrix_large.bin,intermediate/task_b_compress_2048mb_large_5.out,262113412,249631588,2639.855396,14985.16539,2199.901428,19824.922214,99.29082200000001,113.47398800000001,,,,,,,,,,
k_latency_bound,micro,128,20224.867343999998,payloads/seed_micro.bin,intermediate/task_k_latency_bound_128mb_micro_1.out,512016,16,20081.918252,3.948498,54.868049,20140.734799,0.0254960000000000,0.0002920000000000,,,,,243.856113,54.868049,19838.062139,,500.0,
k_latency_bound,micro,128,19983.73341600000,payloads/seed_micro.bin,intermediate/task_k_latency_bound_128mb_micro_2.out,512016,16,19764.364444,3.857068,79.582611,19847.804123,0.0259060000000000,0.0002010000000000,,,,,180.849113,79.582611,19583.515331,,500.0,
k_latency_bound,micro,128,20061.25378600000,payloads/seed_micro.bin,intermediate/task_k_latency_bound_128mb_micro_3.out,512016,16,19784.488806,3.928277,67.671843,19856.088926,0.0258800000000000,0.0002360000000000,,,,,207.33929,67.671843,19577.149516,,500.0,
k_latency_bound,micro,128,20132.29727700000,payloads/seed_micro.bin,intermediate/task_k_latency_bound_128mb_micro_4.out,512016,16,19643.357857,3.824187,69.19168,19716.373724,0.0260660000000000,0.0002310000000000,,,,,226.802443,69.19168,19416.555414,,500.0,
k_latency_bound,micro,128,19717.00501400000,payloads/seed_micro.bin,intermediate/task_k_latency_bound_128mb_micro_5.out,512016,16,19463.837138,15.853441,58.698258,19538.388837,0.0263060000000000,0.0002730000000000,,,,,186.529085,58.698258,19277.308053,,500.0,
k_latency_bound,micro,256,13864.537953999999,payloads/seed_micro.bin,intermediate/task_k_latency_bound_256mb_micro_1.out,512016,16,13653.391544,2.754557,26.316138,13682.462239,0.0375010000000000,0.0006080000000000,,,,,127.686682,26.316138,13525.704862,,500.0,
k_latency_bound,micro,256,13734.32683900000,payloads/seed_micro.bin,intermediate/task_k_latency_bound_256mb_micro_2.out,512016,16,13442.312695,2.691102,27.883665,13472.887462,0.0380900000000000,0.0005740000000000,,,,,110.214495,27.883665,13332.0982,,500.0,
k_latency_bound,micro,256,13559.75341800000,payloads/seed_micro.bin,intermediate/task_k_latency_bound_256mb_micro_3.out,512016,16,13443.444754,2.749478,30.143206,13476.337438,0.0380870000000000,0.0005310000000000,,,,,105.952477,30.143206,13337.492277,,500.0,
k_latency_bound,micro,256,13802.847384999999,payloads/seed_micro.bin,intermediate/task_k_latency_bound_256mb_micro_4.out,512016,16,13665.896288,3.023133,33.125708,13702.045129,0.0374670000000000,0.0004830000000000,,,,,108.168984,33.125708,13557.727304,,500.0,
k_latency_bound,micro,256,13713.876009000000,payloads/seed_micro.bin,intermediate/task_k_latency_bound_256mb_micro_5.out,512016,16,13530.19008,2.921507,31.71281,13564.824397,0.0378420000000000,0.0005050000000000,,,,,105.640022,31.71281,13424.550058,,500.0,
k_latency_bound,micro,512,13525.799751000000,payloads/seed_micro.bin,intermediate/task_k_latency_bound_512mb_micro_1.out,512016,16,13273.076653,2.828696,30.709355,13306.614704,0.0385760000000000,0.0005210000000000,,,,,54.323283,30.709355,13218.75337,,500.0,
k_latency_bound,micro,512,13735.409020999999,payloads/seed_micro.bin,intermediate/task_k_latency_bound_512mb_micro_2.out,512016,16,13488.921403,2.879427,28.052978,13519.853808,0.0379580000000000,0.0005700000000000,,,,,69.484905,28.052978,13419.436498,,500.0,
k_latency_bound,micro,512,13325.03366500000,payloads/seed_micro.bin,intermediate/task_k_latency_bound_512mb_micro_3.out,512016,16,13200.377377,3.143611,23.682799,13227.203787,0.038788000000000,0.000676000000000,,,,,64.299147,23.682799,13136.07823,,500.0,
k_latency_bound,micro,512,13731.065511999999,payloads/seed_micro.bin,intermediate/task_k_latency_bound_512mb_micro_4.out,512016,16,13577.078873,3.152117,24.933975,13605.164965,0.0377120000000000,0.0006420000000000,,,,,67.009343,24.933975,13510.06953,,500.0,
k_latency_bound,micro,512,13528.508425000000,payloads/seed_micro.bin,intermediate/task_k_latency_bound_512mb_micro_5.out,512016,16,13332.76117,3.021425,28.582772,13364.365367,0.038403000000000,0.0005600000000000,,,,,67.559991,28.582772,13265.201179,,500.0,
k_latency_bound,micro,768,13618.837117999999,payloads/seed_micro.bin,intermediate/task_k_latency_bound_768mb_micro_1.out,512016,16,13535.036271,3.259459,27.687008,13565.982738,0.0378290000000000,0.0005780000000000,,,,,44.861278,27.687008,13490.174993,,500.0,
k_latency_bound,micro,768,13325.368166000000,payloads/seed_micro.bin,intermediate/task_k_latency_bound_768mb_micro_2.out,512016,16,13213.325435,3.559301,47.053078,13263.937814,0.0387500000000000,0.0003400000000000,,,,,58.361889,47.053078,13154.963546,,500.0,
k_latency_bound,micro,768,13916.34488100000,payloads/seed_micro.bin,intermediate/task_k_latency_bound_768mb_micro_3.out,512016,16,13820.715843,3.314519,26.791141,13850.821503,0.0370470000000000,0.0005970000000000,,,,,45.612803,26.791141,13775.10304,,500.0,
k_latency_bound,micro,768,13888.083935000001,payloads/seed_micro.bin,intermediate/task_k_latency_bound_768mb_micro_4.out,512016,16,13614.336805,3.589958,26.148826,13644.075589,0.0376090000000000,0.0006120000000000,,,,,54.234671,26.148826,13560.102134,,500.0,
k_latency_bound,micro,768,13483.711004000001,payloads/seed_micro.bin,intermediate/task_k_latency_bound_768mb_micro_5.out,512016,16,13384.720044,3.734449,30.632195,13419.086688,0.0382540000000000,0.0005220000000000,,,,,50.460331,30.632195,13334.259713,,500.0,
k_latency_bound,micro,1024,13425.384998000000,payloads/seed_micro.bin,intermediate/task_k_latency_bound_1024mb_micro_1.out,512016,16,13301.2705,3.292765,27.41498,13331.978245,0.0384940000000000,0.0005840000000000,,,,,49.000128,27.41498,13252.270372,,500.0,
k_latency_bound,micro,1024,14064.01777300000,payloads/seed_micro.bin,intermediate/task_k_latency_bound_1024mb_micro_2.out,512016,16,13940.916262,3.556789,28.668909,13973.14196,0.0367280000000000,0.0005580000000000,,,,,48.610783,28.668909,13892.305479,,500.0,
k_latency_bound,micro,1024,13430.55248300000,payloads/seed_micro.bin,intermediate/task_k_latency_bound_1024mb_micro_3.out,512016,16,13329.51315,3.682699,33.553874,13366.749723,0.0384120000000000,0.0004770000000000,,,,,45.762455,33.553874,13283.750695,,500.0,
k_latency_bound,micro,1024,13602.102994999999,payloads/seed_micro.bin,intermediate/task_k_latency_bound_1024mb_micro_4.out,512016,16,13306.076832,3.562261,30.469974,13340.109067,0.0384800000000000,0.0005250000000000,,,,,58.191944,30.469974,13247.884888,,500.0,
k_latency_bound,micro,1024,13322.969675000000,payloads/seed_micro.bin,intermediate/task_k_latency_bound_1024mb_micro_5.out,512016,16,13151.987555,3.262668,25.963374,13181.213597,0.0389310000000000,0.0006160000000000,,,,,40.737657,25.963374,13111.249898,,500.0,
k_latency_bound,micro,1536,13938.191652000000,payloads/seed_micro.bin,intermediate/task_k_latency_bound_1536mb_micro_1.out,512016,16,13793.587359,3.634082,29.539521,13826.760962,0.0371200000000000,0.0005420000000000,,,,,41.266846,29.539521,13752.320513,,500.0,
k_latency_bound,micro,1536,13629.769802000001,payloads/seed_micro.bin,intermediate/task_k_latency_bound_1536mb_micro_2.out,512016,16,13525.03566,3.694496,28.224615,13556.954771,0.0378570000000000,0.000567000000000,,,,,42.025395,28.224615,13483.010265,,500.0,
k_latency_bound,micro,1536,13632.900476000001,payloads/seed_micro.bin,intermediate/task_k_latency_bound_1536mb_micro_3.out,512016,16,13376.01506,3.580803,28.284436,13407.880299,0.0382790000000000,0.0005660000000000,,,,,45.270663,28.284436,13330.744397,,500.0,
k_latency_bound,micro,1536,13646.810055000000,payloads/seed_micro.bin,intermediate/task_k_latency_bound_1536mb_micro_4.out,512016,16,13553.613246,3.62796,27.668318,13584.909524,0.0377770000000000,0.0005780000000000,,,,,39.254311,27.668318,13514.358935,,500.0,
k_latency_bound,micro,1536,13923.492193000000,payloads/seed_micro.bin,intermediate/task_k_latency_bound_1536mb_micro_5.out,512016,16,13708.954446,3.804434,27.231466,13739.990346,0.0373490000000000,0.0005880000000000,,,,,38.595795,27.231466,13670.358651,,500.0,
k_latency_bound,micro,2048,13765.859603999999,payloads/seed_micro.bin,intermediate/task_k_latency_bound_2048mb_micro_1.out,512016,16,13523.037513,3.671447,31.174824,13557.883784,0.0378620000000000,0.0005130000000000,,,,,39.675897,31.174824,13483.361616,,500.0,
k_latency_bound,micro,2048,13629.438877000001,payloads/seed_micro.bin,intermediate/task_k_latency_bound_2048mb_micro_2.out,512016,16,13317.870304,3.574001,29.461758,13350.906063,0.0384460000000000,0.0005430000000000,,,,,42.963185,29.461758,13274.907119,,500.0,
k_latency_bound,micro,2048,13630.293131000000,payloads/seed_micro.bin,intermediate/task_k_latency_bound_2048mb_micro_3.out,512016,16,13504.984554,3.620262,26.569577,13535.174393,0.0379130000000000,0.0006020000000000,,,,,40.767278,26.569577,13464.217276,,500.0,
k_latency_bound,micro,2048,13834.481478000000,payloads/seed_micro.bin,intermediate/task_k_latency_bound_2048mb_micro_4.out,512016,16,13616.020898,3.669271,29.520609,13649.210778,0.0376040000000000,0.0005420000000000,,,,,48.447255,29.520609,13567.573643,,500.0,
k_latency_bound,micro,2048,13937.922955000000,payloads/seed_micro.bin,intermediate/task_k_latency_bound_2048mb_micro_5.out,512016,16,13746.011521,3.717922,41.242902,13790.972345,0.0372480000000000,0.0003880000000000,,,,,41.924611,41.242902,13704.08691,,500.0,
k_latency_bound,small,128,39589.359999000,payloads/seed_small.bin,intermediate/task_k_latency_bound_128mb_small_1.out,1024016,16,39298.269157,7.445138,77.077744,39382.792039,0.0260580000000000,0.0002080000000000,,,,,230.716463,77.077744,39067.552694,,1000.0,
k_latency_bound,small,128,39589.52260000000,payloads/seed_small.bin,intermediate/task_k_latency_bound_128mb_small_2.out,1024016,16,39183.16285,7.378241,69.464031,39260.005122,0.0261340000000000,0.0002300000000000,,,,,189.602372,69.464031,38993.560478,,1000.0,
k_latency_bound,small,128,38820.69277800000,payloads/seed_small.bin,intermediate/task_k_latency_bound_128mb_small_3.out,1024016,16,38536.903452,7.367728,44.13181,38588.40299,0.0265720000000000,0.0003630000000000,,,,,187.493736,44.13181,38349.409716,,1000.0,
k_latency_bound,small,128,38968.17898800000,payloads/seed_small.bin,intermediate/task_k_latency_bound_128mb_small_4.out,1024016,16,38765.407984,23.265717,70.853008,38859.526709,0.0264160000000000,0.0002260000000000,,,,,189.162248,70.853008,38576.245736,,1000.0,
k_latency_bound,small,128,39289.57772300000,payloads/seed_small.bin,intermediate/task_k_latency_bound_128mb_small_5.out,1024016,16,38893.578018,15.326817,67.533672,38976.438507,0.0263290000000000,0.0002370000000000,,,,,207.343209,67.533672,38686.234809,,1000.0,
k_latency_bound,small,256,27866.036892000000,payloads/seed_small.bin,intermediate/task_k_latency_bound_256mb_small_1.out,1024016,16,27720.903216,7.316125,35.560225,27763.779566,0.0369400000000000,0.0004500000000000,,,,,114.553413,35.560225,27606.349803,,1000.0,
k_latency_bound,small,256,27657.954454000,payloads/seed_small.bin,intermediate/task_k_latency_bound_256mb_small_2.out,1024016,16,27421.17614,7.443104,29.902979,27458.522223,0.0373440000000000,0.0005350000000000,,,,,108.211973,29.902979,27312.964167,,1000.0,
k_latency_bound,small,256,28685.64486500000,payloads/seed_small.bin,intermediate/task_k_latency_bound_256mb_small_3.out,1024016,16,28297.178224,7.329671,41.056132,28345.564027,0.0361880000000000,0.0003900000000000,,,,,110.094802,41.056132,28187.083422,,1000.0,
k_latency_bound,small,256,27760.215520999998,payloads/seed_small.bin,intermediate/task_k_latency_bound_256mb_small_4.out,1024016,16,27544.279374,7.381007,28.927098,27580.587479,0.0371770000000000,0.0005530000000000,,,,,109.720578,28.927098,27434.558796,,1000.0,
k_latency_bound,small,256,27681.46848700000,payloads/seed_small.bin,intermediate/task_k_latency_bound_256mb_small_5.out,1024016,16,27417.591236,7.334479,38.567182,27463.492897,0.0373490000000000,0.0004150000000000,,,,,107.436961,38.567182,27310.154275,,1000.0,
k_latency_bound,small,512,27322.339058000001,payloads/seed_small.bin,intermediate/task_k_latency_bound_512mb_small_1.out,1024016,16,27216.624989,7.631723,31.527556,27255.784268,0.0376250000000000,0.0005070000000000,,,,,64.367672,31.527556,27152.257317,,1000.0,
k_latency_bound,small,512,26967.99612000000,payloads/seed_small.bin,intermediate/task_k_latency_bound_512mb_small_2.out,1024016,16,26846.12362,7.468413,25.603194,26879.195227,0.0381440000000000,0.0006250000000000,,,,,64.571977,25.603194,26781.551643,,1000.0,
k_latency_bound,small,512,27460.52837400000,payloads/seed_small.bin,intermediate/task_k_latency_bound_512mb_small_3.out,1024016,16,27192.988935,7.628587,32.81971,27233.437232,0.0376570000000000,0.0004880000000000,,,,,79.493794,32.81971,27113.495141,,1000.0,
k_latency_bound,small,512,27043.71476200000,payloads/seed_small.bin,intermediate/task_k_latency_bound_512mb_small_4.out,1024016,16,26935.941564,7.368376,25.891598,26969.201538,0.0380170000000000,0.000618000000000,,,,,62.300554,25.891598,26873.64101,,1000.0,
k_latency_bound,small,512,27559.4801900000,payloads/seed_small.bin,intermediate/task_k_latency_bound_512mb_small_5.out,1024016,16,27365.900651,7.285275,31.053019,27404.238945,0.0374190000000000,0.0005150000000000,,,,,71.376172,31.053019,27294.524479,,1000.0,
k_latency_bound,small,768,27254.064321999998,payloads/seed_small.bin,intermediate/task_k_latency_bound_768mb_small_1.out,1024016,16,27127.220089,7.550664,37.011811,27171.782564,0.0377490000000000,0.0004320000000000,,,,,52.708061,37.011811,27074.512028,,1000.0,
k_latency_bound,small,768,27348.8929270000,payloads/seed_small.bin,intermediate/task_k_latency_bound_768mb_small_2.out,1024016,16,27125.875836,7.705617,28.053708,27161.635161,0.0377510000000000,0.000570000000000,,,,,46.825096,28.053708,27079.05074,,1000.0,
k_latency_bound,small,768,27250.12445400000,payloads/seed_small.bin,intermediate/task_k_latency_bound_768mb_small_3.out,1024016,16,26972.109664,7.573475,32.585815,27012.268954,0.0379660000000000,0.0004910000000000,,,,,47.110663,32.585815,26924.999001,,1000.0,
k_latency_bound,small,768,27083.046912999998,payloads/seed_small.bin,intermediate/task_k_latency_bound_768mb_small_4.out,1024016,16,26991.305539,7.489585,28.597714,27027.392838,0.0379390000000000,0.000559000000000,,,,,44.690788,28.597714,26946.614751,,1000.0,
k_latency_bound,small,768,26905.12728700000,payloads/seed_small.bin,intermediate/task_k_latency_bound_768mb_small_5.out,1024016,16,26756.113452,7.672883,31.933208,26795.719543,0.0382720000000000,0.0005010000000000,,,,,44.647734,31.933208,26711.465718,,1000.0,
k_latency_bound,small,1024,26842.05794300000,payloads/seed_small.bin,intermediate/task_k_latency_bound_1024mb_small_1.out,1024016,16,26680.451117,6.43058,28.55657,26715.438267,0.0383810000000000,0.0005600000000000,,,,,41.201118,28.55657,26639.249999,,1000.0,
k_latency_bound,small,1024,26804.161071999999,payloads/seed_small.bin,intermediate/task_k_latency_bound_1024mb_small_2.out,1024016,16,26707.811529,6.999727,27.754775,26742.566031,0.038341000000000,0.0005760000000000,,,,,47.556356,27.754775,26660.255173,,1000.0,
k_latency_bound,small,1024,26733.086109000000,payloads/seed_small.bin,intermediate/task_k_latency_bound_1024mb_small_3.out,1024016,16,26632.422352,6.855085,30.048429,26669.325866,0.0384500000000000,0.000532000000000,,,,,50.941996,30.048429,26581.480356,,1000.0,
k_latency_bound,small,1024,26573.41241800000,payloads/seed_small.bin,intermediate/task_k_latency_bound_1024mb_small_4.out,1024016,16,26405.885911,6.878384,30.251842,26443.016137,0.038780000000000,0.0005290000000000,,,,,82.364917,30.251842,26323.520994,,1000.0,
k_latency_bound,small,1024,27023.531913999999,payloads/seed_small.bin,intermediate/task_k_latency_bound_1024mb_small_5.out,1024016,16,26926.430146,6.853704,28.374608,26961.658458,0.03803000000000,0.0005640000000000,,,,,41.17252,28.374608,26885.257626,,1000.0,
k_latency_bound,small,1536,26946.10285800000,payloads/seed_small.bin,intermediate/task_k_latency_bound_1536mb_small_1.out,1024016,16,26841.223176,7.584053,28.545982,26877.353211,0.0381510000000000,0.0005600000000000,,,,,36.395373,28.545982,26804.827803,,1000.0,
k_latency_bound,small,1536,27047.626495000000,payloads/seed_small.bin,intermediate/task_k_latency_bound_1536mb_small_2.out,1024016,16,26905.787335,7.683382,25.722517,26939.193234,0.0380590000000000,0.0006220000000000,,,,,36.723891,25.722517,26869.063444,,1000.0,
k_latency_bound,small,1536,26841.415644000001,payloads/seed_small.bin,intermediate/task_k_latency_bound_1536mb_small_3.out,1024016,16,26559.309544,7.474378,28.718073,26595.501995,0.0385560000000000,0.000557000000000,,,,,38.854964,28.718073,26520.45458,,1000.0,
k_latency_bound,small,1536,27452.778339000000,payloads/seed_small.bin,intermediate/task_k_latency_bound_1536mb_small_4.out,1024016,16,27307.841723,7.609317,36.321415,27351.772455,0.0374990000000000,0.0004410000000000,,,,,44.814098,36.321415,27263.027625,,1000.0,
k_latency_bound,small,1536,27352.813244000001,payloads/seed_small.bin,intermediate/task_k_latency_bound_1536mb_small_5.out,1024016,16,27200.354598,7.546787,33.166046,27241.067431,0.0376470000000000,0.0004820000000000,,,,,46.402084,33.166046,27153.952514,,1000.0,
k_latency_bound,small,2048,27762.65335100000,payloads/seed_small.bin,intermediate/task_k_latency_bound_2048mb_small_1.out,1024016,16,27537.484383,7.722223,34.681794,27579.8884,0.0371860000000000,0.0004610000000000,,,,,41.864344,34.681794,27495.620039,,1000.0,
k_latency_bound,small,2048,27324.303150000,payloads/seed_small.bin,intermediate/task_k_latency_bound_2048mb_small_2.out,1024016,16,27195.246753,7.95807,32.702743,27235.907566,0.037654000000000,0.0004890000000000,,,,,51.24894,32.702743,27143.997813,,1000.0,
k_latency_bound,small,2048,27383.20541400000,payloads/seed_small.bin,intermediate/task_k_latency_bound_2048mb_small_3.out,1024016,16,27216.981698,7.724868,26.797255,27251.503821,0.0376240000000000,0.0005970000000000,,,,,46.758422,26.797255,27170.223276,,1000.0,
k_latency_bound,small,2048,27248.048306000001,payloads/seed_small.bin,intermediate/task_k_latency_bound_2048mb_small_4.out,1024016,16,27064.011974,7.46044,28.32422,27099.796634,0.037837000000000,0.0005650000000000,,,,,46.424893,28.32422,27017.587081,,1000.0,
k_latency_bound,small,2048,27139.47820700000,payloads/seed_small.bin,intermediate/task_k_latency_bound_2048mb_small_5.out,1024016,16,27034.719186,7.720137,27.01287,27069.452193,0.0378780000000000,0.0005920000000000,,,,,44.355806,27.01287,26990.36338,,1000.0,
k_latency_bound,medium,256,41662.64772400000,payloads/seed_medium.bin,intermediate/task_k_latency_bound_256mb_medium_1.out,1536016,16,41507.206336,10.88094,27.16999,41545.257266,0.037006000000000,0.000589000000000,,,,,105.293794,27.16999,41401.912542,,1500.0,
k_latency_bound,medium,256,41316.03956200000,payloads/seed_medium.bin,intermediate/task_k_latency_bound_256mb_medium_2.out,1536016,16,41024.744956,11.126138,54.102283,41089.973377,0.0374410000000000,0.0002960000000000,,,,,124.800018,54.102283,40899.944938,,1500.0,
k_latency_bound,medium,256,41405.65776800000,payloads/seed_medium.bin,intermediate/task_k_latency_bound_256mb_medium_3.out,1536016,16,41256.072966,10.976987,36.475263,41303.525216,0.0372310000000000,0.0004390000000000,,,,,137.053807,36.475263,41119.019159,,1500.0,
k_latency_bound,medium,256,41459.91134600000,payloads/seed_medium.bin,intermediate/task_k_latency_bound_256mb_medium_4.out,1536016,16,41301.532583,11.087795,40.690889,41353.311267,0.0371900000000000,0.0003930000000000,,,,,125.359822,40.690889,41176.172761,,1500.0,
k_latency_bound,medium,256,41481.77123100000,payloads/seed_medium.bin,intermediate/task_k_latency_bound_256mb_medium_5.out,1536016,16,41297.717821,11.041417,29.717999,41338.477237,0.0371940000000000,0.0005380000000000,,,,,124.263469,29.717999,41173.454352,,1500.0,
k_latency_bound,medium,512,40869.68517300000,payloads/seed_medium.bin,intermediate/task_k_latency_bound_512mb_medium_1.out,1536016,16,40556.643186,11.257672,28.98731,40596.888168,0.0378730000000000,0.0005520000000000,,,,,70.351721,28.98731,40486.291465,,1500.0,
k_latency_bound,medium,512,41059.87811100000,payloads/seed_medium.bin,intermediate/task_k_latency_bound_512mb_medium_2.out,1536016,16,40955.953174,11.395866,32.362657,40999.711697,0.0375040000000000,0.0004940000000000,,,,,82.335826,32.362657,40873.617348,,1500.0,
k_latency_bound,medium,512,40884.77635400000,payloads/seed_medium.bin,intermediate/task_k_latency_bound_512mb_medium_3.out,1536016,16,40668.160561,11.420577,31.8972,40711.478338,0.0377690000000000,0.0005020000000000,,,,,66.699424,31.8972,40601.461137,,1500.0,
k_latency_bound,medium,512,40897.15838400000,payloads/seed_medium.bin,intermediate/task_k_latency_bound_512mb_medium_4.out,1536016,16,40791.984794,11.128434,32.803589,40835.916817,0.0376550000000000,0.0004880000000000,,,,,54.546847,32.803589,40737.437947,,1500.0,
k_latency_bound,medium,512,40737.52951600000,payloads/seed_medium.bin,intermediate/task_k_latency_bound_512mb_medium_5.out,1536016,16,40533.254207,11.184383,40.691871,40585.130461,0.0378950000000000,0.0003930000000000,,,,,81.478628,40.691871,40451.775579,,1500.0,
k_latency_bound,medium,768,40664.727210999998,payloads/seed_medium.bin,intermediate/task_k_latency_bound_768mb_medium_1.out,1536016,16,40545.679688,11.324311,28.462862,40585.466861,0.0378840000000000,0.0005620000000000,,,,,44.769345,28.462862,40500.910343,,1500.0,
k_latency_bound,medium,768,40737.99562500000,payloads/seed_medium.bin,intermediate/task_k_latency_bound_768mb_medium_2.out,1536016,16,40628.734556,11.242141,27.027462,40667.004159,0.0378060000000000,0.0005920000000000,,,,,59.909883,27.027462,40568.824673,,1500.0,
k_latency_bound,medium,768,40080.76286300000,payloads/seed_medium.bin,intermediate/task_k_latency_bound_768mb_medium_3.out,1536016,16,39984.326918,11.41535,27.401584,40023.143852,0.0384150000000000,0.0005840000000000,,,,,52.242301,27.401584,39932.084617,,1500.0,
k_latency_bound,medium,768,40558.34865600000,payloads/seed_medium.bin,intermediate/task_k_latency_bound_768mb_medium_4.out,1536016,16,40396.043267,11.236559,28.079352,40435.359178,0.0380240000000000,0.0005700000000000,,,,,58.408351,28.079352,40337.634916,,1500.0,
k_latency_bound,medium,768,40946.54607800000,payloads/seed_medium.bin,intermediate/task_k_latency_bound_768mb_medium_5.out,1536016,16,40707.97792,11.198301,33.076475,40752.252696,0.0377330000000000,0.0004840000000000,,,,,42.12204,33.076475,40665.85588,,1500.0,
k_latency_bound,medium,1024,40255.01203500000,payloads/seed_medium.bin,intermediate/task_k_latency_bound_1024mb_medium_1.out,1536016,16,40084.866263,10.345871,25.608827,40120.820961,0.0383190000000000,0.0006250000000000,,,,,47.686882,25.608827,40037.179381,,1500.0,
k_latency_bound,medium,1024,39947.62253800000,payloads/seed_medium.bin,intermediate/task_k_latency_bound_1024mb_medium_2.out,1536016,16,39797.110825,10.387423,29.406526,39836.904774,0.038596000000000,0.0005440000000000,,,,,52.533648,29.406526,39744.577177,,1500.0,
k_latency_bound,medium,1024,40269.07801600000,payloads/seed_medium.bin,intermediate/task_k_latency_bound_1024mb_medium_3.out,1536016,16,40174.785979,10.410314,27.258215,40212.454508,0.0382330000000000,0.0005870000000000,,,,,38.93469,27.258215,40135.851289,,1500.0,
k_latency_bound,medium,1024,40446.35248200000,payloads/seed_medium.bin,intermediate/task_k_latency_bound_1024mb_medium_4.out,1536016,16,40264.361529,10.438387,24.58063,40299.380546,0.0381480000000000,0.000651000000000,,,,,51.73286,24.58063,40212.628669,,1500.0,
k_latency_bound,medium,1024,40048.69532600000,payloads/seed_medium.bin,intermediate/task_k_latency_bound_1024mb_medium_5.out,1536016,16,39828.949409,10.338747,24.980777,39864.268933,0.0385650000000000,0.0006400000000000,,,,,38.916734,24.980777,39790.032675,,1500.0,
k_latency_bound,medium,1536,41145.44153200000,payloads/seed_medium.bin,intermediate/task_k_latency_bound_1536mb_medium_1.out,1536016,16,40980.472668,11.857446,33.534226,41025.86434,0.0374820000000000,0.000477000000000,,,,,45.657249,33.534226,40934.815419,,1500.0,
k_latency_bound,medium,1536,40833.47821200000,payloads/seed_medium.bin,intermediate/task_k_latency_bound_1536mb_medium_2.out,1536016,16,40740.928156,11.696308,27.074482,40779.698946,0.0377020000000000,0.0005910000000000,,,,,43.039908,27.074482,40697.888248,,1500.0,
k_latency_bound,medium,1536,40817.60573400000,payloads/seed_medium.bin,intermediate/task_k_latency_bound_1536mb_medium_3.out,1536016,16,40717.990516,11.501625,31.140678,40760.632819,0.0377230000000000,0.000514000000000,,,,,41.851522,31.140678,40676.138994,,1500.0,
k_latency_bound,medium,1536,41160.6514450000,payloads/seed_medium.bin,intermediate/task_k_latency_bound_1536mb_medium_4.out,1536016,16,41050.351614,11.528454,30.511636,41092.391704,0.0374180000000000,0.0005240000000000,,,,,44.630394,30.511636,41005.72122,,1500.0,
k_latency_bound,medium,1536,41278.50937800000,payloads/seed_medium.bin,intermediate/task_k_latency_bound_1536mb_medium_5.out,1536016,16,41083.631478,12.097775,30.642719,41126.371972,0.0373880000000000,0.0005220000000000,,,,,66.750489,30.642719,41016.880989,,1500.0,
k_latency_bound,medium,2048,41204.44130900000,payloads/seed_medium.bin,intermediate/task_k_latency_bound_2048mb_medium_1.out,1536016,16,41080.394294,11.882694,35.322256,41127.599244,0.0373900000000000,0.0004530000000000,,,,,39.944577,35.322256,41040.449717,,1500.0,
k_latency_bound,medium,2048,40739.81332800000,payloads/seed_medium.bin,intermediate/task_k_latency_bound_2048mb_medium_2.out,1536016,16,40602.079256,12.400625,27.916561,40642.396442,0.0378310000000000,0.0005730000000000,,,,,44.720616,27.916561,40557.35864,,1500.0,
k_latency_bound,medium,2048,41189.4953250000,payloads/seed_medium.bin,intermediate/task_k_latency_bound_2048mb_medium_3.out,1536016,16,40940.293511,12.099166,27.875941,40980.268618,0.0375180000000000,0.0005740000000000,,,,,40.068887,27.875941,40900.224624,,1500.0,
k_latency_bound,medium,2048,40548.73728800000,payloads/seed_medium.bin,intermediate/task_k_latency_bound_2048mb_medium_4.out,1536016,16,40403.679738,12.024097,35.253213,40450.957048,0.0380170000000000,0.0004540000000000,,,,,48.941547,35.253213,40354.738191,,1500.0,
k_latency_bound,medium,2048,41115.20123500000,payloads/seed_medium.bin,intermediate/task_k_latency_bound_2048mb_medium_5.out,1536016,16,41019.525656,12.203434,27.719281,41059.448371,0.0374460000000000,0.0005770000000000,,,,,45.518697,27.719281,40974.006959,,1500.0,
k_latency_bound,large,256,54897.560358000002,payloads/seed_large.bin,intermediate/task_k_latency_bound_256mb_large_1.out,2048016,16,54750.797474,15.28233,33.322578,54799.402382,0.037406000000000,0.0004800000000000,,,,,126.533934,33.322578,54624.26354,,2000.0,
k_latency_bound,large,256,54797.48845100000,payloads/seed_large.bin,intermediate/task_k_latency_bound_256mb_large_2.out,2048016,16,54411.227399,15.207929,38.704904,54465.140232,0.0376400000000000,0.0004130000000000,,,,,101.007091,38.704904,54310.220308,,2000.0,
k_latency_bound,large,256,55126.66869200000,payloads/seed_large.bin,intermediate/task_k_latency_bound_256mb_large_3.out,2048016,16,54995.006796,15.140495,34.151189,55044.29848,0.0372400000000000,0.00046900000000,,,,,127.184996,34.151189,54867.8218,,2000.0,
k_latency_bound,large,256,55079.75435300000,payloads/seed_large.bin,intermediate/task_k_latency_bound_256mb_large_4.out,2048016,16,54851.357342,14.994101,27.244853,54893.596296,0.0373380000000000,0.0005870000000000,,,,,126.359358,27.244853,54724.997984,,2000.0,
k_latency_bound,large,256,55656.12483000000,payloads/seed_large.bin,intermediate/task_k_latency_bound_256mb_large_5.out,2048016,16,55531.392757,15.01933,35.905113,55582.3172,0.0368800000000000,0.0004460000000000,,,,,125.703986,35.905113,55405.688771,,2000.0,
k_latency_bound,large,512,54794.27146900000,payloads/seed_large.bin,intermediate/task_k_latency_bound_512mb_large_1.out,2048016,16,54612.350818,15.760645,29.364794,54657.476257,0.0375010000000000,0.0005450000000000,,,,,59.919576,29.364794,54552.431242,,2000.0,
k_latency_bound,large,512,53824.53727700000,payloads/seed_large.bin,intermediate/task_k_latency_bound_512mb_large_2.out,2048016,16,53723.333511,15.78697,28.715873,53767.836354,0.038122000000000,0.000557000000000,,,,,57.662,28.715873,53665.671511,,2000.0,
k_latency_bound,large,512,54539.59536600000,payloads/seed_large.bin,intermediate/task_k_latency_bound_512mb_large_3.out,2048016,16,54395.930125,16.559184,24.293969,54436.783278,0.0376500000000000,0.0006590000000000,,,,,67.514706,24.293969,54328.415419,,2000.0,
k_latency_bound,large,512,54282.18364700000,payloads/seed_large.bin,intermediate/task_k_latency_bound_512mb_large_4.out,2048016,16,54073.716683,15.566505,30.018326,54119.301514,0.037875000000000,0.0005330000000000,,,,,64.623359,30.018326,54009.093324,,2000.0,
k_latency_bound,large,512,54488.645792000003,payloads/seed_large.bin,intermediate/task_k_latency_bound_512mb_large_5.out,2048016,16,54336.326262,15.679963,28.696306,54380.702531,0.0376910000000000,0.000558000000000,,,,,64.466363,28.696306,54271.859899,,2000.0,
k_latency_bound,large,768,54198.6870770000,payloads/seed_large.bin,intermediate/task_k_latency_bound_768mb_large_1.out,2048016,16,54088.701285,15.369933,31.260098,54135.331316,0.0378640000000000,0.0005120000000000,,,,,53.500371,31.260098,54035.200914,,2000.0,
k_latency_bound,large,768,54655.51662400000,payloads/seed_large.bin,intermediate/task_k_latency_bound_768mb_large_2.out,2048016,16,54464.671971,15.195988,28.765094,54508.633053,0.0376030000000000,0.0005560000000000,,,,,46.859231,28.765094,54417.81274,,2000.0,
k_latency_bound,large,768,54508.392333999996,payloads/seed_large.bin,intermediate/task_k_latency_bound_768mb_large_3.out,2048016,16,54341.256529,14.92499,29.03711,54385.218629,0.0376880000000000,0.0005510000000000,,,,,55.716693,29.03711,54285.539836,,2000.0,
k_latency_bound,large,768,54180.26399600000,payloads/seed_large.bin,intermediate/task_k_latency_bound_768mb_large_4.out,2048016,16,53990.474466,15.267734,29.058716,54034.800916,0.0379330000000000,0.0005510000000000,,,,,81.933026,29.058716,53908.54144,,2000.0,
k_latency_bound,large,768,54386.14153900,payloads/seed_large.bin,intermediate/task_k_latency_bound_768mb_large_5.out,2048016,16,54213.966364,15.170806,25.495082,54254.632252,0.0377770000000000,0.0006280000000000,,,,,52.085739,25.495082,54161.880625,,2000.0,
k_latency_bound,large,1024,54383.73327300000,payloads/seed_large.bin,intermediate/task_k_latency_bound_1024mb_large_1.out,2048016,16,54237.82919,14.799478,30.640183,54283.268851,0.0377600000000000,0.0005220000000000,,,,,66.530012,30.640183,54171.299178,,2000.0,
k_latency_bound,large,1024,54283.92195700000,payloads/seed_large.bin,intermediate/task_k_latency_bound_1024mb_large_2.out,2048016,16,54133.233037,14.995671,30.270628,54178.499336,0.0378330000000000,0.0005290000000000,,,,,40.633014,30.270628,54092.600023,,2000.0,
k_latency_bound,large,1024,55101.85074800000,payloads/seed_large.bin,intermediate/task_k_latency_bound_1024mb_large_3.out,2048016,16,54830.39362,15.141414,27.311634,54872.846668,0.0373520000000000,0.0005860000000000,,,,,98.802319,27.311634,54731.591301,,2000.0,
k_latency_bound,large,1024,54489.37487600000,payloads/seed_large.bin,intermediate/task_k_latency_bound_1024mb_large_4.out,2048016,16,54336.132306,15.160072,27.904696,54379.197074,0.0376920000000000,0.0005730000000000,,,,,50.445755,27.904696,54285.686551,,2000.0,
k_latency_bound,large,1024,56844.25926200000,payloads/seed_large.bin,intermediate/task_k_latency_bound_1024mb_large_5.out,2048016,16,56690.177131,15.081221,23.928654,56729.187006,0.0361260000000000,0.0006690000000000,,,,,42.42964,23.928654,56647.747491,,2000.0,
k_latency_bound,large,1536,54894.48237400000,payloads/seed_large.bin,intermediate/task_k_latency_bound_1536mb_large_1.out,2048016,16,54700.544496,15.840318,30.669424,54747.054238,0.0374410000000000,0.0005220000000000,,,,,52.346177,30.669424,54648.198319,,2000.0,
k_latency_bound,large,1536,54694.0438750000,payloads/seed_large.bin,intermediate/task_k_latency_bound_1536mb_large_2.out,2048016,16,54537.075131,19.920647,31.019614,54588.015392,0.0375530000000000,0.0005160000000000,,,,,41.989151,31.019614,54495.08598,,2000.0,
k_latency_bound,large,1536,55102.627993000002,payloads/seed_large.bin,intermediate/task_k_latency_bound_1536mb_large_3.out,2048016,16,54747.334595,16.260053,37.445787,54801.040435,0.0374090000000000,0.0004270000000000,,,,,41.864953,37.445787,54705.469642,,2000.0,
k_latency_bound,large,1536,54796.96750600000,payloads/seed_large.bin,intermediate/task_k_latency_bound_1536mb_large_4.out,2048016,16,54501.644644,15.505663,30.314971,54547.465278,0.0375770000000000,0.0005280000000000,,,,,43.2706,30.314971,54458.374044,,2000.0,
k_latency_bound,large,1536,54487.13254900000,payloads/seed_large.bin,intermediate/task_k_latency_bound_1536mb_large_5.out,2048016,16,54234.426023,15.759347,31.345975,54281.531345,0.037762000000000,0.0005100000000000,,,,,44.738772,31.345975,54189.687251,,2000.0,
k_latency_bound,large,2048,53871.99592600000,payloads/seed_large.bin,intermediate/task_k_latency_bound_2048mb_large_1.out,2048016,16,53747.339835,12.448512,24.660694,53784.449041,0.0381050000000000,0.0006490000000000,,,,,45.713312,24.660694,53701.626523,,2000.0,
k_latency_bound,large,2048,53882.51447700000,payloads/seed_large.bin,intermediate/task_k_latency_bound_2048mb_large_2.out,2048016,16,53633.929073,11.286621,28.8743,53674.089994,0.0381850000000000,0.0005540000000000,,,,,42.227325,28.8743,53591.701748,,2000.0,
k_latency_bound,large,2048,53560.94169600000,payloads/seed_large.bin,intermediate/task_k_latency_bound_2048mb_large_3.out,2048016,16,53442.803946,12.345346,29.058824,53484.208116,0.0383220000000000,0.0005510000000000,,,,,40.564432,29.058824,53402.239514,,2000.0,
k_latency_bound,large,2048,53466.36891400000,payloads/seed_large.bin,intermediate/task_k_latency_bound_2048mb_large_4.out,2048016,16,53342.622222,12.967883,48.221044,53403.811149,0.0383940000000000,0.0003320000000000,,,,,39.080057,48.221044,53303.542165,,2000.0,
k_latency_bound,large,2048,54058.57753800000,payloads/seed_large.bin,intermediate/task_k_latency_bound_2048mb_large_5.out,2048016,16,53953.124659,13.112924,30.001157,53996.23874,0.0379590000000000,0.0005330000000000,,,,,45.10964,30.001157,53908.015019,,2000.0,
g_reduce,micro,128,397.700310000000,payloads/matrix_micro.bin,intermediate/task_g_reduce_128mb_micro_1.out,102156,16,203.020412,0.119876,71.225178,274.365466,0.503181000000000,0.0002250000000000,,,,,,,,,,
g_reduce,micro,128,418.935776000000,payloads/matrix_micro.bin,intermediate/task_g_reduce_128mb_micro_2.out,102156,16,200.280242,0.130451,111.365422,311.776115,0.5100650000000000,0.0001440000000000,,,,,,,,,,
g_reduce,micro,128,377.4404530000000,payloads/matrix_micro.bin,intermediate/task_g_reduce_128mb_micro_3.out,102156,16,218.29659,0.133033,75.828585,294.258208,0.4679690000000000,0.0002110000000000,,,,,,,,,,
g_reduce,micro,128,384.2430110000000,payloads/matrix_micro.bin,intermediate/task_g_reduce_128mb_micro_4.out,102156,16,199.192799,0.122404,60.491371,259.806574,0.5128500000000000,0.0002650000000000,,,,,,,,,,
g_reduce,micro,128,377.6364330000000,payloads/matrix_micro.bin,intermediate/task_g_reduce_128mb_micro_5.out,102156,16,236.37847,0.122404,72.330096,308.83097,0.4321710000000000,0.0002210000000000,,,,,,,,,,
g_reduce,micro,256,210.75844799999999,payloads/matrix_micro.bin,intermediate/task_g_reduce_256mb_micro_1.out,102156,16,129.045651,0.145271,26.085885,155.276807,0.7916270000000000,0.0006130000000000,,,,,,,,,,
g_reduce,micro,256,242.34271000000001,payloads/matrix_micro.bin,intermediate/task_g_reduce_256mb_micro_2.out,102156,16,116.004643,0.136148,43.44407,159.584861,0.8806200000000000,0.0003680000000000,,,,,,,,,,
g_reduce,micro,256,219.1095350000000,payloads/matrix_micro.bin,intermediate/task_g_reduce_256mb_micro_3.out,102156,16,147.412419,0.14675,29.488121,177.04729,0.6929950000000000,0.0005430000000000,,,,,,,,,,
g_reduce,micro,256,239.92919900000,payloads/matrix_micro.bin,intermediate/task_g_reduce_256mb_micro_4.out,102156,16,135.409072,0.154037,41.598666,177.161775,0.754425000000000,0.0003850000000000,,,,,,,,,,
g_reduce,micro,256,244.6126940000000,payloads/matrix_micro.bin,intermediate/task_g_reduce_256mb_micro_5.out,102156,16,140.332875,0.119741,41.218118,181.670734,0.7279550000000000,0.0003880000000000,,,,,,,,,,
g_reduce,micro,512,159.22951699999999,payloads/matrix_micro.bin,intermediate/task_g_reduce_512mb_micro_1.out,102156,16,81.485138,0.129986,29.915809,111.530933,1.253676000000000,0.0005350000000000,,,,,,,,,,
g_reduce,micro,512,181.72240300000001,payloads/matrix_micro.bin,intermediate/task_g_reduce_512mb_micro_2.out,102156,16,105.067998,0.120946,27.70489,132.893834,0.9722850000000000,0.0005780000000000,,,,,,,,,,
g_reduce,micro,512,161.81349800000001,payloads/matrix_micro.bin,intermediate/task_g_reduce_512mb_micro_3.out,102156,16,82.472713,0.150312,29.042749,111.665774,1.23866400000000,0.0005510000000000,,,,,,,,,,
g_reduce,micro,512,147.1109390000000,payloads/matrix_micro.bin,intermediate/task_g_reduce_512mb_micro_4.out,102156,16,66.842615,0.154031,28.95018,95.946826,1.5283059999999999,0.0005530000000000,,,,,,,,,,
g_reduce,micro,512,174.3144990000000,payloads/matrix_micro.bin,intermediate/task_g_reduce_512mb_micro_5.out,102156,16,86.714229,0.122578,25.864508,112.701315,1.1780770000000000,0.0006190000000000,,,,,,,,,,
g_reduce,micro,768,136.28411299999999,payloads/matrix_micro.bin,intermediate/task_g_reduce_768mb_micro_1.out,102156,16,63.891825,0.149737,24.7245,88.766062,1.5988899999999999,0.0006470000000000,,,,,,,,,,
g_reduce,micro,768,146.98338500000000,payloads/matrix_micro.bin,intermediate/task_g_reduce_768mb_micro_2.out,102156,16,64.632266,0.284897,27.356867,92.27403,1.5805730000000000,0.0005850000000000,,,,,,,,,,
g_reduce,micro,768,137.5253200000000,payloads/matrix_micro.bin,intermediate/task_g_reduce_768mb_micro_3.out,102156,16,58.638702,0.143897,29.483827,88.266426,1.7421260000000001,0.0005430000000000,,,,,,,,,,
g_reduce,micro,768,131.78062399999999,payloads/matrix_micro.bin,intermediate/task_g_reduce_768mb_micro_4.out,102156,16,60.556512,0.148744,22.657774,83.36303,1.6869529999999999,0.0007060000000000,,,,,,,,,,
g_reduce,micro,768,158.07509400000001,payloads/matrix_micro.bin,intermediate/task_g_reduce_768mb_micro_5.out,102156,16,76.309752,0.133063,28.172961,104.615776,1.3387020000000001,0.0005680000000000,,,,,,,,,,
g_reduce,micro,1024,118.7586780000000,payloads/matrix_micro.bin,intermediate/task_g_reduce_1024mb_micro_1.out,102156,16,44.838491,0.137622,28.452852,73.428965,2.2783099999999998,0.0005620000000000,,,,,,,,,,
g_reduce,micro,1024,139.6627430000000,payloads/matrix_micro.bin,intermediate/task_g_reduce_1024mb_micro_2.out,102156,16,53.56425,0.127145,24.82551,78.516905,1.9071680000000000,0.0006440000000000,,,,,,,,,,
g_reduce,micro,1024,121.68407400000000,payloads/matrix_micro.bin,intermediate/task_g_reduce_1024mb_micro_3.out,102156,16,48.104543,0.141242,27.641095,75.88688,2.1236250000000001,0.0005790000000000,,,,,,,,,,
g_reduce,micro,1024,136.8100640000000,payloads/matrix_micro.bin,intermediate/task_g_reduce_1024mb_micro_4.out,102156,16,54.685607,0.140914,27.360358,82.186879,1.86806000000000,0.0005850000000000,,,,,,,,,,
g_reduce,micro,1024,115.29135700000000,payloads/matrix_micro.bin,intermediate/task_g_reduce_1024mb_micro_5.out,102156,16,46.255769,0.12221,24.468342,70.846321,2.208503000000000,0.000654000000000,,,,,,,,,,
g_reduce,micro,1536,127.16174100000001,payloads/matrix_micro.bin,intermediate/task_g_reduce_1536mb_micro_1.out,102156,16,45.38616,0.136503,32.712221,78.234884,2.2508180000000002,0.0004890000000000,,,,,,,,,,
g_reduce,micro,1536,116.46080000000001,payloads/matrix_micro.bin,intermediate/task_g_reduce_1536mb_micro_2.out,102156,16,43.31677,0.106744,26.890529,70.314043,2.3583479999999999,0.0005950000000000,,,,,,,,,,
g_reduce,micro,1536,131.92248300000000,payloads/matrix_micro.bin,intermediate/task_g_reduce_1536mb_micro_3.out,102156,16,55.969978,0.136149,24.883302,80.989429,1.8251930000000001,0.000643000000000,,,,,,,,,,
g_reduce,micro,1536,118.23272700000000,payloads/matrix_micro.bin,intermediate/task_g_reduce_1536mb_micro_4.out,102156,16,47.087097,0.137905,27.027384,74.252386,2.1695120000000001,0.0005920000000000,,,,,,,,,,
g_reduce,micro,1536,118.93463100000000,payloads/matrix_micro.bin,intermediate/task_g_reduce_1536mb_micro_5.out,102156,16,43.271656,0.112122,23.901662,67.28544,2.360806000000000,0.0006690000000000,,,,,,,,,,
g_reduce,micro,2048,129.38594800000001,payloads/matrix_micro.bin,intermediate/task_g_reduce_2048mb_micro_1.out,102156,16,52.550919,0.147432,28.851585,81.549936,1.9439430000000000,0.0005550000000000,,,,,,,,,,
g_reduce,micro,2048,125.98776800000000,payloads/matrix_micro.bin,intermediate/task_g_reduce_2048mb_micro_2.out,102156,16,47.654356,0.12647,29.434387,77.215213,2.143687000000000,0.0005440000000000,,,,,,,,,,
g_reduce,micro,2048,113.53111300000000,payloads/matrix_micro.bin,intermediate/task_g_reduce_2048mb_micro_3.out,102156,16,42.213151,0.138837,23.631931,65.983919,2.420004000000000,0.0006770000000000,,,,,,,,,,
g_reduce,micro,2048,113.30890700000000,payloads/matrix_micro.bin,intermediate/task_g_reduce_2048mb_micro_4.out,102156,16,42.988219,0.150121,28.436018,71.574358,2.3763719999999999,0.0005630000000000,,,,,,,,,,
g_reduce,micro,2048,113.52753600000000,payloads/matrix_micro.bin,intermediate/task_g_reduce_2048mb_micro_5.out,102156,16,44.560782,0.1214,23.772033,68.454215,2.292509000000000,0.0006730000000000,,,,,,,,,,
g_reduce,small,128,655.7974819999999,payloads/matrix_small.bin,intermediate/task_g_reduce_128mb_small_1.out,5235852,16,440.726042,0.88316,86.236364,527.845566,11.880060000000000,0.0001860000000000,,,,,,,,,,
g_reduce,small,128,609.8513600000000,payloads/matrix_small.bin,intermediate/task_g_reduce_128mb_small_2.out,5235852,16,438.91361,0.816966,110.523054,550.25363,11.929117000000000,0.0001450000000000,,,,,,,,,,
g_reduce,small,128,582.6914310000000,payloads/matrix_small.bin,intermediate/task_g_reduce_128mb_small_3.out,5235852,16,417.994223,0.862059,99.272036,518.128318,12.52613500000000,0.0001610000000000,,,,,,,,,,
g_reduce,small,128,577.9809950000000,payloads/matrix_small.bin,intermediate/task_g_reduce_128mb_small_4.out,5235852,16,379.77717,56.908077,55.465896,492.151143,13.786642000000001,0.0002880000000000,,,,,,,,,,
g_reduce,small,128,581.204891000000,payloads/matrix_small.bin,intermediate/task_g_reduce_128mb_small_5.out,5235852,16,418.280847,0.85976,79.161597,498.302204,12.517550999999999,0.0002020000000000,,,,,,,,,,
g_reduce,small,256,349.9586580000000,payloads/matrix_small.bin,intermediate/task_g_reduce_256mb_small_1.out,5235852,16,222.441774,16.973593,47.835216,287.250583,23.538079000000000,0.0003340000000000,,,,,,,,,,
g_reduce,small,256,327.03208899999998,payloads/matrix_small.bin,intermediate/task_g_reduce_256mb_small_2.out,5235852,16,220.144937,0.778896,53.415922,274.339755,23.783657999999999,0.0003000000000000,,,,,,,,,,
g_reduce,small,256,301.6629220000000,payloads/matrix_small.bin,intermediate/task_g_reduce_256mb_small_3.out,5235852,16,179.516545,0.835284,55.29834,235.650169,29.166404000000000,0.0002890000000000,,,,,,,,,,
g_reduce,small,256,289.4101140000000,payloads/matrix_small.bin,intermediate/task_g_reduce_256mb_small_4.out,5235852,16,178.806861,0.899161,46.116012,225.822034,29.282164999999999,0.0003470000000000,,,,,,,,,,
g_reduce,small,256,332.40222899999998,payloads/matrix_small.bin,intermediate/task_g_reduce_256mb_small_5.out,5235852,16,186.140486,32.91193,38.64788,257.700296,28.128495999999998,0.0004140000000000,,,,,,,,,,
g_reduce,small,512,217.5047400000000,payloads/matrix_small.bin,intermediate/task_g_reduce_512mb_small_1.out,5235852,16,127.227127,0.867319,39.223046,167.317492,41.15358200000000,0.0004080000000000,,,,,,,,,,
g_reduce,small,512,183.5143570000000,payloads/matrix_small.bin,intermediate/task_g_reduce_512mb_small_2.out,5235852,16,96.624264,0.759303,39.583817,136.967384,54.187756000000000,0.0004040000000000,,,,,,,,,,
g_reduce,small,512,175.30560500000001,payloads/matrix_small.bin,intermediate/task_g_reduce_512mb_small_3.out,5235852,16,100.042536,0.767854,31.958616,132.769006,52.336258000000001,0.0005010000000000,,,,,,,,,,
g_reduce,small,512,181.2584400000000,payloads/matrix_small.bin,intermediate/task_g_reduce_512mb_small_4.out,5235852,16,91.430184,0.760137,41.285397,133.475718,57.266120999999998,0.0003880000000000,,,,,,,,,,
g_reduce,small,512,185.79864499999999,payloads/matrix_small.bin,intermediate/task_g_reduce_512mb_small_5.out,5235852,16,104.326941,4.883089,30.210507,139.420537,50.186959999999999,0.0005300000000000,,,,,,,,,,
g_reduce,small,768,160.00866900000000,payloads/matrix_small.bin,intermediate/task_g_reduce_768mb_small_1.out,5235852,16,80.528681,0.892171,37.069964,118.490816,65.01847500000000,0.0004320000000000,,,,,,,,,,
g_reduce,small,768,166.69273400000000,payloads/matrix_small.bin,intermediate/task_g_reduce_768mb_small_2.out,5235852,16,88.597703,0.805852,27.180765,116.58432,59.096927000000001,0.0005890000000000,,,,,,,,,,
g_reduce,small,768,167.90199300000000,payloads/matrix_small.bin,intermediate/task_g_reduce_768mb_small_3.out,5235852,16,86.653845,0.792916,33.692242,121.139003,60.42261600000000,0.0004750000000000,,,,,,,,,,
g_reduce,small,768,164.97087500000001,payloads/matrix_small.bin,intermediate/task_g_reduce_768mb_small_4.out,5235852,16,91.736778,0.850407,25.190399,117.777584,57.074731999999997,0.0006350000000000,,,,,,,,,,
g_reduce,small,768,161.2679960000000,payloads/matrix_small.bin,intermediate/task_g_reduce_768mb_small_5.out,5235852,16,87.889657,0.843388,26.127271,114.860316,59.57301700000000,0.0006120000000000,,,,,,,,,,
g_reduce,small,1024,149.83677900000001,payloads/matrix_small.bin,intermediate/task_g_reduce_1024mb_small_1.out,5235852,16,77.970958,0.842648,25.437775,104.251381,67.15131000000000,0.0006290000000000,,,,,,,,,,
g_reduce,small,1024,155.98821599999999,payloads/matrix_small.bin,intermediate/task_g_reduce_1024mb_small_2.out,5235852,16,81.39231,0.797911,31.553319,113.74354,64.32858299999999,0.0005070000000000,,,,,,,,,,
g_reduce,small,1024,168.55549800000000,payloads/matrix_small.bin,intermediate/task_g_reduce_1024mb_small_3.out,5235852,16,92.663261,0.880034,28.621398,122.164693,56.504077000000002,0.0005590000000000,,,,,,,,,,
g_reduce,small,1024,162.51111000000000,payloads/matrix_small.bin,intermediate/task_g_reduce_1024mb_small_4.out,5235852,16,82.93719,0.844135,30.517832,114.299157,63.130328000000,0.0005240000000000,,,,,,,,,,
g_reduce,small,1024,154.4039250000000,payloads/matrix_small.bin,intermediate/task_g_reduce_1024mb_small_5.out,5235852,16,83.548895,0.783855,28.368019,112.700769,62.66811800000000,0.0005640000000000,,,,,,,,,,
g_reduce,small,1536,159.93523600000000,payloads/matrix_small.bin,intermediate/task_g_reduce_1536mb_small_1.out,5235852,16,83.073287,0.857783,27.41953,111.3506,63.02690300000000,0.0005840000000000,,,,,,,,,,
g_reduce,small,1536,138.35740100000001,payloads/matrix_small.bin,intermediate/task_g_reduce_1536mb_small_2.out,5235852,16,72.311748,0.75294,24.856937,97.921625,72.40665799999999,0.0006440000000000,,,,,,,,,,
g_reduce,small,1536,147.552490000000,payloads/matrix_small.bin,intermediate/task_g_reduce_1536mb_small_3.out,5235852,16,69.061235,0.738655,28.968569,98.768459,75.8146300000000,0.0005520000000000,,,,,,,,,,
g_reduce,small,1536,137.3448370000000,payloads/matrix_small.bin,intermediate/task_g_reduce_1536mb_small_4.out,5235852,16,68.080063,0.737403,26.500635,95.318101,76.90727300000000,0.0006040000000000,,,,,,,,,,
g_reduce,small,1536,149.3735310000000,payloads/matrix_small.bin,intermediate/task_g_reduce_1536mb_small_5.out,5235852,16,72.355642,0.749018,28.062654,101.167314,72.36273300000001,0.0005700000000000,,,,,,,,,,
g_reduce,small,2048,165.14134400000000,payloads/matrix_small.bin,intermediate/task_g_reduce_2048mb_small_1.out,5235852,16,93.049341,0.965151,25.768474,119.782966,56.26963000000000,0.0006210000000000,,,,,,,,,,
g_reduce,small,2048,175.34422900000001,payloads/matrix_small.bin,intermediate/task_g_reduce_2048mb_small_2.out,5235852,16,78.702486,0.80587,28.328875,107.837231,66.52714899999999,0.0005650000000000,,,,,,,,,,
g_reduce,small,2048,199.3429660000000,payloads/matrix_small.bin,intermediate/task_g_reduce_2048mb_small_3.out,5235852,16,115.420651,0.830288,35.418097,151.669036,45.36321700000000,0.0004520000000000,,,,,,,,,,
g_reduce,small,2048,190.7808780000000,payloads/matrix_small.bin,intermediate/task_g_reduce_2048mb_small_4.out,5235852,16,101.667308,0.876221,30.472192,133.015721,51.49985900000000,0.0005250000000000,,,,,,,,,,
g_reduce,small,2048,199.4500160000000,payloads/matrix_small.bin,intermediate/task_g_reduce_2048mb_small_5.out,5235852,16,110.741115,0.913556,38.541663,150.196334,47.28010900000000,0.000415000000000,,,,,,,,,,
g_reduce,medium,128,1859.0340610000001,payloads/matrix_medium.bin,intermediate/task_g_reduce_128mb_medium_1.out,52387852,16,1520.57554,99.021825,73.85663,1693.453995,34.45264700000000,0.0002170000000000,,,,,,,,,,
g_reduce,medium,128,1840.348244000000,payloads/matrix_medium.bin,intermediate/task_g_reduce_128mb_medium_2.out,52387852,16,1455.574625,99.035137,97.876052,1652.485814,35.99118300000000,0.0001630000000000,,,,,,,,,,
g_reduce,medium,128,1760.9989639999999,payloads/matrix_medium.bin,intermediate/task_g_reduce_128mb_medium_3.out,52387852,16,1419.934507,99.029775,114.598483,1633.562765,36.894554999999997,0.0001400000000000,,,,,,,,,,
g_reduce,medium,128,1898.2834820000000,payloads/matrix_medium.bin,intermediate/task_g_reduce_128mb_medium_4.out,52387852,16,1578.480745,99.276261,77.700711,1755.457717,33.18878100000000,0.0002060000000000,,,,,,,,,,
g_reduce,medium,128,1842.050314000000,payloads/matrix_medium.bin,intermediate/task_g_reduce_128mb_medium_5.out,52387852,16,1558.775198,99.254445,77.074838,1735.104481,33.60834300000000,0.0002080000000000,,,,,,,,,,
g_reduce,medium,256,860.0785730000000,payloads/matrix_medium.bin,intermediate/task_g_reduce_256mb_medium_1.out,52387852,16,681.711796,59.000084,55.890253,796.602133,76.84750699999999,0.0002860000000000,,,,,,,,,,
g_reduce,medium,256,940.1257040000000,payloads/matrix_medium.bin,intermediate/task_g_reduce_256mb_medium_2.out,52387852,16,778.494184,39.426019,58.013881,875.934084,67.29382600000000,0.0002760000000000,,,,,,,,,,
g_reduce,medium,256,875.6742480000000,payloads/matrix_medium.bin,intermediate/task_g_reduce_256mb_medium_3.out,52387852,16,718.239905,22.866073,71.659315,812.765293,72.93921100000000,0.0002230000000000,,,,,,,,,,
g_reduce,medium,256,841.3136009999999,payloads/matrix_medium.bin,intermediate/task_g_reduce_256mb_medium_4.out,52387852,16,658.986309,58.894814,36.243082,754.124205,79.49763299999999,0.0004410000000000,,,,,,,,,,
g_reduce,medium,256,958.6608410000000,payloads/matrix_medium.bin,intermediate/task_g_reduce_256mb_medium_5.out,52387852,16,759.759313,22.803627,76.395965,858.958905,68.95322100000000,0.0002090000000000,,,,,,,,,,
g_reduce,medium,512,656.21018400000,payloads/matrix_medium.bin,intermediate/task_g_reduce_512mb_medium_1.out,52387852,16,566.731299,6.69034,36.441208,609.862847,92.43860700000000,0.0004390000000000,,,,,,,,,,
g_reduce,medium,512,661.8709560000000,payloads/matrix_medium.bin,intermediate/task_g_reduce_512mb_medium_2.out,52387852,16,567.057527,10.757425,34.574701,612.389653,92.38542700000001,0.0004630000000000,,,,,,,,,,
g_reduce,medium,512,661.4716050000000,payloads/matrix_medium.bin,intermediate/task_g_reduce_512mb_medium_3.out,52387852,16,565.871486,10.765385,35.657486,612.294357,92.57906300000000,0.0004490000000000,,,,,,,,,,
g_reduce,medium,512,656.618595000000,payloads/matrix_medium.bin,intermediate/task_g_reduce_512mb_medium_4.out,52387852,16,563.066318,14.882635,33.318278,611.267231,93.04028700000001,0.0004800000000000,,,,,,,,,,
g_reduce,medium,512,675.0683780000001,payloads/matrix_medium.bin,intermediate/task_g_reduce_512mb_medium_5.out,52387852,16,565.916297,14.750202,29.516911,610.18341,92.57173200000000,0.0005420000000000,,,,,,,,,,
g_reduce,medium,768,657.034159000000,payloads/matrix_medium.bin,intermediate/task_g_reduce_768mb_medium_1.out,52387852,16,565.460015,6.896308,35.209408,607.565731,92.64643100000001,0.0004540000000000,,,,,,,,,,
g_reduce,medium,768,637.4354360000000,payloads/matrix_medium.bin,intermediate/task_g_reduce_768mb_medium_2.out,52387852,16,551.852907,7.223554,32.319356,591.395817,94.93082500000000,0.000495000000000,,,,,,,,,,
g_reduce,medium,768,638.784647000000,payloads/matrix_medium.bin,intermediate/task_g_reduce_768mb_medium_3.out,52387852,16,553.800795,6.925457,27.538189,588.264441,94.59692500000000,0.0005810000000000,,,,,,,,,,
g_reduce,medium,768,631.8132879999999,payloads/matrix_medium.bin,intermediate/task_g_reduce_768mb_medium_4.out,52387852,16,540.04442,7.053784,35.992482,583.090686,97.00656100000000,0.0004450000000000,,,,,,,,,,
g_reduce,medium,768,649.8799320000001,payloads/matrix_medium.bin,intermediate/task_g_reduce_768mb_medium_5.out,52387852,16,563.599329,10.924222,28.138847,602.662398,92.95229700000000,0.0005690000000000,,,,,,,,,,
g_reduce,medium,1024,633.6114410000000,payloads/matrix_medium.bin,intermediate/task_g_reduce_1024mb_medium_1.out,52387852,16,547.293425,14.123664,25.0661,586.483189,95.72169100000001,0.0006380000000000,,,,,,,,,,
g_reduce,medium,1024,640.3541560000000,payloads/matrix_medium.bin,intermediate/task_g_reduce_1024mb_medium_2.out,52387852,16,542.60754,7.024459,29.069299,578.701298,96.54833000000001,0.0005500000000000,,,,,,,,,,
g_reduce,medium,1024,631.0610770000000,payloads/matrix_medium.bin,intermediate/task_g_reduce_1024mb_medium_3.out,52387852,16,542.159583,8.825167,31.619067,582.603817,96.62810300000000,0.0005060000000000,,,,,,,,,,
g_reduce,medium,1024,630.4581170000000,payloads/matrix_medium.bin,intermediate/task_g_reduce_1024mb_medium_4.out,52387852,16,542.18858,7.062768,29.941513,579.192861,96.6229350000000,0.0005340000000000,,,,,,,,,,
g_reduce,medium,1024,622.6964000000000,payloads/matrix_medium.bin,intermediate/task_g_reduce_1024mb_medium_5.out,52387852,16,539.591995,6.634125,28.968249,575.194369,97.08789700000000,0.0005520000000000,,,,,,,,,,
g_reduce,medium,1536,623.2166290000000,payloads/matrix_medium.bin,intermediate/task_g_reduce_1536mb_medium_1.out,52387852,16,540.753743,6.398594,28.330624,575.482961,96.87931500000001,0.0005650000000000,,,,,,,,,,
g_reduce,medium,1536,626.3329980000000,payloads/matrix_medium.bin,intermediate/task_g_reduce_1536mb_medium_2.out,52387852,16,540.570948,6.44092,29.44589,576.457758,96.91207500000000,0.0005430000000000,,,,,,,,,,
g_reduce,medium,1536,652.7392860000000,payloads/matrix_medium.bin,intermediate/task_g_reduce_1536mb_medium_3.out,52387852,16,539.961453,6.445605,52.5111,598.918158,97.0214660000000,0.0003050000000000,,,,,,,,,,
g_reduce,medium,1536,622.654915000000,payloads/matrix_medium.bin,intermediate/task_g_reduce_1536mb_medium_4.out,52387852,16,537.785971,6.338116,27.344686,571.468773,97.4139430000000,0.0005850000000000,,,,,,,,,,
g_reduce,medium,1536,621.0055350000000,payloads/matrix_medium.bin,intermediate/task_g_reduce_1536mb_medium_5.out,52387852,16,538.246325,6.524193,27.634492,572.40501,97.33062600000000,0.0005790000000000,,,,,,,,,,
g_reduce,medium,2048,700.6893160000000,payloads/matrix_medium.bin,intermediate/task_g_reduce_2048mb_medium_1.out,52387852,16,544.281866,7.16959,29.834404,581.28586,96.25132700000000,0.0005360000000000,,,,,,,,,,
g_reduce,medium,2048,664.8731230000000,payloads/matrix_medium.bin,intermediate/task_g_reduce_2048mb_medium_2.out,52387852,16,561.101486,7.512765,27.609328,596.223579,93.36609000000000,0.0005800000000000,,,,,,,,,,
g_reduce,medium,2048,622.8017810000000,payloads/matrix_medium.bin,intermediate/task_g_reduce_2048mb_medium_3.out,52387852,16,539.557104,7.188977,29.251365,575.997446,97.09417500000001,0.0005470000000000,,,,,,,,,,
g_reduce,medium,2048,626.7526150000000,payloads/matrix_medium.bin,intermediate/task_g_reduce_2048mb_medium_4.out,52387852,16,543.094815,7.360723,28.182011,578.637549,96.4617050000000,0.0005680000000000,,,,,,,,,,
g_reduce,medium,2048,635.4961400000000,payloads/matrix_medium.bin,intermediate/task_g_reduce_2048mb_medium_5.out,52387852,16,558.121882,7.086798,21.965922,587.174602,93.86453700000000,0.0007280000000000,,,,,,,,,,
g_reduce,large,512,2961.606026000000,payloads/matrix_large.bin,intermediate/task_g_reduce_512mb_large_1.out,262113412,16,2713.213586,107.290857,43.342006,2863.846449,96.6062580000000,0.0003690000000000,,,,,,,,,,
g_reduce,large,512,2901.0465150000000,payloads/matrix_large.bin,intermediate/task_g_reduce_512mb_large_2.out,262113412,16,2675.827291,115.238434,35.720167,2826.785892,97.95602800000000,0.0004480000000000,,,,,,,,,,
g_reduce,large,512,2901.450157000000,payloads/matrix_large.bin,intermediate/task_g_reduce_512mb_large_3.out,262113412,16,2650.83299,154.424863,28.30928,2833.567133,98.87963999999999,0.000565000000000,,,,,,,,,,
g_reduce,large,512,2893.9809799999998,payloads/matrix_large.bin,intermediate/task_g_reduce_512mb_large_4.out,262113412,16,2661.065777,94.198676,43.651643,2798.916096,98.499411000000,0.0003670000000000,,,,,,,,,,
g_reduce,large,512,2899.3630410000001,payloads/matrix_large.bin,intermediate/task_g_reduce_512mb_large_5.out,262113412,16,2666.681586,98.164643,46.073473,2810.919702,98.29198000000000,0.0003470000000000,,,,,,,,,,
g_reduce,large,768,2805.8221340000000,payloads/matrix_large.bin,intermediate/task_g_reduce_768mb_large_1.out,262113412,16,2645.360768,69.708317,30.581628,2745.650713,99.08418399999999,0.0005230000000000,,,,,,,,,,
g_reduce,large,768,2816.5388109999999,payloads/matrix_large.bin,intermediate/task_g_reduce_768mb_large_2.out,262113412,16,2644.279516,70.431547,32.357569,2747.068632,99.12469900000001,0.0004940000000000,,,,,,,,,,
g_reduce,large,768,2821.148157000000,payloads/matrix_large.bin,intermediate/task_g_reduce_768mb_large_3.out,262113412,16,2647.990568,69.225823,42.71816,2759.934551,98.98578000000001,0.0003750000000000,,,,,,,,,,
g_reduce,large,768,2820.028067000000,payloads/matrix_large.bin,intermediate/task_g_reduce_768mb_large_4.out,262113412,16,2645.669768,69.654144,42.228024,2757.551936,99.07261099999999,0.0003790000000000,,,,,,,,,,
g_reduce,large,768,2876.897097000000,payloads/matrix_large.bin,intermediate/task_g_reduce_768mb_large_5.out,262113412,16,2649.148553,62.458301,101.810477,2813.417331,98.94251199999999,0.0001570000000000,,,,,,,,,,
g_reduce,large,1024,2790.0781630000001,payloads/matrix_large.bin,intermediate/task_g_reduce_1024mb_large_1.out,262113412,16,2644.165714,46.07778,33.591139,2723.834633,99.12896600000001,0.0004760000000000,,,,,,,,,,
g_reduce,large,1024,2787.905693000000,payloads/matrix_large.bin,intermediate/task_g_reduce_1024mb_large_2.out,262113412,16,2642.565556,50.872363,35.166034,2728.603953,99.18899100000000,0.0004550000000000,,,,,,,,,,
g_reduce,large,1024,2793.301582000000,payloads/matrix_large.bin,intermediate/task_g_reduce_1024mb_large_3.out,262113412,16,2649.866898,43.182011,38.562168,2731.611077,98.91569000000000,0.0004150000000000,,,,,,,,,,
g_reduce,large,1024,2781.735420000000,payloads/matrix_large.bin,intermediate/task_g_reduce_1024mb_large_4.out,262113412,16,2635.828811,55.047481,29.088964,2719.965256,99.44250200000000,0.0005500000000000,,,,,,,,,,
g_reduce,large,1024,2780.634880000000,payloads/matrix_large.bin,intermediate/task_g_reduce_1024mb_large_5.out,262113412,16,2641.466865,49.838787,31.30663,2722.612282,99.23024800000000,0.0005110000000000,,,,,,,,,,
g_reduce,large,1536,2773.852587000000,payloads/matrix_large.bin,intermediate/task_g_reduce_1536mb_large_1.out,262113412,16,2640.37948,39.094953,31.073007,2710.54744,99.27111400000000,0.0005150000000000,,,,,,,,,,
g_reduce,large,1536,2768.7387469999999,payloads/matrix_large.bin,intermediate/task_g_reduce_1536mb_large_2.out,262113412,16,2644.705243,32.284823,29.917603,2706.907669,99.10874300000000,0.000535000000000,,,,,,,,,,
g_reduce,large,1536,2763.514519000000,payloads/matrix_large.bin,intermediate/task_g_reduce_1536mb_large_3.out,262113412,16,2640.372041,35.704105,28.815108,2704.891254,99.27139400000000,0.0005550000000000,,,,,,,,,,
g_reduce,large,1536,2751.2753010000001,payloads/matrix_large.bin,intermediate/task_g_reduce_1536mb_large_4.out,262113412,16,2638.700186,31.973881,25.788668,2696.462735,99.3342910000000,0.0006200000000000,,,,,,,,,,
g_reduce,large,1536,2758.2454680000001,payloads/matrix_large.bin,intermediate/task_g_reduce_1536mb_large_5.out,262113412,16,2637.064881,32.040492,29.12575,2698.231123,99.39588999999999,0.000549000000000,,,,,,,,,,
g_reduce,large,2048,2781.704903000000,payloads/matrix_large.bin,intermediate/task_g_reduce_2048mb_large_1.out,262113412,16,2640.616327,31.823983,26.984032,2699.424342,99.2622100000000,0.0005930000000000,,,,,,,,,,
g_reduce,large,2048,2773.0259900000001,payloads/matrix_large.bin,intermediate/task_g_reduce_2048mb_large_2.out,262113412,16,2647.754363,32.69395,26.133586,2706.581899,98.99461100000001,0.0006120000000000,,,,,,,,,,
g_reduce,large,2048,2755.5935380000001,payloads/matrix_large.bin,intermediate/task_g_reduce_2048mb_large_3.out,262113412,16,2639.241744,31.598844,26.923909,2697.764497,99.31390800000000,0.0005940000000000,,,,,,,,,,
g_reduce,large,2048,2761.4967820000002,payloads/matrix_large.bin,intermediate/task_g_reduce_2048mb_large_4.out,262113412,16,2641.295698,32.502851,28.651815,2702.450364,99.23667800000000,0.0005580000000000,,,,,,,,,,
g_reduce,large,2048,2876.0409359999999,payloads/matrix_large.bin,intermediate/task_g_reduce_2048mb_large_5.out,262113412,16,2749.067352,32.644277,29.04045,2810.752079,95.34630400000000,0.0005510000000000,,,,,,,,,,
h_expand,micro,128,387.06374200000,payloads/seed_micro.bin,intermediate/task_h_expand_128mb_micro_1.out,16,102156,199.079277,0.225201,80.053125,279.357603,0.0000800000000000000,1.2761030000000000,,,,,,,,,,
h_expand,micro,128,378.1216140000000,payloads/seed_micro.bin,intermediate/task_h_expand_128mb_micro_2.out,16,102156,193.726599,0.211673,68.956293,262.894565,0.0000830000000000000,1.4814600000000000,,,,,,,,,,
h_expand,micro,128,379.7566890000000,payloads/seed_micro.bin,intermediate/task_h_expand_128mb_micro_3.out,16,102156,189.890483,0.250541,72.461124,262.602148,0.0000840000000000000,1.409804000000000,,,,,,,,,,
h_expand,micro,128,418.8811780000000,payloads/seed_micro.bin,intermediate/task_h_expand_128mb_micro_4.out,16,102156,225.133817,0.233049,89.185448,314.552314,0.0000710000000000000,1.1454340000000001,,,,,,,,,,
h_expand,micro,128,362.2097970000000,payloads/seed_micro.bin,intermediate/task_h_expand_128mb_micro_5.out,16,102156,199.851009,0.273774,60.097663,260.222446,0.0000800000000000000,1.699833000000000,,,,,,,,,,
h_expand,micro,256,209.17272600000001,payloads/seed_micro.bin,intermediate/task_h_expand_256mb_micro_1.out,16,102156,108.463129,0.225914,42.039723,150.728766,0.0001480000000000,2.4299870000000001,,,,,,,,,,
h_expand,micro,256,221.9634060000000,payloads/seed_micro.bin,intermediate/task_h_expand_256mb_micro_2.out,16,102156,104.129925,0.223261,48.234302,152.587488,0.0001540000000000,2.117912000000000,,,,,,,,,,
h_expand,micro,256,234.80749100000000,payloads/seed_micro.bin,intermediate/task_h_expand_256mb_micro_3.out,16,102156,126.918715,0.222546,36.021171,163.162432,0.0001260000000000,2.8359990000000002,,,,,,,,,,
h_expand,micro,256,211.6987710000000,payloads/seed_micro.bin,intermediate/task_h_expand_256mb_micro_4.out,16,102156,108.530984,0.221062,50.177706,158.929752,0.0001470000000000,2.0358839999999998,,,,,,,,,,
h_expand,micro,256,235.96763600000000,payloads/seed_micro.bin,intermediate/task_h_expand_256mb_micro_5.out,16,102156,105.756661,0.218149,49.133925,155.108735,0.0001510000000000,2.079134000000000,,,,,,,,,,
h_expand,micro,512,165.8320430000000,payloads/seed_micro.bin,intermediate/task_h_expand_512mb_micro_1.out,16,102156,61.795228,0.242528,44.789196,106.826952,0.0002590000000000,2.2808180000000000,,,,,,,,,,
h_expand,micro,512,153.21969999999999,payloads/seed_micro.bin,intermediate/task_h_expand_512mb_micro_2.out,16,102156,68.172492,0.227518,42.152999,110.553009,0.0002350000000000,2.423457000000000,,,,,,,,,,
h_expand,micro,512,161.23557099999999,payloads/seed_micro.bin,intermediate/task_h_expand_512mb_micro_3.out,16,102156,66.259129,0.224665,52.587564,119.071358,0.0002410000000000,1.942589000000000,,,,,,,,,,
h_expand,micro,512,159.81102000000001,payloads/seed_micro.bin,intermediate/task_h_expand_512mb_micro_4.out,16,102156,67.634367,0.259184,38.264032,106.157583,0.000237000000000,2.6697660000000001,,,,,,,,,,
h_expand,micro,512,165.1313300000000,payloads/seed_micro.bin,intermediate/task_h_expand_512mb_micro_5.out,16,102156,76.011835,0.230625,38.054347,114.296807,0.0002100000000000,2.684476000000000,,,,,,,,,,
h_expand,micro,768,141.16787900000000,payloads/seed_micro.bin,intermediate/task_h_expand_768mb_micro_1.out,16,102156,55.536772,0.23215,39.536558,95.30548,0.0002880000000000,2.583836000000000,,,,,,,,,,
h_expand,micro,768,140.97189900000001,payloads/seed_micro.bin,intermediate/task_h_expand_768mb_micro_2.out,16,102156,52.51038,0.223657,37.2464,89.980437,0.0003050000000000,2.742708000000000,,,,,,,,,,
h_expand,micro,768,139.32323500000001,payloads/seed_micro.bin,intermediate/task_h_expand_768mb_micro_3.out,16,102156,43.190642,0.273932,39.005833,82.470407,0.0003700000000000,2.6189930000000001,,,,,,,,,,
h_expand,micro,768,153.64480000000000,payloads/seed_micro.bin,intermediate/task_h_expand_768mb_micro_4.out,16,102156,64.064898,0.300386,43.995794,108.361078,0.0002500000000000,2.321949000000000,,,,,,,,,,
h_expand,micro,768,149.6295930000000,payloads/seed_micro.bin,intermediate/task_h_expand_768mb_micro_5.out,16,102156,59.019501,0.232295,34.29466,93.546456,0.0002710000000000,2.9787729999999999,,,,,,,,,,
h_expand,micro,1024,154.06251000000000,payloads/seed_micro.bin,intermediate/task_h_expand_1024mb_micro_1.out,16,102156,55.795722,0.246603,38.456977,94.499302,0.0002870000000000,2.6563710000000000,,,,,,,,,,
h_expand,micro,1024,131.03461300000001,payloads/seed_micro.bin,intermediate/task_h_expand_1024mb_micro_2.out,16,102156,46.503951,0.280353,33.993183,80.777487,0.000344000000000,3.005191000000000,,,,,,,,,,
h_expand,micro,1024,152.31013300000001,payloads/seed_micro.bin,intermediate/task_h_expand_1024mb_micro_3.out,16,102156,44.176532,0.22578,59.167259,103.569571,0.0003620000000000,1.7265630000000001,,,,,,,,,,
h_expand,micro,1024,138.7162210000000,payloads/seed_micro.bin,intermediate/task_h_expand_1024mb_micro_4.out,16,102156,47.16067,0.22489,38.230683,85.616243,0.0003390000000000,2.67209500000000,,,,,,,,,,
h_expand,micro,1024,136.02447500000000,payloads/seed_micro.bin,intermediate/task_h_expand_1024mb_micro_5.out,16,102156,48.102461,0.22832,37.872318,86.203099,0.0003330000000000,2.697379000000000,,,,,,,,,,
h_expand,micro,1536,160.7666020000,payloads/seed_micro.bin,intermediate/task_h_expand_1536mb_micro_1.out,16,102156,48.578866,0.235445,57.131181,105.945492,0.0003290000000000,1.7880950000000000,,,,,,,,,,
h_expand,micro,1536,127.08091700000000,payloads/seed_micro.bin,intermediate/task_h_expand_1536mb_micro_2.out,16,102156,42.299794,0.232416,38.665983,81.198193,0.0003780000000000,2.6420119999999998,,,,,,,,,,
h_expand,micro,1536,133.209229000000,payloads/seed_micro.bin,intermediate/task_h_expand_1536mb_micro_3.out,16,102156,42.919249,0.258303,37.145297,80.322849,0.0003730000000000,2.7501730000000002,,,,,,,,,,
h_expand,micro,1536,138.05508599999999,payloads/seed_micro.bin,intermediate/task_h_expand_1536mb_micro_4.out,16,102156,47.842358,0.236326,39.490046,87.56873,0.0003340000000000,2.5868799999999998,,,,,,,,,,
h_expand,micro,1536,129.2858120000000,payloads/seed_micro.bin,intermediate/task_h_expand_1536mb_micro_5.out,16,102156,43.355756,0.370412,35.464508,79.190676,0.0003690000000000,2.8805139999999998,,,,,,,,,,
h_expand,micro,2048,179.52227600000001,payloads/seed_micro.bin,intermediate/task_h_expand_2048mb_micro_1.out,16,102156,52.171798,0.237296,65.906418,118.315512,0.0003070000000000,1.550016000000000,,,,,,,,,,
h_expand,micro,2048,114.56060400000000,payloads/seed_micro.bin,intermediate/task_h_expand_2048mb_micro_2.out,16,102156,39.572708,0.237601,31.227969,71.038278,0.0004040000000000,3.271298000000000,,,,,,,,,,
h_expand,micro,2048,135.53285600000001,payloads/seed_micro.bin,intermediate/task_h_expand_2048mb_micro_3.out,16,102156,47.267196,0.244025,39.711449,87.22267,0.0003390000000000,2.57245700000000,,,,,,,,,,
h_expand,micro,2048,134.59014900000000,payloads/seed_micro.bin,intermediate/task_h_expand_2048mb_micro_4.out,16,102156,47.352633,0.258336,36.71345,84.324419,0.0003380000000000,2.7825220000000002,,,,,,,,,,
h_expand,micro,2048,138.9150620000000,payloads/seed_micro.bin,intermediate/task_h_expand_2048mb_micro_5.out,16,102156,51.49712,0.266958,38.429747,90.193825,0.0003110000000000,2.658253000000000,,,,,,,,,,
h_expand,small,128,1039.8623940000000,payloads/seed_small.bin,intermediate/task_h_expand_128mb_small_1.out,16,5235852,188.502959,114.165718,617.561719,920.230396,0.0000850000000000000,8.478265000000000,,,,,,,,,,
h_expand,small,128,975.81148100000,payloads/seed_small.bin,intermediate/task_h_expand_128mb_small_2.out,16,5235852,236.182405,103.6129,557.176382,896.971687,0.0000680000000000000,9.39711800000000,,,,,,,,,,
h_expand,small,128,963.9644620000000,payloads/seed_small.bin,intermediate/task_h_expand_128mb_small_3.out,16,5235852,205.798783,135.128316,538.641681,879.56878,0.000078000000000000,9.720473000000000,,,,,,,,,,
h_expand,small,128,1050.154448000000,payloads/seed_small.bin,intermediate/task_h_expand_128mb_small_4.out,16,5235852,206.15392,115.063989,607.901832,929.119741,0.0000780000000000000,8.61298900000000,,,,,,,,,,
h_expand,small,128,1056.5874580000000,payloads/seed_small.bin,intermediate/task_h_expand_128mb_small_5.out,16,5235852,192.851945,147.142365,608.209818,948.204128,0.0000830000000000000,8.608628000000000,,,,,,,,,,
h_expand,small,256,489.1858100000000,payloads/seed_small.bin,intermediate/task_h_expand_256mb_small_1.out,16,5235852,119.929355,54.65328,268.803621,443.386256,0.0001330000000000,19.478354000000000,,,,,,,,,,
h_expand,small,256,493.7572480000000,payloads/seed_small.bin,intermediate/task_h_expand_256mb_small_2.out,16,5235852,108.870582,72.208099,264.186274,445.264955,0.0001470000000000,19.81878900000000,,,,,,,,,,
h_expand,small,256,575.2465720000000,payloads/seed_small.bin,intermediate/task_h_expand_256mb_small_3.out,16,5235852,126.529811,54.9952,337.219928,518.744939,0.0001260000000000,15.52652000000000,,,,,,,,,,
h_expand,small,256,552.5250430000000,payloads/seed_small.bin,intermediate/task_h_expand_256mb_small_4.out,16,5235852,104.301739,54.939981,324.734743,483.976463,0.0001530000000000,16.123473000000001,,,,,,,,,,
h_expand,small,256,543.1180000000001,payloads/seed_small.bin,intermediate/task_h_expand_256mb_small_5.out,16,5235852,107.063548,70.903986,315.313281,493.280815,0.0001490000000000,16.60523800000000,,,,,,,,,,
h_expand,small,512,295.14527299999997,payloads/seed_small.bin,intermediate/task_h_expand_512mb_small_1.out,16,5235852,65.715012,22.763902,161.390402,249.869316,0.0002430000000000,32.44215200000000,,,,,,,,,,
h_expand,small,512,260.0204940000000,payloads/seed_small.bin,intermediate/task_h_expand_512mb_small_2.out,16,5235852,63.510449,10.258129,140.483061,214.251639,0.0002520000000000,37.27034400000000,,,,,,,,,,
h_expand,small,512,304.65221400000001,payloads/seed_small.bin,intermediate/task_h_expand_512mb_small_3.out,16,5235852,85.659038,22.390422,144.889949,252.939409,0.0001870000000000,36.13675100000000,,,,,,,,,,
h_expand,small,512,292.36483600000003,payloads/seed_small.bin,intermediate/task_h_expand_512mb_small_4.out,16,5235852,55.77876,10.226073,179.829055,245.833888,0.0002870000000000,29.115718000000001,,,,,,,,,,
h_expand,small,512,266.294003000000,payloads/seed_small.bin,intermediate/task_h_expand_512mb_small_5.out,16,5235852,58.820929,14.464705,143.914051,217.199685,0.0002720000000000,36.38179800000000,,,,,,,,,,
h_expand,small,768,231.12106299999999,payloads/seed_small.bin,intermediate/task_h_expand_768mb_small_1.out,16,5235852,61.743448,14.426106,111.991688,188.161242,0.00025900000000,46.75214800000000,,,,,,,,,,
h_expand,small,768,210.65115900000001,payloads/seed_small.bin,intermediate/task_h_expand_768mb_small_2.out,16,5235852,42.473868,22.463788,102.976737,167.914393,0.0003770000000000,50.84499800000000,,,,,,,,,,
h_expand,small,768,200.5188470000000,payloads/seed_small.bin,intermediate/task_h_expand_768mb_small_3.out,16,5235852,46.650912,10.168185,101.116976,157.936073,0.0003430000000000,51.78014800000000,,,,,,,,,,
h_expand,small,768,228.1484600000000,payloads/seed_small.bin,intermediate/task_h_expand_768mb_small_4.out,16,5235852,49.24562,18.317511,113.098252,180.661383,0.0003250000000000,46.29472100000000,,,,,,,,,,
h_expand,small,768,217.0262340000000,payloads/seed_small.bin,intermediate/task_h_expand_768mb_small_5.out,16,5235852,53.484552,11.394042,104.798106,169.6767,0.000299000000000,49.961323000000000,,,,,,,,,,
h_expand,small,1024,190.16027500000001,payloads/seed_small.bin,intermediate/task_h_expand_1024mb_small_1.out,16,5235852,35.990064,10.470722,98.272108,144.732894,0.0004450000000000,53.27912600000000,,,,,,,,,,
h_expand,small,1024,217.44442000000001,payloads/seed_small.bin,intermediate/task_h_expand_1024mb_small_2.out,16,5235852,48.175666,12.528653,103.127615,163.831934,0.0003320000000000,50.77061100000000,,,,,,,,,,
h_expand,small,1024,208.31966399999999,payloads/seed_small.bin,intermediate/task_h_expand_1024mb_small_3.out,16,5235852,46.755572,9.572112,104.316292,160.643976,0.0003420000000000,50.192082999999997,,,,,,,,,,
h_expand,small,1024,206.1457630000000,payloads/seed_small.bin,intermediate/task_h_expand_1024mb_small_4.out,16,5235852,44.838807,9.48465,104.953549,159.277006,0.0003570000000000,49.88732700000000,,,,,,,,,,
h_expand,small,1024,251.29079800000000,payloads/seed_small.bin,intermediate/task_h_expand_1024mb_small_5.out,16,5235852,58.543863,9.61627,132.969412,201.129545,0.0002730000000000,39.37636400000000,,,,,,,,,,
h_expand,small,1536,220.9024430000000,payloads/seed_small.bin,intermediate/task_h_expand_1536mb_small_1.out,16,5235852,41.010513,10.321125,122.492361,173.823999,0.0003900000000000,42.74431400000000,,,,,,,,,,
h_expand,small,1536,199.9971870000000,payloads/seed_small.bin,intermediate/task_h_expand_1536mb_small_2.out,16,5235852,39.502345,10.426071,100.517452,150.445868,0.0004050000000000,52.08898500000000,,,,,,,,,,
h_expand,small,1536,193.54248000000,payloads/seed_small.bin,intermediate/task_h_expand_1536mb_small_3.out,16,5235852,49.7736,10.242449,88.376419,148.392468,0.0003210000000000,59.24489900000000,,,,,,,,,,
h_expand,small,1536,178.9851190000000,payloads/seed_small.bin,intermediate/task_h_expand_1536mb_small_4.out,16,5235852,42.115482,11.118164,76.094192,129.327838,0.0003800000000000,68.80751200000000,,,,,,,,,,
h_expand,small,1536,246.68049800000000,payloads/seed_small.bin,intermediate/task_h_expand_1536mb_small_5.out,16,5235852,42.791751,10.386009,144.131575,197.309335,0.0003740000000000,36.32689100000000,,,,,,,,,,
h_expand,small,2048,212.10932700000001,payloads/seed_small.bin,intermediate/task_h_expand_2048mb_small_1.out,16,5235852,42.530223,10.499886,108.515521,161.54563,0.0003760000000000,48.24979800000000,,,,,,,,,,
h_expand,small,2048,213.5641570000000,payloads/seed_small.bin,intermediate/task_h_expand_2048mb_small_2.out,16,5235852,48.292966,10.817951,105.342098,164.453015,0.0003310000000000,49.7033200000000,,,,,,,,,,
h_expand,small,2048,192.795992000000,payloads/seed_small.bin,intermediate/task_h_expand_2048mb_small_3.out,16,5235852,40.384907,10.133133,93.736938,144.254978,0.0003960000000000,55.85687000000000,,,,,,,,,,
h_expand,small,2048,179.6853540000000,payloads/seed_small.bin,intermediate/task_h_expand_2048mb_small_4.out,16,5235852,39.339384,10.264507,78.317806,127.921697,0.0004070000000000,66.85391600000000,,,,,,,,,,
h_expand,small,2048,177.6716710000000,payloads/seed_small.bin,intermediate/task_h_expand_2048mb_small_5.out,16,5235852,45.319088,9.9703,79.314786,134.604174,0.0003530000000000,66.01356800000001,,,,,,,,,,
h_expand,medium,256,3436.388731000000,payloads/seed_medium.bin,intermediate/task_h_expand_256mb_medium_1.out,16,52387852,123.937272,765.007174,2466.441804,3355.38625,0.0001290000000000,21.240255000000001,,,,,,,,,,
h_expand,medium,256,3422.476292000000,payloads/seed_medium.bin,intermediate/task_h_expand_256mb_medium_2.out,16,52387852,107.819727,751.799505,2478.775636,3338.394868,0.000148000000000,21.134568000000002,,,,,,,,,,
h_expand,medium,256,3620.191813000000,payloads/seed_medium.bin,intermediate/task_h_expand_256mb_medium_3.out,16,52387852,107.066324,754.226746,2662.888984,3524.182054,0.000149000000000,19.6733140000000,,,,,,,,,,
h_expand,medium,256,3639.2605300000000,payloads/seed_medium.bin,intermediate/task_h_expand_256mb_medium_4.out,16,52387852,110.934083,730.831396,2726.868389,3568.633868,0.0001440000000000,19.211727000000000,,,,,,,,,,
h_expand,medium,256,3498.746395000000,payloads/seed_medium.bin,intermediate/task_h_expand_256mb_medium_5.out,16,52387852,140.59139,758.205575,2510.56217,3409.359135,0.0001140000000000,20.86698100000000,,,,,,,,,,
h_expand,medium,512,1532.0868490000000,payloads/seed_medium.bin,intermediate/task_h_expand_512mb_medium_1.out,16,52387852,54.348422,332.539969,1086.798344,1473.686735,0.0002940000000000,48.203839000000002,,,,,,,,,,
h_expand,medium,512,1612.419605000000,payloads/seed_medium.bin,intermediate/task_h_expand_512mb_medium_2.out,16,52387852,71.673775,331.776284,1161.325869,1564.775928,0.000223000000000,45.110380999999997,,,,,,,,,,
h_expand,medium,512,1606.489897000000,payloads/seed_medium.bin,intermediate/task_h_expand_512mb_medium_3.out,16,52387852,67.323313,318.548728,1161.024343,1546.896384,0.0002380000000000,45.12209600000000,,,,,,,,,,
h_expand,medium,512,1602.8542520000001,payloads/seed_medium.bin,intermediate/task_h_expand_512mb_medium_4.out,16,52387852,71.876244,326.347346,1148.725847,1546.949437,0.0002230000000000,45.60518300000000,,,,,,,,,,
h_expand,medium,512,1682.0120810000001,payloads/seed_medium.bin,intermediate/task_h_expand_512mb_medium_5.out,16,52387852,79.090728,334.470277,1213.878257,1627.439262,0.0002020000000000,43.15741900000000,,,,,,,,,,
h_expand,medium,768,1118.3316709999999,payloads/seed_medium.bin,intermediate/task_h_expand_768mb_medium_1.out,16,52387852,67.274733,217.906486,779.467618,1064.648837,0.0002380000000000,67.20978599999999,,,,,,,,,,
h_expand,medium,768,1169.6271899999999,payloads/seed_medium.bin,intermediate/task_h_expand_768mb_medium_2.out,16,52387852,44.935474,225.758114,854.588374,1125.281962,0.0003560000000000,61.301854000000,,,,,,,,,,
h_expand,medium,768,1286.3919730000000,payloads/seed_medium.bin,intermediate/task_h_expand_768mb_medium_3.out,16,52387852,53.866206,214.105884,957.632915,1225.605005,0.0002970000000000,54.70556700000000,,,,,,,,,,
h_expand,medium,768,1193.5694220000000,payloads/seed_medium.bin,intermediate/task_h_expand_768mb_medium_4.out,16,52387852,55.267592,229.4091,853.464752,1138.141444,0.0002900000000,61.382561000000003,,,,,,,,,,
h_expand,medium,768,1157.73606300000,payloads/seed_medium.bin,intermediate/task_h_expand_768mb_medium_5.out,16,52387852,57.233467,225.987503,828.431498,1111.652468,0.0002800000000000,63.2373980000000,,,,,,,,,,
h_expand,medium,1024,870.5313210000000,payloads/seed_medium.bin,intermediate/task_h_expand_1024mb_medium_1.out,16,52387852,42.167335,156.0048,623.992645,822.16478,0.0003790000000000,83.95588100000001,,,,,,,,,,
h_expand,medium,1024,819.4987770000000,payloads/seed_medium.bin,intermediate/task_h_expand_1024mb_medium_2.out,16,52387852,43.236349,169.522032,562.594224,775.352605,0.0003700000000000,93.11836099999999,,,,,,,,,,
h_expand,medium,1024,836.2677100000000,payloads/seed_medium.bin,intermediate/task_h_expand_1024mb_medium_3.out,16,52387852,51.702214,155.716874,576.870519,784.289607,0.0003090000000000,90.81388300000000,,,,,,,,,,
h_expand,medium,1024,880.3434370000000,payloads/seed_medium.bin,intermediate/task_h_expand_1024mb_medium_4.out,16,52387852,57.72523,163.008976,606.572845,827.307051,0.0002770000000000,86.36695899999999,,,,,,,,,,
h_expand,medium,1024,854.3646340000000,payloads/seed_medium.bin,intermediate/task_h_expand_1024mb_medium_5.out,16,52387852,49.574308,170.934906,580.81938,801.328594,0.0003230000000000,90.19646000000000,,,,,,,,,,
h_expand,medium,1536,711.2448220000000,payloads/seed_medium.bin,intermediate/task_h_expand_1536mb_medium_1.out,16,52387852,40.353421,117.441911,501.54984,659.345172,0.0003960000000000,104.45193600000000,,,,,,,,,,
h_expand,medium,1536,686.8147850000000,payloads/seed_medium.bin,intermediate/task_h_expand_1536mb_medium_2.out,16,52387852,43.034426,117.981596,481.505853,642.521875,0.0003720000000000,108.80003200000000,,,,,,,,,,
h_expand,medium,1536,692.1758650000000,payloads/seed_medium.bin,intermediate/task_h_expand_1536mb_medium_3.out,16,52387852,41.218534,117.027815,484.275984,642.522333,0.0003880000000000,108.17767900000000,,,,,,,,,,
h_expand,medium,1536,682.8241350000000,payloads/seed_medium.bin,intermediate/task_h_expand_1536mb_medium_4.out,16,52387852,40.741293,113.470355,478.97513,633.186778,0.0003930000000000,109.37488999999999,,,,,,,,,,
h_expand,medium,1536,769.4401740000000,payloads/seed_medium.bin,intermediate/task_h_expand_1536mb_medium_5.out,16,52387852,41.947701,121.498853,552.778672,716.225226,0.0003810000000000,94.77184000000000,,,,,,,,,,
h_expand,medium,2048,780.1318170000000,payloads/seed_medium.bin,intermediate/task_h_expand_2048mb_medium_0.out,16,52387852,44.451159,197.670862,479.701032,721.823053,0.0003600000000000,109.20937900000000,,,,,,,,,,
h_expand,medium,2048,688.7798309999999,payloads/seed_medium.bin,intermediate/task_h_expand_2048mb_medium_1.out,16,52387852,42.115532,104.632883,492.833757,639.582172,0.0003800000000000,106.29923599999999,,,,,,,,,,
h_expand,medium,2048,714.8871420000000,payloads/seed_medium.bin,intermediate/task_h_expand_2048mb_medium_2.out,16,52387852,54.788527,114.244646,493.164816,662.197989,0.000292000000000,106.22787800000000,,,,,,,,,,
h_expand,medium,2048,694.2191120000000,payloads/seed_medium.bin,intermediate/task_h_expand_2048mb_medium_4.out,16,52387852,40.403952,97.476033,505.611999,643.491984,0.0003960000000000,103.61275500000001,,,,,,,,,,
h_expand,medium,2048,1409.4734189999999,payloads/seed_medium.bin,intermediate/task_h_expand_2048mb_medium_5.out,16,52387852,41.262204,98.196328,1215.699144,1355.157676,0.0003880000000000,43.0927770000000,,,,,,,,,,
h_expand,large,1024,3987.085104000000,payloads/seed_large.bin,intermediate/task_h_expand_1024mb_large_1.out,16,262113412,50.582067,838.70682,3030.217129,3919.506016,0.0003160000000000,86.49987800000000,,,,,,,,,,
h_expand,large,1024,3680.9277529999999,payloads/seed_large.bin,intermediate/task_h_expand_1024mb_large_2.out,16,262113412,58.171352,850.101158,2708.319829,3616.592339,0.0002750000000000,96.7808190000000,,,,,,,,,,
h_expand,large,1024,3719.961166000000,payloads/seed_large.bin,intermediate/task_h_expand_1024mb_large_3.out,16,262113412,41.46611,845.673685,2774.751425,3661.89122,0.0003860000000000,94.463745000000,,,,,,,,,,
h_expand,large,1024,3756.25205000000,payloads/seed_large.bin,intermediate/task_h_expand_1024mb_large_4.out,16,262113412,51.859276,842.021646,2803.00695,3696.887872,0.0003090000000000,93.51151000000000,,,,,,,,,,
h_expand,large,1024,3680.743456000000,payloads/seed_large.bin,intermediate/task_h_expand_1024mb_large_5.out,16,262113412,46.784583,850.754332,2724.994251,3622.533166,0.0003420000000000,96.18861099999999,,,,,,,,,,
h_expand,large,1536,2968.590498000000,payloads/seed_large.bin,intermediate/task_h_expand_1536mb_large_1.out,16,262113412,53.147449,567.17117,2287.774497,2908.093116,0.000301000000000,114.57135000000000,,,,,,,,,,
h_expand,large,1536,2969.9151520000000,payloads/seed_large.bin,intermediate/task_h_expand_1536mb_large_2.out,16,262113412,42.530632,573.615088,2291.196406,2907.342126,0.0003760000000000,114.40023700000000,,,,,,,,,,
h_expand,large,1536,3120.5291750000001,payloads/seed_large.bin,intermediate/task_h_expand_1536mb_large_3.out,16,262113412,46.425796,569.827735,2445.011181,3061.264712,0.0003450000000000,107.20335900000001,,,,,,,,,,
h_expand,large,1536,2967.191458000000,payloads/seed_large.bin,intermediate/task_h_expand_1536mb_large_4.out,16,262113412,49.871798,563.261404,2293.093007,2906.226209,0.0003210000000000,114.30561700000000,,,,,,,,,,
h_expand,large,1536,2991.1625389999999,payloads/seed_large.bin,intermediate/task_h_expand_1536mb_large_5.out,16,262113412,47.595994,564.830698,2318.043453,2930.470145,0.0003360000000000,113.07528000000001,,,,,,,,,,
h_expand,large,2048,2892.5375939999999,payloads/seed_large.bin,intermediate/task_h_expand_2048mb_large_1.out,16,262113412,46.744201,489.776092,2291.731202,2828.251495,0.0003420000000000,114.37354100000000,,,,,,,,,,
h_expand,large,2048,2884.62233500000,payloads/seed_large.bin,intermediate/task_h_expand_2048mb_large_2.out,16,262113412,41.772138,482.075939,2292.215268,2816.063345,0.0003830000000000,114.3493880000000,,,,,,,,,,
h_expand,large,2048,2892.201662000000,payloads/seed_large.bin,intermediate/task_h_expand_2048mb_large_3.out,16,262113412,42.371324,478.908985,2310.355186,2831.635495,0.0003780000000000,113.4515650000000,,,,,,,,,,
h_expand,large,2048,2874.485970000000,payloads/seed_large.bin,intermediate/task_h_expand_2048mb_large_4.out,16,262113412,43.286886,483.430262,2284.242749,2810.959897,0.0003700000000000,114.7484930000000,,,,,,,,,,
h_expand,large,2048,2889.0061380000002,payloads/seed_large.bin,intermediate/task_h_expand_2048mb_large_5.out,16,262113412,48.1797,486.983897,2288.518759,2823.682356,0.0003320000000000,114.53408899999999
