task,payload_size,memory_mb,invocation_latency_ms,input_key,output_key,input_size_bytes,output_size_bytes,download_time_ms,compute_time_ms,upload_time_ms,total_time_ms,download_bandwidth_mbs,upload_bandwidth_mbs,primary_download_time_ms,primary_upload_time_ms,additional_download_time_ms,additional_upload_time_ms,additional_download_count,additional_upload_count,step,chain,run_id,error
ae_passthrough_matrix_multiply,micro,128,234.74431000000001,payloads/matrix_micro.bin,intermediate/task_ae_passthrough_matrix_multiply_128mb_micro_1.out,102156,102156,94.540823,0.692821,73.440217,168.673861,1.0805490000000000,1.3910089999999999,,,,,,,,,,
ae_passthrough_matrix_multiply,micro,128,235.06593699999999,payloads/matrix_micro.bin,intermediate/task_ae_passthrough_matrix_multiply_128mb_micro_2.out,102156,102156,97.565241,0.695192,69.985539,168.245972,1.0470530000000000,1.4596730000000000,,,,,,,,,,
ae_passthrough_matrix_multiply,micro,128,281.5966610000000,payloads/matrix_micro.bin,intermediate/task_ae_passthrough_matrix_multiply_128mb_micro_3.out,102156,102156,104.337893,0.216539,53.973493,158.527925,0.9790880000000000,1.8927069999999999,,,,,,,,,,
ae_passthrough_matrix_multiply,micro,128,246.8876840000000,payloads/matrix_micro.bin,intermediate/task_ae_passthrough_matrix_multiply_128mb_micro_4.out,102156,102156,103.458531,0.255294,65.118823,168.832648,0.9874100000000000,1.5687629999999999,,,,,,,,,,
ae_passthrough_matrix_multiply,micro,128,226.8819810000000,payloads/matrix_micro.bin,intermediate/task_ae_passthrough_matrix_multiply_128mb_micro_5.out,102156,102156,103.469583,1.26546,62.602669,167.337712,0.987305000000000,1.6318150000000000,,,,,,,,,,
ae_passthrough_matrix_multiply,micro,256,302.98709900000000,payloads/matrix_micro.bin,intermediate/task_ae_passthrough_matrix_multiply_256mb_micro_1.out,102156,102156,135.755797,1.576509,60.967986,198.300292,0.7524980000000000,1.6755679999999999,,,,,,,,,,
ae_passthrough_matrix_multiply,micro,256,220.37577600000000,payloads/matrix_micro.bin,intermediate/task_ae_passthrough_matrix_multiply_256mb_micro_2.out,102156,102156,98.405384,1.071842,48.619754,148.09698,1.0381140000000000,2.1011210000000000,,,,,,,,,,
ae_passthrough_matrix_multiply,micro,256,240.3886320000000,payloads/matrix_micro.bin,intermediate/task_ae_passthrough_matrix_multiply_256mb_micro_3.out,102156,102156,102.907327,0.647234,69.89527,173.449831,0.9926990000000000,1.4615579999999999,,,,,,,,,,
ae_passthrough_matrix_multiply,micro,256,319.00668100000001,payloads/matrix_micro.bin,intermediate/task_ae_passthrough_matrix_multiply_256mb_micro_4.out,102156,102156,127.947891,0.34524,54.96491,183.258041,0.7984190000000000,1.858568000000000,,,,,,,,,,
ae_passthrough_matrix_multiply,micro,256,318.50528700000001,payloads/matrix_micro.bin,intermediate/task_ae_passthrough_matrix_multiply_256mb_micro_5.out,102156,102156,92.158858,0.340874,59.953004,152.452736,1.1084769999999999,1.7039350000000000,,,,,,,,,,
ae_passthrough_matrix_multiply,micro,512,318.70198199999999,payloads/matrix_micro.bin,intermediate/task_ae_passthrough_matrix_multiply_512mb_micro_1.out,102156,102156,98.04293,0.712675,55.758383,154.513988,1.0419520000000000,1.8321190000000001,,,,,,,,,,
ae_passthrough_matrix_multiply,micro,512,223.72722600000000,payloads/matrix_micro.bin,intermediate/task_ae_passthrough_matrix_multiply_512mb_micro_2.out,102156,102156,95.443462,0.79467,64.168533,160.406665,1.0703300000000000,1.5919950000000000,,,,,,,,,,
ae_passthrough_matrix_multiply,micro,512,311.6030690000000,payloads/matrix_micro.bin,intermediate/task_ae_passthrough_matrix_multiply_512mb_micro_3.out,102156,102156,94.233111,0.614224,61.15448,156.001815,1.0840780000000001,1.670458000000000,,,,,,,,,,
ae_passthrough_matrix_multiply,micro,512,318.67170299999998,payloads/matrix_micro.bin,intermediate/task_ae_passthrough_matrix_multiply_512mb_micro_4.out,102156,102156,124.800327,1.189118,56.60212,182.591565,0.8185560000000000,1.804809000000000,,,,,,,,,,
ae_passthrough_matrix_multiply,micro,512,319.34571299999999,payloads/matrix_micro.bin,intermediate/task_ae_passthrough_matrix_multiply_512mb_micro_5.out,102156,102156,135.898064,0.693892,69.232946,205.824902,0.7517100000000000,1.4755400000000001,,,,,,,,,,
ae_passthrough_matrix_multiply,micro,768,318.3591370000000,payloads/matrix_micro.bin,intermediate/task_ae_passthrough_matrix_multiply_768mb_micro_1.out,102156,102156,88.24245,0.901576,58.549343,147.693369,1.1576740000000001,1.7447850000000000,,,,,,,,,,
ae_passthrough_matrix_multiply,micro,768,318.2837960000000,payloads/matrix_micro.bin,intermediate/task_ae_passthrough_matrix_multiply_768mb_micro_2.out,102156,102156,96.752975,0.835749,49.516488,147.105212,1.055844000000000,2.063070000000000,,,,,,,,,,
ae_passthrough_matrix_multiply,micro,768,321.0484980000000,payloads/matrix_micro.bin,intermediate/task_ae_passthrough_matrix_multiply_768mb_micro_3.out,102156,102156,100.61396,0.681034,83.205545,184.500539,1.0153260000000000,1.227755000000000,,,,,,,,,,
ae_passthrough_matrix_multiply,micro,768,240.31662900000001,payloads/matrix_micro.bin,intermediate/task_ae_passthrough_matrix_multiply_768mb_micro_4.out,102156,102156,114.477324,0.277172,64.302806,179.057302,0.892369000000000,1.5886709999999999,,,,,,,,,,
ae_passthrough_matrix_multiply,micro,768,228.98244900000000,payloads/matrix_micro.bin,intermediate/task_ae_passthrough_matrix_multiply_768mb_micro_5.out,102156,102156,93.090913,0.858538,63.568339,157.51779,1.0973790000000001,1.6070260000000001,,,,,,,,,,
ae_passthrough_matrix_multiply,micro,1024,319.00525099999999,payloads/matrix_micro.bin,intermediate/task_ae_passthrough_matrix_multiply_1024mb_micro_1.out,102156,102156,106.109501,1.451192,51.575359,159.136052,0.9627410000000000,1.9807129999999999,,,,,,,,,,
ae_passthrough_matrix_multiply,micro,1024,318.7289240000000,payloads/matrix_micro.bin,intermediate/task_ae_passthrough_matrix_multiply_1024mb_micro_2.out,102156,102156,99.48787,1.154245,48.196935,148.83905,1.0268189999999999,2.119554000000000,,,,,,,,,,
ae_passthrough_matrix_multiply,micro,1024,318.97854799999999,payloads/matrix_micro.bin,intermediate/task_ae_passthrough_matrix_multiply_1024mb_micro_3.out,102156,102156,108.634766,0.859029,63.317514,172.811309,0.9403620000000000,1.613392000000000,,,,,,,,,,
ae_passthrough_matrix_multiply,micro,1024,318.6335560000000,payloads/matrix_micro.bin,intermediate/task_ae_passthrough_matrix_multiply_1024mb_micro_4.out,102156,102156,109.701701,0.96794,45.468096,156.137737,0.931216000000000,2.2467619999999999,,,,,,,,,,
ae_passthrough_matrix_multiply,micro,1024,293.9624790000000,payloads/matrix_micro.bin,intermediate/task_ae_passthrough_matrix_multiply_1024mb_micro_5.out,102156,102156,126.865584,1.695431,66.248739,194.809754,0.8052300000000000,1.542007000000000,,,,,,,,,,
ae_passthrough_matrix_multiply,micro,1536,228.5308840000000,payloads/matrix_micro.bin,intermediate/task_ae_passthrough_matrix_multiply_1536mb_micro_1.out,102156,102156,103.534724,0.837803,55.943298,160.315825,0.9866830000000000,1.8260630000000000,,,,,,,,,,
ae_passthrough_matrix_multiply,micro,1536,305.54890599999999,payloads/matrix_micro.bin,intermediate/task_ae_passthrough_matrix_multiply_1536mb_micro_2.out,102156,102156,95.851798,1.151645,108.196099,205.199542,1.0657700000000001,0.9441750000000000,,,,,,,,,,
ae_passthrough_matrix_multiply,micro,1536,318.97950200000002,payloads/matrix_micro.bin,intermediate/task_ae_passthrough_matrix_multiply_1536mb_micro_3.out,102156,102156,103.435952,0.882569,50.486414,154.804935,0.9876260000000000,2.0234350000000001,,,,,,,,,,
ae_passthrough_matrix_multiply,micro,1536,209.1963290000000,payloads/matrix_micro.bin,intermediate/task_ae_passthrough_matrix_multiply_1536mb_micro_4.out,102156,102156,89.691259,0.371904,52.754994,142.818157,1.1389739999999999,1.9364230000000000,,,,,,,,,,
ae_passthrough_matrix_multiply,micro,1536,326.16639099999998,payloads/matrix_micro.bin,intermediate/task_ae_passthrough_matrix_multiply_1536mb_micro_5.out,102156,102156,82.847599,0.813078,64.965652,148.626329,1.2330589999999999,1.5724620000000000,,,,,,,,,,
ae_passthrough_matrix_multiply,micro,2048,318.2568550000000,payloads/matrix_micro.bin,intermediate/task_ae_passthrough_matrix_multiply_2048mb_micro_1.out,102156,102156,110.445908,0.6761,54.933318,166.055326,0.9249410000000000,1.8596360000000001,,,,,,,,,,
ae_passthrough_matrix_multiply,micro,2048,267.7946090000000,payloads/matrix_micro.bin,intermediate/task_ae_passthrough_matrix_multiply_2048mb_micro_2.out,102156,102156,130.958194,0.802843,59.148539,190.909576,0.780066000000000,1.7271090000000000,,,,,,,,,,
ae_passthrough_matrix_multiply,micro,2048,272.00913400000002,payloads/matrix_micro.bin,intermediate/task_ae_passthrough_matrix_multiply_2048mb_micro_3.out,102156,102156,141.426128,0.811023,58.21905,200.456201,0.7223280000000000,1.754683000000000,,,,,,,,,,
ae_passthrough_matrix_multiply,micro,2048,235.17704000000001,payloads/matrix_micro.bin,intermediate/task_ae_passthrough_matrix_multiply_2048mb_micro_4.out,102156,102156,104.900402,0.318158,63.639467,168.858027,0.9738380000000,1.6052299999999999,,,,,,,,,,
ae_passthrough_matrix_multiply,micro,2048,296.1606980000000,payloads/matrix_micro.bin,intermediate/task_ae_passthrough_matrix_multiply_2048mb_micro_5.out,102156,102156,100.957728,16.169871,73.30552,190.433119,1.0118689999999999,1.393565000000000,,,,,,,,,,
ae_passthrough_matrix_multiply,small,128,7429.250002000000,payloads/matrix_small.bin,intermediate/task_ae_passthrough_matrix_multiply_128mb_small_0.out,5235852,5235852,3698.509021,2198.282958,1296.928851,7193.72083,1.415666000000000,4.037116000000000,,,,,,,,,,
ae_passthrough_matrix_multiply,small,128,523.6849780000000,payloads/matrix_small.bin,intermediate/task_ae_passthrough_matrix_multiply_128mb_small_2.out,5235852,5235852,182.067228,37.384352,121.528153,340.979733,28.757795000000002,43.083449000000002,,,,,,,,,,
ae_passthrough_matrix_multiply,small,128,523.5908030000001,payloads/matrix_small.bin,intermediate/task_ae_passthrough_matrix_multiply_128mb_small_3.out,5235852,5235852,172.100538,49.310194,149.338736,370.749468,30.42321700000000,35.06024000000000,,,,,,,,,,
ae_passthrough_matrix_multiply,small,128,523.9958760000000,payloads/matrix_small.bin,intermediate/task_ae_passthrough_matrix_multiply_128mb_small_4.out,5235852,5235852,170.277064,35.976391,163.729673,369.983128,30.749015000000000,31.978638000000000,,,,,,,,,,
ae_passthrough_matrix_multiply,small,128,405.7035450000000,payloads/matrix_small.bin,intermediate/task_ae_passthrough_matrix_multiply_128mb_small_5.out,5235852,5235852,164.675195,42.761169,123.240203,330.676567,31.795024999999999,42.48493500000000,,,,,,,,,,
ae_passthrough_matrix_multiply,small,256,3163.7208460000002,payloads/matrix_small.bin,intermediate/task_ae_passthrough_matrix_multiply_256mb_small_1.out,5235852,5235852,1593.552247,604.278631,761.806294,2959.637172,3.2856480000000001,6.872944000000000,,,,,,,,,,
ae_passthrough_matrix_multiply,small,256,3234.096050000000,payloads/matrix_small.bin,intermediate/task_ae_passthrough_matrix_multiply_256mb_small_2.out,5235852,5235852,1498.909697,698.795458,774.523778,2972.228933,3.4931070000000002,6.7600920000000002,,,,,,,,,,
ae_passthrough_matrix_multiply,small,256,3163.83695600000,payloads/matrix_small.bin,intermediate/task_ae_passthrough_matrix_multiply_256mb_small_3.out,5235852,5235852,1507.992856,596.877311,765.375425,2870.245592,3.4720670000000000,6.840894000000000,,,,,,,,,,
ae_passthrough_matrix_multiply,small,256,3801.4321329999998,payloads/matrix_small.bin,intermediate/task_ae_passthrough_matrix_multiply_256mb_small_4.out,5235852,5235852,1703.430304,798.283314,905.454609,3407.168227,3.0737109999999999,5.782567000000000,,,,,,,,,,
ae_passthrough_matrix_multiply,small,256,3501.64532700000,payloads/matrix_small.bin,intermediate/task_ae_passthrough_matrix_multiply_256mb_small_5.out,5235852,5235852,1694.549083,700.638043,862.692078,3257.879204,3.0898200000000000,6.069201000000000,,,,,,,,,,
ae_passthrough_matrix_multiply,small,512,1640.3772830000000,payloads/matrix_small.bin,intermediate/task_ae_passthrough_matrix_multiply_512mb_small_0.out,5235852,5235852,618.910221,298.354972,355.849503,1273.114696,8.459792000000000,14.713670000000000,,,,,,,,,,
ae_passthrough_matrix_multiply,small,512,1213.2935520000001,payloads/matrix_small.bin,intermediate/task_ae_passthrough_matrix_multiply_512mb_small_1.out,5235852,5235852,572.729481,199.449929,378.847906,1151.027316,9.14192900000000,13.820459000000000,,,,,,,,,,
ae_passthrough_matrix_multiply,small,512,1165.1134489999999,payloads/matrix_small.bin,intermediate/task_ae_passthrough_matrix_multiply_512mb_small_2.out,5235852,5235852,551.202884,201.599,301.579674,1054.381558,9.498956000000000,17.36142200000000,,,,,,,,,,
ae_passthrough_matrix_multiply,small,512,1343.5242180000000,payloads/matrix_small.bin,intermediate/task_ae_passthrough_matrix_multiply_512mb_small_3.out,5235852,5235852,591.122228,294.053946,286.461646,1171.63782,8.857478000000000,18.277671999999999,,,,,,,,,,
ae_passthrough_matrix_multiply,small,512,1342.5555230000000,payloads/matrix_small.bin,intermediate/task_ae_passthrough_matrix_multiply_512mb_small_4.out,5235852,5235852,543.037504,297.101877,378.82361,1218.962991,9.641787000000001,13.821346000000000,,,,,,,,,,
ae_passthrough_matrix_multiply,small,768,815.605879000000,payloads/matrix_small.bin,intermediate/task_ae_passthrough_matrix_multiply_768mb_small_0.out,5235852,5235852,280.002357,190.238607,273.638614,743.879578,18.699314000000001,19.134184999999999,,,,,,,,,,
ae_passthrough_matrix_multiply,small,768,948.2412340000000,payloads/matrix_small.bin,intermediate/task_ae_passthrough_matrix_multiply_768mb_small_1.out,5235852,5235852,276.524933,188.340144,334.646397,799.511474,18.934466000000000,15.645924000000001,,,,,,,,,,
ae_passthrough_matrix_multiply,small,768,933.5360530000000,payloads/matrix_small.bin,intermediate/task_ae_passthrough_matrix_multiply_768mb_small_3.out,5235852,5235852,305.027604,185.245942,265.208915,755.482461,17.16517400000000,19.74236800000000,,,,,,,,,,
ae_passthrough_matrix_multiply,small,768,933.6700440000000,payloads/matrix_small.bin,intermediate/task_ae_passthrough_matrix_multiply_768mb_small_4.out,5235852,5235852,268.30734,193.719161,294.088669,756.11517,19.51438200000000,17.80365100000000,,,,,,,,,,
ae_passthrough_matrix_multiply,small,768,805.2911760000000,payloads/matrix_small.bin,intermediate/task_ae_passthrough_matrix_multiply_768mb_small_5.out,5235852,5235852,239.375576,190.391774,302.050675,731.818025,21.872958000000001,17.33435000000000,,,,,,,,,,
ae_passthrough_matrix_multiply,small,1024,1177.583933000000,payloads/matrix_small.bin,intermediate/task_ae_passthrough_matrix_multiply_1024mb_small_0.out,5235852,5235852,426.713908,285.35843,361.102326,1073.174664,12.270170000000000,14.49963500000000,,,,,,,,,,
ae_passthrough_matrix_multiply,small,1024,1123.2953070000001,payloads/matrix_small.bin,intermediate/task_ae_passthrough_matrix_multiply_1024mb_small_1.out,5235852,5235852,474.432112,272.546503,266.160997,1013.139612,11.036040000000000,19.671748000000001,,,,,,,,,,
ae_passthrough_matrix_multiply,small,1024,1036.3855360000000,payloads/matrix_small.bin,intermediate/task_ae_passthrough_matrix_multiply_1024mb_small_2.out,5235852,5235852,430.771652,206.615505,263.925432,901.312589,12.154588000000000,19.838376000000000,,,,,,,,,,
ae_passthrough_matrix_multiply,small,1024,1242.9499630000000,payloads/matrix_small.bin,intermediate/task_ae_passthrough_matrix_multiply_1024mb_small_3.out,5235852,5235852,505.153472,188.918936,317.054078,1011.126486,10.364874000000000,16.514066000000000,,,,,,,,,,
ae_passthrough_matrix_multiply,small,1024,1134.6921920000000,payloads/matrix_small.bin,intermediate/task_ae_passthrough_matrix_multiply_1024mb_small_4.out,5235852,5235852,455.573208,199.499176,259.090873,914.163257,11.492888000000001,20.208553999999999,,,,,,,,,,
ae_passthrough_matrix_multiply,small,1024,1034.9552630000001,payloads/matrix_small.bin,intermediate/task_ae_passthrough_matrix_multiply_1024mb_small_5.out,5235852,5235852,437.923314,183.133901,296.951151,918.008366,11.95609300000000,17.632031000000001,,,,,,,,,,
ae_passthrough_matrix_multiply,small,1536,587.4495510000000,payloads/matrix_small.bin,intermediate/task_ae_passthrough_matrix_multiply_1536mb_small_1.out,5235852,5235852,222.427579,82.258233,186.587853,491.273665,23.53958100000000,28.061055000000000,,,,,,,,,,
ae_passthrough_matrix_multiply,small,1536,628.5378930000001,payloads/matrix_small.bin,intermediate/task_ae_passthrough_matrix_multiply_1536mb_small_2.out,5235852,5235852,200.154248,83.906322,202.036887,486.097457,26.15908500000000,25.91532700000000,,,,,,,,,,
ae_passthrough_matrix_multiply,small,1536,623.9330770000000,payloads/matrix_small.bin,intermediate/task_ae_passthrough_matrix_multiply_1536mb_small_3.out,5235852,5235852,182.158007,91.008915,217.53511,490.702032,28.743462999999998,24.06899700000000,,,,,,,,,,
ae_passthrough_matrix_multiply,small,1536,625.5860330000000,payloads/matrix_small.bin,intermediate/task_ae_passthrough_matrix_multiply_1536mb_small_4.out,5235852,5235852,192.55191,73.239137,266.173367,531.964414,27.191898999999999,19.67083400000000,,,,,,,,,,
ae_passthrough_matrix_multiply,small,1536,626.0745530000000,payloads/matrix_small.bin,intermediate/task_ae_passthrough_matrix_multiply_1536mb_small_5.out,5235852,5235852,177.994308,69.589542,212.169812,459.753662,29.415839999999999,24.677648000000001,,,,,,,,,,
ae_passthrough_matrix_multiply,small,2048,830.5788040000000,payloads/matrix_small.bin,intermediate/task_ae_passthrough_matrix_multiply_2048mb_small_0.out,5235852,5235852,203.664931,107.468659,273.825831,584.959421,25.708167000000000,19.121103000000002,,,,,,,,,,
ae_passthrough_matrix_multiply,small,2048,610.1889609999999,payloads/matrix_small.bin,intermediate/task_ae_passthrough_matrix_multiply_2048mb_small_1.out,5235852,5235852,206.109222,77.81832,201.199454,485.126996,25.403288000000000,26.023192000000002,,,,,,,,,,
ae_passthrough_matrix_multiply,small,2048,538.3780000000000,payloads/matrix_small.bin,intermediate/task_ae_passthrough_matrix_multiply_2048mb_small_2.out,5235852,5235852,181.342313,94.854559,185.757895,461.954767,28.872754000000000,28.186430999999999,,,,,,,,,,
ae_passthrough_matrix_multiply,small,2048,576.4651300000000,payloads/matrix_small.bin,intermediate/task_ae_passthrough_matrix_multiply_2048mb_small_3.out,5235852,5235852,161.789652,76.456556,193.675702,431.92191,32.362093999999999,27.03411900000000,,,,,,,,,,
ae_passthrough_matrix_multiply,small,2048,650.6609920000000,payloads/matrix_small.bin,intermediate/task_ae_passthrough_matrix_multiply_2048mb_small_4.out,5235852,5235852,207.457996,76.46462,302.743221,586.665837,25.238130999999999,17.2946960000000,,,,,,,,,,
ae_passthrough_matrix_multiply,small,2048,857.6738830000000,payloads/matrix_small.bin,intermediate/task_ae_passthrough_matrix_multiply_2048mb_small_5.out,5235852,5235852,232.160372,92.18764,253.890779,578.238791,22.552738000000002,20.62245800000000,,,,,,,,,,
ae_passthrough_matrix_multiply,medium,512,10933.506727000000,payloads/matrix_medium.bin,intermediate/task_ae_passthrough_matrix_multiply_512mb_medium_1.out,52387852,52387852,3549.881378,5207.283509,2050.276411,10807.441298,14.757635000000001,25.55160500000000,,,,,,,,,,
ae_passthrough_matrix_multiply,medium,512,10969.502687000000,payloads/matrix_medium.bin,intermediate/task_ae_passthrough_matrix_multiply_512mb_medium_2.out,52387852,52387852,3609.21952,5008.638801,2250.812207,10868.670528,14.51500800000000,23.275088000000000,,,,,,,,,,
ae_passthrough_matrix_multiply,medium,512,11841.493845000001,payloads/matrix_medium.bin,intermediate/task_ae_passthrough_matrix_multiply_512mb_medium_3.out,52387852,52387852,4223.908557,4815.2538,2463.426443,11502.5888,12.40269600000000,21.2662540000000,,,,,,,,,,
ae_passthrough_matrix_multiply,medium,512,21240.167378999999,payloads/matrix_medium.bin,intermediate/task_ae_passthrough_matrix_multiply_512mb_medium_4.out,52387852,52387852,4097.453762,5295.925301,11776.285081,21169.664144,12.785465000000000,4.44858900000000,,,,,,,,,,
ae_passthrough_matrix_multiply,medium,512,11496.25849700000,payloads/matrix_medium.bin,intermediate/task_ae_passthrough_matrix_multiply_512mb_medium_5.out,52387852,52387852,3856.055071,4903.535858,2580.123888,11339.714817,13.585867000000000,20.304393999999998,,,,,,,,,,
ae_passthrough_matrix_multiply,medium,768,6284.267426000000,payloads/matrix_medium.bin,intermediate/task_ae_passthrough_matrix_multiply_768mb_medium_1.out,52387852,52387852,2247.245767,2824.323689,1154.440687,6226.010143,23.312025999999999,45.37942300000000,,,,,,,,,,
ae_passthrough_matrix_multiply,medium,768,6539.103031000000,payloads/matrix_medium.bin,intermediate/task_ae_passthrough_matrix_multiply_768mb_medium_2.out,52387852,52387852,2346.823436,2814.027663,1161.602623,6322.453722,22.322876999999998,45.09963300000000,,,,,,,,,,
ae_passthrough_matrix_multiply,medium,768,6962.7203939999999,payloads/matrix_medium.bin,intermediate/task_ae_passthrough_matrix_multiply_768mb_medium_3.out,52387852,52387852,2115.698965,2726.941035,2037.948708,6880.588708,24.761486999999999,25.70616800000000,,,,,,,,,,
ae_passthrough_matrix_multiply,medium,768,6166.476011000000,payloads/matrix_medium.bin,intermediate/task_ae_passthrough_matrix_multiply_768mb_medium_4.out,52387852,52387852,2251.99322,2629.282436,1146.170969,6027.446625,23.262882000000001,45.70683900000000,,,,,,,,,,
ae_passthrough_matrix_multiply,medium,768,6463.012218000000,payloads/matrix_medium.bin,intermediate/task_ae_passthrough_matrix_multiply_768mb_medium_5.out,52387852,52387852,2382.598188,2927.498613,1060.168138,6370.264939,21.987698999999999,49.41466400000000,,,,,,,,,,
ae_passthrough_matrix_multiply,medium,1024,10365.980387000000,payloads/matrix_medium.bin,intermediate/task_ae_passthrough_matrix_multiply_1024mb_medium_1.out,52387852,52387852,3433.596249,4153.616777,2595.042784,10182.25581,15.257429000000000,20.187664000000002,,,,,,,,,,
ae_passthrough_matrix_multiply,medium,1024,7689.627886000000,payloads/matrix_medium.bin,intermediate/task_ae_passthrough_matrix_multiply_1024mb_medium_2.out,52387852,52387852,2722.682104,3436.499594,1451.693333,7610.875031,19.241267000000001,36.087409999999998,,,,,,,,,,
ae_passthrough_matrix_multiply,medium,1024,8103.842735000000,payloads/matrix_medium.bin,intermediate/task_ae_passthrough_matrix_multiply_1024mb_medium_3.out,52387852,52387852,2878.390355,3302.738893,1857.608341,8038.737589,18.20039900000000,28.20177500000000,,,,,,,,,,
ae_passthrough_matrix_multiply,medium,1024,8123.91209600000,payloads/matrix_medium.bin,intermediate/task_ae_passthrough_matrix_multiply_1024mb_medium_4.out,52387852,52387852,2955.261761,3571.478019,1518.460677,8045.200457,17.726974999999999,34.50063100000000,,,,,,,,,,
ae_passthrough_matrix_multiply,medium,1024,10537.215233000001,payloads/matrix_medium.bin,intermediate/task_ae_passthrough_matrix_multiply_1024mb_medium_5.out,52387852,52387852,3244.081885,4417.998943,2768.518504,10430.599332,16.148745000000002,18.922702000000001,,,,,,,,,,
ae_passthrough_matrix_multiply,medium,1536,4107.82265700000,payloads/matrix_medium.bin,intermediate/task_ae_passthrough_matrix_multiply_1536mb_medium_1.out,52387852,52387852,1330.343203,1823.776846,846.062359,4000.182408,39.3792010000000,61.919611000000003,,,,,,,,,,
ae_passthrough_matrix_multiply,medium,1536,4424.239159000000,payloads/matrix_medium.bin,intermediate/task_ae_passthrough_matrix_multiply_1536mb_medium_2.out,52387852,52387852,1240.034685,1810.993607,1287.030004,4338.058296,42.24708600000000,40.70445300000000,,,,,,,,,,
ae_passthrough_matrix_multiply,medium,1536,4134.822369000000,payloads/matrix_medium.bin,intermediate/task_ae_passthrough_matrix_multiply_1536mb_medium_3.out,52387852,52387852,1220.66829,1738.802952,1098.633242,4058.104484,42.917352999999999,47.684567999999999,,,,,,,,,,
ae_passthrough_matrix_multiply,medium,1536,3867.1138289999999,payloads/matrix_medium.bin,intermediate/task_ae_passthrough_matrix_multiply_1536mb_medium_4.out,52387852,52387852,1279.54061,1709.168665,767.058715,3755.76799,40.942703999999999,68.29705600000000,,,,,,,,,,
ae_passthrough_matrix_multiply,medium,1536,13630.504370000001,payloads/matrix_medium.bin,intermediate/task_ae_passthrough_matrix_multiply_1536mb_medium_5.out,52387852,52387852,1224.292585,2260.997268,10033.768954,13519.058807,42.79030400000000,5.221154000000000,,,,,,,,,,
ae_passthrough_matrix_multiply,medium,2048,4936.460972000000,payloads/matrix_medium.bin,intermediate/task_ae_passthrough_matrix_multiply_2048mb_medium_1.out,52387852,52387852,1276.194889,1719.503234,1644.448125,4640.146248,41.050041000000000,31.857406000000001,,,,,,,,,,
ae_passthrough_matrix_multiply,medium,2048,3541.5823460000001,payloads/matrix_medium.bin,intermediate/task_ae_passthrough_matrix_multiply_2048mb_medium_2.out,52387852,52387852,1168.774932,1469.342118,817.45416,3455.57121,44.8228740000000,64.08659299999999,,,,,,,,,,
ae_passthrough_matrix_multiply,medium,2048,4088.249922000000,payloads/matrix_medium.bin,intermediate/task_ae_passthrough_matrix_multiply_2048mb_medium_3.out,52387852,52387852,1324.095239,1884.260153,816.83197,4025.187362,39.56501800000000,64.1354080000000,,,,,,,,,,
ae_passthrough_matrix_multiply,medium,2048,3865.2350900000001,payloads/matrix_medium.bin,intermediate/task_ae_passthrough_matrix_multiply_2048mb_medium_4.out,52387852,52387852,1401.282263,1357.996983,925.033046,3684.312292,37.38565300000000,56.633491999999997,,,,,,,,,,
ae_passthrough_matrix_multiply,medium,2048,4208.212852000000,payloads/matrix_medium.bin,intermediate/task_ae_passthrough_matrix_multiply_2048mb_medium_5.out,52387852,52387852,1266.532037,1866.989319,889.888134,4023.40949,41.36322700000000,58.870154999999997,,,,,,,,,,
ae_passthrough_matrix_multiply,large,1536,26605.3946020000,payloads/matrix_large.bin,intermediate/task_ae_passthrough_matrix_multiply_1536mb_large_0.out,262113412,262113412,6180.648198,16401.922554,3828.179495,26410.750247,42.40872500000000,68.46946800000001,,,,,,,,,,
ae_passthrough_matrix_multiply,large,1536,33527.41766000000,payloads/matrix_large.bin,intermediate/task_ae_passthrough_matrix_multiply_1536mb_large_1.out,262113412,262113412,5819.037011,14422.7455,13129.191948,33370.974459,45.04412200000000,19.96416900000000,,,,,,,,,,
ae_passthrough_matrix_multiply,large,1536,25184.361457999999,payloads/matrix_large.bin,intermediate/task_ae_passthrough_matrix_multiply_1536mb_large_3.out,262113412,262113412,5798.879889,15387.228173,3924.177518,25110.28558,45.20069700000000,66.79448400000000,,,,,,,,,,
ae_passthrough_matrix_multiply,large,1536,25218.758582999999,payloads/matrix_large.bin,intermediate/task_ae_passthrough_matrix_multiply_1536mb_large_4.out,262113412,262113412,5878.29583,15305.467005,3938.922294,25122.685129,44.59003400000000,66.54444900000000,,,,,,,,,,
ae_passthrough_matrix_multiply,large,1536,35237.73741700000,payloads/matrix_large.bin,intermediate/task_ae_passthrough_matrix_multiply_1536mb_large_5.out,262113412,262113412,6885.681028,15059.616187,13098.516959,35043.814174,38.06644700000000,20.010922999999998,,,,,,,,,,
ae_passthrough_matrix_multiply,large,2048,27782.72795700000,payloads/matrix_large.bin,intermediate/task_ae_passthrough_matrix_multiply_2048mb_large_0.out,262113412,262113412,6324.764893,16018.409979,5225.394773,27568.569645,41.44239600000000,50.16145600000000,,,,,,,,,,
ae_passthrough_matrix_multiply,large,2048,26410.56489900000,payloads/matrix_large.bin,intermediate/task_ae_passthrough_matrix_multiply_2048mb_large_1.out,262113412,262113412,6476.106573,15069.712243,4464.219275,26010.038091,40.473919000000002,58.71427800000000,,,,,,,,,,
ae_passthrough_matrix_multiply,large,2048,27454.415560000001,payloads/matrix_large.bin,intermediate/task_ae_passthrough_matrix_multiply_2048mb_large_3.out,262113412,262113412,6487.681702,16129.327991,4567.720014,27184.729707,40.401707000000002,57.38386100000000,,,,,,,,,,
ae_passthrough_matrix_multiply,large,2048,26020.15519100000,payloads/matrix_large.bin,intermediate/task_ae_passthrough_matrix_multiply_2048mb_large_4.out,262113412,262113412,6100.365537,14867.319268,4912.471531,25880.156336,42.9668370000000,53.356729000000001,,,,,,,,,,
ae_passthrough_matrix_multiply,large,2048,28170.904875000000,payloads/matrix_large.bin,intermediate/task_ae_passthrough_matrix_multiply_2048mb_large_5.out,262113412,262113412,6353.29189,16923.262625,4729.181558,28005.736073,41.25631500000000,55.42468800000000,,,,,,,,,,
ce_decompress_matrix_multiply,micro,128,2079.4148449999998,payloads/matrix_micro.bin.gz,intermediate/task_ce_decompress_matrix_multiply_128mb_micro_1.out,97378,102156,1318.475585,1.444148,231.303853,1551.223586,0.07385700000000001,0.44165300000000002,,,,,,,,,,
ce_decompress_matrix_multiply,micro,128,1650.895357000000,payloads/matrix_micro.bin.gz,intermediate/task_ce_decompress_matrix_multiply_128mb_micro_2.out,97378,102156,1128.608727,69.658568,200.27742,1398.544715,0.08628100000000000,0.5100720000000000,,,,,,,,,,
ce_decompress_matrix_multiply,micro,128,1468.1541920000000,payloads/matrix_micro.bin.gz,intermediate/task_ce_decompress_matrix_multiply_128mb_micro_3.out,97378,102156,1139.784109,60.300948,99.126065,1299.211122,0.08543500000000000,1.0305660000000001,,,,,,,,,,
ce_decompress_matrix_multiply,micro,128,1799.6423239999999,payloads/matrix_micro.bin.gz,intermediate/task_ce_decompress_matrix_multiply_128mb_micro_4.out,97378,102156,1298.567459,1.315562,251.098929,1550.98195,0.07498900000000000,0.40683599999999998,,,,,,,,,,
ce_decompress_matrix_multiply,micro,128,1783.3940980000000,payloads/matrix_micro.bin.gz,intermediate/task_ce_decompress_matrix_multiply_128mb_micro_5.out,97378,102156,1297.445803,1.637599,97.084122,1396.167524,0.07505400000000000,1.0522419999999999,,,,,,,,,,
ce_decompress_matrix_multiply,micro,256,300.00877400000002,payloads/matrix_micro.bin.gz,intermediate/task_ce_decompress_matrix_multiply_256mb_micro_1.out,97378,102156,107.725389,1.655634,49.109966,158.490989,0.9039469999999999,2.0801479999999999,,,,,,,,,,
ce_decompress_matrix_multiply,micro,256,336.7655280000000,payloads/matrix_micro.bin.gz,intermediate/task_ce_decompress_matrix_multiply_256mb_micro_2.out,97378,102156,164.072523,1.585975,65.235345,230.893843,0.5935060000000000,1.565961000000000,,,,,,,,,,
ce_decompress_matrix_multiply,micro,256,318.711519000000,payloads/matrix_micro.bin.gz,intermediate/task_ce_decompress_matrix_multiply_256mb_micro_3.out,97378,102156,143.365865,1.733854,55.824343,200.924062,0.679227000000000,1.8299540000000001,,,,,,,,,,
ce_decompress_matrix_multiply,micro,256,223.09064900000001,payloads/matrix_micro.bin.gz,intermediate/task_ce_decompress_matrix_multiply_256mb_micro_4.out,97378,102156,93.833652,7.566097,57.1071,158.506849,1.0377730000000001,1.7888489999999999,,,,,,,,,,
ce_decompress_matrix_multiply,micro,256,414.7169590000000,payloads/matrix_micro.bin.gz,intermediate/task_ce_decompress_matrix_multiply_256mb_micro_5.out,97378,102156,152.219938,4.406034,53.167189,209.793161,0.6397190000000000,1.9214110000000000,,,,,,,,,,
ce_decompress_matrix_multiply,micro,512,242.2497270000000,payloads/matrix_micro.bin.gz,intermediate/task_ce_decompress_matrix_multiply_512mb_micro_1.out,97378,102156,88.783855,1.535194,51.296348,141.615397,1.0967990000000001,1.991487000000000,,,,,,,,,,
ce_decompress_matrix_multiply,micro,512,291.2123200000000,payloads/matrix_micro.bin.gz,intermediate/task_ce_decompress_matrix_multiply_512mb_micro_2.out,97378,102156,102.507601,1.463563,71.395429,175.366593,0.9499590000000000,1.4308479999999999,,,,,,,,,,
ce_decompress_matrix_multiply,micro,512,317.67845199999999,payloads/matrix_micro.bin.gz,intermediate/task_ce_decompress_matrix_multiply_512mb_micro_3.out,97378,102156,99.581927,1.504967,68.719077,169.805971,0.9778680000000000,1.4865740000000001,,,,,,,,,,
ce_decompress_matrix_multiply,micro,512,318.9697270000,payloads/matrix_micro.bin.gz,intermediate/task_ce_decompress_matrix_multiply_512mb_micro_4.out,97378,102156,108.32503,1.547503,62.314725,172.187258,0.8989430000000000,1.6393560000000000,,,,,,,,,,
ce_decompress_matrix_multiply,micro,512,320.7590580000000,payloads/matrix_micro.bin.gz,intermediate/task_ce_decompress_matrix_multiply_512mb_micro_5.out,97378,102156,90.926967,1.466194,63.734629,156.12779,1.0709470000000001,1.6028340000000001,,,,,,,,,,
ce_decompress_matrix_multiply,micro,768,220.46136899999999,payloads/matrix_micro.bin.gz,intermediate/task_ce_decompress_matrix_multiply_768mb_micro_1.out,97378,102156,93.458155,1.405822,60.723055,155.587032,1.0419419999999999,1.6823260000000000,,,,,,,,,,
ce_decompress_matrix_multiply,micro,768,296.7381480000000,payloads/matrix_micro.bin.gz,intermediate/task_ce_decompress_matrix_multiply_768mb_micro_2.out,97378,102156,112.660813,1.513931,60.85789,175.032634,0.8643470000000000,1.6785990000000000,,,,,,,,,,
ce_decompress_matrix_multiply,micro,768,336.4410400000000,payloads/matrix_micro.bin.gz,intermediate/task_ce_decompress_matrix_multiply_768mb_micro_3.out,97378,102156,98.212244,1.420842,55.696599,155.329685,0.991506000000000,1.8341510000000001,,,,,,,,,,
ce_decompress_matrix_multiply,micro,768,237.86044100000001,payloads/matrix_micro.bin.gz,intermediate/task_ce_decompress_matrix_multiply_768mb_micro_4.out,97378,102156,122.347774,1.423234,52.265706,176.036714,0.7959110000000000,1.9545509999999999,,,,,,,,,,
ce_decompress_matrix_multiply,micro,768,297.8782650000000,payloads/matrix_micro.bin.gz,intermediate/task_ce_decompress_matrix_multiply_768mb_micro_5.out,97378,102156,76.808462,1.38187,68.197944,146.388276,1.26780300000000,1.4979340000000001,,,,,,,,,,
ce_decompress_matrix_multiply,micro,1024,305.70030200000002,payloads/matrix_micro.bin.gz,intermediate/task_ce_decompress_matrix_multiply_1024mb_micro_1.out,97378,102156,96.154472,1.879164,66.483817,164.517453,1.012725000000000,1.5365540000000000,,,,,,,,,,
ce_decompress_matrix_multiply,micro,1024,331.1138150000000,payloads/matrix_micro.bin.gz,intermediate/task_ce_decompress_matrix_multiply_1024mb_micro_2.out,97378,102156,97.232682,1.924337,58.205461,157.36248,1.0014950000000000,1.755093000000000,,,,,,,,,,
ce_decompress_matrix_multiply,micro,1024,326.7483710000000,payloads/matrix_micro.bin.gz,intermediate/task_ce_decompress_matrix_multiply_1024mb_micro_3.out,97378,102156,107.463426,1.724278,60.117738,169.305442,0.9061500000000000,1.699266000000000,,,,,,,,,,
ce_decompress_matrix_multiply,micro,1024,311.448336000000,payloads/matrix_micro.bin.gz,intermediate/task_ce_decompress_matrix_multiply_1024mb_micro_4.out,97378,102156,85.663735,1.51416,60.261182,147.439077,1.136747000000000,1.6952210000000001,,,,,,,,,,
ce_decompress_matrix_multiply,micro,1024,318.47476999999998,payloads/matrix_micro.bin.gz,intermediate/task_ce_decompress_matrix_multiply_1024mb_micro_5.out,97378,102156,105.948292,1.658793,74.954888,182.561973,0.9191090000000000,1.3629000000000000,,,,,,,,,,
ce_decompress_matrix_multiply,micro,1536,273.5764980000000,payloads/matrix_micro.bin.gz,intermediate/task_ce_decompress_matrix_multiply_1536mb_micro_1.out,97378,102156,81.839744,2.854041,90.630254,175.324039,1.1898620000000000,1.1271730000000000,,,,,,,,,,
ce_decompress_matrix_multiply,micro,1536,478.8634780000000,payloads/matrix_micro.bin.gz,intermediate/task_ce_decompress_matrix_multiply_1536mb_micro_2.out,97378,102156,88.19324,1.479468,54.405219,144.077927,1.1041440000000000,1.8776880000000000,,,,,,,,,,
ce_decompress_matrix_multiply,micro,1536,316.1435130000000,payloads/matrix_micro.bin.gz,intermediate/task_ce_decompress_matrix_multiply_1536mb_micro_3.out,97378,102156,85.863217,1.728661,68.748287,156.340165,1.1341060000000001,1.4859420000000001,,,,,,,,,,
ce_decompress_matrix_multiply,micro,1536,580.3041459999999,payloads/matrix_micro.bin.gz,intermediate/task_ce_decompress_matrix_multiply_1536mb_micro_4.out,97378,102156,97.235767,1.404569,42.138817,140.779153,1.0014630000000000,2.4242729999999999,,,,,,,,,,
ce_decompress_matrix_multiply,micro,1536,221.84348100000000,payloads/matrix_micro.bin.gz,intermediate/task_ce_decompress_matrix_multiply_1536mb_micro_5.out,97378,102156,94.328773,1.397772,62.445325,158.17187,1.0323260000000001,1.6359269999999999,,,,,,,,,,
ce_decompress_matrix_multiply,micro,2048,409.2686180000000,payloads/matrix_micro.bin.gz,intermediate/task_ce_decompress_matrix_multiply_2048mb_micro_1.out,97378,102156,102.068899,1.32547,51.844679,155.239048,0.9540419999999999,1.9704240000000000,,,,,,,,,,
ce_decompress_matrix_multiply,micro,2048,318.7596800000000,payloads/matrix_micro.bin.gz,intermediate/task_ce_decompress_matrix_multiply_2048mb_micro_2.out,97378,102156,86.137062,1.652258,71.738587,159.527907,1.130501000000000,1.4240040000000000,,,,,,,,,,
ce_decompress_matrix_multiply,micro,2048,205.7795520000000,payloads/matrix_micro.bin.gz,intermediate/task_ce_decompress_matrix_multiply_2048mb_micro_3.out,97378,102156,87.879466,1.308162,57.889033,147.076661,1.1080859999999999,1.7646869999999999,,,,,,,,,,
ce_decompress_matrix_multiply,micro,2048,227.2334100000000,payloads/matrix_micro.bin.gz,intermediate/task_ce_decompress_matrix_multiply_2048mb_micro_4.out,97378,102156,100.918499,1.465394,48.216912,150.600805,0.9649170000000000,2.118676000000000,,,,,,,,,,
ce_decompress_matrix_multiply,micro,2048,218.0781360000000,payloads/matrix_micro.bin.gz,intermediate/task_ce_decompress_matrix_multiply_2048mb_micro_5.out,97378,102156,83.053904,1.918049,70.028939,155.000892,1.1724669999999999,1.458768000000000,,,,,,,,,,
ce_decompress_matrix_multiply,small,128,1563.1089210000000,payloads/matrix_small.bin.gz,intermediate/task_ce_decompress_matrix_multiply_128mb_small_1.out,4986764,5235852,187.383777,96.641442,133.372049,417.397268,26.612570999999999,39.25749100000000,,,,,,,,,,
ce_decompress_matrix_multiply,small,128,508.72325899999998,payloads/matrix_small.bin.gz,intermediate/task_ce_decompress_matrix_multiply_128mb_small_2.out,4986764,5235852,238.363538,66.22397,144.461494,449.049002,20.92083400000000,36.243927999999997,,,,,,,,,,
ce_decompress_matrix_multiply,small,128,485.05234700000000,payloads/matrix_small.bin.gz,intermediate/task_ce_decompress_matrix_multiply_128mb_small_3.out,4986764,5235852,177.149258,74.149874,169.684005,420.983137,28.15007000000000,30.856484999999999,,,,,,,,,,
ce_decompress_matrix_multiply,small,128,453.16433899999998,payloads/matrix_small.bin.gz,intermediate/task_ce_decompress_matrix_multiply_128mb_small_4.out,4986764,5235852,156.894597,57.027297,151.355495,365.277389,31.78416700000000,34.59307500000000,,,,,,,,,,
ce_decompress_matrix_multiply,small,128,411.5872380000000,payloads/matrix_small.bin.gz,intermediate/task_ce_decompress_matrix_multiply_128mb_small_5.out,4986764,5235852,155.686685,69.50802,123.961709,349.156414,32.03076700000000,42.237656000000001,,,,,,,,,,
ce_decompress_matrix_multiply,small,256,3662.882090000000,payloads/matrix_small.bin.gz,intermediate/task_ce_decompress_matrix_multiply_256mb_small_1.out,4986764,5235852,1612.462983,980.889372,900.230472,3493.582827,3.092638000000000,5.816124000000000,,,,,,,,,,
ce_decompress_matrix_multiply,small,256,3690.4239650000000,payloads/matrix_small.bin.gz,intermediate/task_ce_decompress_matrix_multiply_256mb_small_2.out,4986764,5235852,1597.738887,995.841456,876.600628,3470.180971,3.1211380000000002,5.97290500000000,,,,,,,,,,
ce_decompress_matrix_multiply,small,256,4107.404709000000,payloads/matrix_small.bin.gz,intermediate/task_ce_decompress_matrix_multiply_256mb_small_3.out,4986764,5235852,1589.341687,1098.470979,1156.973493,3844.786159,3.137629000000000,4.525473000000000,,,,,,,,,,
ce_decompress_matrix_multiply,small,256,3903.1269550000002,payloads/matrix_small.bin.gz,intermediate/task_ce_decompress_matrix_multiply_256mb_small_4.out,4986764,5235852,1704.186083,996.622035,1049.070333,3749.878451,2.926185000000000,4.990945000000000,,,,,,,,,,
ce_decompress_matrix_multiply,small,256,3697.8344920000000,payloads/matrix_small.bin.gz,intermediate/task_ce_decompress_matrix_multiply_256mb_small_5.out,4986764,5235852,1605.432819,994.50934,975.783687,3575.725846,3.106180000000000,5.365792000000000,,,,,,,,,,
ce_decompress_matrix_multiply,small,512,1547.3310950000000,payloads/matrix_small.bin.gz,intermediate/task_ce_decompress_matrix_multiply_512mb_small_1.out,4986764,5235852,531.093682,400.090451,444.523966,1375.708099,9.389613000000001,11.778560000000001,,,,,,,,,,
ce_decompress_matrix_multiply,small,512,1650.085211000000,payloads/matrix_small.bin.gz,intermediate/task_ce_decompress_matrix_multiply_512mb_small_2.out,4986764,5235852,604.440466,383.425509,478.785151,1466.651126,8.250215000000001,10.93570300000000,,,,,,,,,,
ce_decompress_matrix_multiply,small,512,1450.58012000000,payloads/matrix_small.bin.gz,intermediate/task_ce_decompress_matrix_multiply_512mb_small_3.out,4986764,5235852,619.970649,307.171036,452.927365,1380.06905,8.043549000000001,11.560026000000001,,,,,,,,,,
ce_decompress_matrix_multiply,small,512,2340.9423830000,payloads/matrix_small.bin.gz,intermediate/task_ce_decompress_matrix_multiply_512mb_small_4.out,4986764,5235852,597.083857,385.712893,1098.644922,2081.441672,8.351865000000000,4.765736000000000,,,,,,,,,,
ce_decompress_matrix_multiply,small,512,1567.1443939999999,payloads/matrix_small.bin.gz,intermediate/task_ce_decompress_matrix_multiply_512mb_small_5.out,4986764,5235852,604.755675,400.208723,459.687445,1464.651843,8.245915000000000,11.39002600000000,,,,,,,,,,
ce_decompress_matrix_multiply,small,768,829.6058180000000,payloads/matrix_small.bin.gz,intermediate/task_ce_decompress_matrix_multiply_768mb_small_1.out,4986764,5235852,287.549699,180.941044,297.691241,766.181984,17.34226800000000,17.588196000000000,,,,,,,,,,
ce_decompress_matrix_multiply,small,768,759.5696450000000,payloads/matrix_small.bin.gz,intermediate/task_ce_decompress_matrix_multiply_768mb_small_2.out,4986764,5235852,260.197234,178.850424,260.085144,699.132802,19.165323000000001,20.13130000000000,,,,,,,,,,
ce_decompress_matrix_multiply,small,768,901.634693000000,payloads/matrix_small.bin.gz,intermediate/task_ce_decompress_matrix_multiply_768mb_small_3.out,4986764,5235852,296.462123,269.518342,276.778019,842.758484,16.82091400000000,18.917152999999999,,,,,,,,,,
ce_decompress_matrix_multiply,small,768,963.6509420000000,payloads/matrix_small.bin.gz,intermediate/task_ce_decompress_matrix_multiply_768mb_small_4.out,4986764,5235852,278.629151,277.403606,284.69646,840.729217,17.89749600000000,18.39099800000000,,,,,,,,,,
ce_decompress_matrix_multiply,small,768,855.0910950000000,payloads/matrix_small.bin.gz,intermediate/task_ce_decompress_matrix_multiply_768mb_small_5.out,4986764,5235852,304.483493,191.320979,284.917897,780.722369,16.37778100000000,18.376705000000001,,,,,,,,,,
ce_decompress_matrix_multiply,small,1024,995.8062169999999,payloads/matrix_small.bin.gz,intermediate/task_ce_decompress_matrix_multiply_1024mb_small_0.out,4986764,5235852,361.429352,308.440068,254.734903,924.604323,13.79734100000000,20.554120999999999,,,,,,,,,,
ce_decompress_matrix_multiply,small,1024,948.2772350000000,payloads/matrix_small.bin.gz,intermediate/task_ce_decompress_matrix_multiply_1024mb_small_1.out,4986764,5235852,291.761731,280.703163,291.694233,864.159127,17.091906000000002,17.949795999999999,,,,,,,,,,
ce_decompress_matrix_multiply,small,1024,8306.069136000000,payloads/matrix_small.bin.gz,intermediate/task_ce_decompress_matrix_multiply_1024mb_small_2.out,4986764,5235852,329.603119,208.334529,7645.782397,8183.720045,15.129602000000000,0.6848030000000001,,,,,,,,,,
ce_decompress_matrix_multiply,small,1024,933.8874820000000,payloads/matrix_small.bin.gz,intermediate/task_ce_decompress_matrix_multiply_1024mb_small_3.out,4986764,5235852,314.784698,209.628442,340.932654,865.345794,15.841825000000000,15.3574380000000,,,,,,,,,,
ce_decompress_matrix_multiply,small,1024,899.7535710000000,payloads/matrix_small.bin.gz,intermediate/task_ce_decompress_matrix_multiply_1024mb_small_5.out,4986764,5235852,271.877409,188.982225,339.512136,800.37177,18.341958000000002,15.421692999999999,,,,,,,,,,
ce_decompress_matrix_multiply,small,1536,588.6242390000000,payloads/matrix_small.bin.gz,intermediate/task_ce_decompress_matrix_multiply_1536mb_small_1.out,4986764,5235852,140.396017,160.674703,172.484827,473.555547,35.51927000000000,30.355435000000000,,,,,,,,,,
ce_decompress_matrix_multiply,small,1536,627.3813249999999,payloads/matrix_small.bin.gz,intermediate/task_ce_decompress_matrix_multiply_1536mb_small_2.out,4986764,5235852,146.650566,111.113619,236.244259,494.008444,34.00439700000000,22.162875000000000,,,,,,,,,,
ce_decompress_matrix_multiply,small,1536,574.2542740000000,payloads/matrix_small.bin.gz,intermediate/task_ce_decompress_matrix_multiply_1536mb_small_3.out,4986764,5235852,182.352595,101.885677,193.133688,477.37196,27.346822000000000,27.1099880000000,,,,,,,,,,
ce_decompress_matrix_multiply,small,1536,676.7041680000000,payloads/matrix_small.bin.gz,intermediate/task_ce_decompress_matrix_multiply_1536mb_small_4.out,4986764,5235852,201.676612,112.992875,204.072083,518.74157,24.72653600000000,25.65687500000000,,,,,,,,,,
ce_decompress_matrix_multiply,small,1536,625.774622000000,payloads/matrix_small.bin.gz,intermediate/task_ce_decompress_matrix_multiply_1536mb_small_5.out,4986764,5235852,151.639495,110.263418,193.185666,455.088579,32.88565400000000,27.102694000000000,,,,,,,,,,
ce_decompress_matrix_multiply,small,2048,729.2218210000000,payloads/matrix_small.bin.gz,intermediate/task_ce_decompress_matrix_multiply_2048mb_small_0.out,4986764,5235852,172.331221,123.881666,215.040547,511.253434,28.93709000000000,24.348208000000000,,,,,,,,,,
ce_decompress_matrix_multiply,small,2048,9638.720512000000,payloads/matrix_small.bin.gz,intermediate/task_ce_decompress_matrix_multiply_2048mb_small_2.out,4986764,5235852,238.206264,135.277168,9189.863061,9563.346493,20.93464700000000,0.5697420000000000,,,,,,,,,,
ce_decompress_matrix_multiply,small,2048,728.6422250000001,payloads/matrix_small.bin.gz,intermediate/task_ce_decompress_matrix_multiply_2048mb_small_3.out,4986764,5235852,175.589888,117.037255,245.881357,538.5085,28.400064000000000,21.29422100000000,,,,,,,,,,
ce_decompress_matrix_multiply,small,2048,625.0526910000000,payloads/matrix_small.bin.gz,intermediate/task_ce_decompress_matrix_multiply_2048mb_small_4.out,4986764,5235852,178.464103,136.09827,201.171186,515.733559,27.942672999999999,26.026848999999999,,,,,,,,,,
ce_decompress_matrix_multiply,small,2048,728.4071450000000,payloads/matrix_small.bin.gz,intermediate/task_ce_decompress_matrix_multiply_2048mb_small_5.out,4986764,5235852,210.831895,100.228785,272.035689,583.096369,23.652797000000000,19.246931000000000,,,,,,,,,,
ce_decompress_matrix_multiply,medium,512,13030.752182000000,payloads/matrix_medium.bin.gz,intermediate/task_ce_decompress_matrix_multiply_512mb_medium_0.out,49893161,52387852,3562.970963,7396.420015,1876.617069,12836.008047,14.003247000000000,27.91611200000000,,,,,,,,,,
ce_decompress_matrix_multiply,medium,512,14128.028154000000,payloads/matrix_medium.bin.gz,intermediate/task_ce_decompress_matrix_multiply_512mb_medium_1.out,49893161,52387852,4154.490353,7896.187513,1969.725779,14020.403645,12.009454000000000,26.59652000000000,,,,,,,,,,
ce_decompress_matrix_multiply,medium,512,13693.376780000001,payloads/matrix_medium.bin.gz,intermediate/task_ce_decompress_matrix_multiply_512mb_medium_2.out,49893161,52387852,4016.332243,7708.244446,1871.762688,13596.339377,12.422568000000000,27.98851200000000,,,,,,,,,,
ce_decompress_matrix_multiply,medium,512,13159.26480300000,payloads/matrix_medium.bin.gz,intermediate/task_ce_decompress_matrix_multiply_512mb_medium_3.out,49893161,52387852,4030.576191,6921.181855,1956.991821,12908.749867,12.378667000000000,26.769580999999999,,,,,,,,,,
ce_decompress_matrix_multiply,medium,512,13329.775333000000,payloads/matrix_medium.bin.gz,intermediate/task_ce_decompress_matrix_multiply_512mb_medium_4.out,49893161,52387852,3875.04293,7190.775753,2188.901868,13254.720551,12.875512000000001,23.93339500000000,,,,,,,,,,
ce_decompress_matrix_multiply,medium,768,7167.346239000000,payloads/matrix_medium.bin.gz,intermediate/task_ce_decompress_matrix_multiply_768mb_medium_1.out,49893161,52387852,2111.191247,3901.121145,1086.44824,7098.760632,23.632705999999999,48.21937200000000,,,,,,,,,,
ce_decompress_matrix_multiply,medium,768,6988.42716200000,payloads/matrix_medium.bin.gz,intermediate/task_ce_decompress_matrix_multiply_768mb_medium_2.out,49893161,52387852,2039.638893,3805.912472,1054.95756,6900.508925,24.461762000000000,49.658729000000001,,,,,,,,,,
ce_decompress_matrix_multiply,medium,768,6918.8690189999998,payloads/matrix_medium.bin.gz,intermediate/task_ce_decompress_matrix_multiply_768mb_medium_3.out,49893161,52387852,2042.118811,3800.933743,958.178547,6801.231101,24.432055999999999,54.67441500000000,,,,,,,,,,
ce_decompress_matrix_multiply,medium,768,7336.9128700000001,payloads/matrix_medium.bin.gz,intermediate/task_ce_decompress_matrix_multiply_768mb_medium_4.out,49893161,52387852,2027.723984,3818.430987,1375.042549,7221.19752,24.605498999999998,38.09907700000000,,,,,,,,,,
ce_decompress_matrix_multiply,medium,768,8818.467855000001,payloads/matrix_medium.bin.gz,intermediate/task_ce_decompress_matrix_multiply_768mb_medium_5.out,49893161,52387852,2018.64863,4366.200018,2283.544314,8668.392962,24.716120000000000,22.941465000000001,,,,,,,,,,
ce_decompress_matrix_multiply,medium,1024,7208.239794000000,payloads/matrix_medium.bin.gz,intermediate/task_ce_decompress_matrix_multiply_1024mb_medium_1.out,49893161,52387852,2080.60927,3911.799754,1157.502379,7149.911403,23.98007200000000,45.259390000000003,,,,,,,,,,
ce_decompress_matrix_multiply,medium,1024,7782.4554440000002,payloads/matrix_medium.bin.gz,intermediate/task_ce_decompress_matrix_multiply_1024mb_medium_2.out,49893161,52387852,2047.770932,4583.88738,1083.870457,7715.528769,24.364619999999999,48.33405300000000,,,,,,,,,,
ce_decompress_matrix_multiply,medium,1024,7716.923475000000,payloads/matrix_medium.bin.gz,intermediate/task_ce_decompress_matrix_multiply_1024mb_medium_3.out,49893161,52387852,2071.056339,4185.65396,1267.728337,7524.438636,24.090682999999999,41.324193999999999,,,,,,,,,,
ce_decompress_matrix_multiply,medium,1024,7259.246111000000,payloads/matrix_medium.bin.gz,intermediate/task_ce_decompress_matrix_multiply_1024mb_medium_4.out,49893161,52387852,2057.361349,4008.281858,1131.551166,7197.194373,24.251044000000000,46.297378000000002,,,,,,,,,,
ce_decompress_matrix_multiply,medium,1024,8049.376011000000,payloads/matrix_medium.bin.gz,intermediate/task_ce_decompress_matrix_multiply_1024mb_medium_5.out,49893161,52387852,2098.555242,4784.674062,1100.431461,7983.660765,23.77500500000000,47.60664700000000,,,,,,,,,,
ce_decompress_matrix_multiply,medium,1536,4386.414051000000,payloads/matrix_medium.bin.gz,intermediate/task_ce_decompress_matrix_multiply_1536mb_medium_0.out,49893161,52387852,1051.968512,2411.387031,644.242745,4107.598288,47.428379000000000,81.31694500000000,,,,,,,,,,
ce_decompress_matrix_multiply,medium,1536,4022.0935340000001,payloads/matrix_medium.bin.gz,intermediate/task_ce_decompress_matrix_multiply_1536mb_medium_1.out,49893161,52387852,1094.438898,2121.733768,646.633557,3862.806223,45.58789100000000,81.01629000000000,,,,,,,,,,
ce_decompress_matrix_multiply,medium,1536,13426.679850000000,payloads/matrix_medium.bin.gz,intermediate/task_ce_decompress_matrix_multiply_1536mb_medium_3.out,49893161,52387852,1069.802478,2136.332739,10120.046276,13326.181493,46.637732000000000,5.176642000000000,,,,,,,,,,
ce_decompress_matrix_multiply,medium,1536,4373.3813760000003,payloads/matrix_medium.bin.gz,intermediate/task_ce_decompress_matrix_multiply_1536mb_medium_4.out,49893161,52387852,1052.54422,2592.292195,656.954378,4301.790793,47.402436999999999,79.74351600000000,,,,,,,,,,
ce_decompress_matrix_multiply,medium,1536,4148.037434000000,payloads/matrix_medium.bin.gz,intermediate/task_ce_decompress_matrix_multiply_1536mb_medium_5.out,49893161,52387852,1054.398326,2122.878666,636.040625,3813.317617,47.31908200000000,82.36557500000001,,,,,,,,,,
ce_decompress_matrix_multiply,medium,2048,4236.271143000000,payloads/matrix_medium.bin.gz,intermediate/task_ce_decompress_matrix_multiply_2048mb_medium_1.out,49893161,52387852,1130.854617,2128.796967,841.222475,4100.874059,44.11987200000000,62.275858999999997,,,,,,,,,,
ce_decompress_matrix_multiply,medium,2048,3698.607922000000,payloads/matrix_medium.bin.gz,intermediate/task_ce_decompress_matrix_multiply_2048mb_medium_2.out,49893161,52387852,1072.390453,1793.478617,710.301745,3576.170815,46.52518200000000,73.75436200000000,,,,,,,,,,
ce_decompress_matrix_multiply,medium,2048,4220.787287000000,payloads/matrix_medium.bin.gz,intermediate/task_ce_decompress_matrix_multiply_2048mb_medium_3.out,49893161,52387852,1089.706437,2071.671202,983.859911,4145.23755,45.78587300000000,53.24726800000000,,,,,,,,,,
ce_decompress_matrix_multiply,medium,2048,3994.948149000000,payloads/matrix_medium.bin.gz,intermediate/task_ce_decompress_matrix_multiply_2048mb_medium_4.out,49893161,52387852,1073.484496,2090.032346,731.911372,3895.428214,46.47776600000000,71.576770000000,,,,,,,,,,
ce_decompress_matrix_multiply,medium,2048,4619.732618000000,payloads/matrix_medium.bin.gz,intermediate/task_ce_decompress_matrix_multiply_2048mb_medium_5.out,49893161,52387852,1277.503763,2470.376603,695.061744,4442.94211,39.055197000000,75.37150800000001,,,,,,,,,,
ce_decompress_matrix_multiply,large,1536,24350.192308000002,payloads/matrix_large.bin.gz,intermediate/task_ce_decompress_matrix_multiply_1536mb_large_1.out,249631588,262113412,5344.558952,14899.77719,3965.185011,24209.521153,46.707611999999997,66.10370300000000,,,,,,,,,,
ce_decompress_matrix_multiply,large,1536,23152.634382000000,payloads/matrix_large.bin.gz,intermediate/task_ce_decompress_matrix_multiply_1536mb_large_2.out,249631588,262113412,4852.486267,13742.822231,3900.38515,22495.693648,51.444059000000003,67.20193100000000,,,,,,,,,,
ce_decompress_matrix_multiply,large,1536,24985.482930999999,payloads/matrix_large.bin.gz,intermediate/task_ce_decompress_matrix_multiply_1536mb_large_3.out,249631588,262113412,5264.98425,15492.750988,4162.616604,24920.351842,47.41354900000000,62.96842500000000,,,,,,,,,,
ce_decompress_matrix_multiply,large,1536,22962.98337000000,payloads/matrix_large.bin.gz,intermediate/task_ce_decompress_matrix_multiply_1536mb_large_4.out,249631588,262113412,5409.413953,13410.510427,3984.019505,22803.943885,46.147621999999998,65.79119700000000,,,,,,,,,,
ce_decompress_matrix_multiply,large,1536,26495.514154000000,payloads/matrix_large.bin.gz,intermediate/task_ce_decompress_matrix_multiply_1536mb_large_5.out,249631588,262113412,5798.40282,16708.715421,3913.488394,26420.606635,43.051783999999998,66.97692300000000,,,,,,,,,,
ce_decompress_matrix_multiply,large,2048,29304.659367000000,payloads/matrix_large.bin.gz,intermediate/task_ce_decompress_matrix_multiply_2048mb_large_1.out,249631588,262113412,6002.600743,18899.294014,4163.561626,29065.456383,41.58723800000000,62.95413300000000,,,,,,,,,,
ce_decompress_matrix_multiply,large,2048,30217.931032000000,payloads/matrix_large.bin.gz,intermediate/task_ce_decompress_matrix_multiply_2048mb_large_2.out,249631588,262113412,6256.389544,19414.731656,4317.952717,29989.073917,39.90026300000000,60.70316900000000,,,,,,,,,,
ce_decompress_matrix_multiply,large,2048,27250.999689000000,payloads/matrix_large.bin.gz,intermediate/task_ce_decompress_matrix_multiply_2048mb_large_3.out,249631588,262113412,4732.486305,18075.970382,3641.729315,26450.186002,52.748506999999996,71.97498500000000,,,,,,,,,,
ce_decompress_matrix_multiply,large,2048,28462.38613100000,payloads/matrix_large.bin.gz,intermediate/task_ce_decompress_matrix_multiply_2048mb_large_4.out,249631588,262113412,6116.856621,17870.104367,4229.869711,28216.830699,40.81043600000000,61.96725400000000,,,,,,,,,,
ce_decompress_matrix_multiply,large,2048,27884.02795800000,payloads/matrix_large.bin.gz,intermediate/task_ce_decompress_matrix_multiply_2048mb_large_5.out,249631588,262113412,5807.947277,18162.143992,3745.423252,27715.514521,42.98103500000000,69.98232100000000,,,,,,,,,,
gh_reduce_expand,micro,128,337.41140400000000,payloads/matrix_micro.bin,intermediate/task_gh_reduce_expand_128mb_micro_1.out,102156,102156,120.222216,0.975393,79.794447,200.992056,0.8497260000000000,1.2802389999999999,,,,,,,,,,
gh_reduce_expand,micro,128,319.3235400000000,payloads/matrix_micro.bin,intermediate/task_gh_reduce_expand_128mb_micro_2.out,102156,102156,111.384752,1.803499,83.192546,196.380797,0.9171450000000000,1.2279469999999999,,,,,,,,,,
gh_reduce_expand,micro,128,318.9103600000000,payloads/matrix_micro.bin,intermediate/task_gh_reduce_expand_128mb_micro_3.out,102156,102156,95.305136,0.336723,79.364543,175.006402,1.0718829999999999,1.2871740000000000,,,,,,,,,,
gh_reduce_expand,micro,128,318.5462950000000,payloads/matrix_micro.bin,intermediate/task_gh_reduce_expand_128mb_micro_4.out,102156,102156,123.668433,0.429626,65.551704,189.649763,0.8260480000000000,1.5584030000000000,,,,,,,,,,
gh_reduce_expand,micro,128,242.13504800000001,payloads/matrix_micro.bin,intermediate/task_gh_reduce_expand_128mb_micro_5.out,102156,102156,111.44812,1.222697,56.537906,169.208723,0.9166240000000000,1.8068590000000000,,,,,,,,,,
gh_reduce_expand,micro,256,319.64945799999998,payloads/matrix_micro.bin,intermediate/task_gh_reduce_expand_256mb_micro_1.out,102156,102156,103.930058,0.822933,79.343329,184.09632,0.9829300000000000,1.2875179999999999,,,,,,,,,,
gh_reduce_expand,micro,256,241.8677810000000,payloads/matrix_micro.bin,intermediate/task_gh_reduce_expand_256mb_micro_2.out,102156,102156,96.324924,0.713127,74.246061,171.284112,1.0605350000000000,1.3759110000000001,,,,,,,,,,
gh_reduce_expand,micro,256,293.14661000000001,payloads/matrix_micro.bin,intermediate/task_gh_reduce_expand_256mb_micro_3.out,102156,102156,90.739517,0.717421,61.88754,153.344478,1.125816000000000,1.6506719999999999,,,,,,,,,,
gh_reduce_expand,micro,256,256.1180590000000,payloads/matrix_micro.bin,intermediate/task_gh_reduce_expand_256mb_micro_4.out,102156,102156,92.476345,0.713499,82.462971,175.652815,1.1046720000000001,1.2388110000000001,,,,,,,,,,
gh_reduce_expand,micro,256,279.19483200000002,payloads/matrix_micro.bin,intermediate/task_gh_reduce_expand_256mb_micro_5.out,102156,102156,93.372726,0.698904,63.790767,157.862397,1.0940669999999999,1.6014230000000000,,,,,,,,,,
gh_reduce_expand,micro,512,249.61447699999999,payloads/matrix_micro.bin,intermediate/task_gh_reduce_expand_512mb_micro_1.out,102156,102156,101.466812,0.758934,81.640471,183.866217,1.0067919999999999,1.2512909999999999,,,,,,,,,,
gh_reduce_expand,micro,512,285.59088700000001,payloads/matrix_micro.bin,intermediate/task_gh_reduce_expand_512mb_micro_2.out,102156,102156,95.804988,0.651549,60.629001,157.085538,1.066291000000000,1.6849360000000000,,,,,,,,,,
gh_reduce_expand,micro,512,320.8916190000000,payloads/matrix_micro.bin,intermediate/task_gh_reduce_expand_512mb_micro_3.out,102156,102156,85.27558,0.839581,59.681198,145.796359,1.1979510000000000,1.7116950000000000,,,,,,,,,,
gh_reduce_expand,micro,512,316.8928620000000,payloads/matrix_micro.bin,intermediate/task_gh_reduce_expand_512mb_micro_4.out,102156,102156,94.483761,0.313458,64.109337,158.906556,1.0812020000000000,1.5934649999999999,,,,,,,,,,
gh_reduce_expand,micro,512,318.9549450000000,payloads/matrix_micro.bin,intermediate/task_gh_reduce_expand_512mb_micro_5.out,102156,102156,94.798919,0.367639,53.129207,148.295765,1.0776070000000000,1.922784000000000,,,,,,,,,,
gh_reduce_expand,micro,768,318.4993270000000,payloads/matrix_micro.bin,intermediate/task_gh_reduce_expand_768mb_micro_1.out,102156,102156,91.147638,0.744133,89.394509,181.28628,1.1207750000000001,1.1427550000000000,,,,,,,,,,
gh_reduce_expand,micro,768,204.32400699999999,payloads/matrix_micro.bin,intermediate/task_gh_reduce_expand_768mb_micro_2.out,102156,102156,89.727326,0.929538,52.720803,143.377667,1.1385160000000001,1.9376789999999999,,,,,,,,,,
gh_reduce_expand,micro,768,229.5358180000000,payloads/matrix_micro.bin,intermediate/task_gh_reduce_expand_768mb_micro_3.out,102156,102156,95.535586,0.849561,50.477852,146.862999,1.0692980000000001,2.023779000000000,,,,,,,,,,
gh_reduce_expand,micro,768,238.9199730000000,payloads/matrix_micro.bin,intermediate/task_gh_reduce_expand_768mb_micro_4.out,102156,102156,101.309164,0.836479,50.709808,152.855451,1.0083590000000000,2.014522000000000,,,,,,,,,,
gh_reduce_expand,micro,768,223.8771920000000,payloads/matrix_micro.bin,intermediate/task_gh_reduce_expand_768mb_micro_5.out,102156,102156,85.619781,0.546692,64.894895,151.061368,1.1931350000000001,1.5741760000000000,,,,,,,,,,
gh_reduce_expand,micro,1024,318.83812000000000,payloads/matrix_micro.bin,intermediate/task_gh_reduce_expand_1024mb_micro_1.out,102156,102156,106.053895,0.684925,47.866806,154.605626,0.9632460000000000,2.1341720000000000,,,,,,,,,,
gh_reduce_expand,micro,1024,225.09241100000000,payloads/matrix_micro.bin,intermediate/task_gh_reduce_expand_1024mb_micro_2.out,102156,102156,97.189748,0.747159,65.023205,162.960112,1.0510990000000000,1.571070000000000,,,,,,,,,,
gh_reduce_expand,micro,1024,310.8782770000000,payloads/matrix_micro.bin,intermediate/task_gh_reduce_expand_1024mb_micro_3.out,102156,102156,94.518628,0.682735,70.16256,165.363923,1.0808030000000000,1.4559899999999999,,,,,,,,,,
gh_reduce_expand,micro,1024,318.1586270000000,payloads/matrix_micro.bin,intermediate/task_gh_reduce_expand_1024mb_micro_4.out,102156,102156,87.433666,0.446064,60.430406,148.310136,1.1683830000000,1.6904740000000000,,,,,,,,,,
gh_reduce_expand,micro,1024,320.2033040000000,payloads/matrix_micro.bin,intermediate/task_gh_reduce_expand_1024mb_micro_5.out,102156,102156,88.403655,0.450737,61.087535,149.941927,1.1555629999999999,1.672289000000000,,,,,,,,,,
gh_reduce_expand,micro,1536,270.6615920000000,payloads/matrix_micro.bin,intermediate/task_gh_reduce_expand_1536mb_micro_1.out,102156,102156,95.981061,0.766136,49.781575,146.528772,1.064335000000000,2.052085000000000,,,,,,,,,,
gh_reduce_expand,micro,1536,320.4190730000000,payloads/matrix_micro.bin,intermediate/task_gh_reduce_expand_1536mb_micro_2.out,102156,102156,89.547499,0.782661,56.484512,146.814672,1.1408020000000001,1.80856700000000,,,,,,,,,,
gh_reduce_expand,micro,1536,317.87109400,payloads/matrix_micro.bin,intermediate/task_gh_reduce_expand_1536mb_micro_3.out,102156,102156,90.069524,0.802634,54.647349,145.519507,1.134191000000000,1.8693679999999999,,,,,,,,,,
gh_reduce_expand,micro,1536,215.58094000000000,payloads/matrix_micro.bin,intermediate/task_gh_reduce_expand_1536mb_micro_4.out,102156,102156,88.599026,0.721552,44.682944,134.003522,1.153015000000000,2.286241000000000,,,,,,,,,,
gh_reduce_expand,micro,1536,235.1970670000000,payloads/matrix_micro.bin,intermediate/task_gh_reduce_expand_1536mb_micro_5.out,102156,102156,106.132593,0.771695,53.465951,160.370239,0.9625320000000001,1.9106740000000000,,,,,,,,,,
gh_reduce_expand,micro,2048,244.95577800000001,payloads/matrix_micro.bin,intermediate/task_gh_reduce_expand_2048mb_micro_1.out,102156,102156,120.024109,0.918778,59.490158,180.433045,0.8511290000000000,1.7171920000000001,,,,,,,,,,
gh_reduce_expand,micro,2048,256.3207150000000,payloads/matrix_micro.bin,intermediate/task_gh_reduce_expand_2048mb_micro_2.out,102156,102156,108.658319,0.880959,80.068702,189.60798,0.9401580000000000,1.2758540000000000,,,,,,,,,,
gh_reduce_expand,micro,2048,249.95040900000001,payloads/matrix_micro.bin,intermediate/task_gh_reduce_expand_2048mb_micro_3.out,102156,102156,97.266202,1.461948,47.086471,145.814621,1.0502720000000001,2.169540000000000,,,,,,,,,,
gh_reduce_expand,micro,2048,320.0962540000000,payloads/matrix_micro.bin,intermediate/task_gh_reduce_expand_2048mb_micro_4.out,102156,102156,105.514349,0.340177,45.626762,151.481288,0.9681720000000000,2.238949000000000,,,,,,,,,,
gh_reduce_expand,micro,2048,319.077730000000,payloads/matrix_micro.bin,intermediate/task_gh_reduce_expand_2048mb_micro_5.out,102156,102156,106.176388,0.607862,44.511719,151.295969,0.9621350000000000,2.2950360000000001,,,,,,,,,,
gh_reduce_expand,small,256,2365.55814700000,payloads/matrix_small.bin,intermediate/task_gh_reduce_expand_256mb_small_1.out,5235852,5235852,1384.052407,202.022662,652.104013,2238.179082,3.7829869999999999,8.029166999999999,,,,,,,,,,
gh_reduce_expand,small,256,2073.1348990000001,payloads/matrix_small.bin,intermediate/task_gh_reduce_expand_256mb_small_2.out,5235852,5235852,1205.31899,221.904466,572.217458,1999.440914,4.343955000000000,9.150109000000000,,,,,,,,,,
gh_reduce_expand,small,256,2247.5757600000002,payloads/matrix_small.bin,intermediate/task_gh_reduce_expand_256mb_small_3.out,5235852,5235852,1298.442754,200.068929,648.527133,2147.038816,4.03240900000000,8.07345100000000,,,,,,,,,,
gh_reduce_expand,small,256,2404.5894149999999,payloads/matrix_small.bin,intermediate/task_gh_reduce_expand_256mb_small_4.out,5235852,5235852,1398.834484,198.06854,653.879196,2250.78222,3.7430099999999999,8.00736900000000,,,,,,,,,,
gh_reduce_expand,small,256,6223.624706000000,payloads/matrix_small.bin,intermediate/task_gh_reduce_expand_256mb_small_5.out,5235852,5235852,1305.688277,200.117265,4457.702891,5963.508433,4.010032000000000,1.1745630000000000,,,,,,,,,,
gh_reduce_expand,small,512,1237.2841840000001,payloads/matrix_small.bin,intermediate/task_gh_reduce_expand_512mb_small_1.out,5235852,5235852,610.618035,108.51799,350.097701,1069.233726,8.574676000000000,14.955401999999999,,,,,,,,,,
gh_reduce_expand,small,512,1235.5482580000000,payloads/matrix_small.bin,intermediate/task_gh_reduce_expand_512mb_small_2.out,5235852,5235852,614.737928,101.671988,386.954022,1103.363938,8.517210000000000,13.530941000000000,,,,,,,,,,
gh_reduce_expand,small,512,1292.024851000000,payloads/matrix_small.bin,intermediate/task_gh_reduce_expand_512mb_small_3.out,5235852,5235852,789.537577,100.355778,338.529504,1228.422859,6.631543000000000,15.466457000000000,,,,,,,,,,
gh_reduce_expand,small,512,1192.6929950000001,payloads/matrix_small.bin,intermediate/task_gh_reduce_expand_512mb_small_4.out,5235852,5235852,707.322679,97.871295,264.005321,1069.199295,7.402353000000000,19.832373000000000,,,,,,,,,,
gh_reduce_expand,small,512,1147.3114490000000,payloads/matrix_small.bin,intermediate/task_gh_reduce_expand_512mb_small_5.out,5235852,5235852,605.730632,96.62286,373.23974,1075.593232,8.643862000000000,14.02812000000000,,,,,,,,,,
gh_reduce_expand,small,768,830.2187920000000,payloads/matrix_small.bin,intermediate/task_gh_reduce_expand_768mb_small_1.out,5235852,5235852,379.287702,31.183207,250.39354,660.864449,13.80443400000000,20.910492000000001,,,,,,,,,,
gh_reduce_expand,small,768,766.2296300000000,payloads/matrix_small.bin,intermediate/task_gh_reduce_expand_768mb_small_2.out,5235852,5235852,346.225116,84.483599,266.38538,697.094095,15.122681000000000,19.655177999999999,,,,,,,,,,
gh_reduce_expand,small,768,794.0280440000000,payloads/matrix_small.bin,intermediate/task_gh_reduce_expand_768mb_small_3.out,5235852,5235852,376.740954,85.199119,259.390948,721.331021,13.897751000000000,20.185175999999998,,,,,,,,,,
gh_reduce_expand,small,768,825.4239560000000,payloads/matrix_small.bin,intermediate/task_gh_reduce_expand_768mb_small_4.out,5235852,5235852,393.386242,80.992754,258.23443,732.613426,13.30969800000000,20.275576999999998,,,,,,,,,,
gh_reduce_expand,small,768,835.3428840000000,payloads/matrix_small.bin,intermediate/task_gh_reduce_expand_768mb_small_5.out,5235852,5235852,356.141491,86.721049,261.551315,704.413855,14.70160600000000,20.01845000000000,,,,,,,,,,
gh_reduce_expand,small,1024,774.9419210000000,payloads/matrix_small.bin,intermediate/task_gh_reduce_expand_1024mb_small_1.out,5235852,5235852,321.331308,90.592287,294.17543,706.099025,16.294248000000000,17.798400000000001,,,,,,,,,,
gh_reduce_expand,small,1024,785.1705550000000,payloads/matrix_small.bin,intermediate/task_gh_reduce_expand_1024mb_small_2.out,5235852,5235852,338.208135,26.119822,283.151822,647.479779,15.481153000000001,18.491323999999999,,,,,,,,,,
gh_reduce_expand,small,1024,723.5424520000000,payloads/matrix_small.bin,intermediate/task_gh_reduce_expand_1024mb_small_3.out,5235852,5235852,356.148258,24.356366,272.109944,652.614568,14.701326999999999,19.241678000000000,,,,,,,,,,
gh_reduce_expand,small,1024,734.5669270000000,payloads/matrix_small.bin,intermediate/task_gh_reduce_expand_1024mb_small_4.out,5235852,5235852,331.977614,25.001143,259.11728,616.096037,15.771701999999999,20.20649500000000,,,,,,,,,,
gh_reduce_expand,small,1024,830.2950860000000,payloads/matrix_small.bin,intermediate/task_gh_reduce_expand_1024mb_small_5.out,5235852,5235852,408.138905,93.9221,263.706481,765.767486,12.828602999999999,19.854848000000000,,,,,,,,,,
gh_reduce_expand,small,1536,832.4582580000000,payloads/matrix_small.bin,intermediate/task_gh_reduce_expand_1536mb_small_1.out,5235852,5235852,264.941064,34.47234,153.55223,452.965634,19.76232700000000,34.098182999999999,,,,,,,,,,
gh_reduce_expand,small,1536,453.13048400000002,payloads/matrix_small.bin,intermediate/task_gh_reduce_expand_1536mb_small_2.out,5235852,5235852,210.223777,27.659389,150.240464,388.12363,24.906089000000001,34.84981200000000,,,,,,,,,,
gh_reduce_expand,small,1536,490.40865900000000,payloads/matrix_small.bin,intermediate/task_gh_reduce_expand_1536mb_small_3.out,5235852,5235852,195.320043,19.894917,146.552097,361.767057,26.806526999999999,35.726899000000003,,,,,,,,,,
gh_reduce_expand,small,1536,476.4256480000000,payloads/matrix_small.bin,intermediate/task_gh_reduce_expand_1536mb_small_4.out,5235852,5235852,209.517656,26.967035,155.751425,392.236116,24.990027999999999,33.61672000000000,,,,,,,,,,
gh_reduce_expand,small,1536,468.0957790000000,payloads/matrix_small.bin,intermediate/task_gh_reduce_expand_1536mb_small_5.out,5235852,5235852,202.790307,25.445611,134.927071,363.162989,25.819044999999999,38.80505200000000,,,,,,,,,,
gh_reduce_expand,small,2048,569.230318000000,payloads/matrix_small.bin,intermediate/task_gh_reduce_expand_2048mb_small_1.out,5235852,5235852,276.638592,31.225532,186.827988,494.692112,18.926687000000001,28.02498700000000,,,,,,,,,,
gh_reduce_expand,small,2048,580.8100700000000,payloads/matrix_small.bin,intermediate/task_gh_reduce_expand_2048mb_small_2.out,5235852,5235852,196.899228,77.93989,156.559496,431.398614,26.59153100000000,33.44320900000000,,,,,,,,,,
gh_reduce_expand,small,2048,530.3587910000000,payloads/matrix_small.bin,intermediate/task_gh_reduce_expand_2048mb_small_3.out,5235852,5235852,215.808546,81.563541,159.344888,456.716975,24.26156000000000,32.85861300000000,,,,,,,,,,
gh_reduce_expand,small,2048,617.7008150000000,payloads/matrix_small.bin,intermediate/task_gh_reduce_expand_2048mb_small_4.out,5235852,5235852,254.127734,29.489282,165.648553,449.265569,20.60322900000000,31.608196000000000,,,,,,,,,,
gh_reduce_expand,small,2048,491.0318850000000,payloads/matrix_small.bin,intermediate/task_gh_reduce_expand_2048mb_small_5.out,5235852,5235852,228.46656,23.041242,174.445804,425.953606,22.917366999999999,30.01420400000000,,,,,,,,,,
gh_reduce_expand,medium,512,7692.7642820000001,payloads/matrix_medium.bin,intermediate/task_gh_reduce_expand_512mb_medium_1.out,52387852,52387852,4545.623888,1006.334327,2071.556661,7623.514876,11.524898000000000,25.289123000000000,,,,,,,,,,
gh_reduce_expand,medium,512,7800.739527000000,payloads/matrix_medium.bin,intermediate/task_gh_reduce_expand_512mb_medium_2.out,52387852,52387852,3939.046935,1004.592084,2760.775411,7704.41443,13.299626000000000,18.975774999999999,,,,,,,,,,
gh_reduce_expand,medium,512,7177.945852000000,payloads/matrix_medium.bin,intermediate/task_gh_reduce_expand_512mb_medium_3.out,52387852,52387852,3746.788964,999.363013,2066.010648,6812.162625,13.982066000000000,25.357009999999999,,,,,,,,,,
gh_reduce_expand,medium,512,16819.2036150000,payloads/matrix_medium.bin,intermediate/task_gh_reduce_expand_512mb_medium_4.out,52387852,52387852,4254.911408,1014.981924,11479.226185,16749.119517,12.31232500000000,4.563709000000000,,,,,,,,,,
gh_reduce_expand,medium,512,7423.961163000000,payloads/matrix_medium.bin,intermediate/task_gh_reduce_expand_512mb_medium_5.out,52387852,52387852,4203.985205,1021.140994,2051.730955,7276.857154,12.461474000000001,25.533490000000000,,,,,,,,,,
gh_reduce_expand,medium,768,4946.708679000000,payloads/matrix_medium.bin,intermediate/task_gh_reduce_expand_768mb_medium_1.out,52387852,52387852,2485.079576,698.744517,1691.194434,4875.018527,21.080956000000000,30.976835999999999,,,,,,,,,,
gh_reduce_expand,medium,768,4703.44615000000,payloads/matrix_medium.bin,intermediate/task_gh_reduce_expand_768mb_medium_2.out,52387852,52387852,2539.132322,704.295691,1296.568033,4539.996046,20.632186999999998,40.40501600000000,,,,,,,,,,
gh_reduce_expand,medium,768,13117.903471000000,payloads/matrix_medium.bin,intermediate/task_gh_reduce_expand_768mb_medium_3.out,52387852,52387852,2358.397531,697.175847,9943.227995,12998.801373,22.213325000000001,5.268697000000000,,,,,,,,,,
gh_reduce_expand,medium,768,5895.452499000000,payloads/matrix_medium.bin,intermediate/task_gh_reduce_expand_768mb_medium_4.out,52387852,52387852,2633.295098,778.850321,2415.190444,5827.335863,19.894410000000001,21.690982000000002,,,,,,,,,,
gh_reduce_expand,medium,768,4561.495543000000,payloads/matrix_medium.bin,intermediate/task_gh_reduce_expand_768mb_medium_5.out,52387852,52387852,2436.241809,713.681487,1348.821392,4498.744688,21.503551999999999,38.83972500000000,,,,,,,,,,
gh_reduce_expand,medium,1024,4772.949934000000,payloads/matrix_medium.bin,intermediate/task_gh_reduce_expand_1024mb_medium_1.out,52387852,52387852,2526.051541,515.824524,1657.576229,4699.452294,20.739027000000000,31.60509400000000,,,,,,,,,,
gh_reduce_expand,medium,1024,5695.268154000000,payloads/matrix_medium.bin,intermediate/task_gh_reduce_expand_1024mb_medium_2.out,52387852,52387852,2473.044203,595.285695,2289.042426,5357.372324,21.18354900000000,22.886361000000001,,,,,,,,,,
gh_reduce_expand,medium,1024,6462.604284000000,payloads/matrix_medium.bin,intermediate/task_gh_reduce_expand_1024mb_medium_3.out,52387852,52387852,2268.373626,498.43268,3587.394595,6354.200901,23.09489600000000,14.60331500000000,,,,,,,,,,
gh_reduce_expand,medium,1024,4378.881216000000,payloads/matrix_medium.bin,intermediate/task_gh_reduce_expand_1024mb_medium_4.out,52387852,52387852,2324.753685,503.998503,1483.671582,4312.42377,22.534797000000001,35.30960100000000,,,,,,,,,,
gh_reduce_expand,medium,1024,4757.601023000000,payloads/matrix_medium.bin,intermediate/task_gh_reduce_expand_1024mb_medium_5.out,52387852,52387852,2436.278648,502.574705,1657.318944,4596.172297,21.50322700000000,31.61000000000000,,,,,,,,,,
gh_reduce_expand,medium,1536,2570.626736000000,payloads/matrix_medium.bin,intermediate/task_gh_reduce_expand_1536mb_medium_1.out,52387852,52387852,1333.473225,321.555003,762.358816,2417.387044,39.28676700000000,68.7181030000000,,,,,,,,,,
gh_reduce_expand,medium,1536,2570.7902909999998,payloads/matrix_medium.bin,intermediate/task_gh_reduce_expand_1536mb_medium_2.out,52387852,52387852,1321.356912,326.437869,781.114144,2428.908925,39.647010999999999,67.06811300000000,,,,,,,,,,
gh_reduce_expand,medium,1536,11789.161443999999,payloads/matrix_medium.bin,intermediate/task_gh_reduce_expand_1536mb_medium_3.out,52387852,52387852,1302.352137,310.310153,10022.180666,11634.842956,40.22556600000000,5.227191000000000,,,,,,,,,,
gh_reduce_expand,medium,1536,2878.488064000000,payloads/matrix_medium.bin,intermediate/task_gh_reduce_expand_1536mb_medium_4.out,52387852,52387852,1361.976156,326.534367,1055.382235,2743.892758,38.46458800000000,49.63874700000000,,,,,,,,,,
gh_reduce_expand,medium,1536,2366.2216659999999,payloads/matrix_medium.bin,intermediate/task_gh_reduce_expand_1536mb_medium_5.out,52387852,52387852,1219.445121,321.867123,676.222935,2217.535179,42.96040100000000,77.47127399999999,,,,,,,,,,
gh_reduce_expand,medium,2048,2738.473654000000,payloads/matrix_medium.bin,intermediate/task_gh_reduce_expand_2048mb_medium_1.out,52387852,52387852,1293.536117,327.189366,1046.496633,2667.222116,40.49972100000000,50.060220000000001,,,,,,,,,,
gh_reduce_expand,medium,2048,2509.200096000000,payloads/matrix_medium.bin,intermediate/task_gh_reduce_expand_2048mb_medium_2.out,52387852,52387852,1253.480077,332.504455,824.744053,2410.728585,41.7939250000000,63.520133000000,,,,,,,,,,
gh_reduce_expand,medium,2048,3286.0591410000002,payloads/matrix_medium.bin,intermediate/task_gh_reduce_expand_2048mb_medium_3.out,52387852,52387852,1335.869895,324.101615,1473.7196,3133.69111,39.21628300000000,35.54804600000000,,,,,,,,,,
gh_reduce_expand,medium,2048,2673.9444730000000,payloads/matrix_medium.bin,intermediate/task_gh_reduce_expand_2048mb_medium_4.out,52387852,52387852,1241.869091,332.161636,1007.984278,2582.015005,42.184680999999998,51.97288600000000,,,,,,,,,,
gh_reduce_expand,medium,2048,2879.2645929999999,payloads/matrix_medium.bin,intermediate/task_gh_reduce_expand_2048mb_medium_5.out,52387852,52387852,1367.490874,328.88658,1069.738066,2766.11552,38.3094710000000,48.972597999999998,,,,,,,,,,
gh_reduce_expand,large,1536,12502.708672999999,payloads/matrix_large.bin,intermediate/task_gh_reduce_expand_1536mb_large_1.out,262113412,262113412,6503.341832,1671.813719,4190.390232,12365.545783,40.30441900000000,62.551074999999997,,,,,,,,,,
gh_reduce_expand,large,1536,12785.93373300000,payloads/matrix_large.bin,intermediate/task_gh_reduce_expand_1536mb_large_2.out,262113412,262113412,6456.111955,1708.691427,4542.005776,12706.809158,40.59926700000000,57.70873600000000,,,,,,,,,,
gh_reduce_expand,large,1536,12121.126413000000,payloads/matrix_large.bin,intermediate/task_gh_reduce_expand_1536mb_large_3.out,262113412,262113412,5988.176142,1744.01127,4181.845211,11914.032623,43.77182700000000,62.678888999999998,,,,,,,,,,
gh_reduce_expand,large,1536,12225.418329000000,payloads/matrix_large.bin,intermediate/task_gh_reduce_expand_1536mb_large_4.out,262113412,262113412,5886.206361,1643.688124,4619.32727,12149.221755,44.530109000000003,56.74276700000000,,,,,,,,,,
gh_reduce_expand,large,1536,11861.371993999999,payloads/matrix_large.bin,intermediate/task_gh_reduce_expand_1536mb_large_5.out,262113412,262113412,5954.226268,1684.989695,4094.006582,11733.222545,44.0214060000000,64.02369100000000,,,,,,,,,,
gh_reduce_expand,large,2048,13791.503191000000,payloads/matrix_large.bin,intermediate/task_gh_reduce_expand_2048mb_large_1.out,262113412,262113412,6770.723875,1797.959918,4998.321199,13567.004992,38.71276100000000,52.4402900000000,,,,,,,,,,
gh_reduce_expand,large,2048,12291.139603000000,payloads/matrix_large.bin,intermediate/task_gh_reduce_expand_2048mb_large_2.out,262113412,262113412,6281.618054,1600.995521,4263.677787,12146.291362,41.72705300000000,61.475895999999999,,,,,,,,,,
gh_reduce_expand,large,2048,13119.613409000000,payloads/matrix_large.bin,intermediate/task_gh_reduce_expand_2048mb_large_3.out,262113412,262113412,6653.5654,1665.383482,4691.131501,13010.080383,39.394429000000002,55.874240999999998,,,,,,,,,,
gh_reduce_expand,large,2048,11786.457061999999,payloads/matrix_large.bin,intermediate/task_gh_reduce_expand_2048mb_large_4.out,262113412,262113412,4689.536406,1738.693264,4633.12791,11061.35758,55.8932460000000,56.57374800000000,,,,,,,,,,
gh_reduce_expand,large,2048,14041.149855000000,payloads/matrix_large.bin,intermediate/task_gh_reduce_expand_2048mb_large_5.out,262113412,262113412,6567.136711,1696.543093,5569.244723,13832.924527,39.91289100000000,47.06444500000000,,,,,,,,,,
gh_reduce_expand,medium,1536,2636.168957000000,payloads/matrix_medium.bin,intermediate/task_gh_reduce_expand_1536mb_medium_1.out,52387852,52387852,763.272602,264.186481,1540.857578,2568.316661,68.63583500000000,33.999153000000000,,,,,,,,,,
gh_reduce_expand,medium,1536,1906.4760209999999,payloads/matrix_medium.bin,intermediate/task_gh_reduce_expand_1536mb_medium_2.out,52387852,52387852,809.65812,256.465216,770.610112,1836.733448,64.70367000000000,67.98230500000000,,,,,,,,,,
gh_reduce_expand,medium,1536,2761.617661000000,payloads/matrix_medium.bin,intermediate/task_gh_reduce_expand_1536mb_medium_3.out,52387852,52387852,1303.184263,317.208807,1005.520329,2625.913399,40.199880999999998,52.10024200000000,,,,,,,,,,
gh_reduce_expand,medium,1536,2807.2898390000000,payloads/matrix_medium.bin,intermediate/task_gh_reduce_expand_1536mb_medium_4.out,52387852,52387852,1324.01916,326.868233,1087.295741,2738.183134,39.567290999999997,48.18178700000000,,,,,,,,,,
gh_reduce_expand,medium,1536,2846.9624520000002,payloads/matrix_medium.bin,intermediate/task_gh_reduce_expand_1536mb_medium_5.out,52387852,52387852,1259.831812,347.806722,1080.264769,2687.903303,41.58321100000000,48.495381000000002,,,,,,,,,,
kb_latency_compress,micro,128,30118.350983000000,payloads/matrix_micro.bin,intermediate/task_kb_latency_compress_128mb_micro_2.out,614156,97378,29689.515987,9.652973,178.562254,29877.731214,0.020686000000000000,0.5453450000000000,183.338382,178.562254,29506.177605,,500,,,,,
kb_latency_compress,micro,128,31245.95284500000,payloads/matrix_micro.bin,intermediate/task_kb_latency_compress_128mb_micro_3.out,614156,97378,30534.380224,165.569816,161.922231,30861.872271,0.020114000000000000,0.6013870000000000,80.589506,161.922231,30453.790718,,500,,,,,
kb_latency_compress,micro,128,31246.416330000000,payloads/matrix_micro.bin,intermediate/task_kb_latency_compress_128mb_micro_4.out,614156,97378,30291.259907,104.85794,99.438373,30495.55622,0.020275000000000001,0.9792800000000000,100.689174,99.438373,30190.570733,,500,,,,,
kb_latency_compress,micro,128,31653.01203700000,payloads/matrix_micro.bin,intermediate/task_kb_latency_compress_128mb_micro_5.out,614156,97378,30968.750587,131.216663,155.298912,31255.266162,0.019831000000000001,0.6270360000000000,184.671936,155.298912,30784.078651,,500,,,,,
kb_latency_compress,micro,128,29914.161682000002,payloads/matrix_micro.bin,intermediate/task_kb_latency_compress_128mb_micro_6.out,614156,97378,29296.415837,102.796849,47.641112,29446.853798,0.020964000000000000,2.043991000000000,80.86706,47.641112,29215.548777,,500,,,,,
kb_latency_compress,micro,256,12773.99730700000,payloads/matrix_micro.bin,intermediate/task_kb_latency_compress_256mb_micro_1.out,614156,97378,12490.278055,9.173993,59.52301,12558.975058,0.04917100000000000,1.6359720000000000,47.831997,59.52301,12442.446058,,500,,,,,
kb_latency_compress,micro,256,12401.649713999999,payloads/matrix_micro.bin,intermediate/task_kb_latency_compress_256mb_micro_2.out,614156,97378,12090.522693,8.75586,93.417879,12192.696432,0.05079600000000000,1.0423910000000001,42.168433,93.417879,12048.35426,,500,,,,,
kb_latency_compress,micro,256,12609.437227000000,payloads/matrix_micro.bin,intermediate/task_kb_latency_compress_256mb_micro_3.out,614156,97378,12251.319972,48.52139,64.443813,12364.285175,0.050130000000000001,1.5110530000000000,27.00952,64.443813,12224.310452,,500,,,,,
kb_latency_compress,micro,256,12875.09799000000,payloads/matrix_micro.bin,intermediate/task_kb_latency_compress_256mb_micro_5.out,614156,97378,12433.775174,64.31226,64.496485,12562.583919,0.04939400000000000,1.5098190000000000,31.004674,64.496485,12402.7705,,500,,,,,
kb_latency_compress,micro,256,13096.290112000001,payloads/matrix_micro.bin,intermediate/task_kb_latency_compress_256mb_micro_6.out,614156,97378,12730.587717,65.413874,52.831007,12848.832598,0.048243000000000001,1.843198000000000,38.850879,52.831007,12691.736838,,500,,,,,
kb_latency_compress,micro,512,10270.619869000000,payloads/matrix_micro.bin,intermediate/task_kb_latency_compress_512mb_micro_1.out,614156,97378,9970.102033,8.882552,58.46532,10037.449905,0.06160000000000000,1.665569000000000,34.095215,58.46532,9936.006818,,500,,,,,
kb_latency_compress,micro,512,10046.288012999999,payloads/matrix_micro.bin,intermediate/task_kb_latency_compress_512mb_micro_2.out,614156,97378,9731.672498,9.503666,71.454993,9812.631157,0.06310900000000000,1.3627880000000001,21.397994,71.454993,9710.274504,,500,,,,,
kb_latency_compress,micro,512,9842.524289999999,payloads/matrix_micro.bin,intermediate/task_kb_latency_compress_512mb_micro_3.out,614156,97378,9658.275153,9.292294,57.112708,9724.680155,0.06358900000000001,1.7050149999999999,23.515404,57.112708,9634.759749,,500,,,,,
kb_latency_compress,micro,512,10640.381574999999,payloads/matrix_micro.bin,intermediate/task_kb_latency_compress_512mb_micro_4.out,614156,97378,10218.91578,9.588153,59.166561,10287.670494,0.06010000000000000,1.6458280000000001,23.781801,59.166561,10195.133979,,500,,,,,
kb_latency_compress,micro,512,9900.208473000001,payloads/matrix_micro.bin,intermediate/task_kb_latency_compress_512mb_micro_5.out,614156,97378,9717.450367,10.347891,55.250756,9783.049014,0.06320099999999999,1.7624740000000001,23.042113,55.250756,9694.408254,,500,,,,,
kb_latency_compress,micro,768,10247.470617000001,payloads/matrix_micro.bin,intermediate/task_kb_latency_compress_768mb_micro_1.out,614156,97378,10105.788231,12.60631,60.886351,10179.280892,0.06077300000000000,1.5993400000000000,27.307485,60.886351,10078.480746,,500,,,,,
kb_latency_compress,micro,768,9692.814827000000,payloads/matrix_micro.bin,intermediate/task_kb_latency_compress_768mb_micro_2.out,614156,97378,9546.74974,12.145232,59.09815,9617.993122,0.06433100000000000,1.6477329999999999,30.945573,59.09815,9515.804167,,500,,,,,
kb_latency_compress,micro,768,10457.638263999999,payloads/matrix_micro.bin,intermediate/task_kb_latency_compress_768mb_micro_3.out,614156,97378,10200.21668,12.046868,50.523977,10262.787525,0.06021000000000000,1.9273620000000000,34.216509,50.523977,10166.000171,,500,,,,,
kb_latency_compress,micro,768,9840.408325000000,payloads/matrix_micro.bin,intermediate/task_kb_latency_compress_768mb_micro_4.out,614156,97378,9680.338918,12.111494,54.09499,9746.545402,0.06344400000000000,1.8001300000000000,23.717593,54.09499,9656.621325,,500,,,,,
kb_latency_compress,micro,768,10372.00141000000,payloads/matrix_micro.bin,intermediate/task_kb_latency_compress_768mb_micro_5.out,614156,97378,10223.352533,11.579924,75.314269,10310.246726,0.060074000000000002,1.2929560000000000,21.555569,75.314269,10201.796964,,500,,,,,
kb_latency_compress,micro,1024,9901.2131690000,payloads/matrix_micro.bin,intermediate/task_kb_latency_compress_1024mb_micro_1.out,614156,97378,9657.398384,13.272001,65.045517,9735.715902,0.06359400000000000,1.4970749999999999,26.371054,65.045517,9631.02733,,500,,,,,
kb_latency_compress,micro,1024,9254.67038200000,payloads/matrix_micro.bin,intermediate/task_kb_latency_compress_1024mb_micro_2.out,614156,97378,9121.515377,12.80873,59.649124,9193.973231,0.06733000000000000,1.632513000000000,22.894504,59.649124,9098.620873,,500,,,,,
kb_latency_compress,micro,1024,9044.988632000001,payloads/matrix_micro.bin,intermediate/task_kb_latency_compress_1024mb_micro_3.out,614156,97378,8905.075001,12.525244,65.921882,8983.522127,0.06896700000000000,1.4771730000000001,26.566925,65.921882,8878.508076,,500,,,,,
kb_latency_compress,micro,1024,9993.606567000001,payloads/matrix_micro.bin,intermediate/task_kb_latency_compress_1024mb_micro_4.out,614156,97378,9795.6404,11.585132,55.504685,9862.730217,0.06269700000000000,1.7544100000000000,22.490307,55.504685,9773.150093,,500,,,,,
kb_latency_compress,micro,1024,9206.026793000001,payloads/matrix_micro.bin,intermediate/task_kb_latency_compress_1024mb_micro_6.out,614156,97378,8988.749992,11.501749,52.743444,9052.995185,0.06832500000000000,1.846258000000000,20.67807,52.743444,8968.071922,,500,,,,,
kb_latency_compress,micro,1536,9694.278716999999,payloads/matrix_micro.bin,intermediate/task_kb_latency_compress_1536mb_micro_2.out,614156,97378,9538.203115,12.336186,71.790218,9622.329519,0.06438900000000000,1.3564240000000001,48.322816,71.790218,9489.880299,,500,,,,,
kb_latency_compress,micro,1536,9381.283045000000,payloads/matrix_micro.bin,intermediate/task_kb_latency_compress_1536mb_micro_3.out,614156,97378,9233.287325,9.116521,63.271862,9305.675708,0.06651500000000000,1.5390410000000001,36.778718,63.271862,9196.508607,,500,,,,,
kb_latency_compress,micro,1536,8996.380091000001,payloads/matrix_micro.bin,intermediate/task_kb_latency_compress_1536mb_micro_4.out,614156,97378,8863.351765,8.133996,52.793177,8924.278938,0.06929200000000001,1.8445190000000000,22.816522,52.793177,8840.535243,,500,,,,,
kb_latency_compress,micro,1536,9854.825258000001,payloads/matrix_micro.bin,intermediate/task_kb_latency_compress_1536mb_micro_5.out,614156,97378,9550.40725,9.15984,52.63315,9612.20024,0.06430700000000000,1.850127000000000,21.111676,52.63315,9529.295574,,500,,,,,
kb_latency_compress,micro,1536,9636.103392000001,payloads/matrix_micro.bin,intermediate/task_kb_latency_compress_1536mb_micro_6.out,614156,97378,9227.051794,7.764874,62.901363,9297.718031,0.0665600000000000,1.5481060000000000,24.081523,62.901363,9202.970271,,500,,,,,
kb_latency_compress,micro,2048,10043.402910000001,payloads/matrix_micro.bin,intermediate/task_kb_latency_compress_2048mb_micro_1.out,614156,97378,9833.806541,14.299195,60.790158,9908.895894,0.062454000000000003,1.6018710000000000,31.668954,60.790158,9802.137587,,500,,,,,
kb_latency_compress,micro,2048,10045.257330000000,payloads/matrix_micro.bin,intermediate/task_kb_latency_compress_2048mb_micro_2.out,614156,97378,9788.82672,15.1234,62.173446,9866.123566,0.06274100000000001,1.5662309999999999,45.945143,62.173446,9742.881577,,500,,,,,
kb_latency_compress,micro,2048,10456.902742000000,payloads/matrix_micro.bin,intermediate/task_kb_latency_compress_2048mb_micro_3.out,614156,97378,10045.827386,13.850083,58.162732,10117.840201,0.06113500000000000,1.6742340000000000,24.556242,58.162732,10021.271144,,500,,,,,
kb_latency_compress,micro,2048,9943.982362999999,payloads/matrix_micro.bin,intermediate/task_kb_latency_compress_2048mb_micro_4.out,614156,97378,9692.918583,12.227865,52.817318,9757.963766,0.06336100000000000,1.843676000000000,25.892651,52.817318,9667.025932,,500,,,,,
kb_latency_compress,micro,2048,9770.448923000000,payloads/matrix_micro.bin,intermediate/task_kb_latency_compress_2048mb_micro_6.out,614156,97378,9627.790433,13.772043,56.833075,9698.395551,0.06379000000000000,1.71340400000000,22.961542,56.833075,9604.828891,,500,,,,,
kb_latency_compress,small,256,27661.23104100000,payloads/matrix_small.bin,intermediate/task_kb_latency_compress_256mb_small_2.out,6259852,4986764,24040.146225,2362.605737,757.918598,27160.67056,0.2603920000000000,6.5795510000000004,735.342197,757.918598,23304.804028,,1000,,,,,
kb_latency_compress,small,256,28068.60613800000,payloads/matrix_small.bin,intermediate/task_kb_latency_compress_256mb_small_3.out,6259852,4986764,24960.416384,2242.163567,691.615464,27894.195415,0.2507910000000000,7.210313000000000,670.765025,691.615464,24289.651359,,1000,,,,,
kb_latency_compress,small,256,28378.58271600000,payloads/matrix_small.bin,intermediate/task_kb_latency_compress_256mb_small_4.out,6259852,4986764,25214.517593,2286.899799,748.475788,28249.89318,0.24826400000000001,6.662559000000000,627.8105,748.475788,24586.707093,,1000,,,,,
kb_latency_compress,small,256,28213.536024000001,payloads/matrix_small.bin,intermediate/task_kb_latency_compress_256mb_small_5.out,6259852,4986764,24798.260571,2307.252192,860.920661,27966.433424,0.2524310000000000,5.792362000000000,707.360653,860.920661,24090.899918,,1000,,,,,
kb_latency_compress,small,256,28652.554511999999,payloads/matrix_small.bin,intermediate/task_kb_latency_compress_256mb_small_6.out,6259852,4986764,25142.664638,2360.64745,753.362902,28256.67499,0.24897300000000000,6.619338000000000,951.118504,753.362902,24191.546134,,1000,,,,,
kb_latency_compress,small,512,21514.603853000001,payloads/matrix_small.bin,intermediate/task_kb_latency_compress_512mb_small_1.out,6259852,4986764,19959.715589,1022.831022,379.453722,21362.000333,0.31362400000000001,13.14195600000000,278.752903,379.453722,19680.962686,,1000,,,,,
kb_latency_compress,small,512,20728.35683800000,payloads/matrix_small.bin,intermediate/task_kb_latency_compress_512mb_small_2.out,6259852,4986764,19253.268013,1026.247638,373.495259,20653.01091,0.32513199999999998,13.351613000000000,385.761025,373.495259,18867.506988,,1000,,,,,
kb_latency_compress,small,512,21078.24683200000,payloads/matrix_small.bin,intermediate/task_kb_latency_compress_512mb_small_3.out,6259852,4986764,19333.255969,1120.823253,360.211805,20814.291027,0.3237870000000000,13.84397700000000,351.751113,360.211805,18981.504856,,1000,,,,,
kb_latency_compress,small,512,21714.784861000000,payloads/matrix_small.bin,intermediate/task_kb_latency_compress_512mb_small_5.out,6259852,4986764,20187.842184,1028.274227,362.565929,21578.68234,0.310080000000000,13.75408900000000,456.23718,362.565929,19731.605004,,1000,,,,,
kb_latency_compress,small,512,21106.772660999999,payloads/matrix_small.bin,intermediate/task_kb_latency_compress_512mb_small_6.out,6259852,4986764,19584.552905,1102.531806,303.050424,20990.135135,0.31963200000000003,16.455228999999999,306.870671,303.050424,19277.682234,,1000,,,,,
kb_latency_compress,small,768,20360.157013000000,payloads/matrix_small.bin,intermediate/task_kb_latency_compress_768mb_small_1.out,6259852,4986764,19292.139501,772.114042,228.653176,20292.906719,0.3244770000000000,21.809293000000000,194.853375,228.653176,19097.286126,,1000,,,,,
kb_latency_compress,small,768,19582.650422999999,payloads/matrix_small.bin,intermediate/task_kb_latency_compress_768mb_small_2.out,6259852,4986764,18460.04205,814.719321,240.938171,19515.699542,0.33910299999999999,20.697277000000000,175.626733,240.938171,18284.415317,,1000,,,,,
kb_latency_compress,small,768,19621.312379999999,payloads/matrix_small.bin,intermediate/task_kb_latency_compress_768mb_small_3.out,6259852,4986764,18452.581191,813.85279,197.086249,19463.52023,0.3392400000000000,25.30244500000000,157.412238,197.086249,18295.168953,,1000,,,,,
kb_latency_compress,small,768,20296.087502999999,payloads/matrix_small.bin,intermediate/task_kb_latency_compress_768mb_small_5.out,6259852,4986764,19210.766645,813.38133,199.848724,20223.996699,0.32585100000000000,24.95269400000000,204.215261,199.848724,19006.551384,,1000,,,,,
kb_latency_compress,small,768,19472.88227100000,payloads/matrix_small.bin,intermediate/task_kb_latency_compress_768mb_small_6.out,6259852,4986764,18300.711523,805.142362,191.513994,19297.367879,0.3420550000000000,26.038640000000001,240.937576,191.513994,18059.773947,,1000,,,,,
kb_latency_compress,small,1024,21002.959490000001,payloads/matrix_small.bin,intermediate/task_kb_latency_compress_1024mb_small_1.out,6259852,4986764,19853.721315,808.881936,235.973262,20898.576513,0.3152990000000000,21.13275000000000,121.810551,235.973262,19731.910764,,1000,,,,,
kb_latency_compress,small,1024,19773.913144999999,payloads/matrix_small.bin,intermediate/task_kb_latency_compress_1024mb_small_2.out,6259852,4986764,18643.464633,805.472642,228.146186,19677.083461,0.3357670000000000,21.857756999999999,98.147773,228.146186,18545.31686,,1000,,,,,
kb_latency_compress,small,1024,20594.045400999999,payloads/matrix_small.bin,intermediate/task_kb_latency_compress_1024mb_small_3.out,6259852,4986764,19451.202127,812.1851,227.230838,20490.618065,0.32182300000000003,21.94580600000000,208.931823,227.230838,19242.270304,,1000,,,,,
kb_latency_compress,small,1024,19262.393475000001,payloads/matrix_small.bin,intermediate/task_kb_latency_compress_1024mb_small_4.out,6259852,4986764,18163.039561,817.690186,186.609885,19167.339632,0.3446480000000000,26.72293600000000,100.162107,186.609885,18062.877454,,1000,,,,,
kb_latency_compress,small,1024,20341.564417000001,payloads/matrix_small.bin,intermediate/task_kb_latency_compress_1024mb_small_6.out,6259852,4986764,19050.861184,811.33057,217.939594,20080.131348,0.3285860000000000,22.881404000000000,116.682305,217.939594,18934.178879,,1000,,,,,
kb_latency_compress,small,1536,20201.1981010000,payloads/matrix_small.bin,intermediate/task_kb_latency_compress_1536mb_small_1.out,6259852,4986764,19508.541585,351.107562,270.268908,20129.918055,0.3208770000000000,18.451120000000000,148.563227,270.268908,19359.978358,,1000,,,,,
kb_latency_compress,small,1536,18447.079182000001,payloads/matrix_small.bin,intermediate/task_kb_latency_compress_1536mb_small_2.out,6259852,4986764,17577.085412,346.775762,178.594499,18102.455673,0.35613699999999998,27.922270999999999,147.528612,178.594499,17429.5568,,1000,,,,,
kb_latency_compress,small,1536,19670.467615000001,payloads/matrix_small.bin,intermediate/task_kb_latency_compress_1536mb_small_3.out,6259852,4986764,18982.89387,364.294022,175.476161,19522.664053,0.3297630000000000,28.41847000000000,171.873689,175.476161,18811.020181,,1000,,,,,
kb_latency_compress,small,1536,19160.420894999999,payloads/matrix_small.bin,intermediate/task_kb_latency_compress_1536mb_small_4.out,6259852,4986764,18459.725065,342.429669,174.237713,18976.392447,0.33910899999999999,28.620463000000001,102.311105,174.237713,18357.41396,,1000,,,,,
kb_latency_compress,small,1536,20483.883381000000,payloads/matrix_small.bin,intermediate/task_kb_latency_compress_1536mb_small_6.out,6259852,4986764,19719.833572,349.949993,191.826762,20261.610327,0.317439000000000,25.99618500000000,248.295574,191.826762,19471.537998,,1000,,,,,
kb_latency_compress,small,2048,21115.684508999999,payloads/matrix_small.bin,intermediate/task_kb_latency_compress_2048mb_small_1.out,6259852,4986764,20134.069336,511.87518,229.951382,20875.895898,0.3109080000000000,21.686167000000001,182.985902,229.951382,19951.083434,,1000,,,,,
kb_latency_compress,small,2048,19654.42156800000,payloads/matrix_small.bin,intermediate/task_kb_latency_compress_2048mb_small_2.out,6259852,4986764,18790.89785,461.574453,168.293059,19420.765362,0.3331320000000000,29.631430000000002,101.320216,168.293059,18689.577634,,1000,,,,,
kb_latency_compress,small,2048,19278.899907999999,payloads/matrix_small.bin,intermediate/task_kb_latency_compress_2048mb_small_3.out,6259852,4986764,18458.275766,482.369549,168.957066,19109.602381,0.33913500000000002,29.51497700000000,143.049797,168.957066,18315.225969,,1000,,,,,
kb_latency_compress,small,2048,19830.76524700000,payloads/matrix_small.bin,intermediate/task_kb_latency_compress_2048mb_small_4.out,6259852,4986764,19089.081722,485.588227,177.591083,19752.261032,0.3279280000000000,28.080036000000000,139.374292,177.591083,18949.70743,,1000,,,,,
kb_latency_compress,small,2048,20378.03602200000,payloads/matrix_small.bin,intermediate/task_kb_latency_compress_2048mb_small_6.out,6259852,4986764,19607.560346,493.199346,185.551497,20286.311189,0.319257000000000,26.875364000000001,107.309262,185.551497,19500.251084,,1000,,,,,
kb_latency_compress,medium,256,77135.36405600001,payloads/matrix_medium.bin,intermediate/task_kb_latency_compress_256mb_medium_0.out,53923852,49893161,44755.811844,25641.29565,6364.145929,76761.253423,1.2048460000000001,7.839726000000000,7525.168442,6364.145929,37230.643402,,1500,,,,,
kb_latency_compress,medium,256,72922.7888580000,payloads/matrix_medium.bin,intermediate/task_kb_latency_compress_256mb_medium_3.out,53923852,49893161,44116.515251,24082.921191,4574.964254,72774.400696,1.2223050000000000,10.905694000000000,6994.502646,4574.964254,37122.012605,,1500,,,,,
kb_latency_compress,medium,256,74251.90162700000,payloads/matrix_medium.bin,intermediate/task_kb_latency_compress_256mb_medium_4.out,53923852,49893161,43477.483676,24623.89405,5980.623629,74082.001355,1.2402709999999999,8.342468000000000,7906.536123,5980.623629,35570.947553,,1500,,,,,
kb_latency_compress,medium,256,73638.7267110000,payloads/matrix_medium.bin,intermediate/task_kb_latency_compress_256mb_medium_5.out,53923852,49893161,45514.996931,23083.616625,4599.345916,73197.959472,1.1847490000000001,10.847882000000000,7839.340078,4599.345916,37675.656853,,1500,,,,,
kb_latency_compress,medium,256,77326.1284830000,payloads/matrix_medium.bin,intermediate/task_kb_latency_compress_256mb_medium_6.out,53923852,49893161,43961.830937,23736.612876,5286.511257,72984.95507,1.22660600000000,9.43782400000000,7179.734154,5286.511257,36782.096783,,1500,,,,,
kb_latency_compress,medium,512,46807.87181900000,payloads/matrix_medium.bin,intermediate/task_kb_latency_compress_512mb_medium_1.out,53923852,49893161,32684.27734,11514.151577,2483.580221,46682.009138,1.6498409999999999,20.08920900000000,4286.358818,2483.580221,28397.918522,,1500,,,,,
kb_latency_compress,medium,512,47219.3284030000,payloads/matrix_medium.bin,intermediate/task_kb_latency_compress_512mb_medium_2.out,53923852,49893161,33083.617351,11422.987867,2547.875717,47054.480935,1.6299260000000000,19.582259000000001,3711.85627,2547.875717,29371.761081,,1500,,,,,
kb_latency_compress,medium,512,47638.96560700000,payloads/matrix_medium.bin,intermediate/task_kb_latency_compress_512mb_medium_4.out,53923852,49893161,33495.346009,11305.374951,2506.245184,47306.966144,1.6098910000000000,19.90753400000000,4067.216198,2506.245184,29428.129811,,1500,,,,,
kb_latency_compress,medium,512,45887.043475999999,payloads/matrix_medium.bin,intermediate/task_kb_latency_compress_512mb_medium_5.out,53923852,49893161,32110.241036,11298.224621,2369.601763,45778.06742,1.6793350000000000,21.055505000000000,3671.614551,2369.601763,28438.626485,,1500,,,,,
kb_latency_compress,medium,512,46706.54511500000,payloads/matrix_medium.bin,intermediate/task_kb_latency_compress_512mb_medium_6.out,53923852,49893161,32691.052943,11318.521356,2454.856539,46464.430838,1.6494990000000000,20.324268000000000,3785.596582,2454.856539,28905.456361,,1500,,,,,
kb_latency_compress,medium,768,41892.634869000001,payloads/matrix_medium.bin,intermediate/task_kb_latency_compress_768mb_medium_1.out,53923852,49893161,31220.409498,8520.725029,1757.073385,41498.207912,1.7271989999999999,28.395605000000000,2179.647812,1757.073385,29040.761686,,1500,,,,,
kb_latency_compress,medium,768,41177.462100999997,payloads/matrix_medium.bin,intermediate/task_kb_latency_compress_768mb_medium_2.out,53923852,49893161,31586.804891,8345.715778,1110.806391,41043.32706,1.7071639999999999,44.91616300000000,2249.292166,1110.806391,29337.512725,,1500,,,,,
kb_latency_compress,medium,768,39563.65919100000,payloads/matrix_medium.bin,intermediate/task_kb_latency_compress_768mb_medium_4.out,53923852,49893161,30156.48962,8315.663614,980.933109,39453.086343,1.7881339999999999,50.862960000000001,2100.345201,980.933109,28056.144419,,1500,,,,,
kb_latency_compress,medium,768,41381.72698000000,payloads/matrix_medium.bin,intermediate/task_kb_latency_compress_768mb_medium_5.out,53923852,49893161,31763.153978,8314.163577,1180.98568,41258.303235,1.6976860000000000,42.24705000000000,2014.607884,1180.98568,29748.546094,,1500,,,,,
kb_latency_compress,medium,768,40767.476082000001,payloads/matrix_medium.bin,intermediate/task_kb_latency_compress_768mb_medium_6.out,53923852,49893161,31322.855024,8322.813041,951.540339,40597.208404,1.7215499999999999,52.43410000000000,2163.328852,951.540339,29159.526172,,1500,,,,,
kb_latency_compress,medium,1024,41075.493574000000,payloads/matrix_medium.bin,intermediate/task_kb_latency_compress_1024mb_medium_0.out,53923852,49893161,30127.464698,8338.783596,1036.659798,39502.908092,1.7898570000000000,48.12877000000000,1969.320978,1036.659798,28158.14372,,1500,,,,,
kb_latency_compress,medium,1024,40357.68747300000,payloads/matrix_medium.bin,intermediate/task_kb_latency_compress_1024mb_medium_1.out,53923852,49893161,30796.225535,8304.375662,1083.771534,40184.372731,1.7509889999999999,46.036603999999997,2141.738968,1083.771534,28654.486567,,1500,,,,,
kb_latency_compress,medium,1024,42200.881004000003,payloads/matrix_medium.bin,intermediate/task_kb_latency_compress_1024mb_medium_2.out,53923852,49893161,32832.089526,8159.808956,1137.212324,42129.110806,1.6424129999999999,43.87321500000000,1962.915058,1137.212324,30869.174468,,1500,,,,,
kb_latency_compress,medium,1024,41382.57622700000,payloads/matrix_medium.bin,intermediate/task_kb_latency_compress_1024mb_medium_3.out,53923852,49893161,30486.076915,8430.596557,1244.378268,40161.05174,1.7688029999999999,40.09485100000000,1994.99142,1244.378268,28491.085495,,1500,,,,,
kb_latency_compress,medium,1024,40354.9702170000,payloads/matrix_medium.bin,intermediate/task_kb_latency_compress_1024mb_medium_4.out,53923852,49893161,30955.255091,8129.316531,1158.161939,40242.733561,1.7419929999999999,43.07960700000000,1925.505231,1158.161939,29029.74986,,1500,,,,,
task_kb_latency_compress,medium,1024,53.74002500000000,payloads/matrix_medium.bin,intermediate/task_kb_latency_compress_1024mb_medium_5.out,,,,,,,,,,,,,,,,,,Expecting value: line 2 column 1 (char 1)
task_kb_latency_compress,medium,1024,49.492835999999997,payloads/matrix_medium.bin,intermediate/task_kb_latency_compress_1024mb_medium_6.out,,,,,,,,,,,,,,,,,,Expecting value: line 2 column 1 (char 1)
kb_latency_compress,large,1536,65759.72437900001,payloads/matrix_large.bin,intermediate/task_kb_latency_compress_1536mb_large_2.out,264161412,249631588,42594.510049,18712.163636,4363.984524,65670.658209,6.201771000000000,57.202674999999999,6619.268721,4363.984524,35975.241328,,2000,,,,,
kb_latency_compress,large,1536,69941.98226900000,payloads/matrix_large.bin,intermediate/task_kb_latency_compress_1536mb_large_3.out,264161412,249631588,46241.537252,19145.604238,4319.855138,69706.996628,5.712643000000000,57.78702800000000,7077.744583,4319.855138,39163.792669,,2000,,,,,
kb_latency_compress,large,1536,68209.85317200000,payloads/matrix_large.bin,intermediate/task_kb_latency_compress_1536mb_large_4.out,264161412,249631588,45094.733,18907.789304,4083.506264,68086.028568,5.85792200000000,61.131677000000003,6346.962669,4083.506264,38747.770331,,2000,,,,,
kb_latency_compress,large,1536,67472.29647600000,payloads/matrix_large.bin,intermediate/task_kb_latency_compress_1536mb_large_5.out,264161412,249631588,43761.95429,19022.18762,4504.596511,67288.738421,6.0363259999999999,55.417081000000003,6484.915303,4504.596511,37277.038987,,2000,,,,,
kb_latency_compress,large,1536,66797.07050300000,payloads/matrix_large.bin,intermediate/task_kb_latency_compress_1536mb_large_6.out,264161412,249631588,43414.376034,18797.439807,4470.119724,66681.935565,6.084653000000000,55.84449700000000,6295.584985,4470.119724,37118.791049,,2000,,,,,
kb_latency_compress,large,2048,72724.20930900000,payloads/matrix_large.bin,intermediate/task_kb_latency_compress_2048mb_large_2.out,264161412,249631588,44068.24774,24422.791004,4146.218012,72637.256756,5.994371000000000,60.20705800000000,5965.097335,4146.218012,38103.150405,,2000,,,,,
kb_latency_compress,large,2048,72709.24067499999,payloads/matrix_large.bin,intermediate/task_kb_latency_compress_2048mb_large_3.out,264161412,249631588,44013.183729,24431.359996,4183.963035,72628.50676,6.0018700000000003,59.663908999999997,6940.820852,4183.963035,37072.362877,,2000,,,,,
kb_latency_compress,large,2048,72259.90414600000,payloads/matrix_large.bin,intermediate/task_kb_latency_compress_2048mb_large_4.out,264161412,249631588,43469.878047,24583.837948,4030.41354,72084.129535,6.076884000000000,61.936965999999998,5992.191773,4030.41354,37477.686274,,2000,,,,,
kb_latency_compress,large,2048,74343.49989900000,payloads/matrix_large.bin,intermediate/task_kb_latency_compress_2048mb_large_5.out,264161412,249631588,45837.882893,24571.552364,3855.801682,74265.236939,5.762950000000000,64.74181200000000,5975.912768,3855.801682,39861.970125,,2000,,,,,
kb_latency_compress,large,2048,70989.50433700001,payloads/matrix_large.bin,intermediate/task_kb_latency_compress_2048mb_large_6.out,264161412,249631588,42649.23185,24414.456435,3735.227469,70798.915754,6.1938139999999997,66.83169599999999,5731.641654,3735.227469,36917.590196,,2000,,,,,
kb_latency_compress,large,1024,95655.62391300000,payloads/matrix_large.bin,intermediate/task_kb_latency_compress_1024mb_large_2.out,264161412,249631588,46942.213025,42144.348298,6363.719752,95450.281075,5.627374000000000,39.22730700000000,10632.909827,6363.719752,36309.303198,,2000,,,,,
kb_latency_compress,large,1024,93965.78669500000,payloads/matrix_large.bin,intermediate/task_kb_latency_compress_1024mb_large_3.out,264161412,249631588,45984.941626,41932.624112,5954.306293,93871.872031,5.744520000000000,41.92454600000000,9872.977868,5954.306293,36111.963758,,2000,,,,,
kb_latency_compress,large,1024,95702.55541800000,payloads/matrix_large.bin,intermediate/task_kb_latency_compress_1024mb_large_4.out,264161412,249631588,47615.939412,41845.633268,6104.500614,95566.073294,5.547752000000000,40.89304000000000,9968.892938,6104.500614,37647.046474,,2000,,,,,
kb_latency_compress,large,1024,96372.20287300000,payloads/matrix_large.bin,intermediate/task_kb_latency_compress_1024mb_large_5.out,264161412,249631588,48925.413896,41607.665602,5490.274596,96023.354094,5.399268000000000,45.467959999999998,10409.938102,5490.274596,38515.475794,,2000,,,,,
kb_latency_compress,large,1024,97366.76979100000,payloads/matrix_large.bin,intermediate/task_kb_latency_compress_1024mb_large_6.out,264161412,249631588,49743.20031,41739.544901,5800.25802,97283.003231,5.3105029999999998,43.03801400000000,9992.57102,5800.25802,39750.62929,,2000,,,,,
kb_latency_compress,medium,2048,35023.499966000003,payloads/matrix_medium.bin,intermediate/task_kb_latency_compress_2048mb_medium_2.out,53923852,49893161,29416.692452,4811.371809,665.031596,34893.095857,1.8331040000000001,75.02374500000001,1190.99744,665.031596,28225.695012,,1500,,,,,
kb_latency_compress,medium,2048,35547.44648900000,payloads/matrix_medium.bin,intermediate/task_kb_latency_compress_2048mb_medium_3.out,53923852,49893161,29967.946487,4815.469583,662.79299,35446.20906,1.7993840000000001,75.27714000000000,1236.722497,662.79299,28731.22399,,1500,,,,,
kb_latency_compress,medium,2048,35137.2230050000,payloads/matrix_medium.bin,intermediate/task_kb_latency_compress_2048mb_medium_4.out,53923852,49893161,29099.246037,4843.716332,789.588742,34732.551111,1.8531010000000001,63.188794999999999,1270.155466,789.588742,27829.090571,,1500,,,,,
kb_latency_compress,medium,2048,36053.945541000001,payloads/matrix_medium.bin,intermediate/task_kb_latency_compress_2048mb_medium_5.out,53923852,49893161,30149.065659,4924.020271,855.578195,35928.664125,1.7885750000000000,58.31513900000000,1193.676384,855.578195,28955.389275,,1500,,,,,
kb_latency_compress,medium,2048,34889.32919500000,payloads/matrix_medium.bin,intermediate/task_kb_latency_compress_2048mb_medium_6.out,53923852,49893161,29319.6979,4863.864965,639.155797,34822.718662,1.8391679999999999,78.06103200000000,1295.191148,639.155797,28024.506752,,1500,,,,,
kb_latency_compress,medium,1536,33903.65552900000,payloads/matrix_medium.bin,intermediate/task_kb_latency_compress_1536mb_medium_2.out,53923852,49893161,29188.175667,3766.558585,810.926292,33765.660544,1.8474550000000001,61.52613600000000,1404.816834,810.926292,27783.358833,,1500,,,,,
kb_latency_compress,medium,1536,33291.74470900000,payloads/matrix_medium.bin,intermediate/task_kb_latency_compress_1536mb_medium_3.out,53923852,49893161,28569.598085,3694.079396,898.466078,33162.143559,1.8874560000000000,55.531491000000003,1131.491778,898.466078,27438.106307,,1500,,,,,
kb_latency_compress,medium,1536,31858.67190400000,payloads/matrix_medium.bin,intermediate/task_kb_latency_compress_1536mb_medium_4.out,53923852,49893161,27183.539154,3742.902178,836.072598,31762.51393,1.9836950000000000,59.67563200000000,1375.707365,836.072598,25807.831789,,1500,,,,,
kb_latency_compress,medium,1536,35033.92791700000,payloads/matrix_medium.bin,intermediate/task_kb_latency_compress_1536mb_medium_5.out,53923852,49893161,30418.327486,3709.821497,794.911716,34923.060699,1.772742000000000,62.76566300000000,1118.487067,794.911716,29299.840419,,1500,,,,,
kb_latency_compress,medium,1536,31446.49624800000,payloads/matrix_medium.bin,intermediate/task_kb_latency_compress_1536mb_medium_6.out,53923852,49893161,26739.299235,3735.844058,780.676879,31255.820172,2.016652000000000,63.91013000000000,1251.025776,780.676879,25488.273459,,1500,,,,,
kb_latency_compress,medium,1024,41742.730379000001,payloads/matrix_medium.bin,intermediate/task_kb_latency_compress_1024mb_medium_2.out,53923852,49893161,31921.05546,8310.183954,1082.592226,41313.83164,1.689288000000000,46.086753000000002,2056.139475,1082.592226,29864.915985,,1500,,,,,
kb_latency_compress,medium,1024,41175.737380999999,payloads/matrix_medium.bin,intermediate/task_kb_latency_compress_1024mb_medium_3.out,53923852,49893161,31571.369112,8307.183665,1144.199399,41022.752176,1.707999000000000,43.60530300000000,2117.846032,1144.199399,29453.52308,,1500,,,,,
kb_latency_compress,medium,1024,40970.32713900000,payloads/matrix_medium.bin,intermediate/task_kb_latency_compress_1024mb_medium_4.out,53923852,49893161,31091.427699,8319.087839,1215.116783,40625.632321,1.7343640000000000,41.06038300000000,2245.343685,1215.116783,28846.084014,,1500,,,,,
kb_latency_compress,medium,1024,41878.69572600000,payloads/matrix_medium.bin,intermediate/task_kb_latency_compress_1024mb_medium_5.out,53923852,49893161,32086.067305,8429.086451,1266.639334,41781.79309,1.6806000000000001,39.390188000000002,2340.072415,1266.639334,29745.99489,,1500,,,,,
kb_latency_compress,medium,1024,40987.547636000003,payloads/matrix_medium.bin,intermediate/task_kb_latency_compress_1024mb_medium_6.out,53923852,49893161,31330.951599,8232.426843,1157.865982,40721.244424,1.7211050000000001,43.09061800000000,2261.708256,1157.865982,29069.243343,,1500
