task,payload_size,memory_mb,invocation_latency_ms,input_key,output_key,input_size_bytes,output_size_bytes,download_time_ms,compute_time_ms,upload_time_ms,total_time_ms,download_bandwidth_mbs,upload_bandwidth_mbs,primary_download_time_ms,primary_upload_time_ms,additional_download_time_ms,additional_upload_time_ms,additional_download_count,additional_upload_count,step,chain,run_id,error
ae_passthrough_matrix_multiply,micro,128,624.6302130000000,payloads/matrix_micro.bin,intermediate/task_ae_passthrough_matrix_multiply_128mb_micro_1.out,102156,102156,218.831138,0.335139,183.380658,402.546935,0.4668260000000000,0.557071000000000,,,,,,,,,,
ae_passthrough_matrix_multiply,micro,128,492.8920270000000,payloads/matrix_micro.bin,intermediate/task_ae_passthrough_matrix_multiply_128mb_micro_2.out,102156,102156,200.807389,0.339572,158.33551,359.482471,0.5087260000000000,0.6451870000000000,,,,,,,,,,
ae_passthrough_matrix_multiply,micro,128,455.37281000000002,payloads/matrix_micro.bin,intermediate/task_ae_passthrough_matrix_multiply_128mb_micro_3.out,102156,102156,219.133792,0.30193,100.263223,319.698945,0.4661810000000000,1.0188780000000000,,,,,,,,,,
ae_passthrough_matrix_multiply,micro,128,724.3368630000000,payloads/matrix_micro.bin,intermediate/task_ae_passthrough_matrix_multiply_128mb_micro_4.out,102156,102156,199.793978,0.308731,181.31983,381.422539,0.5113070000000000,0.5634020000000000,,,,,,,,,,
ae_passthrough_matrix_multiply,micro,128,516.4546970000000,payloads/matrix_micro.bin,intermediate/task_ae_passthrough_matrix_multiply_128mb_micro_5.out,102156,102156,199.155086,0.283738,180.317513,379.756337,0.5129470000000000,0.5665340000000000,,,,,,,,,,
ae_passthrough_matrix_multiply,micro,256,330.2016260000000,payloads/matrix_micro.bin,intermediate/task_ae_passthrough_matrix_multiply_256mb_micro_1.out,102156,102156,129.740237,0.304609,79.76226,209.807106,0.7873890000000000,1.2807560000000000,,,,,,,,,,
ae_passthrough_matrix_multiply,micro,256,322.0844270000000,payloads/matrix_micro.bin,intermediate/task_ae_passthrough_matrix_multiply_256mb_micro_2.out,102156,102156,118.166174,0.293816,45.322488,163.782478,0.8645110000000000,2.253980000000000,,,,,,,,,,
ae_passthrough_matrix_multiply,micro,256,315.5539040000000,payloads/matrix_micro.bin,intermediate/task_ae_passthrough_matrix_multiply_256mb_micro_3.out,102156,102156,130.908579,0.309977,56.499482,187.718038,0.7803610000000000,1.8080870000000000,,,,,,,,,,
ae_passthrough_matrix_multiply,micro,256,421.0834500000000,payloads/matrix_micro.bin,intermediate/task_ae_passthrough_matrix_multiply_256mb_micro_4.out,102156,102156,110.412842,0.345921,50.863629,161.622392,0.925218000000000,2.008429000000000,,,,,,,,,,
ae_passthrough_matrix_multiply,micro,256,319.2267420000000,payloads/matrix_micro.bin,intermediate/task_ae_passthrough_matrix_multiply_256mb_micro_5.out,102156,102156,130.185672,0.305607,48.814853,179.306132,0.7846950000000000,2.092724000000000,,,,,,,,,,
ae_passthrough_matrix_multiply,micro,512,299.100399000000,payloads/matrix_micro.bin,intermediate/task_ae_passthrough_matrix_multiply_512mb_micro_1.out,102156,102156,75.960683,0.277658,58.31315,134.551491,1.3448540000000000,1.7518520000000000,,,,,,,,,,
ae_passthrough_matrix_multiply,micro,512,237.05744700000000,payloads/matrix_micro.bin,intermediate/task_ae_passthrough_matrix_multiply_512mb_micro_2.out,102156,102156,70.468842,0.292603,38.32321,109.084655,1.4496620000000000,2.6656430000000002,,,,,,,,,,
ae_passthrough_matrix_multiply,micro,512,160.11595700000001,payloads/matrix_micro.bin,intermediate/task_ae_passthrough_matrix_multiply_512mb_micro_3.out,102156,102156,60.917625,0.339057,40.331401,101.588083,1.676953000000000,2.5329150000000000,,,,,,,,,,
ae_passthrough_matrix_multiply,micro,512,171.35906199999999,payloads/matrix_micro.bin,intermediate/task_ae_passthrough_matrix_multiply_512mb_micro_4.out,102156,102156,80.883482,0.258662,34.333613,115.475757,1.2630020000000000,2.975393000000000,,,,,,,,,,
ae_passthrough_matrix_multiply,micro,512,212.45622599999999,payloads/matrix_micro.bin,intermediate/task_ae_passthrough_matrix_multiply_512mb_micro_5.out,102156,102156,69.83563,0.290089,50.127488,120.253207,1.4628060000000001,2.0379239999999998,,,,,,,,,,
ae_passthrough_matrix_multiply,micro,768,215.9113880000000,payloads/matrix_micro.bin,intermediate/task_ae_passthrough_matrix_multiply_768mb_micro_1.out,102156,102156,59.690139,0.275756,46.546259,106.512154,1.7114380000000000,2.1947199999999998,,,,,,,,,,
ae_passthrough_matrix_multiply,micro,768,216.59135800000001,payloads/matrix_micro.bin,intermediate/task_ae_passthrough_matrix_multiply_768mb_micro_2.out,102156,102156,72.33587,0.278609,43.2299,115.844379,1.4122450000000000,2.3630870000000002,,,,,,,,,,
ae_passthrough_matrix_multiply,micro,768,216.7975900000000,payloads/matrix_micro.bin,intermediate/task_ae_passthrough_matrix_multiply_768mb_micro_3.out,102156,102156,49.603702,0.341517,56.46098,106.406199,2.0594429999999999,1.8093200000000000,,,,,,,,,,
ae_passthrough_matrix_multiply,micro,768,168.62797699999999,payloads/matrix_micro.bin,intermediate/task_ae_passthrough_matrix_multiply_768mb_micro_4.out,102156,102156,65.548687,0.275494,33.005532,98.829713,1.5584750000000001,3.095118000000000,,,,,,,,,,
ae_passthrough_matrix_multiply,micro,768,264.27316700000000,payloads/matrix_micro.bin,intermediate/task_ae_passthrough_matrix_multiply_768mb_micro_5.out,102156,102156,63.499148,0.264186,40.852303,104.615637,1.6087769999999999,2.500618000000000,,,,,,,,,,
ae_passthrough_matrix_multiply,micro,1024,214.91384500000001,payloads/matrix_micro.bin,intermediate/task_ae_passthrough_matrix_multiply_1024mb_micro_1.out,102156,102156,45.232396,0.191936,38.179777,83.604109,2.25847000000000,2.675657000000000,,,,,,,,,,
ae_passthrough_matrix_multiply,micro,1024,216.36438400000000,payloads/matrix_micro.bin,intermediate/task_ae_passthrough_matrix_multiply_1024mb_micro_2.out,102156,102156,43.403915,0.312671,40.669169,84.385755,2.3536130000000002,2.511878000000000,,,,,,,,,,
ae_passthrough_matrix_multiply,micro,1024,148.20623399999999,payloads/matrix_micro.bin,intermediate/task_ae_passthrough_matrix_multiply_1024mb_micro_3.out,102156,102156,47.214925,0.300064,37.711632,85.226621,2.1636380000000002,2.7088719999999999,,,,,,,,,,
ae_passthrough_matrix_multiply,micro,1024,141.30497000000000,payloads/matrix_micro.bin,intermediate/task_ae_passthrough_matrix_multiply_1024mb_micro_4.out,102156,102156,45.691159,0.333726,39.934021,85.958906,2.2357939999999998,2.5581200000000002,,,,,,,,,,
ae_passthrough_matrix_multiply,micro,1024,148.26703100000000,payloads/matrix_micro.bin,intermediate/task_ae_passthrough_matrix_multiply_1024mb_micro_5.out,102156,102156,55.064917,0.298785,33.590758,88.95446,1.8551920000000000,3.0411940000000000,,,,,,,,,,
ae_passthrough_matrix_multiply,micro,1536,216.22848500000001,payloads/matrix_micro.bin,intermediate/task_ae_passthrough_matrix_multiply_1536mb_micro_1.out,102156,102156,39.61858,4.356892,36.913744,80.889216,2.578487000000000,2.767425000000000,,,,,,,,,,
ae_passthrough_matrix_multiply,micro,1536,215.99936500000001,payloads/matrix_micro.bin,intermediate/task_ae_passthrough_matrix_multiply_1536mb_micro_2.out,102156,102156,47.785027,0.31413,37.783799,85.882956,2.1378240000000002,2.7036980000000002,,,,,,,,,,
ae_passthrough_matrix_multiply,micro,1536,216.5975570000000,payloads/matrix_micro.bin,intermediate/task_ae_passthrough_matrix_multiply_1536mb_micro_3.out,102156,102156,45.191651,0.353093,38.067099,83.611843,2.2605059999999999,2.6835770000000001,,,,,,,,,,
ae_passthrough_matrix_multiply,micro,1536,218.10388599999999,payloads/matrix_micro.bin,intermediate/task_ae_passthrough_matrix_multiply_1536mb_micro_4.out,102156,102156,43.015358,27.495357,44.166899,114.677614,2.3748730000000000,2.3129540000000000,,,,,,,,,,
ae_passthrough_matrix_multiply,micro,1536,148.3290200000000,payloads/matrix_micro.bin,intermediate/task_ae_passthrough_matrix_multiply_1536mb_micro_5.out,102156,102156,54.737273,0.284242,39.941518,94.963033,1.8662970000000001,2.5576390000000000,,,,,,,,,,
ae_passthrough_matrix_multiply,micro,2048,212.8448490000000,payloads/matrix_micro.bin,intermediate/task_ae_passthrough_matrix_multiply_2048mb_micro_1.out,102156,102156,49.564716,0.310602,40.610263,90.485581,2.061063000000000,2.5155219999999998,,,,,,,,,,
ae_passthrough_matrix_multiply,micro,2048,216.36962900000,payloads/matrix_micro.bin,intermediate/task_ae_passthrough_matrix_multiply_2048mb_micro_2.out,102156,102156,45.993263,0.305275,39.738051,86.036589,2.221108000000000,2.5707350000000000,,,,,,,,,,
ae_passthrough_matrix_multiply,micro,2048,218.20354499999999,payloads/matrix_micro.bin,intermediate/task_ae_passthrough_matrix_multiply_2048mb_micro_3.out,102156,102156,47.64797,0.342813,37.671814,85.662597,2.1439740000000000,2.711736000000000,,,,,,,,,,
ae_passthrough_matrix_multiply,micro,2048,214.97607199999999,payloads/matrix_micro.bin,intermediate/task_ae_passthrough_matrix_multiply_2048mb_micro_4.out,102156,102156,45.681657,0.278954,38.091857,84.052468,2.236259000000000,2.6818330000000001,,,,,,,,,,
ae_passthrough_matrix_multiply,micro,2048,135.1475720000000,payloads/matrix_micro.bin,intermediate/task_ae_passthrough_matrix_multiply_2048mb_micro_5.out,102156,102156,41.834361,0.305339,32.529022,74.668722,2.4419160000000000,3.1404570000000001,,,,,,,,,,
ae_passthrough_matrix_multiply,small,128,1857.7089309999999,payloads/matrix_small.bin,intermediate/task_ae_passthrough_matrix_multiply_128mb_small_1.out,5235852,5235852,421.894795,797.398266,483.017486,1702.310547,12.410326000000000,10.839881000000000,,,,,,,,,,
ae_passthrough_matrix_multiply,small,128,1878.485918000000,payloads/matrix_small.bin,intermediate/task_ae_passthrough_matrix_multiply_128mb_small_2.out,5235852,5235852,418.765924,758.892972,577.271427,1754.930323,12.50305200000000,9.07000000000000,,,,,,,,,,
ae_passthrough_matrix_multiply,small,128,1925.1549239999999,payloads/matrix_small.bin,intermediate/task_ae_passthrough_matrix_multiply_128mb_small_3.out,5235852,5235852,457.648182,663.114673,578.66704,1699.429895,11.440780000000000,9.048125000000001,,,,,,,,,,
ae_passthrough_matrix_multiply,small,128,1965.2509689999999,payloads/matrix_small.bin,intermediate/task_ae_passthrough_matrix_multiply_128mb_small_4.out,5235852,5235852,379.319676,760.774442,659.839125,1799.933243,13.803269999999999,7.935043000000000,,,,,,,,,,
ae_passthrough_matrix_multiply,small,128,1807.3108199999999,payloads/matrix_small.bin,intermediate/task_ae_passthrough_matrix_multiply_128mb_small_5.out,5235852,5235852,322.218217,680.979104,617.124735,1620.322056,16.249397999999999,8.484268999999999,,,,,,,,,,
ae_passthrough_matrix_multiply,small,256,998.9893440000000,payloads/matrix_small.bin,intermediate/task_ae_passthrough_matrix_multiply_256mb_small_1.out,5235852,5235852,180.396422,419.613718,294.830811,894.840951,29.024145999999998,17.758835999999999,,,,,,,,,,
ae_passthrough_matrix_multiply,small,256,1171.3321209999999,payloads/matrix_small.bin,intermediate/task_ae_passthrough_matrix_multiply_256mb_small_2.out,5235852,5235852,202.536204,360.83381,430.632223,994.002237,25.851437000000001,12.158523000000001,,,,,,,,,,
ae_passthrough_matrix_multiply,small,256,1082.9875469999999,payloads/matrix_small.bin,intermediate/task_ae_passthrough_matrix_multiply_256mb_small_3.out,5235852,5235852,220.143676,403.044456,320.873711,944.061843,23.783795000000001,16.317485000000001,,,,,,,,,,
ae_passthrough_matrix_multiply,small,256,1035.4516510000001,payloads/matrix_small.bin,intermediate/task_ae_passthrough_matrix_multiply_256mb_small_4.out,5235852,5235852,218.508705,321.79302,362.725908,903.027633,23.961755000000000,14.43473400000000,,,,,,,,,,
ae_passthrough_matrix_multiply,small,256,1159.682274000000,payloads/matrix_small.bin,intermediate/task_ae_passthrough_matrix_multiply_256mb_small_5.out,5235852,5235852,202.499478,417.445976,360.414107,980.359561,25.856126000000000,14.527323000000001,,,,,,,,,,
ae_passthrough_matrix_multiply,small,512,639.916182000000,payloads/matrix_small.bin,intermediate/task_ae_passthrough_matrix_multiply_512mb_small_1.out,5235852,5235852,119.971522,234.491498,227.017917,581.480937,43.642457000000000,23.06360700000000,,,,,,,,,,
ae_passthrough_matrix_multiply,small,512,567.1877860000000,payloads/matrix_small.bin,intermediate/task_ae_passthrough_matrix_multiply_512mb_small_2.out,5235852,5235852,117.536942,183.203814,213.388239,514.128995,44.546436999999997,24.536740999999999,,,,,,,,,,
ae_passthrough_matrix_multiply,small,512,566.7009350000000,payloads/matrix_small.bin,intermediate/task_ae_passthrough_matrix_multiply_512mb_small_3.out,5235852,5235852,90.048848,176.920953,184.514058,451.483859,58.14457500000000,28.37643900000000,,,,,,,,,,
ae_passthrough_matrix_multiply,small,512,626.1489390000000,payloads/matrix_small.bin,intermediate/task_ae_passthrough_matrix_multiply_512mb_small_4.out,5235852,5235852,106.294855,156.997998,186.903127,450.19598,49.25781200000000,28.013721000000000,,,,,,,,,,
ae_passthrough_matrix_multiply,small,512,928.4176830000000,payloads/matrix_small.bin,intermediate/task_ae_passthrough_matrix_multiply_512mb_small_5.out,5235852,5235852,131.165372,162.479316,280.68099,574.325678,39.91794400000000,18.65410300000000,,,,,,,,,,
ae_passthrough_matrix_multiply,small,768,499.59874200000002,payloads/matrix_small.bin,intermediate/task_ae_passthrough_matrix_multiply_768mb_small_1.out,5235852,5235852,83.185386,91.362311,190.31166,364.859357,62.941969000000000,27.511987000000001,,,,,,,,,,
ae_passthrough_matrix_multiply,small,768,544.219971000000,payloads/matrix_small.bin,intermediate/task_ae_passthrough_matrix_multiply_768mb_small_2.out,5235852,5235852,97.872621,100.914922,244.23574,443.023283,53.496594999999999,21.43769800000000,,,,,,,,,,
ae_passthrough_matrix_multiply,small,768,461.96627599999999,payloads/matrix_small.bin,intermediate/task_ae_passthrough_matrix_multiply_768mb_small_3.out,5235852,5235852,81.00434,110.408986,214.627912,406.041238,64.63668500000000,24.39501900000000,,,,,,,,,,
ae_passthrough_matrix_multiply,small,768,585.028887000000,payloads/matrix_small.bin,intermediate/task_ae_passthrough_matrix_multiply_768mb_small_4.out,5235852,5235852,87.836854,98.129457,219.698235,405.664546,59.60882900000000,23.832017000000000,,,,,,,,,,
ae_passthrough_matrix_multiply,small,768,420.8550450000000,payloads/matrix_small.bin,intermediate/task_ae_passthrough_matrix_multiply_768mb_small_5.out,5235852,5235852,74.925618,110.85008,156.596645,342.372343,69.88066499999999,33.43527600000000,,,,,,,,,,
ae_passthrough_matrix_multiply,small,1024,427.29687699999999,payloads/matrix_small.bin,intermediate/task_ae_passthrough_matrix_multiply_1024mb_small_1.out,5235852,5235852,74.046849,93.030115,201.542526,368.61949,70.70999100000000,25.97889400000000,,,,,,,,,,
ae_passthrough_matrix_multiply,small,1024,413.8224120000000,payloads/matrix_small.bin,intermediate/task_ae_passthrough_matrix_multiply_1024mb_small_2.out,5235852,5235852,92.752993,67.992225,155.927475,316.672693,56.44941300000000,33.578764999999997,,,,,,,,,,
ae_passthrough_matrix_multiply,small,1024,374.50289700000002,payloads/matrix_small.bin,intermediate/task_ae_passthrough_matrix_multiply_1024mb_small_3.out,5235852,5235852,76.071376,59.214287,188.534028,323.819691,68.82814900000000,27.771390000000000,,,,,,,,,,
ae_passthrough_matrix_multiply,small,1024,469.12074100000001,payloads/matrix_small.bin,intermediate/task_ae_passthrough_matrix_multiply_1024mb_small_4.out,5235852,5235852,76.245678,78.61653,179.149373,334.011581,68.6708040000000,29.226181000000000,,,,,,,,,,
ae_passthrough_matrix_multiply,small,1024,420.1924800000000,payloads/matrix_small.bin,intermediate/task_ae_passthrough_matrix_multiply_1024mb_small_5.out,5235852,5235852,91.738558,66.867674,162.990501,321.596733,57.07362400000000,32.12366300000000,,,,,,,,,,
ae_passthrough_matrix_multiply,small,1536,311.0065460000000,payloads/matrix_small.bin,intermediate/task_ae_passthrough_matrix_multiply_1536mb_small_1.out,5235852,5235852,73.101628,56.099515,130.532939,259.734082,71.62428700000000,40.111347000000002,,,,,,,,,,
ae_passthrough_matrix_multiply,small,1536,325.1616950000000,payloads/matrix_small.bin,intermediate/task_ae_passthrough_matrix_multiply_1536mb_small_2.out,5235852,5235852,70.629044,38.18848,136.915845,245.733369,74.13171300000000,38.24138800000000,,,,,,,,,,
ae_passthrough_matrix_multiply,small,1536,322.3140240000000,payloads/matrix_small.bin,intermediate/task_ae_passthrough_matrix_multiply_1536mb_small_3.out,5235852,5235852,74.799353,63.071701,121.752808,259.623862,69.99862700000000,43.00395300000000,,,,,,,,,,
ae_passthrough_matrix_multiply,small,1536,346.0054400000000,payloads/matrix_small.bin,intermediate/task_ae_passthrough_matrix_multiply_1536mb_small_4.out,5235852,5235852,73.686193,49.913709,160.927678,284.52758,71.05607999999999,32.535435000000000,,,,,,,,,,
ae_passthrough_matrix_multiply,small,1536,389.58168000000001,payloads/matrix_small.bin,intermediate/task_ae_passthrough_matrix_multiply_1536mb_small_5.out,5235852,5235852,73.795445,46.563258,170.485501,290.844204,70.95088300000000,30.71142100000000,,,,,,,,,,
ae_passthrough_matrix_multiply,small,2048,333.0409530000000,payloads/matrix_small.bin,intermediate/task_ae_passthrough_matrix_multiply_2048mb_small_1.out,5235852,5235852,76.359698,45.125482,105.968163,227.453343,68.5682650000000,49.40967000000000,,,,,,,,,,
ae_passthrough_matrix_multiply,small,2048,319.25392199999999,payloads/matrix_small.bin,intermediate/task_ae_passthrough_matrix_multiply_2048mb_small_2.out,5235852,5235852,71.04791,38.834643,111.155463,221.038016,73.69466600000000,47.10386600000000,,,,,,,,,,
ae_passthrough_matrix_multiply,small,2048,420.9270480000000,payloads/matrix_small.bin,intermediate/task_ae_passthrough_matrix_multiply_2048mb_small_3.out,5235852,5235852,129.242478,36.868286,130.20842,296.319184,40.511851000000000,40.21131700000000,,,,,,,,,,
ae_passthrough_matrix_multiply,small,2048,421.74649199999999,payloads/matrix_small.bin,intermediate/task_ae_passthrough_matrix_multiply_2048mb_small_4.out,5235852,5235852,85.632667,29.058,153.48474,268.175407,61.143161999999997,34.11317600000000,,,,,,,,,,
ae_passthrough_matrix_multiply,small,2048,419.44384600000001,payloads/matrix_small.bin,intermediate/task_ae_passthrough_matrix_multiply_2048mb_small_5.out,5235852,5235852,76.11325,33.233505,132.292936,241.639691,68.790283000000,39.577714000000,,,,,,,,,,
ae_passthrough_matrix_multiply,medium,512,5926.97811100000,payloads/matrix_medium.bin,intermediate/task_ae_passthrough_matrix_multiply_512mb_medium_1.out,52387852,52387852,569.388087,3995.715508,1240.579559,5805.683154,92.00728500000000,42.228530999999997,,,,,,,,,,
ae_passthrough_matrix_multiply,medium,512,5954.890728000000,payloads/matrix_medium.bin,intermediate/task_ae_passthrough_matrix_multiply_512mb_medium_2.out,52387852,52387852,572.598521,4032.9653,1282.234055,5887.797876,91.49142000000001,40.85670000000000,,,,,,,,,,
ae_passthrough_matrix_multiply,medium,512,5947.65043300000,payloads/matrix_medium.bin,intermediate/task_ae_passthrough_matrix_multiply_512mb_medium_3.out,52387852,52387852,557.720283,3992.520225,1219.766481,5770.006989,93.93212600000000,42.949083000000002,,,,,,,,,,
ae_passthrough_matrix_multiply,medium,512,5846.046925000000,payloads/matrix_medium.bin,intermediate/task_ae_passthrough_matrix_multiply_512mb_medium_4.out,52387852,52387852,584.849136,3953.424928,1210.719204,5748.993268,89.57498400000000,43.2700260000000,,,,,,,,,,
ae_passthrough_matrix_multiply,medium,512,5906.325579000000,payloads/matrix_medium.bin,intermediate/task_ae_passthrough_matrix_multiply_512mb_medium_5.out,52387852,52387852,578.823025,4054.463817,1212.782047,5846.068889,90.50754700000000,43.196427999999997,,,,,,,,,,
ae_passthrough_matrix_multiply,medium,768,4025.437832000000,payloads/matrix_medium.bin,intermediate/task_ae_passthrough_matrix_multiply_768mb_medium_1.out,52387852,52387852,550.7532,2602.515328,778.472002,3931.74053,95.12037700000000,67.29574300000000,,,,,,,,,,
ae_passthrough_matrix_multiply,medium,768,4188.5786060000000,payloads/matrix_medium.bin,intermediate/task_ae_passthrough_matrix_multiply_768mb_medium_2.out,52387852,52387852,546.18459,2523.823562,732.459489,3802.467641,95.9160200000000,71.52320700000000,,,,,,,,,,
ae_passthrough_matrix_multiply,medium,768,3902.693510000000,payloads/matrix_medium.bin,intermediate/task_ae_passthrough_matrix_multiply_768mb_medium_3.out,52387852,52387852,555.356807,2550.428451,732.408388,3838.193646,94.3318810000000,71.52819800000000,,,,,,,,,,
ae_passthrough_matrix_multiply,medium,768,4107.448101000000,payloads/matrix_medium.bin,intermediate/task_ae_passthrough_matrix_multiply_768mb_medium_4.out,52387852,52387852,555.823821,2508.381793,894.316519,3958.522133,94.25262100000000,58.57864700000000,,,,,,,,,,
ae_passthrough_matrix_multiply,medium,768,4006.5958500000002,payloads/matrix_medium.bin,intermediate/task_ae_passthrough_matrix_multiply_768mb_medium_5.out,52387852,52387852,569.393208,2552.71603,772.498948,3894.608186,92.00645799999999,67.8160820000000,,,,,,,,,,
ae_passthrough_matrix_multiply,medium,1024,3389.486313000000,payloads/matrix_medium.bin,intermediate/task_ae_passthrough_matrix_multiply_1024mb_medium_1.out,52387852,52387852,548.975726,2034.549463,626.723345,3210.248534,95.4283580000000,83.59007600000000,,,,,,,,,,
ae_passthrough_matrix_multiply,medium,1024,3289.5545959999999,payloads/matrix_medium.bin,intermediate/task_ae_passthrough_matrix_multiply_1024mb_medium_2.out,52387852,52387852,544.52667,2007.135969,626.319477,3177.982116,96.20805500000000,83.64397700000001,,,,,,,,,,
ae_passthrough_matrix_multiply,medium,1024,3366.048574000000,payloads/matrix_medium.bin,intermediate/task_ae_passthrough_matrix_multiply_1024mb_medium_3.out,52387852,52387852,542.455944,2126.499203,628.420516,3297.375663,96.57531200000000,83.36432499999999,,,,,,,,,,
ae_passthrough_matrix_multiply,medium,1024,3311.9289880000001,payloads/matrix_medium.bin,intermediate/task_ae_passthrough_matrix_multiply_1024mb_medium_4.out,52387852,52387852,552.034599,2032.634538,604.003092,3188.672229,94.8995810000000,86.73441000000000,,,,,,,,,,
ae_passthrough_matrix_multiply,medium,1024,3469.329834000000,payloads/matrix_medium.bin,intermediate/task_ae_passthrough_matrix_multiply_1024mb_medium_5.out,52387852,52387852,551.329546,2033.368453,821.114789,3405.812788,95.0209410000000,63.80088700000000,,,,,,,,,,
ae_passthrough_matrix_multiply,medium,1536,2490.3717040000001,payloads/matrix_medium.bin,intermediate/task_ae_passthrough_matrix_multiply_1536mb_medium_1.out,52387852,52387852,543.375094,1336.165704,479.498823,2359.039621,96.41194900000001,109.25543399999999,,,,,,,,,,
ae_passthrough_matrix_multiply,medium,1536,2466.506004000000,payloads/matrix_medium.bin,intermediate/task_ae_passthrough_matrix_multiply_1536mb_medium_2.out,52387852,52387852,542.6138,1325.016201,534.338134,2401.968135,96.54721600000001,98.04250999999999,,,,,,,,,,
ae_passthrough_matrix_multiply,medium,1536,2409.0049270000000,payloads/matrix_medium.bin,intermediate/task_ae_passthrough_matrix_multiply_1536mb_medium_3.out,52387852,52387852,545.798838,1314.339315,478.490244,2338.628397,95.98381000000001,109.4857270000000,,,,,,,,,,
ae_passthrough_matrix_multiply,medium,1536,2429.7773840000000,payloads/matrix_medium.bin,intermediate/task_ae_passthrough_matrix_multiply_1536mb_medium_4.out,52387852,52387852,541.555329,1319.378867,482.631218,2343.565414,96.73591800000000,108.54633900000000,,,,,,,,,,
ae_passthrough_matrix_multiply,medium,1536,2391.744375000000,payloads/matrix_medium.bin,intermediate/task_ae_passthrough_matrix_multiply_1536mb_medium_5.out,52387852,52387852,542.230404,1301.42102,490.435134,2334.086558,96.61548200000000,106.8191250000000,,,,,,,,,,
ae_passthrough_matrix_multiply,medium,2048,2367.2642710000000,payloads/matrix_medium.bin,intermediate/task_ae_passthrough_matrix_multiply_2048mb_medium_1.out,52387852,52387852,545.464714,963.802445,516.250471,2025.51763,96.04260499999999,101.47758700000000,,,,,,,,,,
ae_passthrough_matrix_multiply,medium,2048,2161.510229000000,payloads/matrix_medium.bin,intermediate/task_ae_passthrough_matrix_multiply_2048mb_medium_2.out,52387852,52387852,542.237075,978.285299,476.912713,1997.435087,96.61429400000000,109.84788300000000,,,,,,,,,,
ae_passthrough_matrix_multiply,medium,2048,2092.395306000000,payloads/matrix_medium.bin,intermediate/task_ae_passthrough_matrix_multiply_2048mb_medium_3.out,52387852,52387852,549.291127,960.018294,506.069598,2015.379019,95.37356300000000,103.51906600000000,,,,,,,,,,
ae_passthrough_matrix_multiply,medium,2048,2845.2513220000001,payloads/matrix_medium.bin,intermediate/task_ae_passthrough_matrix_multiply_2048mb_medium_4.out,52387852,52387852,547.757631,1010.503359,1158.198005,2716.458995,95.64057000000000,45.23220700000000,,,,,,,,,,
ae_passthrough_matrix_multiply,medium,2048,2162.285566000000,payloads/matrix_medium.bin,intermediate/task_ae_passthrough_matrix_multiply_2048mb_medium_5.out,52387852,52387852,540.252489,996.310113,480.868651,2017.431253,96.9692010000000,108.94420300000000,,,,,,,,,,
ae_passthrough_matrix_multiply,large,1536,17774.407864000001,payloads/matrix_large.bin,intermediate/task_ae_passthrough_matrix_multiply_1536mb_large_1.out,262113412,262113412,2637.971686,12447.49795,2602.06563,17687.535266,99.36172300000000,100.73282100000000,,,,,,,,,,
ae_passthrough_matrix_multiply,large,1536,17415.78507400000,payloads/matrix_large.bin,intermediate/task_ae_passthrough_matrix_multiply_1536mb_large_2.out,262113412,262113412,2641.580837,12355.635559,2326.692966,17323.909362,99.22596700000000,112.65492100000000,,,,,,,,,,
ae_passthrough_matrix_multiply,large,1536,17684.203386000001,payloads/matrix_large.bin,intermediate/task_ae_passthrough_matrix_multiply_1536mb_large_3.out,262113412,262113412,2639.72752,12425.513247,2337.294043,17402.53481,99.29563200000000,112.14396100000000,,,,,,,,,,
ae_passthrough_matrix_multiply,large,1536,19569.39458800000,payloads/matrix_large.bin,intermediate/task_ae_passthrough_matrix_multiply_1536mb_large_4.out,262113412,262113412,2643.379691,12502.157301,4246.765079,19392.302071,99.15844199999999,61.7207230000000,,,,,,,,,,
ae_passthrough_matrix_multiply,large,1536,17725.685119999998,payloads/matrix_large.bin,intermediate/task_ae_passthrough_matrix_multiply_1536mb_large_5.out,262113412,262113412,2638.113778,12433.378069,2534.807098,17606.298945,99.35637100000000,103.40566400000000,,,,,,,,,,
ae_passthrough_matrix_multiply,large,2048,14483.989476999999,payloads/matrix_large.bin,intermediate/task_ae_passthrough_matrix_multiply_2048mb_large_1.out,262113412,262113412,2638.0229,9440.189095,2326.677686,14404.889681,99.35979399999999,112.65566099999999,,,,,,,,,,
ae_passthrough_matrix_multiply,large,2048,14185.420036000000,payloads/matrix_large.bin,intermediate/task_ae_passthrough_matrix_multiply_2048mb_large_2.out,262113412,262113412,2636.921231,9158.565666,2302.053587,14097.540484,99.40130499999999,113.86069100000000,,,,,,,,,,
ae_passthrough_matrix_multiply,large,2048,14164.968014000000,payloads/matrix_large.bin,intermediate/task_ae_passthrough_matrix_multiply_2048mb_large_3.out,262113412,262113412,2640.82307,9118.766728,2304.942545,14064.532343,99.25443900000000,113.71798099999999,,,,,,,,,,
ae_passthrough_matrix_multiply,large,2048,14348.091125000001,payloads/matrix_large.bin,intermediate/task_ae_passthrough_matrix_multiply_2048mb_large_4.out,262113412,262113412,2639.019493,9144.013521,2381.048278,14164.081292,99.32227200000000,110.08319899999999,,,,,,,,,,
ae_passthrough_matrix_multiply,large,2048,14348.363638000001,payloads/matrix_large.bin,intermediate/task_ae_passthrough_matrix_multiply_2048mb_large_5.out,262113412,262113412,2637.639772,9250.202596,2323.185229,14211.027597,99.37422599999999,112.8250170000000,,,,,,,,,,
ce_decompress_matrix_multiply,micro,128,690.6931400000000,payloads/matrix_micro.bin.gz,intermediate/task_ce_decompress_matrix_multiply_128mb_micro_1.out,97378,102156,240.080608,178.055591,161.016185,579.152384,0.405605000000000,0.6344460000000000,,,,,,,,,,
ce_decompress_matrix_multiply,micro,128,475.9683610000000,payloads/matrix_micro.bin.gz,intermediate/task_ce_decompress_matrix_multiply_128mb_micro_2.out,97378,102156,201.69784,1.055154,160.401182,363.154176,0.4827910000000000,0.6368780000000001,,,,,,,,,,
ce_decompress_matrix_multiply,micro,128,626.4019010000000,payloads/matrix_micro.bin.gz,intermediate/task_ce_decompress_matrix_multiply_128mb_micro_3.out,97378,102156,199.463043,1.060125,209.312671,409.835839,0.4882010000000000,0.48805500000000002,,,,,,,,,,
ce_decompress_matrix_multiply,micro,128,626.8882750000000,payloads/matrix_micro.bin.gz,intermediate/task_ce_decompress_matrix_multiply_128mb_micro_4.out,97378,102156,237.544602,0.992371,178.69171,417.228683,0.40993600000000002,0.5716890000000000,,,,,,,,,,
ce_decompress_matrix_multiply,micro,128,612.6890180000000,payloads/matrix_micro.bin.gz,intermediate/task_ce_decompress_matrix_multiply_128mb_micro_5.out,97378,102156,236.761093,1.007202,185.710419,423.478714,0.4112920000000000,0.5500820000000000,,,,,,,,,,
ce_decompress_matrix_multiply,micro,256,447.3421570000000,payloads/matrix_micro.bin.gz,intermediate/task_ce_decompress_matrix_multiply_256mb_micro_1.out,97378,102156,144.677312,1.000227,127.271564,272.949103,0.6730699999999999,0.8026620000000000,,,,,,,,,,
ce_decompress_matrix_multiply,micro,256,373.09885000000003,payloads/matrix_micro.bin.gz,intermediate/task_ce_decompress_matrix_multiply_256mb_micro_2.out,97378,102156,117.833365,1.056903,79.190131,198.080399,0.8264040000000000,1.2900090000000000,,,,,,,,,,
ce_decompress_matrix_multiply,micro,256,422.34182399999997,payloads/matrix_micro.bin.gz,intermediate/task_ce_decompress_matrix_multiply_256mb_micro_3.out,97378,102156,112.315875,1.029265,107.926576,221.271716,0.8670010000000000,0.9465320000000000,,,,,,,,,,
ce_decompress_matrix_multiply,micro,256,416.5670870000000,payloads/matrix_micro.bin.gz,intermediate/task_ce_decompress_matrix_multiply_256mb_micro_4.out,97378,102156,119.25607,1.000623,83.837723,204.094416,0.8165450000000000,1.2184969999999999,,,,,,,,,,
ce_decompress_matrix_multiply,micro,256,369.59361999999999,payloads/matrix_micro.bin.gz,intermediate/task_ce_decompress_matrix_multiply_256mb_micro_5.out,97378,102156,111.396638,0.992144,67.991253,180.380035,0.874156000000000,1.5024869999999999,,,,,,,,,,
ce_decompress_matrix_multiply,micro,512,409.4359870000000,payloads/matrix_micro.bin.gz,intermediate/task_ce_decompress_matrix_multiply_512mb_micro_1.out,97378,102156,59.513488,0.96789,45.982218,106.463596,1.6362340000000000,2.2216410000000000,,,,,,,,,,
ce_decompress_matrix_multiply,micro,512,318.78209099999998,payloads/matrix_micro.bin.gz,intermediate/task_ce_decompress_matrix_multiply_512mb_micro_2.out,97378,102156,76.601213,0.99561,60.504133,138.100956,1.271233000000000,1.6884140000000001,,,,,,,,,,
ce_decompress_matrix_multiply,micro,512,169.04449500000001,payloads/matrix_micro.bin.gz,intermediate/task_ce_decompress_matrix_multiply_512mb_micro_3.out,97378,102156,61.309958,1.093326,47.541654,109.944938,1.5882900000000000,2.148768000000000,,,,,,,,,,
ce_decompress_matrix_multiply,micro,512,263.8218400000000,payloads/matrix_micro.bin.gz,intermediate/task_ce_decompress_matrix_multiply_512mb_micro_4.out,97378,102156,78.206682,0.999674,38.994819,118.201175,1.2451369999999999,2.619733000000000,,,,,,,,,,
ce_decompress_matrix_multiply,micro,512,218.11628300000001,payloads/matrix_micro.bin.gz,intermediate/task_ce_decompress_matrix_multiply_512mb_micro_5.out,97378,102156,72.060334,1.095226,43.616606,116.772166,1.351340000000000,2.3421349999999999,,,,,,,,,,
ce_decompress_matrix_multiply,micro,768,183.2263470000000,payloads/matrix_micro.bin.gz,intermediate/task_ce_decompress_matrix_multiply_768mb_micro_1.out,97378,102156,61.808573,1.008342,45.024976,107.841891,1.575477000000000,2.268874000000000,,,,,,,,,,
ce_decompress_matrix_multiply,micro,768,160.54630299999999,payloads/matrix_micro.bin.gz,intermediate/task_ce_decompress_matrix_multiply_768mb_micro_2.out,97378,102156,56.577574,1.070259,43.031024,100.678857,1.7211410000000000,2.3740079999999999,,,,,,,,,,
ce_decompress_matrix_multiply,micro,768,202.3622990000000,payloads/matrix_micro.bin.gz,intermediate/task_ce_decompress_matrix_multiply_768mb_micro_3.out,97378,102156,37.615046,1.008813,45.997892,84.621751,2.588804000000000,2.2208839999999999,,,,,,,,,,
ce_decompress_matrix_multiply,micro,768,216.8715000000000,payloads/matrix_micro.bin.gz,intermediate/task_ce_decompress_matrix_multiply_768mb_micro_4.out,97378,102156,61.02411,0.98783,36.653264,98.665204,1.5957300000000001,2.787091000000000,,,,,,,,,,
ce_decompress_matrix_multiply,micro,768,160.71152699999999,payloads/matrix_micro.bin.gz,intermediate/task_ce_decompress_matrix_multiply_768mb_micro_5.out,97378,102156,62.660161,1.002056,38.377678,102.039895,1.5540659999999999,2.6618599999999999,,,,,,,,,,
ce_decompress_matrix_multiply,micro,1024,156.93378400000000,payloads/matrix_micro.bin.gz,intermediate/task_ce_decompress_matrix_multiply_1024mb_micro_1.out,97378,102156,50.107337,0.985415,39.920522,91.013274,1.9433879999999999,2.558985000000000,,,,,,,,,,
ce_decompress_matrix_multiply,micro,1024,140.07067699999999,payloads/matrix_micro.bin.gz,intermediate/task_ce_decompress_matrix_multiply_1024mb_micro_2.out,97378,102156,42.383662,1.012513,31.97977,75.375945,2.297536000000000,3.1943940000000000,,,,,,,,,,
ce_decompress_matrix_multiply,micro,1024,193.95756700000001,payloads/matrix_micro.bin.gz,intermediate/task_ce_decompress_matrix_multiply_1024mb_micro_3.out,97378,102156,58.47801,1.017152,37.259162,96.754324,1.665207000000000,2.741769000000000,,,,,,,,,,
ce_decompress_matrix_multiply,micro,1024,227.70285600000000,payloads/matrix_micro.bin.gz,intermediate/task_ce_decompress_matrix_multiply_1024mb_micro_4.out,97378,102156,55.272135,0.997178,36.517528,92.786841,1.7617920000000000,2.7974510000000001,,,,,,,,,,
ce_decompress_matrix_multiply,micro,1024,223.2532500000000,payloads/matrix_micro.bin.gz,intermediate/task_ce_decompress_matrix_multiply_1024mb_micro_5.out,97378,102156,41.010699,1.004264,61.234541,103.249504,2.374454000000000,1.6682740000000000,,,,,,,,,,
ce_decompress_matrix_multiply,micro,1536,208.91499500000000,payloads/matrix_micro.bin.gz,intermediate/task_ce_decompress_matrix_multiply_1536mb_micro_1.out,97378,102156,48.708062,0.999212,41.882655,91.589929,1.999217000000000,2.4390999999999998,,,,,,,,,,
ce_decompress_matrix_multiply,micro,1536,159.07907499999999,payloads/matrix_micro.bin.gz,intermediate/task_ce_decompress_matrix_multiply_1536mb_micro_2.out,97378,102156,46.241346,1.011707,51.741054,98.994107,2.105864000000000,1.9743700000000000,,,,,,,,,,
ce_decompress_matrix_multiply,micro,1536,143.1901450000000,payloads/matrix_micro.bin.gz,intermediate/task_ce_decompress_matrix_multiply_1536mb_micro_3.out,97378,102156,43.835077,1.206756,37.352939,82.394772,2.2214630000000000,2.734885000000000,,,,,,,,,,
ce_decompress_matrix_multiply,micro,1536,245.2254300000000,payloads/matrix_micro.bin.gz,intermediate/task_ce_decompress_matrix_multiply_1536mb_micro_4.out,97378,102156,50.351885,1.041798,36.925519,88.319202,1.9339489999999999,2.7665419999999998,,,,,,,,,,
ce_decompress_matrix_multiply,micro,1536,151.70550299999999,payloads/matrix_micro.bin.gz,intermediate/task_ce_decompress_matrix_multiply_1536mb_micro_5.out,97378,102156,42.440754,0.986669,46.813909,90.241332,2.2944460000000002,2.182172000000000,,,,,,,,,,
ce_decompress_matrix_multiply,micro,2048,276.2467860000000,payloads/matrix_micro.bin.gz,intermediate/task_ce_decompress_matrix_multiply_2048mb_micro_1.out,97378,102156,44.972981,0.888843,33.743791,79.605615,2.1652559999999998,3.0274009999999998,,,,,,,,,,
ce_decompress_matrix_multiply,micro,2048,215.8644200000000,payloads/matrix_micro.bin.gz,intermediate/task_ce_decompress_matrix_multiply_2048mb_micro_2.out,97378,102156,52.754846,0.954996,37.851134,91.560976,1.8458589999999999,2.6988889999999999,,,,,,,,,,
ce_decompress_matrix_multiply,micro,2048,220.52335700000000,payloads/matrix_micro.bin.gz,intermediate/task_ce_decompress_matrix_multiply_2048mb_micro_3.out,97378,102156,45.263045,0.893881,35.9101,82.067026,2.1513800000000001,2.8447710000000002,,,,,,,,,,
ce_decompress_matrix_multiply,micro,2048,212.54801800000001,payloads/matrix_micro.bin.gz,intermediate/task_ce_decompress_matrix_multiply_2048mb_micro_4.out,97378,102156,41.317467,0.887649,35.690743,77.895859,2.356824000000000,2.86225500000000,,,,,,,,,,
ce_decompress_matrix_multiply,micro,2048,136.8846890000000,payloads/matrix_micro.bin.gz,intermediate/task_ce_decompress_matrix_multiply_2048mb_micro_5.out,97378,102156,44.031418,0.905059,35.867963,80.80444,2.211557000000000,2.848113000000000,,,,,,,,,,
ce_decompress_matrix_multiply,small,128,2776.689053000000,payloads/matrix_small.bin.gz,intermediate/task_ce_decompress_matrix_multiply_128mb_small_1.out,4986764,5235852,420.623713,1281.259416,598.942832,2300.825961,11.855642000000000,8.741823000000000,,,,,,,,,,
ce_decompress_matrix_multiply,small,128,2571.446419000000,payloads/matrix_small.bin.gz,intermediate/task_ce_decompress_matrix_multiply_128mb_small_2.out,4986764,5235852,458.459027,1260.784357,707.272541,2426.515925,10.877229000000000,7.402878000000000,,,,,,,,,,
ce_decompress_matrix_multiply,small,128,2573.13871400000,payloads/matrix_small.bin.gz,intermediate/task_ce_decompress_matrix_multiply_128mb_small_3.out,4986764,5235852,419.745555,1220.732272,636.537402,2277.015229,11.8804450000000,8.225521000000001,,,,,,,,,,
ce_decompress_matrix_multiply,small,128,2368.248224000000,payloads/matrix_small.bin.gz,intermediate/task_ce_decompress_matrix_multiply_128mb_small_4.out,4986764,5235852,378.62097,1240.099746,639.008956,2257.729672,13.170861000000000,8.193707000000000,,,,,,,,,,
ce_decompress_matrix_multiply,small,128,2356.5125469999998,payloads/matrix_small.bin.gz,intermediate/task_ce_decompress_matrix_multiply_128mb_small_5.out,4986764,5235852,360.437953,1241.286065,631.898979,2233.622997,13.835291000000000,8.285900000000000,,,,,,,,,,
ce_decompress_matrix_multiply,small,256,1287.5025270000001,payloads/matrix_small.bin.gz,intermediate/task_ce_decompress_matrix_multiply_256mb_small_1.out,4986764,5235852,217.604167,620.771757,378.819878,1217.195802,22.916675000000001,13.821482000000000,,,,,,,,,,
ce_decompress_matrix_multiply,small,256,1271.0051539999999,payloads/matrix_small.bin.gz,intermediate/task_ce_decompress_matrix_multiply_256mb_small_2.out,4986764,5235852,200.079878,620.827111,370.481412,1191.388401,24.923866000000000,14.132562999999999,,,,,,,,,,
ce_decompress_matrix_multiply,small,256,1368.060827000000,payloads/matrix_small.bin.gz,intermediate/task_ce_decompress_matrix_multiply_256mb_small_3.out,4986764,5235852,197.934474,621.315967,393.704272,1212.954713,25.194013999999999,13.29894600000000,,,,,,,,,,
ce_decompress_matrix_multiply,small,256,1446.5904240000000,payloads/matrix_small.bin.gz,intermediate/task_ce_decompress_matrix_multiply_256mb_small_4.out,4986764,5235852,202.179726,640.047179,453.213905,1295.44081,24.6650050000000,11.552716999999999,,,,,,,,,,
ce_decompress_matrix_multiply,small,256,1332.8204149999999,payloads/matrix_small.bin.gz,intermediate/task_ce_decompress_matrix_multiply_256mb_small_5.out,4986764,5235852,238.82454,620.183556,398.526515,1257.534611,20.880451000000001,13.138026999999999,,,,,,,,,,
ce_decompress_matrix_multiply,small,512,709.4995980000000,payloads/matrix_small.bin.gz,intermediate/task_ce_decompress_matrix_multiply_512mb_small_1.out,4986764,5235852,105.98408,334.770744,212.077567,652.832391,47.052010000000003,24.688382000000001,,,,,,,,,,
ce_decompress_matrix_multiply,small,512,753.3106800000000,payloads/matrix_small.bin.gz,intermediate/task_ce_decompress_matrix_multiply_512mb_small_2.out,4986764,5235852,98.731363,317.306254,232.62498,648.662597,50.508408000000003,22.507694999999998,,,,,,,,,,
ce_decompress_matrix_multiply,small,512,829.4131760000000,payloads/matrix_small.bin.gz,intermediate/task_ce_decompress_matrix_multiply_512mb_small_3.out,4986764,5235852,95.600643,316.181072,273.197596,684.979311,52.16245300000000,19.165073000000000,,,,,,,,,,
ce_decompress_matrix_multiply,small,512,830.6541440000000,payloads/matrix_small.bin.gz,intermediate/task_ce_decompress_matrix_multiply_512mb_small_4.out,4986764,5235852,88.745589,335.902291,244.552701,669.200581,56.191682999999998,21.409913000000000,,,,,,,,,,
ce_decompress_matrix_multiply,small,512,832.2591780000000,payloads/matrix_small.bin.gz,intermediate/task_ce_decompress_matrix_multiply_512mb_small_5.out,4986764,5235852,116.013254,319.363738,243.778901,679.155893,42.98443300000000,21.477872000000001,,,,,,,,,,
ce_decompress_matrix_multiply,small,768,629.9386019999999,payloads/matrix_small.bin.gz,intermediate/task_ce_decompress_matrix_multiply_768mb_small_1.out,4986764,5235852,79.593618,176.719793,207.967617,464.281028,62.65281200000000,25.176285000000000,,,,,,,,,,
ce_decompress_matrix_multiply,small,768,626.0302070000000,payloads/matrix_small.bin.gz,intermediate/task_ce_decompress_matrix_multiply_768mb_small_2.out,4986764,5235852,84.724023,195.276639,186.924325,466.924987,58.85891400000000,28.010543999999999,,,,,,,,,,
ce_decompress_matrix_multiply,small,768,626.1651520000000,payloads/matrix_small.bin.gz,intermediate/task_ce_decompress_matrix_multiply_768mb_small_3.out,4986764,5235852,87.415868,187.961813,188.567722,463.945403,57.046438999999999,27.766428000000001,,,,,,,,,,
ce_decompress_matrix_multiply,small,768,465.3763770000000,payloads/matrix_small.bin.gz,intermediate/task_ce_decompress_matrix_multiply_768mb_small_4.out,4986764,5235852,81.573355,173.014072,157.348695,411.936122,61.13226600000000,33.27547100000000,,,,,,,,,,
ce_decompress_matrix_multiply,small,768,684.3650340000000,payloads/matrix_small.bin.gz,intermediate/task_ce_decompress_matrix_multiply_768mb_small_5.out,4986764,5235852,71.243001,172.748207,173.792672,417.78388,69.99654600000000,30.127001000000000,,,,,,,,,,
ce_decompress_matrix_multiply,small,1024,524.5287420000000,payloads/matrix_small.bin.gz,intermediate/task_ce_decompress_matrix_multiply_1024mb_small_1.out,4986764,5235852,84.113948,160.434407,193.720574,438.268929,59.28581500000000,27.027857000000001,,,,,,,,,,
ce_decompress_matrix_multiply,small,1024,522.968054000000,payloads/matrix_small.bin.gz,intermediate/task_ce_decompress_matrix_multiply_1024mb_small_2.out,4986764,5235852,83.324042,159.153851,160.13483,402.612723,59.84784100000000,32.69652200000000,,,,,,,,,,
ce_decompress_matrix_multiply,small,1024,523.6291890000000,payloads/matrix_small.bin.gz,intermediate/task_ce_decompress_matrix_multiply_1024mb_small_3.out,4986764,5235852,75.391894,157.612364,186.540062,419.54432,66.14456500000000,28.06824400000000,,,,,,,,,,
ce_decompress_matrix_multiply,small,1024,625.4441740000000,payloads/matrix_small.bin.gz,intermediate/task_ce_decompress_matrix_multiply_1024mb_small_4.out,4986764,5235852,68.030043,144.31526,188.714235,401.059538,73.30237900000000,27.744869999999999,,,,,,,,,,
ce_decompress_matrix_multiply,small,1024,523.3607290000000,payloads/matrix_small.bin.gz,intermediate/task_ce_decompress_matrix_multiply_1024mb_small_5.out,4986764,5235852,77.148572,146.535035,172.510011,396.193618,64.63844899999999,30.351004000000000,,,,,,,,,,
ce_decompress_matrix_multiply,small,1536,530.3466320000000,payloads/matrix_small.bin.gz,intermediate/task_ce_decompress_matrix_multiply_1536mb_small_1.out,4986764,5235852,71.09728,90.772311,204.764313,366.633904,70.14001100000000,25.57013900000000,,,,,,,,,,
ce_decompress_matrix_multiply,small,1536,414.68000400000000,payloads/matrix_small.bin.gz,intermediate/task_ce_decompress_matrix_multiply_1536mb_small_2.out,4986764,5235852,71.351104,86.566165,164.615041,322.53231,69.89049500000000,31.806643999999999,,,,,,,,,,
ce_decompress_matrix_multiply,small,1536,362.14613900000001,payloads/matrix_small.bin.gz,intermediate/task_ce_decompress_matrix_multiply_1536mb_small_3.out,4986764,5235852,69.718895,86.61244,142.91069,299.242025,71.52672200000001,36.63723100000000,,,,,,,,,,
ce_decompress_matrix_multiply,small,1536,378.13425100000001,payloads/matrix_small.bin.gz,intermediate/task_ce_decompress_matrix_multiply_1536mb_small_4.out,4986764,5235852,71.903908,91.074737,144.493426,307.472071,69.35317100000000,36.235917999999998,,,,,,,,,,
ce_decompress_matrix_multiply,small,1536,421.8933580000000,payloads/matrix_small.bin.gz,intermediate/task_ce_decompress_matrix_multiply_1536mb_small_5.out,4986764,5235852,71.352472,90.927324,120.203415,282.483211,69.88915500000000,43.55826300000000,,,,,,,,,,
ce_decompress_matrix_multiply,small,2048,377.69293800000003,payloads/matrix_small.bin.gz,intermediate/task_ce_decompress_matrix_multiply_2048mb_small_1.out,4986764,5235852,67.815511,74.986131,121.174353,263.975995,73.53426899999999,43.20924200000000,,,,,,,,,,
ce_decompress_matrix_multiply,small,2048,322.07274400000000,payloads/matrix_small.bin.gz,intermediate/task_ce_decompress_matrix_multiply_2048mb_small_2.out,4986764,5235852,70.136361,63.281026,112.099231,245.516618,71.10098000000001,46.70729600000000,,,,,,,,,,
ce_decompress_matrix_multiply,small,2048,373.26526600000000,payloads/matrix_small.bin.gz,intermediate/task_ce_decompress_matrix_multiply_2048mb_small_3.out,4986764,5235852,114.313531,66.82294,132.874434,314.010905,43.623567000000001,39.40451000000000,,,,,,,,,,
ce_decompress_matrix_multiply,small,2048,363.35182200000003,payloads/matrix_small.bin.gz,intermediate/task_ce_decompress_matrix_multiply_2048mb_small_4.out,4986764,5235852,68.154726,63.124043,104.403309,235.682078,73.16827900000000,50.15025000000000,,,,,,,,,,
ce_decompress_matrix_multiply,small,2048,319.2460540000000,payloads/matrix_small.bin.gz,intermediate/task_ce_decompress_matrix_multiply_2048mb_small_5.out,4986764,5235852,71.442475,59.942062,82.897441,214.281978,69.80110900000000,63.16059900000000,,,,,,,,,,
ce_decompress_matrix_multiply,medium,512,7252.858877000000,payloads/matrix_medium.bin.gz,intermediate/task_ce_decompress_matrix_multiply_512mb_medium_1.out,49893161,52387852,545.041612,5359.255011,1202.880832,7107.177455,91.54009499999999,43.551988000000001,,,,,,,,,,
ce_decompress_matrix_multiply,medium,512,7049.219131000000,payloads/matrix_medium.bin.gz,intermediate/task_ce_decompress_matrix_multiply_512mb_medium_2.out,49893161,52387852,540.932787,5205.478848,1210.794616,6957.206251,92.23541700000000,43.26733100000000,,,,,,,,,,
ce_decompress_matrix_multiply,medium,512,7104.6082969999998,payloads/matrix_medium.bin.gz,intermediate/task_ce_decompress_matrix_multiply_512mb_medium_3.out,49893161,52387852,535.049258,5275.181581,1162.414761,6972.6456,93.24965899999999,45.06812300000000,,,,,,,,,,
ce_decompress_matrix_multiply,medium,512,7077.5392060000004,payloads/matrix_medium.bin.gz,intermediate/task_ce_decompress_matrix_multiply_512mb_medium_4.out,49893161,52387852,544.424202,5200.097749,1160.133947,6904.655898,91.64390700000000,45.15672700000000,,,,,,,,,,
ce_decompress_matrix_multiply,medium,512,7079.529524000000,payloads/matrix_medium.bin.gz,intermediate/task_ce_decompress_matrix_multiply_512mb_medium_5.out,49893161,52387852,540.15821,5177.226284,1199.602143,6916.986637,92.3676810000000,43.671022000000001,,,,,,,,,,
ce_decompress_matrix_multiply,medium,768,5027.803898000000,payloads/matrix_medium.bin.gz,intermediate/task_ce_decompress_matrix_multiply_768mb_medium_1.out,49893161,52387852,524.962857,3377.99681,760.530829,4663.490496,95.04131599999999,68.88327200000001,,,,,,,,,,
ce_decompress_matrix_multiply,medium,768,4767.673492000000,payloads/matrix_medium.bin.gz,intermediate/task_ce_decompress_matrix_multiply_768mb_medium_2.out,49893161,52387852,528.684278,3475.929134,690.828849,4695.442261,94.37231800000001,75.83333000000000,,,,,,,,,,
ce_decompress_matrix_multiply,medium,768,9449.845552000001,payloads/matrix_medium.bin.gz,intermediate/task_ce_decompress_matrix_multiply_768mb_medium_3.out,49893161,52387852,540.3241,3421.456615,5373.145535,9334.92625,92.33932200000000,9.749941000000000,,,,,,,,,,
ce_decompress_matrix_multiply,medium,768,4759.905100000000,payloads/matrix_medium.bin.gz,intermediate/task_ce_decompress_matrix_multiply_768mb_medium_4.out,49893161,52387852,521.90615,3473.188041,671.088561,4666.182752,95.59795600000000,78.06399200000000,,,,,,,,,,
ce_decompress_matrix_multiply,medium,768,5057.914019000000,payloads/matrix_medium.bin.gz,intermediate/task_ce_decompress_matrix_multiply_768mb_medium_5.out,49893161,52387852,535.569139,3446.517689,783.04168,4765.128508,93.15914100000001,66.90301800000000,,,,,,,,,,
ce_decompress_matrix_multiply,medium,1024,3973.1054310000000,payloads/matrix_medium.bin.gz,intermediate/task_ce_decompress_matrix_multiply_1024mb_medium_1.out,49893161,52387852,529.276179,2769.621118,605.327368,3904.224665,94.26678000000000,86.54466100000000,,,,,,,,,,
ce_decompress_matrix_multiply,medium,1024,4139.82629800000,payloads/matrix_medium.bin.gz,intermediate/task_ce_decompress_matrix_multiply_1024mb_medium_2.out,49893161,52387852,524.714126,2764.484562,605.22099,3894.419678,95.08636900000000,86.55987300000000,,,,,,,,,,
ce_decompress_matrix_multiply,medium,1024,7384.504318000000,payloads/matrix_medium.bin.gz,intermediate/task_ce_decompress_matrix_multiply_1024mb_medium_3.out,49893161,52387852,518.909918,2792.308964,3928.98117,7240.200052,96.14994700000000,13.333698999999999,,,,,,,,,,
ce_decompress_matrix_multiply,medium,1024,4415.107727000000,payloads/matrix_medium.bin.gz,intermediate/task_ce_decompress_matrix_multiply_1024mb_medium_4.out,49893161,52387852,528.230361,2933.533492,806.106814,4267.870667,94.45341400000000,64.98872200000000,,,,,,,,,,
ce_decompress_matrix_multiply,medium,1024,4107.598305000000,payloads/matrix_medium.bin.gz,intermediate/task_ce_decompress_matrix_multiply_1024mb_medium_5.out,49893161,52387852,515.881657,2796.79901,633.599221,3946.279888,96.71435400000000,82.6829490000000,,,,,,,,,,
ce_decompress_matrix_multiply,medium,1536,3056.049109000000,payloads/matrix_medium.bin.gz,intermediate/task_ce_decompress_matrix_multiply_1536mb_medium_1.out,49893161,52387852,515.639262,1786.99079,503.105523,2805.735575,96.75981800000000,104.12895399999999,,,,,,,,,,
ce_decompress_matrix_multiply,medium,1536,2880.080223000000,payloads/matrix_medium.bin.gz,intermediate/task_ce_decompress_matrix_multiply_1536mb_medium_2.out,49893161,52387852,516.847941,1772.052427,481.888576,2770.788944,96.53353900000000,108.71362100000000,,,,,,,,,,
ce_decompress_matrix_multiply,medium,1536,4375.362158000000,payloads/matrix_medium.bin.gz,intermediate/task_ce_decompress_matrix_multiply_1536mb_medium_3.out,49893161,52387852,514.782849,1783.369964,2016.937221,4315.090034,96.92079099999999,25.97396300000000,,,,,,,,,,
ce_decompress_matrix_multiply,medium,1536,2917.114496000000,payloads/matrix_medium.bin.gz,intermediate/task_ce_decompress_matrix_multiply_1536mb_medium_4.out,49893161,52387852,519.142246,1805.256254,499.060191,2823.458691,96.1069170000000,104.97301299999999,,,,,,,,,,
ce_decompress_matrix_multiply,medium,1536,2890.691042000000,payloads/matrix_medium.bin.gz,intermediate/task_ce_decompress_matrix_multiply_1536mb_medium_5.out,49893161,52387852,517.642232,1747.434845,478.951904,2744.028981,96.38541400000000,109.38019400000000,,,,,,,,,,
ce_decompress_matrix_multiply,medium,2048,2552.6821610000002,payloads/matrix_medium.bin.gz,intermediate/task_ce_decompress_matrix_multiply_2048mb_medium_1.out,49893161,52387852,514.983502,1306.315214,482.079237,2303.377953,96.88302800000000,108.67062500000000,,,,,,,,,,
ce_decompress_matrix_multiply,medium,2048,2406.635046000000,payloads/matrix_medium.bin.gz,intermediate/task_ce_decompress_matrix_multiply_2048mb_medium_2.out,49893161,52387852,517.600652,1322.343122,485.501614,2325.445388,96.3931570000000,107.90458900000000,,,,,,,,,,
ce_decompress_matrix_multiply,medium,2048,2429.906130000000,payloads/matrix_medium.bin.gz,intermediate/task_ce_decompress_matrix_multiply_2048mb_medium_3.out,49893161,52387852,515.449865,1357.159546,481.963955,2354.573366,96.79537100000000,108.6966180000000,,,,,,,,,,
ce_decompress_matrix_multiply,medium,2048,2467.3845769999998,payloads/matrix_medium.bin.gz,intermediate/task_ce_decompress_matrix_multiply_2048mb_medium_4.out,49893161,52387852,517.990053,1320.313354,477.996912,2316.300319,96.32069300000001,109.59872500000000,,,,,,,,,,
ce_decompress_matrix_multiply,medium,2048,2675.248623000000,payloads/matrix_medium.bin.gz,intermediate/task_ce_decompress_matrix_multiply_2048mb_medium_5.out,49893161,52387852,516.618875,1315.516324,484.948652,2317.083851,96.5763420000000,108.02762700000000,,,,,,,,,,
ce_decompress_matrix_multiply,large,1536,19472.64313700000,payloads/matrix_large.bin.gz,intermediate/task_ce_decompress_matrix_multiply_1536mb_large_1.out,249631588,262113412,2513.158489,14452.618638,2305.149703,19270.92683,99.32982300000000,113.70776100000000,,,,,,,,,,
ce_decompress_matrix_multiply,large,1536,19867.687701999999,payloads/matrix_large.bin.gz,intermediate/task_ce_decompress_matrix_multiply_1536mb_large_2.out,249631588,262113412,2513.767359,14670.944869,2477.67756,19662.389788,99.30576400000000,105.78996100000001,,,,,,,,,,
ce_decompress_matrix_multiply,large,1536,19686.089276999999,payloads/matrix_large.bin.gz,intermediate/task_ce_decompress_matrix_multiply_1536mb_large_3.out,249631588,262113412,2513.41207,14753.178432,2325.365482,19591.955984,99.31980200000000,112.7192320000000,,,,,,,,,,
ce_decompress_matrix_multiply,large,1536,19763.911486000001,payloads/matrix_large.bin.gz,intermediate/task_ce_decompress_matrix_multiply_1536mb_large_4.out,249631588,262113412,2513.584307,14679.657485,2382.285282,19575.527074,99.31299600000000,110.02603800000000,,,,,,,,,,
ce_decompress_matrix_multiply,large,1536,19781.880140000001,payloads/matrix_large.bin.gz,intermediate/task_ce_decompress_matrix_multiply_1536mb_large_5.out,249631588,262113412,2513.47759,14584.551159,2404.536172,19502.564921,99.3172130000000,109.00788900000001,,,,,,,,,,
ce_decompress_matrix_multiply,large,2048,16397.021769999999,payloads/matrix_large.bin.gz,intermediate/task_ce_decompress_matrix_multiply_2048mb_large_1.out,249631588,262113412,2519.179556,11387.203349,2301.780735,16208.16364,99.0924160000000,113.87418800000000,,,,,,,,,,
ce_decompress_matrix_multiply,large,2048,16391.348124000000,payloads/matrix_large.bin.gz,intermediate/task_ce_decompress_matrix_multiply_2048mb_large_2.out,249631588,262113412,2511.989423,11307.036687,2381.396674,16200.422784,99.37605100000000,110.06709400000000,,,,,,,,,,
ce_decompress_matrix_multiply,large,2048,16401.60083800000,payloads/matrix_large.bin.gz,intermediate/task_ce_decompress_matrix_multiply_2048mb_large_3.out,249631588,262113412,2514.420272,11363.253018,2326.134467,16203.807757,99.27997700000000,112.68196900000000,,,,,,,,,,
ce_decompress_matrix_multiply,large,2048,16294.359922000000,payloads/matrix_large.bin.gz,intermediate/task_ce_decompress_matrix_multiply_2048mb_large_4.out,249631588,262113412,2512.329635,11322.767502,2301.555021,16136.652158,99.36259300000000,113.88535600000000,,,,,,,,,,
ce_decompress_matrix_multiply,large,2048,16292.774676999999,payloads/matrix_large.bin.gz,intermediate/task_ce_decompress_matrix_multiply_2048mb_large_5.out,249631588,262113412,2512.143121,11361.613938,2305.31228,16179.069339,99.36997100000001,113.6997420000000,,,,,,,,,,
gh_reduce_expand,micro,128,489.4747730000000,payloads/matrix_micro.bin,intermediate/task_gh_reduce_expand_128mb_micro_1.out,102156,102156,240.334352,0.327354,120.103232,360.764938,0.42505799999999999,0.8505680000000000,,,,,,,,,,
gh_reduce_expand,micro,128,440.2494430000000,payloads/matrix_micro.bin,intermediate/task_gh_reduce_expand_128mb_micro_2.out,102156,102156,239.217563,0.322269,97.115367,336.655199,0.4270420000000000,1.051904000000000,,,,,,,,,,
gh_reduce_expand,micro,128,442.14749300000000,payloads/matrix_micro.bin,intermediate/task_gh_reduce_expand_128mb_micro_3.out,102156,102156,237.471879,0.324942,79.946586,317.743407,0.4301810000000000,1.2778030000000000,,,,,,,,,,
gh_reduce_expand,micro,128,418.17617400000000,payloads/matrix_micro.bin,intermediate/task_gh_reduce_expand_128mb_micro_4.out,102156,102156,240.108253,0.331942,82.861243,323.301438,0.42545800000000000,1.2328560000000000,,,,,,,,,,
gh_reduce_expand,micro,128,406.1267380000000,payloads/matrix_micro.bin,intermediate/task_gh_reduce_expand_128mb_micro_5.out,102156,102156,237.748396,0.316815,86.520361,324.585572,0.4296810000000000,1.1807160000000001,,,,,,,,,,
gh_reduce_expand,micro,256,258.40067900000003,payloads/matrix_micro.bin,intermediate/task_gh_reduce_expand_256mb_micro_1.out,102156,102156,109.912487,0.303565,46.472746,156.688798,0.9294300000000000,2.1981920000000001,,,,,,,,,,
gh_reduce_expand,micro,256,255.7687760000000,payloads/matrix_micro.bin,intermediate/task_gh_reduce_expand_256mb_micro_2.out,102156,102156,127.454284,0.316713,46.232603,174.0036,0.8015110000000000,2.2096100000000001,,,,,,,,,,
gh_reduce_expand,micro,256,283.00929100000002,payloads/matrix_micro.bin,intermediate/task_gh_reduce_expand_256mb_micro_3.out,102156,102156,127.747063,0.311913,40.559595,168.618571,0.7996740000000000,2.518664000000000,,,,,,,,,,
gh_reduce_expand,micro,256,228.1026840000000,payloads/matrix_micro.bin,intermediate/task_gh_reduce_expand_256mb_micro_4.out,102156,102156,127.024593,0.327969,41.091098,168.44366,0.8042220000000000,2.486086000000000,,,,,,,,,,
gh_reduce_expand,micro,256,259.78994399999999,payloads/matrix_micro.bin,intermediate/task_gh_reduce_expand_256mb_micro_5.out,102156,102156,149.233308,0.343148,55.461738,205.038194,0.6845390000000000,1.8419179999999999,,,,,,,,,,
gh_reduce_expand,micro,512,174.87144499999999,payloads/matrix_micro.bin,intermediate/task_gh_reduce_expand_512mb_micro_1.out,102156,102156,74.283541,0.305668,38.265762,112.854971,1.3752169999999999,2.6696450000000000,,,,,,,,,,
gh_reduce_expand,micro,512,200.05512200000001,payloads/matrix_micro.bin,intermediate/task_gh_reduce_expand_512mb_micro_2.out,102156,102156,78.211967,0.292857,39.207188,117.712012,1.3061430000000001,2.6055429999999999,,,,,,,,,,
gh_reduce_expand,micro,512,176.20491999999999,payloads/matrix_micro.bin,intermediate/task_gh_reduce_expand_512mb_micro_3.out,102156,102156,82.334903,0.295008,36.783263,119.413174,1.240737000000000,2.77724100000000,,,,,,,,,,
gh_reduce_expand,micro,512,179.53848800000000,payloads/matrix_micro.bin,intermediate/task_gh_reduce_expand_512mb_micro_4.out,102156,102156,81.206674,0.319166,38.867484,120.393324,1.257975000000000,2.628315000000000,,,,,,,,,,
gh_reduce_expand,micro,512,179.37064200000000,payloads/matrix_micro.bin,intermediate/task_gh_reduce_expand_512mb_micro_5.out,102156,102156,86.893453,0.312174,37.207536,124.413163,1.175647000000000,2.745573000000000,,,,,,,,,,
gh_reduce_expand,micro,768,191.14422800000000,payloads/matrix_micro.bin,intermediate/task_gh_reduce_expand_768mb_micro_1.out,102156,102156,42.362836,0.307087,36.564178,79.234101,2.4114529999999998,2.7938820000000000,,,,,,,,,,
gh_reduce_expand,micro,768,150.4230500000000,payloads/matrix_micro.bin,intermediate/task_gh_reduce_expand_768mb_micro_2.out,102156,102156,55.318225,0.319716,39.704698,95.342639,1.8466970000000000,2.5728949999999999,,,,,,,,,,
gh_reduce_expand,micro,768,200.21700899999999,payloads/matrix_micro.bin,intermediate/task_gh_reduce_expand_768mb_micro_3.out,102156,102156,54.741846,0.315906,37.958288,93.01604,1.8661410000000000,2.691270000000000,,,,,,,,,,
gh_reduce_expand,micro,768,252.70628900000000,payloads/matrix_micro.bin,intermediate/task_gh_reduce_expand_768mb_micro_4.out,102156,102156,65.370594,0.316346,40.471452,106.158392,1.562721000000000,2.5241500000000001,,,,,,,,,,
gh_reduce_expand,micro,768,158.13064600000001,payloads/matrix_micro.bin,intermediate/task_gh_reduce_expand_768mb_micro_5.out,102156,102156,61.496507,0.318727,39.520668,101.335902,1.6611680000000000,2.584875000000000,,,,,,,,,,
gh_reduce_expand,micro,1024,133.1803800000000,payloads/matrix_micro.bin,intermediate/task_gh_reduce_expand_1024mb_micro_1.out,102156,102156,43.659424,0.298869,34.075354,78.033647,2.339838000000000,2.9979439999999999,,,,,,,,,,
gh_reduce_expand,micro,1024,223.7534520000000,payloads/matrix_micro.bin,intermediate/task_gh_reduce_expand_1024mb_micro_2.out,102156,102156,45.166449,0.295134,37.878927,83.34051,2.2617669999999999,2.69690800000000,,,,,,,,,,
gh_reduce_expand,micro,1024,216.9184680000000,payloads/matrix_micro.bin,intermediate/task_gh_reduce_expand_1024mb_micro_3.out,102156,102156,55.922041,0.332471,47.678476,103.932988,1.8267570000000000,2.142602000000000,,,,,,,,,,
gh_reduce_expand,micro,1024,216.1271570000000,payloads/matrix_micro.bin,intermediate/task_gh_reduce_expand_1024mb_micro_4.out,102156,102156,49.7197,0.311429,39.343135,89.374264,2.0546380000000002,2.59653900000000,,,,,,,,,,
gh_reduce_expand,micro,1024,209.9013330000000,payloads/matrix_micro.bin,intermediate/task_gh_reduce_expand_1024mb_micro_5.out,102156,102156,52.545985,0.295394,35.394389,88.235768,1.944126000000000,2.886220000000000,,,,,,,,,,
gh_reduce_expand,micro,1536,139.09363700000000,payloads/matrix_micro.bin,intermediate/task_gh_reduce_expand_1536mb_micro_1.out,102156,102156,36.025809,0.310614,38.178897,74.51532,2.835634000000000,2.67571900000000,,,,,,,,,,
gh_reduce_expand,micro,1536,145.24316800000000,payloads/matrix_micro.bin,intermediate/task_gh_reduce_expand_1536mb_micro_2.out,102156,102156,50.886739,0.31894,38.193272,89.398951,2.007517000000000,2.674712000000000,,,,,,,,,,
gh_reduce_expand,micro,1536,161.01527200000001,payloads/matrix_micro.bin,intermediate/task_gh_reduce_expand_1536mb_micro_3.out,102156,102156,44.050408,0.307456,40.417033,84.774897,2.319070000000000,2.527548000000000,,,,,,,,,,
gh_reduce_expand,micro,1536,168.20669200000000,payloads/matrix_micro.bin,intermediate/task_gh_reduce_expand_1536mb_micro_4.out,102156,102156,42.268496,0.325837,37.329148,79.923481,2.416835000000000,2.7366280000000001,,,,,,,,,,
gh_reduce_expand,micro,1536,263.3800510000000,payloads/matrix_micro.bin,intermediate/task_gh_reduce_expand_1536mb_micro_5.out,102156,102156,47.719141,0.325611,46.659879,94.704631,2.1407759999999998,2.18937600000000,,,,,,,,,,
gh_reduce_expand,micro,2048,258.4059240000000,payloads/matrix_micro.bin,intermediate/task_gh_reduce_expand_2048mb_micro_1.out,102156,102156,46.199064,0.308451,37.267099,83.774614,2.2112140000000000,2.7411850000000002,,,,,,,,,,
gh_reduce_expand,micro,2048,216.53294600000001,payloads/matrix_micro.bin,intermediate/task_gh_reduce_expand_2048mb_micro_2.out,102156,102156,46.179942,0.300401,60.337492,106.817835,2.2121290000000000,1.6930769999999999,,,,,,,,,,
gh_reduce_expand,micro,2048,217.50378599999999,payloads/matrix_micro.bin,intermediate/task_gh_reduce_expand_2048mb_micro_3.out,102156,102156,39.979897,0.356849,36.307179,76.643925,2.5551840000000001,2.813658000000000,,,,,,,,,,
gh_reduce_expand,micro,2048,214.85185600000000,payloads/matrix_micro.bin,intermediate/task_gh_reduce_expand_2048mb_micro_4.out,102156,102156,50.853975,0.33459,64.182491,115.371056,2.0088110000000001,1.5916490000000001,,,,,,,,,,
gh_reduce_expand,micro,2048,320.1336860000000,payloads/matrix_micro.bin,intermediate/task_gh_reduce_expand_2048mb_micro_5.out,102156,102156,45.242645,0.314307,109.221865,154.778817,2.257958000000000,0.9353070000000000,,,,,,,,,,
gh_reduce_expand,small,128,1752.9737950000001,payloads/matrix_small.bin,intermediate/task_gh_reduce_expand_128mb_small_1.out,5235852,5235852,477.959294,181.020971,761.220176,1420.200441,10.954598000000001,6.87823600000000,,,,,,,,,,
gh_reduce_expand,small,128,1547.2755430000000,payloads/matrix_small.bin,intermediate/task_gh_reduce_expand_128mb_small_2.out,5235852,5235852,402.582272,160.479036,797.75646,1360.817768,13.005670000000000,6.563221000000000,,,,,,,,,,
gh_reduce_expand,small,128,1342.4060340000001,payloads/matrix_small.bin,intermediate/task_gh_reduce_expand_128mb_small_3.out,5235852,5235852,437.702378,180.406329,518.967994,1137.076701,11.96212800000000,10.088969000000001,,,,,,,,,,
gh_reduce_expand,small,128,1445.0037480000001,payloads/matrix_small.bin,intermediate/task_gh_reduce_expand_128mb_small_4.out,5235852,5235852,499.802378,160.294583,561.589019,1221.68598,10.475845000000000,9.323281000000000,,,,,,,,,,
gh_reduce_expand,small,128,1369.0612320000000,payloads/matrix_small.bin,intermediate/task_gh_reduce_expand_128mb_small_5.out,5235852,5235852,421.015429,219.067056,563.980704,1204.063189,12.436247000000000,9.283742999999999,,,,,,,,,,
gh_reduce_expand,small,256,841.1152360000000,payloads/matrix_small.bin,intermediate/task_gh_reduce_expand_256mb_small_1.out,5235852,5235852,204.434429,96.437181,361.305358,662.176968,25.611400000000000,14.491486999999999,,,,,,,,,,
gh_reduce_expand,small,256,828.0332090000001,payloads/matrix_small.bin,intermediate/task_gh_reduce_expand_256mb_small_2.out,5235852,5235852,240.352015,79.821236,320.323482,640.496733,21.784099000000001,16.34551400000000,,,,,,,,,,
gh_reduce_expand,small,256,830.3835390000000,payloads/matrix_small.bin,intermediate/task_gh_reduce_expand_256mb_small_3.out,5235852,5235852,219.860188,80.098094,401.026823,700.985105,23.814461999999999,13.05611400000000,,,,,,,,,,
gh_reduce_expand,small,256,756.9277290000000,payloads/matrix_small.bin,intermediate/task_gh_reduce_expand_256mb_small_4.out,5235852,5235852,200.806451,79.937233,392.917913,673.661597,26.074121999999999,13.325562000000000,,,,,,,,,,
gh_reduce_expand,small,256,700.3974909999999,payloads/matrix_small.bin,intermediate/task_gh_reduce_expand_256mb_small_5.out,5235852,5235852,217.730727,79.75391,263.996472,561.481109,24.047373000000000,19.83303800000000,,,,,,,,,,
gh_reduce_expand,small,512,428.51972599999999,payloads/matrix_small.bin,intermediate/task_gh_reduce_expand_512mb_small_1.out,5235852,5235852,97.772232,39.833143,165.388331,302.993706,53.55152400000000,31.657928999999999,,,,,,,,,,
gh_reduce_expand,small,512,522.7890010000000,payloads/matrix_small.bin,intermediate/task_gh_reduce_expand_512mb_small_2.out,5235852,5235852,106.484107,39.310905,237.859139,383.654151,49.17026700000000,22.012405999999999,,,,,,,,,,
gh_reduce_expand,small,512,421.79107699999997,payloads/matrix_small.bin,intermediate/task_gh_reduce_expand_512mb_small_3.out,5235852,5235852,103.899514,38.78212,156.63794,299.319574,50.393420999999996,33.426461000000003,,,,,,,,,,
gh_reduce_expand,small,512,421.4165210000000,payloads/matrix_small.bin,intermediate/task_gh_reduce_expand_512mb_small_4.out,5235852,5235852,110.954894,38.632087,202.010384,351.597365,47.18901400000000,25.91872700000000,,,,,,,,,,
gh_reduce_expand,small,512,379.41741900000000,payloads/matrix_small.bin,intermediate/task_gh_reduce_expand_512mb_small_5.out,5235852,5235852,134.217158,38.861822,146.178145,319.257125,39.01030300000000,35.818295999999997,,,,,,,,,,
gh_reduce_expand,small,768,377.08282500000001,payloads/matrix_small.bin,intermediate/task_gh_reduce_expand_768mb_small_1.out,5235852,5235852,83.298781,30.325072,93.223927,206.84778,62.85628600000000,56.16425100000000,,,,,,,,,,
gh_reduce_expand,small,768,421.5424060000000,payloads/matrix_small.bin,intermediate/task_gh_reduce_expand_768mb_small_2.out,5235852,5235852,87.511272,18.897985,135.579112,241.988369,59.830601000000001,38.618426999999997,,,,,,,,,,
gh_reduce_expand,small,768,320.6291200000000,payloads/matrix_small.bin,intermediate/task_gh_reduce_expand_768mb_small_3.out,5235852,5235852,85.315085,18.739402,128.044041,232.098528,61.370764999999999,40.89102400000000,,,,,,,,,,
gh_reduce_expand,small,768,317.2457220000000,payloads/matrix_small.bin,intermediate/task_gh_reduce_expand_768mb_small_4.out,5235852,5235852,73.985415,31.077399,108.180581,213.243395,70.76870500000000,48.39918500000000,,,,,,,,,,
gh_reduce_expand,small,768,352.9019360000000,payloads/matrix_small.bin,intermediate/task_gh_reduce_expand_768mb_small_5.out,5235852,5235852,74.673214,31.206705,190.083228,295.963147,70.11686899999999,27.545050000000000,,,,,,,,,,
gh_reduce_expand,small,1024,257.45654100000002,payloads/matrix_small.bin,intermediate/task_gh_reduce_expand_1024mb_small_1.out,5235852,5235852,79.91599,15.268768,105.92416,201.108918,65.51695100000001,49.43019600000000,,,,,,,,,,
gh_reduce_expand,small,1024,277.5735860000000,payloads/matrix_small.bin,intermediate/task_gh_reduce_expand_1024mb_small_2.out,5235852,5235852,81.279376,10.372635,90.407143,182.059154,64.4179650000000,57.91414100000000,,,,,,,,,,
gh_reduce_expand,small,1024,274.672270000000,payloads/matrix_small.bin,intermediate/task_gh_reduce_expand_1024mb_small_3.out,5235852,5235852,83.972025,14.331519,118.757,217.060544,62.352336999999999,44.08878600000000,,,,,,,,,,
gh_reduce_expand,small,1024,260.2355480000000,payloads/matrix_small.bin,intermediate/task_gh_reduce_expand_1024mb_small_4.out,5235852,5235852,72.438104,10.29958,111.510229,194.247913,72.28035700000000,46.95400600000000,,,,,,,,,,
gh_reduce_expand,small,1024,320.8658700000000,payloads/matrix_small.bin,intermediate/task_gh_reduce_expand_1024mb_small_5.out,5235852,5235852,79.434786,22.370692,83.129268,184.934746,65.91384300000000,62.984459000000001,,,,,,,,,,
gh_reduce_expand,small,1536,227.87904700000001,payloads/matrix_small.bin,intermediate/task_gh_reduce_expand_1536mb_small_0.out,5235852,5235852,74.754658,23.005481,72.157403,169.917542,70.0404780000000,72.56153600000000,,,,,,,,,,
gh_reduce_expand,small,1536,237.48207099999999,payloads/matrix_small.bin,intermediate/task_gh_reduce_expand_1536mb_small_2.out,5235852,5235852,74.389044,10.538305,98.195725,183.123074,70.38472000000000,53.32057000000000,,,,,,,,,,
gh_reduce_expand,small,1536,272.86386499999998,payloads/matrix_small.bin,intermediate/task_gh_reduce_expand_1536mb_small_3.out,5235852,5235852,70.52351,10.455398,85.167562,166.14647,74.24264599999999,61.47706800000000,,,,,,,,,,
gh_reduce_expand,small,1536,234.75408600000000,payloads/matrix_small.bin,intermediate/task_gh_reduce_expand_1536mb_small_4.out,5235852,5235852,74.019015,10.556802,97.220351,181.796168,70.73658000000000,53.85551400000000,,,,,,,,,,
gh_reduce_expand,small,1536,229.07400100000001,payloads/matrix_small.bin,intermediate/task_gh_reduce_expand_1536mb_small_5.out,5235852,5235852,78.978186,10.371584,77.231218,166.580988,66.29491299999999,67.7945020000000,,,,,,,,,,
gh_reduce_expand,small,2048,318.94779199999999,payloads/matrix_small.bin,intermediate/task_gh_reduce_expand_2048mb_small_1.out,5235852,5235852,73.365202,13.131987,87.082717,173.579906,71.36696800000000,60.125042000000001,,,,,,,,,,
gh_reduce_expand,small,2048,318.7546730000000,payloads/matrix_small.bin,intermediate/task_gh_reduce_expand_2048mb_small_2.out,5235852,5235852,72.367555,10.972053,123.841095,207.180703,72.35082100000000,42.278793000000000,,,,,,,,,,
gh_reduce_expand,small,2048,321.3047980000000,payloads/matrix_small.bin,intermediate/task_gh_reduce_expand_2048mb_small_3.out,5235852,5235852,75.142109,11.341566,89.968227,176.451902,69.67933300000000,58.196679000000003,,,,,,,,,,
gh_reduce_expand,small,2048,249.7258190000000,payloads/matrix_small.bin,intermediate/task_gh_reduce_expand_2048mb_small_4.out,5235852,5235852,74.936145,10.919785,103.952306,189.808236,69.87084800000000,50.36782900000000,,,,,,,,,,
gh_reduce_expand,small,2048,214.4479750000000,payloads/matrix_small.bin,intermediate/task_gh_reduce_expand_2048mb_small_5.out,5235852,5235852,74.349495,10.861708,76.501151,161.712354,70.42216000000001,68.44148000000000,,,,,,,,,,
gh_reduce_expand,medium,256,5534.20615200000,payloads/matrix_medium.bin,intermediate/task_gh_reduce_expand_256mb_medium_1.out,52387852,52387852,859.77729,1117.354736,3363.883386,5341.015412,60.9318860000000,15.573623000000000,,,,,,,,,,
gh_reduce_expand,medium,256,5754.12130400000,payloads/matrix_medium.bin,intermediate/task_gh_reduce_expand_256mb_medium_2.out,52387852,52387852,859.488857,997.480001,3427.626191,5284.595049,60.9523340000000,15.28400400000,,,,,,,,,,
gh_reduce_expand,medium,256,4516.196489000000,payloads/matrix_medium.bin,intermediate/task_gh_reduce_expand_256mb_medium_3.out,52387852,52387852,738.884075,1058.469006,2505.506936,4302.860017,70.90131400000000,20.909082999999999,,,,,,,,,,
gh_reduce_expand,medium,256,4516.989470000000,payloads/matrix_medium.bin,intermediate/task_gh_reduce_expand_256mb_medium_4.out,52387852,52387852,738.155454,978.98301,2614.651196,4331.78966,70.97130000000000,20.036268000000000,,,,,,,,,,
gh_reduce_expand,medium,256,5951.000690000000,payloads/matrix_medium.bin,intermediate/task_gh_reduce_expand_256mb_medium_5.out,52387852,52387852,940.691714,1059.48091,3726.65468,5726.827304,55.690776999999997,14.057608000000000,,,,,,,,,,
gh_reduce_expand,medium,512,2258.5341930000000,payloads/matrix_medium.bin,intermediate/task_gh_reduce_expand_512mb_medium_1.out,52387852,52387852,564.431225,351.148603,1233.565045,2149.144873,92.81529700000000,42.468657999999998,,,,,,,,,,
gh_reduce_expand,medium,512,2719.0182209999998,payloads/matrix_medium.bin,intermediate/task_gh_reduce_expand_512mb_medium_2.out,52387852,52387852,580.15622,353.289768,1651.057007,2584.502995,90.29956100000000,31.729887000000002,,,,,,,,,,
gh_reduce_expand,medium,512,2189.849615000000,payloads/matrix_medium.bin,intermediate/task_gh_reduce_expand_512mb_medium_3.out,52387852,52387852,565.286133,352.875415,1209.554646,2127.716194,92.6749290000000,43.311686999999999,,,,,,,,,,
gh_reduce_expand,medium,512,2747.0016479999999,payloads/matrix_medium.bin,intermediate/task_gh_reduce_expand_512mb_medium_4.out,52387852,52387852,560.855886,353.403198,1683.001442,2597.260526,93.40697500000000,31.127632999999999,,,,,,,,,,
gh_reduce_expand,medium,512,2174.126148000000,payloads/matrix_medium.bin,intermediate/task_gh_reduce_expand_512mb_medium_5.out,52387852,52387852,567.575944,351.697685,1188.719466,2107.993095,92.30104400000000,44.070829000000003,,,,,,,,,,
gh_reduce_expand,medium,768,1906.7511560000000,payloads/matrix_medium.bin,intermediate/task_gh_reduce_expand_768mb_medium_1.out,52387852,52387852,539.672426,230.799134,1069.72306,1840.19462,97.07342700000000,48.97328500000000,,,,,,,,,,
gh_reduce_expand,medium,768,1700.5939480000000,payloads/matrix_medium.bin,intermediate/task_gh_reduce_expand_768mb_medium_2.out,52387852,52387852,550.492496,231.033131,823.417447,1604.943074,95.16542400000000,63.622470000000000,,,,,,,,,,
gh_reduce_expand,medium,768,1682.3980810000000,payloads/matrix_medium.bin,intermediate/task_gh_reduce_expand_768mb_medium_3.out,52387852,52387852,569.078195,237.786418,812.364201,1619.228814,92.05738800000000,64.48813500000000,,,,,,,,,,
gh_reduce_expand,medium,768,2129.937172000000,payloads/matrix_medium.bin,intermediate/task_gh_reduce_expand_768mb_medium_4.out,52387852,52387852,554.857921,241.893346,1036.365284,1833.116551,94.41669700000000,50.54960100000000,,,,,,,,,,
gh_reduce_expand,medium,768,1854.4955250000000,payloads/matrix_medium.bin,intermediate/task_gh_reduce_expand_768mb_medium_5.out,52387852,52387852,557.159473,232.775596,925.258434,1715.193503,94.02667400000000,56.619697000000002,,,,,,,,,,
gh_reduce_expand,medium,1024,1338.4909630000000,payloads/matrix_medium.bin,intermediate/task_gh_reduce_expand_1024mb_medium_1.out,52387852,52387852,540.226622,177.031087,548.825906,1266.083615,96.97384400000000,95.45440800000000,,,,,,,,,,
gh_reduce_expand,medium,1024,1451.0564800000000,payloads/matrix_medium.bin,intermediate/task_gh_reduce_expand_1024mb_medium_2.out,52387852,52387852,539.521255,172.956898,583.245346,1295.723499,97.10062700000000,89.82129500000001,,,,,,,,,,
gh_reduce_expand,medium,1024,1369.5282940000000,payloads/matrix_medium.bin,intermediate/task_gh_reduce_expand_1024mb_medium_3.out,52387852,52387852,552.471653,175.835974,580.237453,1308.54508,94.82450700000000,90.2869190000000,,,,,,,,,,
gh_reduce_expand,medium,1024,1526.369333000000,payloads/matrix_medium.bin,intermediate/task_gh_reduce_expand_1024mb_medium_4.out,52387852,52387852,540.236436,175.23468,750.857065,1466.328181,96.97208200000000,69.77073900000001,,,,,,,,,,
gh_reduce_expand,medium,1024,1540.9314629999999,payloads/matrix_medium.bin,intermediate/task_gh_reduce_expand_1024mb_medium_5.out,52387852,52387852,548.915098,176.685788,667.521124,1393.12201,95.43889799999999,78.48119000000000,,,,,,,,,,
gh_reduce_expand,medium,1536,1240.0059699999999,payloads/matrix_medium.bin,intermediate/task_gh_reduce_expand_1536mb_medium_1.out,52387852,52387852,540.887927,118.864416,482.689178,1142.441521,96.85528100000001,108.53330500000000,,,,,,,,,,
gh_reduce_expand,medium,1536,2776.600122000000,payloads/matrix_medium.bin,intermediate/task_gh_reduce_expand_1536mb_medium_2.out,52387852,52387852,542.256854,120.756412,2023.497055,2686.510321,96.6107700000000,25.889759000000002,,,,,,,,,,
gh_reduce_expand,medium,1536,1240.8137320000001,payloads/matrix_medium.bin,intermediate/task_gh_reduce_expand_1536mb_medium_3.out,52387852,52387852,545.035452,124.20225,486.877796,1156.115498,96.11824700000000,107.59959200000000,,,,,,,,,,
gh_reduce_expand,medium,1536,1344.282627000000,payloads/matrix_medium.bin,intermediate/task_gh_reduce_expand_1536mb_medium_4.out,52387852,52387852,538.808531,121.308219,482.437174,1142.553924,97.22906900000000,108.5899980000000,,,,,,,,,,
gh_reduce_expand,medium,1536,1296.1130140000000,payloads/matrix_medium.bin,intermediate/task_gh_reduce_expand_1536mb_medium_5.out,52387852,52387852,541.966185,120.915115,504.608284,1167.489584,96.6625840000000,103.81885100000000,,,,,,,,,,
gh_reduce_expand,medium,2048,1238.971472000000,payloads/matrix_medium.bin,intermediate/task_gh_reduce_expand_2048mb_medium_1.out,52387852,52387852,541.453213,104.305421,481.124965,1126.883599,96.75416199999999,108.88616399999999,,,,,,,,,,
gh_reduce_expand,medium,2048,1186.816931000000,payloads/matrix_medium.bin,intermediate/task_gh_reduce_expand_2048mb_medium_2.out,52387852,52387852,538.978607,104.301105,482.191578,1125.47129,97.19838799999999,108.64530700000000,,,,,,,,,,
gh_reduce_expand,medium,2048,1217.9887289999999,payloads/matrix_medium.bin,intermediate/task_gh_reduce_expand_2048mb_medium_3.out,52387852,52387852,542.104199,105.049861,509.0164,1156.17046,96.63797500000000,102.91977199999999,,,,,,,,,,
gh_reduce_expand,medium,2048,1213.3293150000000,payloads/matrix_medium.bin,intermediate/task_gh_reduce_expand_2048mb_medium_4.out,52387852,52387852,538.719059,103.358047,483.349213,1125.426319,97.2452170000000,108.38509800000000,,,,,,,,,,
gh_reduce_expand,medium,2048,1189.9628640000001,payloads/matrix_medium.bin,intermediate/task_gh_reduce_expand_2048mb_medium_5.out,52387852,52387852,540.939611,105.125797,480.543974,1126.609382,96.84602700000001,109.01781099999999,,,,,,,,,,
gh_reduce_expand,large,1536,5642.955780000000,payloads/matrix_large.bin,intermediate/task_gh_reduce_expand_1536mb_large_1.out,262113412,262113412,2638.172495,581.628572,2288.876066,5508.677133,99.35415999999999,114.51621000000000,,,,,,,,,,
gh_reduce_expand,large,1536,5754.549026000000,payloads/matrix_large.bin,intermediate/task_gh_reduce_expand_1536mb_large_2.out,262113412,262113412,2638.044446,580.244031,2284.780686,5503.069163,99.3589830000000,114.72147600000000,,,,,,,,,,
gh_reduce_expand,large,1536,5635.565519000000,payloads/matrix_large.bin,intermediate/task_gh_reduce_expand_1536mb_large_3.out,262113412,262113412,2641.121997,578.759083,2288.68645,5508.56753,99.24320500000000,114.5256970000000,,,,,,,,,,
gh_reduce_expand,large,1536,5643.340111000000,payloads/matrix_large.bin,intermediate/task_gh_reduce_expand_1536mb_large_4.out,262113412,262113412,2637.551824,582.836076,2286.345153,5506.733053,99.37754000000000,114.64297600000000,,,,,,,,,,
gh_reduce_expand,large,1536,5643.855095000000,payloads/matrix_large.bin,intermediate/task_gh_reduce_expand_1536mb_large_5.out,262113412,262113412,2638.218965,589.508421,2292.480997,5520.208383,99.35241000000001,114.33613300000000,,,,,,,,,,
gh_reduce_expand,large,2048,5644.0269950000,payloads/matrix_large.bin,intermediate/task_gh_reduce_expand_2048mb_large_1.out,262113412,262113412,2642.847512,523.212105,2287.531765,5453.591382,99.17840900000000,114.58350700000000,,,,,,,,,,
gh_reduce_expand,large,2048,5557.114601000000,payloads/matrix_large.bin,intermediate/task_gh_reduce_expand_2048mb_large_2.out,262113412,262113412,2643.727636,516.718849,2314.19766,5474.644145,99.14539200000000,113.26319100000001,,,,,,,,,,
gh_reduce_expand,large,2048,5550.047398000000,payloads/matrix_large.bin,intermediate/task_gh_reduce_expand_2048mb_large_3.out,262113412,262113412,2640.992197,519.339055,2303.948398,5464.27965,99.24808299999999,113.76705000000000,,,,,,,,,,
gh_reduce_expand,large,2048,5621.893883000000,payloads/matrix_large.bin,intermediate/task_gh_reduce_expand_2048mb_large_4.out,262113412,262113412,2641.166624,525.135178,2288.678551,5454.980353,99.24152800000000,114.52609300000000,,,,,,,,,,
gh_reduce_expand,large,2048,5640.045404000000,payloads/matrix_large.bin,intermediate/task_gh_reduce_expand_2048mb_large_5.out,262113412,262113412,2639.285971,527.805093,2290.889757,5457.980821,99.31224400000001,114.41555000000000,,,,,,,,,,
kb_latency_compress,micro,128,19980.24010700000,payloads/matrix_micro.bin,intermediate/task_kb_latency_compress_128mb_micro_1.out,614156,97378,19626.841051,53.579168,99.851717,19780.271936,0.031292000000000000,0.9752260000000000,200.738587,99.851717,19426.102464,,500,,,,,
kb_latency_compress,micro,128,20389.430046000001,payloads/matrix_micro.bin,intermediate/task_kb_latency_compress_128mb_micro_2.out,614156,97378,20068.962444,53.619626,97.674522,20220.256592,0.030602000000000001,0.996964000000000,199.677102,97.674522,19869.285342,,500,,,,,
kb_latency_compress,micro,128,19913.07520900000,payloads/matrix_micro.bin,intermediate/task_kb_latency_compress_128mb_micro_3.out,614156,97378,19668.168581,69.61253,102.134587,19839.915698,0.031226000000000000,0.9534280000000001,236.80537,102.134587,19431.363211,,500,,,,,
kb_latency_compress,micro,128,20353.132724999999,payloads/matrix_micro.bin,intermediate/task_kb_latency_compress_128mb_micro_4.out,614156,97378,20025.261913,53.589693,98.34322,20177.194826,0.030668999999999998,0.9901850000000000,296.435585,98.34322,19728.826328,,500,,,,,
kb_latency_compress,micro,128,20286.709309000002,payloads/matrix_micro.bin,intermediate/task_kb_latency_compress_128mb_micro_5.out,614156,97378,19949.472907,69.648736,83.983799,20103.105442,0.03078600000000000,1.1594860000000000,238.561106,83.983799,19710.911801,,500,,,,,
kb_latency_compress,micro,256,13966.553688000000,payloads/matrix_micro.bin,intermediate/task_kb_latency_compress_256mb_micro_1.out,614156,97378,13825.622341,17.494924,56.47,13899.587265,0.04442200000000000,1.7244200000000001,133.749083,56.47,13691.873258,,500,,,,,
kb_latency_compress,micro,256,14244.82536300000,payloads/matrix_micro.bin,intermediate/task_kb_latency_compress_256mb_micro_2.out,614156,97378,13971.466622,29.682921,61.994383,14063.143926,0.04395800000000000,1.5707549999999999,119.872054,61.994383,13851.594568,,500,,,,,
kb_latency_compress,micro,256,14107.771158000000,payloads/matrix_micro.bin,intermediate/task_kb_latency_compress_256mb_micro_3.out,614156,97378,13904.215548,13.528562,84.682832,14002.426942,0.044170000000000001,1.1499140000000001,131.282017,84.682832,13772.933531,,500,,,,,
kb_latency_compress,micro,256,14030.112743000000,payloads/matrix_micro.bin,intermediate/task_kb_latency_compress_256mb_micro_4.out,614156,97378,13865.183286,13.751354,71.529022,13950.463662,0.04429500000000000,1.3613770000000001,126.328199,71.529022,13738.855087,,500,,,,,
kb_latency_compress,micro,256,14187.610865000001,payloads/matrix_micro.bin,intermediate/task_kb_latency_compress_256mb_micro_5.out,614156,97378,13986.811275,13.735962,62.846806,14063.394043,0.04391000000000000,1.5494500000000000,130.784755,62.846806,13856.02652,,500,,,,,
kb_latency_compress,micro,512,13611.67597800000,payloads/matrix_micro.bin,intermediate/task_kb_latency_compress_512mb_micro_1.out,614156,97378,13433.357973,8.150916,101.376793,13542.885682,0.04571900000000000,0.9605550000000000,75.702341,101.376793,13357.655632,,500,,,,,
kb_latency_compress,micro,512,13754.303932000001,payloads/matrix_micro.bin,intermediate/task_kb_latency_compress_512mb_micro_2.out,614156,97378,13536.151922,8.243586,43.65773,13588.053238,0.04537200000000000,2.230487000000000,57.336505,43.65773,13478.815417,,500,,,,,
kb_latency_compress,micro,512,13628.39937200000,payloads/matrix_micro.bin,intermediate/task_kb_latency_compress_512mb_micro_3.out,614156,97378,13483.195443,8.211634,37.005587,13528.412664,0.045550000000000000,2.6314400000000000,66.714777,37.005587,13416.480666,,500,,,,,
kb_latency_compress,micro,512,13654.120922000000,payloads/matrix_micro.bin,intermediate/task_kb_latency_compress_512mb_micro_4.out,614156,97378,13549.73804,8.268182,38.942358,13596.94858,0.045325999999999998,2.5005679999999999,63.127409,38.942358,13486.610631,,500,,,,,
kb_latency_compress,micro,512,13914.09158700000,payloads/matrix_micro.bin,intermediate/task_kb_latency_compress_512mb_micro_5.out,614156,97378,13556.204859,8.322387,39.344736,13603.871982,0.04530400000000000,2.4749940000000001,64.137669,39.344736,13492.06719,,500,,,,,
kb_latency_compress,micro,768,13857.643604000001,payloads/matrix_micro.bin,intermediate/task_kb_latency_compress_768mb_micro_1.out,614156,97378,13675.069914,9.582837,39.326252,13723.979003,0.04491100000000000,2.4761579999999999,78.915542,39.326252,13596.154372,,500,,,,,
kb_latency_compress,micro,768,13835.145235000000,payloads/matrix_micro.bin,intermediate/task_kb_latency_compress_768mb_micro_2.out,614156,97378,13702.243718,9.496705,43.721795,13755.462218,0.04482200000000000,2.2272189999999998,58.632104,43.721795,13643.611614,,500,,,,,
kb_latency_compress,micro,768,13938.602448000000,payloads/matrix_micro.bin,intermediate/task_kb_latency_compress_768mb_micro_3.out,614156,97378,13760.019967,9.3926,37.666987,13807.079554,0.044632999999999999,2.585235000000000,51.553629,37.666987,13708.466338,,500,,,,,
kb_latency_compress,micro,768,13724.096536999999,payloads/matrix_micro.bin,intermediate/task_kb_latency_compress_768mb_micro_4.out,614156,97378,13616.426381,9.681335,38.848145,13664.955861,0.04510400000000000,2.5066320000000002,59.995987,38.848145,13556.430394,,500,,,,,
kb_latency_compress,micro,768,13675.930737999999,payloads/matrix_micro.bin,intermediate/task_kb_latency_compress_768mb_micro_5.out,614156,97378,13569.218824,9.432008,45.66714,13624.317972,0.04526100000000000,2.132343000000000,42.537922,45.66714,13526.680902,,500,,,,,
kb_latency_compress,micro,1024,14022.01795600000,payloads/matrix_micro.bin,intermediate/task_kb_latency_compress_1024mb_micro_1.out,614156,97378,13897.618021,9.588583,41.137584,13948.344188,0.044191000000000001,2.3671300000000000,50.057553,41.137584,13847.560468,,500,,,,,
kb_latency_compress,micro,1024,13865.664720999999,payloads/matrix_micro.bin,intermediate/task_kb_latency_compress_1024mb_micro_2.out,614156,97378,13760.209918,9.212509,39.242757,13808.665184,0.04463300000000000,2.481426000000000,47.727106,39.242757,13712.482812,,500,,,,,
kb_latency_compress,micro,1024,13721.598147999999,payloads/matrix_micro.bin,intermediate/task_kb_latency_compress_1024mb_micro_3.out,614156,97378,13457.700094,9.257495,37.28052,13504.238109,0.04563600000000000,2.612034000000000,40.977353,37.28052,13416.722741,,500,,,,,
kb_latency_compress,micro,1024,13617.8879740000,payloads/matrix_micro.bin,intermediate/task_kb_latency_compress_1024mb_micro_4.out,614156,97378,13498.800407,9.337357,37.926392,13546.064156,0.04549700000000000,2.5675520000000001,48.474604,37.926392,13450.325803,,500,,,,,
kb_latency_compress,micro,1024,13950.74462900000,payloads/matrix_micro.bin,intermediate/task_kb_latency_compress_1024mb_micro_5.out,614156,97378,13737.742765,9.497136,45.964123,13793.204024,0.04470600000000000,2.1185649999999998,42.336485,45.964123,13695.40628,,500,,,,,
kb_latency_compress,micro,1536,13516.338587000000,payloads/matrix_micro.bin,intermediate/task_kb_latency_compress_1536mb_micro_1.out,614156,97378,13308.843931,9.320778,50.145054,13368.309763,0.04614600000000000,1.9419260000000000,46.437516,50.145054,13262.406415,,500,,,,,
kb_latency_compress,micro,1536,13732.797384000000,payloads/matrix_micro.bin,intermediate/task_kb_latency_compress_1536mb_micro_2.out,614156,97378,13556.998992,9.322461,37.983143,13604.304596,0.04530200000000000,2.563716000000000,46.620112,37.983143,13510.37888,,500,,,,,
kb_latency_compress,micro,1536,13734.336615000000,payloads/matrix_micro.bin,intermediate/task_kb_latency_compress_1536mb_micro_3.out,614156,97378,13569.105311,9.590225,36.070397,13614.765933,0.04526100000000000,2.699665000000000,42.183802,36.070397,13526.921509,,500,,,,,
kb_latency_compress,micro,1536,14039.164065999999,payloads/matrix_micro.bin,intermediate/task_kb_latency_compress_1536mb_micro_4.out,614156,97378,13862.548943,9.467552,43.319896,13915.336391,0.04430300000000000,2.247882000000000,49.967127,43.319896,13812.581816,,500,,,,,
kb_latency_compress,micro,1536,13714.947939000000,payloads/matrix_micro.bin,intermediate/task_kb_latency_compress_1536mb_micro_5.out,614156,97378,13577.0106,9.244823,34.579323,13620.834746,0.04523500000000000,2.8160759999999998,50.071544,34.579323,13526.939056,,500,,,,,
kb_latency_compress,micro,2048,13774.079323000000,payloads/matrix_micro.bin,intermediate/task_kb_latency_compress_2048mb_micro_1.out,614156,97378,13630.932724,9.824189,37.219368,13677.976281,0.04505600000000000,2.616326000000000,49.467148,37.219368,13581.465576,,500,,,,,
kb_latency_compress,micro,2048,13592.702389000000,payloads/matrix_micro.bin,intermediate/task_kb_latency_compress_2048mb_micro_2.out,614156,97378,13463.709518,9.929643,48.010333,13521.649494,0.04561600000000000,2.028272000000000,46.681737,48.010333,13417.027781,,500,,,,,
kb_latency_compress,micro,2048,13833.658218000000,payloads/matrix_micro.bin,intermediate/task_kb_latency_compress_2048mb_micro_3.out,614156,97378,13561.187723,9.516403,65.299981,13636.004107,0.04528800000000000,1.4912410000000000,47.200222,65.299981,13513.987501,,500,,,,,
kb_latency_compress,micro,2048,13923.934937000000,payloads/matrix_micro.bin,intermediate/task_kb_latency_compress_2048mb_micro_4.out,614156,97378,13810.894073,9.652232,40.693354,13861.239659,0.04446900000000000,2.392971000000000,43.353599,40.693354,13767.540474,,500,,,,,
kb_latency_compress,micro,2048,13732.327700000000,payloads/matrix_micro.bin,intermediate/task_kb_latency_compress_2048mb_micro_5.out,614156,97378,13617.940866,9.87433,38.066644,13665.88184,0.04509900000000000,2.558093000000000,43.841015,38.066644,13574.099851,,500,,,,,
kb_latency_compress,small,128,45206.42948200000,payloads/matrix_small.bin,intermediate/task_kb_latency_compress_128mb_small_1.out,6259852,4986764,40131.828266,4292.598616,538.081712,44962.508594,0.1559820000000000,9.267670000000001,441.55021,538.081712,39690.278056,,1000,,,,,
kb_latency_compress,small,128,45579.05030300000,payloads/matrix_small.bin,intermediate/task_kb_latency_compress_128mb_small_2.out,6259852,4986764,40540.186302,4320.163504,555.402837,45415.752643,0.15441099999999999,8.978643000000000,537.903329,555.402837,40002.282973,,1000,,,,,
kb_latency_compress,small,128,45272.093534000000,payloads/matrix_small.bin,intermediate/task_kb_latency_compress_128mb_small_3.out,6259852,4986764,40102.198973,4337.073554,677.985458,45117.257985,0.15609700000000001,7.35526700000000,457.076028,677.985458,39645.122945,,1000,,,,,
kb_latency_compress,small,128,45684.38744500000,payloads/matrix_small.bin,intermediate/task_kb_latency_compress_128mb_small_4.out,6259852,4986764,40422.890932,4316.546676,717.845949,45457.283557,0.15485900000000000,6.946844000000000,418.083504,717.845949,40004.807428,,1000,,,,,
kb_latency_compress,small,128,45273.32139000000,payloads/matrix_small.bin,intermediate/task_kb_latency_compress_128mb_small_5.out,6259852,4986764,39962.192003,4317.221856,752.498696,45031.912555,0.1566440000000000,6.626940000000000,382.424481,752.498696,39579.767522,,1000,,,,,
kb_latency_compress,small,256,30592.753410000001,payloads/matrix_small.bin,intermediate/task_kb_latency_compress_256mb_small_1.out,6259852,4986764,27905.688462,2113.220053,359.79127,30378.699785,0.22432199999999999,13.860158000000000,277.853031,359.79127,27627.835431,,1000,,,,,
kb_latency_compress,small,256,29707.52716100000,payloads/matrix_small.bin,intermediate/task_kb_latency_compress_256mb_small_2.out,6259852,4986764,27282.701526,2118.400083,209.95394,29611.055549,0.22944400000000001,23.751705000000001,222.821057,209.95394,27059.880469,,1000,,,,,
kb_latency_compress,small,256,30321.89154600000,payloads/matrix_small.bin,intermediate/task_kb_latency_compress_256mb_small_3.out,6259852,4986764,27706.641354,2114.784236,304.998485,30126.424075,0.22593299999999999,16.350127000000001,239.845631,304.998485,27466.795723,,1000,,,,,
kb_latency_compress,small,256,30302.393435999998,payloads/matrix_small.bin,intermediate/task_kb_latency_compress_256mb_small_4.out,6259852,4986764,27674.159888,2102.232435,375.418159,30151.810482,0.22619800000000001,13.283225000000000,273.651162,375.418159,27400.508726,,1000,,,,,
kb_latency_compress,small,256,30136.34443300000,payloads/matrix_small.bin,intermediate/task_kb_latency_compress_256mb_small_5.out,6259852,4986764,27522.598604,2118.998501,299.403079,29941.000184,0.22744400000000001,16.655687000000000,241.265649,299.403079,27281.332955,,1000,,,,,
kb_latency_compress,small,512,28403.770685000000,payloads/matrix_small.bin,intermediate/task_kb_latency_compress_512mb_small_1.out,6259852,4986764,27140.333482,1039.037504,160.79866,28340.169646,0.23064799999999999,31.01247200000000,160.378277,160.79866,26979.955205,,1000,,,,,
kb_latency_compress,small,512,28962.54849400000,payloads/matrix_small.bin,intermediate/task_kb_latency_compress_512mb_small_2.out,6259852,4986764,27403.334874,1037.92391,140.123894,28581.382678,0.22843400000000000,35.58824900000000,218.393759,140.123894,27184.941115,,1000,,,,,
kb_latency_compress,small,512,28801.419734999999,payloads/matrix_small.bin,intermediate/task_kb_latency_compress_512mb_small_3.out,6259852,4986764,27227.994833,1038.164534,204.807975,28470.967342,0.2299050000000000,24.34848500000000,202.949772,204.807975,27025.045061,,1000,,,,,
kb_latency_compress,small,512,28940.967083000000,payloads/matrix_small.bin,intermediate/task_kb_latency_compress_512mb_small_4.out,6259852,4986764,27535.519498,1057.520661,187.781882,28780.822041,0.2273370000000000,26.556151000000000,152.04531,187.781882,27383.474188,,1000,,,,,
kb_latency_compress,small,512,28718.3575630000,payloads/matrix_small.bin,intermediate/task_kb_latency_compress_512mb_small_5.out,6259852,4986764,27377.411474,1043.07107,201.727676,28622.21022,0.22864999999999999,24.720276999999999,139.000828,201.727676,27238.410646,,1000,,,,,
kb_latency_compress,small,768,28520.7359790000,payloads/matrix_small.bin,intermediate/task_kb_latency_compress_768mb_small_1.out,6259852,4986764,27578.211657,692.812747,180.411188,28451.435592,0.22698499999999999,27.641102000000000,160.916638,180.411188,27417.295019,,1000,,,,,
kb_latency_compress,small,768,28189.574241999999,payloads/matrix_small.bin,intermediate/task_kb_latency_compress_768mb_small_2.out,6259852,4986764,27305.732621,697.012271,125.182388,28127.92728,0.22925000000000001,39.835987000000003,119.976316,125.182388,27185.756305,,1000,,,,,
kb_latency_compress,small,768,28208.80174600000,payloads/matrix_small.bin,intermediate/task_kb_latency_compress_768mb_small_3.out,6259852,4986764,27277.787612,694.078342,100.47717,28072.343124,0.22948499999999999,49.63081700000000,142.775516,100.47717,27135.012096,,1000,,,,,
kb_latency_compress,small,768,28074.185132999999,payloads/matrix_small.bin,intermediate/task_kb_latency_compress_768mb_small_4.out,6259852,4986764,27121.534371,696.731119,97.807126,27916.072616,0.23080700000000001,50.98569200000000,140.783659,97.807126,26980.750712,,1000,,,,,
kb_latency_compress,small,768,28269.553661000002,payloads/matrix_small.bin,intermediate/task_kb_latency_compress_768mb_small_5.out,6259852,4986764,27234.27602,698.773447,161.312909,28094.362376,0.22985200000000000,30.91360800000000,135.368218,161.312909,27098.907802,,1000,,,,,
kb_latency_compress,small,1024,27913.010359000000,payloads/matrix_small.bin,intermediate/task_kb_latency_compress_1024mb_small_1.out,6259852,4986764,27199.888671,517.549345,90.050703,27807.488719,0.23014299999999999,55.37729100000000,137.476135,90.050703,27062.412536,,1000,,,,,
kb_latency_compress,small,1024,27658.344507000002,payloads/matrix_small.bin,intermediate/task_kb_latency_compress_1024mb_small_2.out,6259852,4986764,26874.394464,511.764654,104.446109,27490.605227,0.232930000000000,47.74485200000000,102.608585,104.446109,26771.785879,,1000,,,,,
kb_latency_compress,small,1024,27781.548262000000,payloads/matrix_small.bin,intermediate/task_kb_latency_compress_1024mb_small_3.out,6259852,4986764,27091.85998,515.390261,111.434614,27718.684855,0.231060000000000,44.75058400000000,124.419722,111.434614,26967.440258,,1000,,,,,
kb_latency_compress,small,1024,28253.909825999999,payloads/matrix_small.bin,intermediate/task_kb_latency_compress_1024mb_small_4.out,6259852,4986764,27469.107094,520.081983,104.827326,28094.016403,0.2278870000000000,47.57122200000000,125.626919,104.827326,27343.480175,,1000,,,,,
kb_latency_compress,small,1024,27660.09020800000,payloads/matrix_small.bin,intermediate/task_kb_latency_compress_1024mb_small_5.out,6259852,4986764,26934.361044,505.25824,111.867956,27551.48724,0.2324110000000000,44.57723400000000,112.952794,111.867956,26821.40825,,1000,,,,,
kb_latency_compress,small,1536,27435.91332400000,payloads/matrix_small.bin,intermediate/task_kb_latency_compress_1536mb_small_1.out,6259852,4986764,26847.126252,442.04868,83.572595,27372.747527,0.23316700000000001,59.66984800000000,93.905768,83.572595,26753.220484,,1000,,,,,
kb_latency_compress,small,1536,27268.1245800000,payloads/matrix_small.bin,intermediate/task_kb_latency_compress_1536mb_small_2.out,6259852,4986764,26653.641895,447.369251,90.408562,27191.419708,0.23485900000000001,55.158093999999998,97.090564,90.408562,26556.551331,,1000,,,,,
kb_latency_compress,small,1536,27534.603357000000,payloads/matrix_small.bin,intermediate/task_kb_latency_compress_1536mb_small_3.out,6259852,4986764,26865.794924,467.598427,105.231804,27438.625155,0.23300499999999999,47.38837300000000,109.035896,105.231804,26756.759028,,1000,,,,,
kb_latency_compress,small,1536,27378.61919400000,payloads/matrix_small.bin,intermediate/task_kb_latency_compress_1536mb_small_4.out,6259852,4986764,26789.775794,456.074129,77.54276,27323.392683,0.2336660000000000,64.30985900000000,103.435845,77.54276,26686.339949,,1000,,,,,
kb_latency_compress,small,1536,27450.825453000001,payloads/matrix_small.bin,intermediate/task_kb_latency_compress_1536mb_small_5.out,6259852,4986764,26740.253269,444.898136,71.982212,27257.133617,0.23409800000000000,69.2777270000000,92.357109,71.982212,26647.89616,,1000,,,,,
kb_latency_compress,small,2048,27286.848545000001,payloads/matrix_small.bin,intermediate/task_kb_latency_compress_2048mb_small_1.out,6259852,4986764,26784.870242,302.015246,132.595104,27219.480592,0.23370900000000000,37.608960000000003,89.0416,132.595104,26695.828642,,1000,,,,,
kb_latency_compress,small,2048,27719.006538000001,payloads/matrix_small.bin,intermediate/task_kb_latency_compress_2048mb_small_2.out,6259852,4986764,27035.690532,303.673724,83.723939,27423.088195,0.23154000000000000,59.56198500000000,101.366547,83.723939,26934.323985,,1000,,,,,
kb_latency_compress,small,2048,27455.34920700000,payloads/matrix_small.bin,intermediate/task_kb_latency_compress_2048mb_small_3.out,6259852,4986764,26949.986798,303.400291,84.142313,27337.529402,0.23227700000000001,59.265830000000001,129.096048,84.142313,26820.89075,,1000,,,,,
kb_latency_compress,small,2048,27233.58678800000,payloads/matrix_small.bin,intermediate/task_kb_latency_compress_2048mb_small_4.out,6259852,4986764,26795.566564,302.122136,76.867199,27174.555899,0.23361499999999999,64.87505800000000,122.189322,76.867199,26673.377242,,1000,,,,,
kb_latency_compress,small,2048,27574.207544000001,payloads/matrix_small.bin,intermediate/task_kb_latency_compress_2048mb_small_5.out,6259852,4986764,27009.955451,302.621592,94.098682,27406.675725,0.23176099999999999,52.99504600000000,129.517441,94.098682,26880.43801,,1000,,,,,
kb_latency_compress,medium,512,53772.09973300000,payloads/matrix_medium.bin,intermediate/task_kb_latency_compress_512mb_medium_1.out,53923852,49893161,41319.198332,10682.589447,1510.587924,53512.375703,1.3050560000000000,33.028968999999996,624.813608,1510.587924,40694.384724,,1500,,,,,
kb_latency_compress,medium,512,53362.608194000000,payloads/matrix_medium.bin,intermediate/task_kb_latency_compress_512mb_medium_2.out,53923852,49893161,41374.536121,10643.04675,1145.355127,53162.937998,1.303310000000000,43.56130200000000,563.75402,1145.355127,40810.782101,,1500,,,,,
kb_latency_compress,medium,512,53460.63995400000,payloads/matrix_medium.bin,intermediate/task_kb_latency_compress_512mb_medium_3.out,53923852,49893161,41160.996453,10661.658281,1541.901382,53364.556116,1.310072000000000,32.35820500000000,566.635646,1541.901382,40594.360807,,1500,,,,,
kb_latency_compress,medium,512,52751.789808000001,payloads/matrix_medium.bin,intermediate/task_kb_latency_compress_512mb_medium_4.out,53923852,49893161,40842.229794,10621.634324,1146.209269,52610.073387,1.3202959999999999,43.52884100000000,586.714462,1146.209269,40255.515332,,1500,,,,,
kb_latency_compress,medium,512,53726.802587999999,payloads/matrix_medium.bin,intermediate/task_kb_latency_compress_512mb_medium_5.out,53923852,49893161,41223.553947,10656.763187,1683.104452,53563.421586,1.3080840000000000,29.6435320000000,581.377975,1683.104452,40642.175972,,1500,,,,,
kb_latency_compress,medium,768,48814.518213000003,payloads/matrix_medium.bin,intermediate/task_kb_latency_compress_768mb_medium_1.out,53923852,49893161,40656.771681,7085.116084,961.403087,48703.290852,1.3263190000000000,51.89619400000000,582.436173,961.403087,40074.335508,,1500,,,,,
kb_latency_compress,medium,768,48922.765492999999,payloads/matrix_medium.bin,intermediate/task_kb_latency_compress_768mb_medium_2.out,53923852,49893161,40868.81758,7034.153219,913.623686,48816.594485,1.3194380000000001,54.61018800000000,630.808316,913.623686,40238.009264,,1500,,,,,
kb_latency_compress,medium,768,49279.70790900000,payloads/matrix_medium.bin,intermediate/task_kb_latency_compress_768mb_medium_3.out,53923852,49893161,41105.872968,7018.974557,1041.972681,49166.820206,1.311828000000000,47.88336800000000,598.380202,1041.972681,40507.492766,,1500,,,,,
kb_latency_compress,medium,768,49061.20228800000,payloads/matrix_medium.bin,intermediate/task_kb_latency_compress_768mb_medium_4.out,53923852,49893161,40970.088519,7008.159144,1013.663397,48991.91106,1.3161760000000000,49.22064000000000,645.248835,1013.663397,40324.839684,,1500,,,,,
kb_latency_compress,medium,768,49054.511309000001,payloads/matrix_medium.bin,intermediate/task_kb_latency_compress_768mb_medium_5.out,53923852,49893161,41160.720971,7019.836708,766.362518,48946.920197,1.310080000000000,65.10386400000000,594.297322,766.362518,40566.423649,,1500,,,,,
kb_latency_compress,medium,1024,47325.767517000000,payloads/matrix_medium.bin,intermediate/task_kb_latency_compress_1024mb_medium_1.out,53923852,49893161,41185.475176,5492.13408,571.242562,47248.851818,1.309293000000000,87.34146300000000,579.406396,571.242562,40606.06878,,1500,,,,,
kb_latency_compress,medium,1024,47009.3514920000,payloads/matrix_medium.bin,intermediate/task_kb_latency_compress_1024mb_medium_2.out,53923852,49893161,40888.459543,5422.958932,616.92361,46928.342085,1.3188040000000001,80.8741310000000,625.107627,616.92361,40263.351916,,1500,,,,,
kb_latency_compress,medium,1024,47627.59494800000,payloads/matrix_medium.bin,intermediate/task_kb_latency_compress_1024mb_medium_3.out,53923852,49893161,41071.946151,5416.043728,797.58996,47285.579839,1.3129120000000001,62.55490100000000,633.22453,797.58996,40438.721621,,1500,,,,,
kb_latency_compress,medium,1024,47526.03578600000,payloads/matrix_medium.bin,intermediate/task_kb_latency_compress_1024mb_medium_4.out,53923852,49893161,41085.187217,5434.518071,771.736475,47291.441763,1.3124890000000000,64.6505160000000,654.949437,771.736475,40430.23778,,1500,,,,,
kb_latency_compress,medium,1024,47216.575384000003,payloads/matrix_medium.bin,intermediate/task_kb_latency_compress_1024mb_medium_5.out,53923852,49893161,41076.448739,5417.036209,598.440916,47091.925864,1.3127679999999999,83.37190800000000,632.146031,598.440916,40444.302708,,1500,,,,,
kb_latency_compress,medium,1536,45276.77869800000,payloads/matrix_medium.bin,intermediate/task_kb_latency_compress_1536mb_medium_1.out,53923852,49893161,40947.879695,3631.744981,455.607484,45035.23216,1.3168899999999999,109.50909000000000,543.746703,455.607484,40404.132992,,1500,,,,,
kb_latency_compress,medium,1536,45247.69425400000,payloads/matrix_medium.bin,intermediate/task_kb_latency_compress_1536mb_medium_2.out,53923852,49893161,40604.704379,3598.202706,984.18135,45187.088435,1.3280200000000000,50.6950890000000,541.834342,984.18135,40062.870037,,1500,,,,,
kb_latency_compress,medium,1536,45085.915089000002,payloads/matrix_medium.bin,intermediate/task_kb_latency_compress_1536mb_medium_3.out,53923852,49893161,40761.439956,3608.893418,526.424772,44896.758146,1.3229130000000000,94.77738100000001,559.948813,526.424772,40201.491143,,1500,,,,,
kb_latency_compress,medium,1536,45081.47311200000,payloads/matrix_medium.bin,intermediate/task_kb_latency_compress_1536mb_medium_4.out,53923852,49893161,40877.274103,3605.652267,517.782719,45000.709089,1.3191649999999999,96.3592630000000,616.434596,517.782719,40260.839507,,1500,,,,,
kb_latency_compress,medium,1536,44849.43079900000,payloads/matrix_medium.bin,intermediate/task_kb_latency_compress_1536mb_medium_5.out,53923852,49893161,40642.53684,3614.439084,461.951336,44718.92726,1.3267840000000000,108.00523200000001,572.581091,461.951336,40069.955749,,1500,,,,,
kb_latency_compress,medium,2048,44840.95597300000,payloads/matrix_medium.bin,intermediate/task_kb_latency_compress_2048mb_medium_1.out,53923852,49893161,41281.715146,3020.026443,477.34205,44779.083639,1.306241000000000,104.52287000000000,708.212598,477.34205,40573.502548,,1500,,,,,
kb_latency_compress,medium,2048,44681.379079999999,payloads/matrix_medium.bin,intermediate/task_kb_latency_compress_2048mb_medium_2.out,53923852,49893161,41079.18667,3007.014916,492.248983,44578.450569,1.3126810000000000,101.35757099999999,630.503074,492.248983,40448.683596,,1500,,,,,
kb_latency_compress,medium,2048,44146.069287999999,payloads/matrix_medium.bin,intermediate/task_kb_latency_compress_2048mb_medium_3.out,53923852,49893161,40540.583369,3006.494649,463.503252,44010.58127,1.330120000000000,107.64360499999999,541.023475,463.503252,39999.559894,,1500,,,,,
kb_latency_compress,medium,2048,44614.03465300000,payloads/matrix_medium.bin,intermediate/task_kb_latency_compress_2048mb_medium_4.out,53923852,49893161,41067.668421,2999.885692,481.796836,44549.350949,1.3130489999999999,103.55643100000000,625.699013,481.796836,40441.969408,,1500,,,,,
kb_latency_compress,medium,2048,44600.547314000003,payloads/matrix_medium.bin,intermediate/task_kb_latency_compress_2048mb_medium_5.out,53923852,49893161,41011.858616,3001.4539,455.697289,44469.009805,1.3148359999999999,109.48750900000000,557.67201,455.697289,40454.186606,,1500,,,,,
kb_latency_compress,large,1024,87150.91133100000,payloads/matrix_large.bin,intermediate/task_kb_latency_compress_1024mb_large_2.out,264161412,249631588,57284.114347,27143.182527,2587.108147,87014.405021,4.611425000000000,96.49058900000000,2779.714604,2587.108147,54504.399743,,2000,,,,,
kb_latency_compress,large,1024,87152.2274020000,payloads/matrix_large.bin,intermediate/task_kb_latency_compress_1024mb_large_3.out,264161412,249631588,57556.198608,26989.057979,2477.655824,87022.912411,4.589626000000000,100.75313300000001,3380.174193,2477.655824,54176.024415,,2000,,,,,
kb_latency_compress,large,1024,87152.43482600000,payloads/matrix_large.bin,intermediate/task_kb_latency_compress_1024mb_large_4.out,264161412,249631588,57537.499986,26864.326911,2552.253527,86954.080424,4.591117000000000,97.80830400000001,3174.694015,2552.253527,54362.805971,,2000,,,,,
kb_latency_compress,large,1024,87972.28479400001,payloads/matrix_large.bin,intermediate/task_kb_latency_compress_1024mb_large_5.out,264161412,249631588,57346.381034,26963.60976,3460.173121,87770.163915,4.60641800000000,72.14424800000000,3436.3099,3460.173121,53910.071134,,2000,,,,,
kb_latency_compress,large,1024,86562.30187400000,payloads/matrix_large.bin,intermediate/task_kb_latency_compress_1024mb_large_6.out,264161412,249631588,57021.192144,26704.369737,2713.637892,86439.199773,4.632688000000000,91.99148800000000,2850.488684,2713.637892,54170.70346,,2000,,,,,
kb_latency_compress,large,1536,76197.12376600000,payloads/matrix_large.bin,intermediate/task_kb_latency_compress_1536mb_large_2.out,264161412,249631588,57134.897388,16712.006544,2195.466574,76042.370506,4.623469000000000,113.70320599999999,3294.90973,2195.466574,53839.987658,,2000,,,,,
kb_latency_compress,large,1536,75685.24241399999,payloads/matrix_large.bin,intermediate/task_kb_latency_compress_1536mb_large_3.out,264161412,249631588,56340.697523,16606.613558,2341.057871,75288.368952,4.688643000000000,106.63195899999999,2815.63337,2341.057871,53525.064153,,2000,,,,,
kb_latency_compress,large,1536,75180.63116100000,payloads/matrix_large.bin,intermediate/task_kb_latency_compress_1536mb_large_4.out,264161412,249631588,56313.682404,16580.148627,2196.784657,75090.615688,4.690892000000000,113.63498300000001,3279.967276,2196.784657,53033.715128,,2000,,,,,
kb_latency_compress,large,1536,76190.99187899999,payloads/matrix_large.bin,intermediate/task_kb_latency_compress_1536mb_large_5.out,264161412,249631588,57098.512185,16656.058425,2192.680119,75947.250729,4.626415000000000,113.84770000000000,3286.00845,2192.680119,53812.503735,,2000,,,,,
kb_latency_compress,large,1536,75273.85211000001,payloads/matrix_large.bin,intermediate/task_kb_latency_compress_1536mb_large_6.out,264161412,249631588,56158.871184,16627.135015,2320.57974,75106.585939,4.703823000000000,107.57294100000000,2967.431291,2320.57974,53191.439893,,2000,,,,,
kb_latency_compress,large,2048,74616.09721199999,payloads/matrix_large.bin,intermediate/task_kb_latency_compress_2048mb_large_2.out,264161412,249631588,57059.362355,15074.61408,2194.901747,74328.878182,4.6295890000000002,113.73246600000000,3250.992129,2194.901747,53808.370226,,2000,,,,,
kb_latency_compress,large,2048,76349.38406900001,payloads/matrix_large.bin,intermediate/task_kb_latency_compress_2048mb_large_3.out,264161412,249631588,57531.939504,15058.59934,3381.006245,75971.545089,4.591561000000000,73.83351900000000,3193.101655,3381.006245,54338.837849,,2000,,,,,
kb_latency_compress,large,2048,74458.4105010000,payloads/matrix_large.bin,intermediate/task_kb_latency_compress_2048mb_large_4.out,264161412,249631588,57074.807897,15041.005256,2197.168379,74312.981532,4.628336000000000,113.61513800000000,2799.007566,2197.168379,54275.800331,,2000,,,,,
kb_latency_compress,large,2048,75326.74670200000,payloads/matrix_large.bin,intermediate/task_kb_latency_compress_2048mb_large_5.out,264161412,249631588,57901.03959,15030.260578,2195.837458,75127.137626,4.5622910000000001,113.68400099999999,3294.443105,2195.837458,54606.596485,,2000,,,,,
kb_latency_compress,large,2048,76861.8836400000,payloads/matrix_large.bin,intermediate/task_kb_latency_compress_2048mb_large_6.out,264161412,249631588,59250.83948,15129.985602,2196.346703,76577.171785,4.458357000000000,113.65764200000000,3572.327598,2196.346703,55678.511882,,2000
