task,payload_size,memory_mb,invocation_latency_ms,input_key,output_key,input_size_bytes,output_size_bytes,download_time_ms,compute_time_ms,upload_time_ms,total_time_ms,download_bandwidth_mbs,upload_bandwidth_mbs,step,chain,run_id,error
e_matrix_multiply,large,1536,26658.544779000000,payloads/matrix_large.bin,intermediate/task_e_matrix_multiply_1536mb_large_0.out,262113412,262113412,6323.721395,14726.319627,3831.891868,24881.93289,41.449235000000002,68.40313399999999,,,,
e_matrix_multiply,large,1536,25169.124603000000,payloads/matrix_large.bin,intermediate/task_e_matrix_multiply_1536mb_large_1.out,262113412,262113412,5204.880533,13661.495775,5135.155365,24001.531673,50.3591600000000,51.04293700000000,,,,
e_matrix_multiply,large,1536,23761.304140000000,payloads/matrix_large.bin,intermediate/task_e_matrix_multiply_1536mb_large_2.out,262113412,262113412,4955.720143,13402.799452,4490.445906,22848.965501,52.89108400000000,58.37135500000000,,,,
e_matrix_multiply,large,1536,27422.48559000000,payloads/matrix_large.bin,intermediate/task_e_matrix_multiply_1536mb_large_3.out,262113412,262113412,4491.899595,17002.02476,4990.018644,26483.942999,58.35246500000000,52.527541999999997,,,,
e_matrix_multiply,large,1536,23025.349855000000,payloads/matrix_large.bin,intermediate/task_e_matrix_multiply_1536mb_large_4.out,262113412,262113412,3125.418224,14144.442248,4988.92001,22258.780482,83.86506799999999,52.53910900000000,,,,
e_matrix_multiply,large,1536,28407.052755000001,payloads/matrix_large.bin,intermediate/task_e_matrix_multiply_1536mb_large_5.out,262113412,262113412,6870.73033,16020.382455,4522.055637,27413.168422,38.14928000000000,57.9633320000000,,,,
e_matrix_multiply,large,2048,31559.70430400000,payloads/matrix_large.bin,intermediate/task_e_matrix_multiply_2048mb_large_0.out,262113412,262113412,6281.799788,17429.103004,6747.662504,30458.565296,41.72584600000000,38.84506800000000,,,,
e_matrix_multiply,large,2048,27082.653998999998,payloads/matrix_large.bin,intermediate/task_e_matrix_multiply_2048mb_large_1.out,262113412,262113412,5623.519223,16230.05007,4338.538957,26192.10825,46.61021000000000,60.41513400000000,,,,
e_matrix_multiply,large,2048,23654.12187600000,payloads/matrix_large.bin,intermediate/task_e_matrix_multiply_2048mb_large_2.out,262113412,262113412,3471.868905,15485.843948,3839.22589,22796.938743,75.4963450000000,68.27246400000000,,,,
e_matrix_multiply,large,2048,19916.258097000002,payloads/matrix_large.bin,intermediate/task_e_matrix_multiply_2048mb_large_3.out,262113412,262113412,5156.981504,9206.292199,4650.733028,19014.006731,50.82690600000000,56.35959100000000,,,,
e_matrix_multiply,large,2048,23668.73526600000,payloads/matrix_large.bin,intermediate/task_e_matrix_multiply_2048mb_large_4.out,262113412,262113412,4432.819126,13983.043691,4342.416307,22758.279124,59.13018400000000,60.361189000000003,,,,
e_matrix_multiply,large,2048,26740.46468700000,payloads/matrix_large.bin,intermediate/task_e_matrix_multiply_2048mb_large_5.out,262113412,262113412,5802.669439,16113.477247,4007.989209,25924.135895,45.17117800000000,65.39773400000000,,,,
a_passthrough,micro,128,1935.7194900000000,payloads/matrix_micro.bin,intermediate/task_a_passthrough_128mb_micro_0.out,102156,102156,150.454676,0.0002,71.233236,221.688112,0.6789820000000000,1.434106000000000,,,,
a_passthrough,micro,128,1108.354092000000,payloads/matrix_micro.bin,intermediate/task_a_passthrough_128mb_micro_1.out,102156,102156,157.902857,0.00022,84.543351,242.446428,0.6469549999999999,1.208327000000000,,,,
a_passthrough,micro,128,1054.112196000000,payloads/matrix_micro.bin,intermediate/task_a_passthrough_128mb_micro_2.out,102156,102156,144.278737,0.00034,70.527737,214.806814,0.7080460000000000,1.4484509999999999,,,,
a_passthrough,micro,128,1136.9259360000001,payloads/matrix_micro.bin,intermediate/task_a_passthrough_128mb_micro_3.out,102156,102156,167.13157,0.00021,74.830147,241.961927,0.61123100000000,1.3651720000000001,,,,
a_passthrough,micro,128,1221.5166090000000,payloads/matrix_micro.bin,intermediate/task_a_passthrough_128mb_micro_4.out,102156,102156,143.874376,0.0002,82.496446,226.371022,0.7100360000000000,1.2383080000000000,,,,
a_passthrough,micro,128,1191.46990800000,payloads/matrix_micro.bin,intermediate/task_a_passthrough_128mb_micro_5.out,102156,102156,170.178528,0.00021,76.913955,247.092693,0.6002870000000000,1.3281860000000001,,,,
a_passthrough,micro,256,1394.0706250000001,payloads/matrix_micro.bin,intermediate/task_a_passthrough_256mb_micro_0.out,102156,102156,150.378266,0.00031,127.540229,277.918805,0.6793270000000000,0.8009710000000000,,,,
a_passthrough,micro,256,1071.547031000000,payloads/matrix_micro.bin,intermediate/task_a_passthrough_256mb_micro_1.out,102156,102156,141.798361,0.000168,65.270176,207.068705,0.7204310000000000,1.5651250000000001,,,,
a_passthrough,micro,256,1341.543436000000,payloads/matrix_micro.bin,intermediate/task_a_passthrough_256mb_micro_2.out,102156,102156,148.418592,0.000168,79.995609,228.414369,0.6882970000000000,1.277020000000000,,,,
a_passthrough,micro,256,1136.4459990000000,payloads/matrix_micro.bin,intermediate/task_a_passthrough_256mb_micro_3.out,102156,102156,146.79861,0.00035,75.09625,221.89521,0.6958920000000000,1.3603339999999999,,,,
a_passthrough,micro,256,1105.6604390000000,payloads/matrix_micro.bin,intermediate/task_a_passthrough_256mb_micro_4.out,102156,102156,164.303593,0.000134,77.655278,241.959005,0.6217510000000001,1.3155060000000001,,,,
a_passthrough,micro,256,1133.3379749999999,payloads/matrix_micro.bin,intermediate/task_a_passthrough_256mb_micro_5.out,102156,102156,165.327327,0.00017,76.847008,242.174505,0.6179010000000000,1.3293429999999999,,,,
a_passthrough,micro,512,2051.0787959999998,payloads/matrix_micro.bin,intermediate/task_a_passthrough_512mb_micro_0.out,102156,102156,137.768056,0.00018,71.335721,209.103957,0.7415070000000000,1.432046000000000,,,,
a_passthrough,micro,512,1196.197271000000,payloads/matrix_micro.bin,intermediate/task_a_passthrough_512mb_micro_1.out,102156,102156,157.852685,0.00042,67.027418,224.880523,0.6471600000000000,1.524093000000000,,,,
a_passthrough,micro,512,1455.9075829999999,payloads/matrix_micro.bin,intermediate/task_a_passthrough_512mb_micro_2.out,102156,102156,173.237793,0.00013,73.533356,246.771279,0.5896870000000000,1.3892469999999999,,,,
a_passthrough,micro,512,1335.015059000000,payloads/matrix_micro.bin,intermediate/task_a_passthrough_512mb_micro_3.out,102156,102156,165.456547,0.00028,79.361656,244.818483,0.6174190000000001,1.28722100000000,,,,
a_passthrough,micro,512,2439.225674000000,payloads/matrix_micro.bin,intermediate/task_a_passthrough_512mb_micro_4.out,102156,102156,342.721922,0.00031,80.526834,423.249066,0.2980730000000000,1.2685960000000001,,,,
a_passthrough,micro,512,1194.4189070000000,payloads/matrix_micro.bin,intermediate/task_a_passthrough_512mb_micro_5.out,102156,102156,166.034144,0.000176,64.035135,230.069455,0.6152710000000000,1.5953120000000001,,,,
a_passthrough,micro,768,1297.596455000000,payloads/matrix_micro.bin,intermediate/task_a_passthrough_768mb_micro_0.out,102156,102156,207.046007,0.00029,83.663606,290.709903,0.493398000000000,1.2210330000000000,,,,
a_passthrough,micro,768,1473.8786220000000,payloads/matrix_micro.bin,intermediate/task_a_passthrough_768mb_micro_1.out,102156,102156,150.644444,0.0002,148.398451,299.043095,0.6781270000000000,0.6883899999999999,,,,
a_passthrough,micro,768,1111.1011510000001,payloads/matrix_micro.bin,intermediate/task_a_passthrough_768mb_micro_2.out,102156,102156,128.575923,0.000147,72.427532,201.003602,0.7945190000000000,1.410458000000000,,,,
a_passthrough,micro,768,989.4757270000000,payloads/matrix_micro.bin,intermediate/task_a_passthrough_768mb_micro_3.out,102156,102156,148.129314,0.00018,63.874831,212.004325,0.6896409999999999,1.5993150000000000,,,,
a_passthrough,micro,768,1047.565460000000,payloads/matrix_micro.bin,intermediate/task_a_passthrough_768mb_micro_4.out,102156,102156,136.419313,0.00029,77.264462,213.684065,0.7488380000000000,1.3221600000000000,,,,
a_passthrough,micro,768,1068.7048440000001,payloads/matrix_micro.bin,intermediate/task_a_passthrough_768mb_micro_5.out,102156,102156,153.304984,0.000161,60.17034,213.475485,0.6663580000000000,1.697780000000000,,,,
a_passthrough,micro,1024,1321.9473360000000,payloads/matrix_micro.bin,intermediate/task_a_passthrough_1024mb_micro_0.out,102156,102156,162.495156,0.00021,59.714772,222.210138,0.6286710000000000,1.710732000000000,,,,
a_passthrough,micro,1024,1502.5906560000001,payloads/matrix_micro.bin,intermediate/task_a_passthrough_1024mb_micro_1.out,102156,102156,206.463847,0.000219,97.3696,303.833666,0.494789000000000,1.0491569999999999,,,,
a_passthrough,micro,1024,1371.96946100000,payloads/matrix_micro.bin,intermediate/task_a_passthrough_1024mb_micro_2.out,102156,102156,148.398479,0.000157,77.453261,225.851897,0.6883899999999999,1.3189370000000000,,,,
a_passthrough,micro,1024,1186.3722800000000,payloads/matrix_micro.bin,intermediate/task_a_passthrough_1024mb_micro_3.out,102156,102156,166.960266,0.0002,65.385205,232.345671,0.6118580000000000,1.5623720000000001,,,,
a_passthrough,micro,1024,1126.781702000000,payloads/matrix_micro.bin,intermediate/task_a_passthrough_1024mb_micro_4.out,102156,102156,157.395303,0.00022,72.342782,229.738305,0.6490410000000000,1.4121100000000000,,,,
a_passthrough,micro,1024,962.7022740000000,payloads/matrix_micro.bin,intermediate/task_a_passthrough_1024mb_micro_5.out,102156,102156,129.796981,0.00025,67.395123,197.192354,0.7870440000000000,1.5157769999999999,,,,
a_passthrough,micro,1536,1682.765007000000,payloads/matrix_micro.bin,intermediate/task_a_passthrough_1536mb_micro_0.out,102156,102156,174.798393,0.000247,74.740898,249.539538,0.5844220000000000,1.3668020000000001,,,,
a_passthrough,micro,1536,1147.5849149999999,payloads/matrix_micro.bin,intermediate/task_a_passthrough_1536mb_micro_1.out,102156,102156,137.418767,0.00036,86.765116,224.184243,0.7433920000000001,1.1773860000000000,,,,
a_passthrough,micro,1536,1107.0382600000000,payloads/matrix_micro.bin,intermediate/task_a_passthrough_1536mb_micro_2.out,102156,102156,143.051381,0.000299,69.219653,212.271333,0.7141210000000000,1.4758240000000000,,,,
a_passthrough,micro,1536,992.4659730000000,payloads/matrix_micro.bin,intermediate/task_a_passthrough_1536mb_micro_3.out,102156,102156,134.282788,0.00018,73.940653,208.223621,0.7607530000000000,1.381595000000000,,,,
a_passthrough,micro,1536,976.0642050000000,payloads/matrix_micro.bin,intermediate/task_a_passthrough_1536mb_micro_4.out,102156,102156,141.532144,0.000201,67.658803,209.191148,0.7217870000000000,1.5098700000000000,,,,
a_passthrough,micro,1536,1046.4520450000000,payloads/matrix_micro.bin,intermediate/task_a_passthrough_1536mb_micro_5.out,102156,102156,156.008337,0.00024,60.505771,216.514348,0.6548110000000000,1.688368000000000,,,,
a_passthrough,micro,2048,1311.8793960000000,payloads/matrix_micro.bin,intermediate/task_a_passthrough_2048mb_micro_0.out,102156,102156,131.390232,0.000321,67.580255,198.970808,0.7775010000000000,1.5116250000000000,,,,
a_passthrough,micro,2048,1151.52907400000,payloads/matrix_micro.bin,intermediate/task_a_passthrough_2048mb_micro_1.out,102156,102156,152.15161,0.000215,65.109713,217.261538,0.6714090000000000,1.568982000000000,,,,
a_passthrough,micro,2048,1480.5495739999999,payloads/matrix_micro.bin,intermediate/task_a_passthrough_2048mb_micro_2.out,102156,102156,173.738188,0.000178,79.668388,253.406754,0.5879880000000000,1.2822650000000000,,,,
a_passthrough,micro,2048,966.7489530000000,payloads/matrix_micro.bin,intermediate/task_a_passthrough_2048mb_micro_3.out,102156,102156,120.149359,0.0002,70.657188,190.806747,0.8502420000000001,1.4457979999999999,,,,
a_passthrough,micro,2048,1264.6236420000000,payloads/matrix_micro.bin,intermediate/task_a_passthrough_2048mb_micro_4.out,102156,102156,161.053935,0.00026,82.739443,243.793638,0.6342970000000000,1.2346710000000001,,,,
a_passthrough,micro,2048,1083.5833550000000,payloads/matrix_micro.bin,intermediate/task_a_passthrough_2048mb_micro_5.out,102156,102156,148.180714,0.00025,74.935874,223.116838,0.6894010000000000,1.3632460000000000,,,,
a_passthrough,small,128,1569.028616000000,payloads/matrix_small.bin,intermediate/task_a_passthrough_128mb_small_0.out,5235852,5235852,240.982959,0.00017,169.772131,410.75526,21.72706300000000,30.840468000000001,,,,
a_passthrough,small,128,1348.7651350000001,payloads/matrix_small.bin,intermediate/task_a_passthrough_128mb_small_1.out,5235852,5235852,244.207085,0.000156,155.624729,399.83197,21.44021300000000,33.644088000000004,,,,
a_passthrough,small,128,1970.1852799999999,payloads/matrix_small.bin,intermediate/task_a_passthrough_128mb_small_2.out,5235852,5235852,268.479313,0.009156,210.558823,479.047292,19.50188200000000,24.866457000000000,,,,
a_passthrough,small,128,1030.6439399999999,payloads/matrix_small.bin,intermediate/task_a_passthrough_128mb_small_3.out,5235852,5235852,221.451065,0.0003,156.510378,377.961743,23.643381000000002,33.453704999999999,,,,
a_passthrough,small,128,1324.5618340000001,payloads/matrix_small.bin,intermediate/task_a_passthrough_128mb_small_4.out,5235852,5235852,220.93688,0.000174,211.098772,432.035826,23.69840700000000,24.802854000000000,,,,
a_passthrough,small,128,1709.5091339999999,payloads/matrix_small.bin,intermediate/task_a_passthrough_128mb_small_5.out,5235852,5235852,278.139229,0.000175,187.79289,465.932294,18.82457200000000,27.880991999999999,,,,
a_passthrough,small,256,2424.3719580000002,payloads/matrix_small.bin,intermediate/task_a_passthrough_256mb_small_0.out,5235852,5235852,238.926916,0.000147,190.541264,429.468327,21.914031999999999,27.478835000000000,,,,
a_passthrough,small,256,5475.480556000000,payloads/matrix_small.bin,intermediate/task_a_passthrough_256mb_small_1.out,5235852,5235852,1797.042492,0.000146,895.608079,2692.650717,2.91359400000000,5.846142000000000,,,,
a_passthrough,small,256,1820.3516010000001,payloads/matrix_small.bin,intermediate/task_a_passthrough_256mb_small_2.out,5235852,5235852,240.389043,0.000171,203.577006,443.96622,21.780743000000001,25.719270000000002,,,,
a_passthrough,small,256,1211.4477159999999,payloads/matrix_small.bin,intermediate/task_a_passthrough_256mb_small_3.out,5235852,5235852,220.515049,0.00017,199.706014,420.221233,23.743739999999999,26.21779800000000,,,,
a_passthrough,small,256,1372.627020000000,payloads/matrix_small.bin,intermediate/task_a_passthrough_256mb_small_4.out,5235852,5235852,237.434768,0.00018,224.197446,461.632394,22.051749000000001,23.35375400000000,,,,
a_passthrough,small,256,1089.1008380000001,payloads/matrix_small.bin,intermediate/task_a_passthrough_256mb_small_5.out,5235852,5235852,187.805412,0.000154,157.521585,345.327151,27.87913300000000,33.238948999999998,,,,
a_passthrough,small,512,1500.8172990000000,payloads/matrix_small.bin,intermediate/task_a_passthrough_512mb_small_0.out,5235852,5235852,240.071972,0.00028,200.989122,441.061374,21.80951000000000,26.050425000000001,,,,
a_passthrough,small,512,1597.7604389999999,payloads/matrix_small.bin,intermediate/task_a_passthrough_512mb_small_1.out,5235852,5235852,340.807056,0.000182,386.533221,727.340459,15.363097000000000,13.545671000000000,,,,
a_passthrough,small,512,1363.6534210000000,payloads/matrix_small.bin,intermediate/task_a_passthrough_512mb_small_2.out,5235852,5235852,282.046943,0.000162,141.57001,423.617115,18.563761000000000,36.98418900000000,,,,
a_passthrough,small,512,1096.275806000000,payloads/matrix_small.bin,intermediate/task_a_passthrough_512mb_small_3.out,5235852,5235852,177.030513,0.00062,148.316259,325.347392,29.575986000000000,35.30194200000000,,,,
a_passthrough,small,512,1605.992079000000,payloads/matrix_small.bin,intermediate/task_a_passthrough_512mb_small_4.out,5235852,5235852,246.692862,0.00028,183.18672,429.879862,21.224173000000000,28.58205000000000,,,,
a_passthrough,small,512,1808.111906000000,payloads/matrix_small.bin,intermediate/task_a_passthrough_512mb_small_5.out,5235852,5235852,238.786731,0.000149,254.242382,493.029262,21.92689700000000,20.59393900000000,,,,
a_passthrough,small,768,1627.283812000000,payloads/matrix_small.bin,intermediate/task_a_passthrough_768mb_small_0.out,5235852,5235852,209.434451,0.000148,173.189034,382.623633,24.999956000000001,30.232006000000,,,,
a_passthrough,small,768,1466.2065510000000,payloads/matrix_small.bin,intermediate/task_a_passthrough_768mb_small_1.out,5235852,5235852,229.506451,0.000157,176.3231,405.829708,22.813528999999999,29.694645999999999,,,,
a_passthrough,small,768,1370.4969880000001,payloads/matrix_small.bin,intermediate/task_a_passthrough_768mb_small_2.out,5235852,5235852,232.815517,0.004234,176.231118,409.050869,22.48927400000000,29.71014500000000,,,,
a_passthrough,small,768,3422.961473000000,payloads/matrix_small.bin,intermediate/task_a_passthrough_768mb_small_3.out,5235852,5235852,453.652154,0.00023,451.300975,904.953359,11.541556999999999,11.601686000000001,,,,
a_passthrough,small,768,1050.4825120000000,payloads/matrix_small.bin,intermediate/task_a_passthrough_768mb_small_4.out,5235852,5235852,207.411558,0.00033,149.634913,357.046801,25.243780999999998,34.990845000000000,,,,
a_passthrough,small,768,1258.3796980000000,payloads/matrix_small.bin,intermediate/task_a_passthrough_768mb_small_5.out,5235852,5235852,222.608411,0.000169,184.130645,406.739225,23.52045900000000,28.435527000000000,,,,
a_passthrough,small,1024,1964.4875529999999,payloads/matrix_small.bin,intermediate/task_a_passthrough_1024mb_small_0.out,5235852,5235852,266.055874,0.000295,220.387294,486.443463,19.67952000000000,23.757504000000001,,,,
a_passthrough,small,1024,1194.108009000000,payloads/matrix_small.bin,intermediate/task_a_passthrough_1024mb_small_1.out,5235852,5235852,201.134761,0.000139,153.574757,354.709657,26.03156200000000,34.093181000000001,,,,
a_passthrough,small,1024,1338.2911680000000,payloads/matrix_small.bin,intermediate/task_a_passthrough_1024mb_small_2.out,5235852,5235852,209.503973,0.000156,210.825071,420.3292,24.99166000000000,24.835054000000000,,,,
a_passthrough,small,1024,1291.069508000000,payloads/matrix_small.bin,intermediate/task_a_passthrough_1024mb_small_3.out,5235852,5235852,295.721867,0.00028,174.563458,470.285605,17.705325999999999,29.993974999999999,,,,
a_passthrough,small,1024,1149.1825580000000,payloads/matrix_small.bin,intermediate/task_a_passthrough_1024mb_small_4.out,5235852,5235852,239.479611,0.00034,132.453389,371.93334,21.863456000000,39.529770000000,,,,
a_passthrough,small,1024,1464.7233490000001,payloads/matrix_small.bin,intermediate/task_a_passthrough_1024mb_small_5.out,5235852,5235852,265.706991,0.000259,166.085182,431.792432,19.705359999999999,31.525099999999998,,,,
a_passthrough,small,1536,1500.995636000000,payloads/matrix_small.bin,intermediate/task_a_passthrough_1536mb_small_0.out,5235852,5235852,225.34235,0.000238,174.297273,399.639861,23.2351000000000,30.039781999999999,,,,
a_passthrough,small,1536,1402.6436810000000,payloads/matrix_small.bin,intermediate/task_a_passthrough_1536mb_small_1.out,5235852,5235852,248.803666,0.000198,153.833061,402.636925,21.044111000000001,34.035935000000002,,,,
a_passthrough,small,1536,1403.860092000000,payloads/matrix_small.bin,intermediate/task_a_passthrough_1536mb_small_2.out,5235852,5235852,239.803006,0.00038,168.372996,408.176382,21.83397200000000,31.09674400000000,,,,
a_passthrough,small,1536,1427.190542000000,payloads/matrix_small.bin,intermediate/task_a_passthrough_1536mb_small_3.out,5235852,5235852,281.323958,0.00019,186.538248,467.862396,18.6114690000000,28.06851700000000,,,,
a_passthrough,small,1536,1303.44557800000,payloads/matrix_small.bin,intermediate/task_a_passthrough_1536mb_small_4.out,5235852,5235852,241.793722,0.00034,173.698395,415.492457,21.65421000000000,30.14335300000000,,,,
a_passthrough,small,1536,1218.5020450000000,payloads/matrix_small.bin,intermediate/task_a_passthrough_1536mb_small_5.out,5235852,5235852,199.409084,0.000142,161.453006,360.862232,26.25683800000000,32.42957300000000,,,,
a_passthrough,small,2048,1222.4750520000000,payloads/matrix_small.bin,intermediate/task_a_passthrough_2048mb_small_0.out,5235852,5235852,184.131267,0.000138,144.334302,328.465707,28.435431000000001,36.27586700000000,,,,
a_passthrough,small,2048,1161.5076070000000,payloads/matrix_small.bin,intermediate/task_a_passthrough_2048mb_small_1.out,5235852,5235852,193.434327,0.0003,176.602238,370.036865,27.06785300000000,29.64771000000000,,,,
a_passthrough,small,2048,1169.2311760000000,payloads/matrix_small.bin,intermediate/task_a_passthrough_2048mb_small_2.out,5235852,5235852,247.468081,0.00038,152.469521,399.937982,21.157686000000002,34.34031900000000,,,,
a_passthrough,small,2048,1828.1512260000000,payloads/matrix_small.bin,intermediate/task_a_passthrough_2048mb_small_3.out,5235852,5235852,257.091733,0.000194,182.320793,439.41272,20.36569600000000,28.71780000000000,,,,
a_passthrough,small,2048,1493.2808880000000,payloads/matrix_small.bin,intermediate/task_a_passthrough_2048mb_small_4.out,5235852,5235852,224.187248,0.000154,211.419735,435.607137,23.35481600000000,24.76520000000000,,,,
a_passthrough,small,2048,1287.128210000000,payloads/matrix_small.bin,intermediate/task_a_passthrough_2048mb_small_5.out,5235852,5235852,256.9394,0.003251,156.846244,413.788895,20.377770000000002,33.3820680000000,,,,
a_passthrough,medium,256,5225.128651000000,payloads/matrix_medium.bin,intermediate/task_a_passthrough_256mb_medium_0.out,52387852,52387852,816.691698,0.000173,1926.816034,2743.507905,64.14642400000000,27.188818999999999,,,,
a_passthrough,medium,256,2454.394817000000,payloads/matrix_medium.bin,intermediate/task_a_passthrough_256mb_medium_1.out,52387852,52387852,758.567567,0.000194,800.041684,1558.609445,69.06155000000000,65.48140300000000,,,,
a_passthrough,medium,256,2664.6172999999999,payloads/matrix_medium.bin,intermediate/task_a_passthrough_256mb_medium_2.out,52387852,52387852,879.979688,0.000281,724.008767,1603.988736,59.53302400000000,72.35803500000000,,,,
a_passthrough,medium,256,2495.2433110000002,payloads/matrix_medium.bin,intermediate/task_a_passthrough_256mb_medium_3.out,52387852,52387852,867.202319,0.00027,708.476928,1575.679517,60.41018400000000,73.94432999999999,,,,
a_passthrough,medium,256,2432.9636099999998,payloads/matrix_medium.bin,intermediate/task_a_passthrough_256mb_medium_4.out,52387852,52387852,882.854325,0.000186,712.432558,1595.287069,59.33918000000000,73.53377000000000,,,,
a_passthrough,medium,256,2543.799877000000,payloads/matrix_medium.bin,intermediate/task_a_passthrough_256mb_medium_5.out,52387852,52387852,954.455189,0.00018,711.367982,1665.823351,54.88770200000000,73.64381500000000,,,,
a_passthrough,medium,512,2689.9614329999999,payloads/matrix_medium.bin,intermediate/task_a_passthrough_512mb_medium_0.out,52387852,52387852,824.766785,0.00018,707.617052,1532.384017,63.51838200000000,74.03418499999999,,,,
a_passthrough,medium,512,2696.8023779999999,payloads/matrix_medium.bin,intermediate/task_a_passthrough_512mb_medium_1.out,52387852,52387852,807.014302,0.00013,750.954784,1557.969216,64.91564300000000,69.76166000000001,,,,
a_passthrough,medium,512,2620.311499000000,payloads/matrix_medium.bin,intermediate/task_a_passthrough_512mb_medium_2.out,52387852,52387852,852.04965,0.000153,781.021705,1633.071508,61.484506000000003,67.0760510000000,,,,
a_passthrough,medium,512,2059.0896610000000,payloads/matrix_medium.bin,intermediate/task_a_passthrough_512mb_medium_3.out,52387852,52387852,770.01459,0.0003,536.495566,1306.510456,68.03488200000000,97.64824800000000,,,,
a_passthrough,medium,512,3752.192974000000,payloads/matrix_medium.bin,intermediate/task_a_passthrough_512mb_medium_4.out,52387852,52387852,673.898103,0.00017,2275.399365,2949.297638,77.73853600000000,23.023586000000002,,,,
a_passthrough,medium,512,2212.576389000000,payloads/matrix_medium.bin,intermediate/task_a_passthrough_512mb_medium_5.out,52387852,52387852,812.602001,0.00019,602.235051,1414.837242,64.46926300000000,86.98904500000000,,,,
a_passthrough,medium,768,2760.727406000000,payloads/matrix_medium.bin,intermediate/task_a_passthrough_768mb_medium_0.out,52387852,52387852,817.743155,0.00025,940.474867,1758.218272,64.06394400000001,55.703617000000001,,,,
a_passthrough,medium,768,3165.6572820000001,payloads/matrix_medium.bin,intermediate/task_a_passthrough_768mb_medium_1.out,52387852,52387852,895.535227,0.000166,1150.142968,2045.678361,58.49892900000000,45.54899100000000,,,,
a_passthrough,medium,768,2594.794273000000,payloads/matrix_medium.bin,intermediate/task_a_passthrough_768mb_medium_3.out,52387852,52387852,735.50947,0.00013,703.343276,1438.852876,71.22661800000000,74.48404499999999,,,,
a_passthrough,medium,768,2252.583742000000,payloads/matrix_medium.bin,intermediate/task_a_passthrough_768mb_medium_4.out,52387852,52387852,822.648776,0.00028,605.798344,1428.4474,63.68191800000000,86.47737700000000,,,,
a_passthrough,medium,768,2703.289747000000,payloads/matrix_medium.bin,intermediate/task_a_passthrough_768mb_medium_5.out,52387852,52387852,792.001184,0.00017,1016.855143,1808.856497,66.14617900000000,51.51948400000000,,,,
a_passthrough,medium,1024,2913.2001399999999,payloads/matrix_medium.bin,intermediate/task_a_passthrough_1024mb_medium_0.out,52387852,52387852,950.718523,0.00034,762.166976,1712.885839,55.103430000000003,68.73540000000000,,,,
a_passthrough,medium,1024,2429.617405000000,payloads/matrix_medium.bin,intermediate/task_a_passthrough_1024mb_medium_1.out,52387852,52387852,914.223742,0.000319,654.644396,1568.868457,57.30309700000000,80.02490000000000,,,,
a_passthrough,medium,1024,4261.348486000000,payloads/matrix_medium.bin,intermediate/task_a_passthrough_1024mb_medium_2.out,52387852,52387852,2250.665573,0.00029,1001.905721,3252.571584,23.276603999999999,52.28820500000000,,,,
a_passthrough,medium,1024,3093.397379000000,payloads/matrix_medium.bin,intermediate/task_a_passthrough_1024mb_medium_3.out,52387852,52387852,773.615245,0.00017,1358.164234,2131.779649,67.71822600000000,38.57254600000000,,,,
a_passthrough,medium,1024,2245.721340000000,payloads/matrix_medium.bin,intermediate/task_a_passthrough_1024mb_medium_4.out,52387852,52387852,796.582888,0.000176,585.782446,1382.36551,65.76572600000000,89.43226700000000,,,,
a_passthrough,medium,1024,6458.985806000000,payloads/matrix_medium.bin,intermediate/task_a_passthrough_1024mb_medium_5.out,52387852,52387852,733.057616,0.00019,4951.35272,5684.410526,71.46484900000000,10.580513000000000,,,,
a_passthrough,medium,1536,3988.832951000000,payloads/matrix_medium.bin,intermediate/task_a_passthrough_1536mb_medium_0.out,52387852,52387852,1402.869612,0.000156,1439.489745,2842.359513,37.343350999999998,36.39334900000000,,,,
a_passthrough,medium,1536,2829.1914459999998,payloads/matrix_medium.bin,intermediate/task_a_passthrough_1536mb_medium_1.out,52387852,52387852,954.935171,0.00038,882.99184,1837.927391,54.86011400000000,59.32993900000000,,,,
a_passthrough,medium,1536,2529.782772000000,payloads/matrix_medium.bin,intermediate/task_a_passthrough_1536mb_medium_2.out,52387852,52387852,878.706413,0.00017,840.935509,1719.642092,59.61928900000000,62.29711000000000,,,,
a_passthrough,medium,1536,3070.957661000000,payloads/matrix_medium.bin,intermediate/task_a_passthrough_1536mb_medium_3.out,52387852,52387852,1303.630216,0.0002,937.713777,2241.344193,40.18612900000000,55.86763600000000,,,,
a_passthrough,medium,1536,2168.807983000000,payloads/matrix_medium.bin,intermediate/task_a_passthrough_1536mb_medium_4.out,52387852,52387852,691.606099,0.000188,644.031858,1335.638145,75.74810600000001,81.34357199999999,,,,
a_passthrough,medium,1536,2775.6147380000002,payloads/matrix_medium.bin,intermediate/task_a_passthrough_1536mb_medium_5.out,52387852,52387852,760.231827,0.000237,1023.969996,1784.20206,68.91036400000000,51.161510999999997,,,,
a_passthrough,medium,2048,2383.671761000000,payloads/matrix_medium.bin,intermediate/task_a_passthrough_2048mb_medium_0.out,52387852,52387852,710.15247,0.000149,659.141271,1369.29389,73.76986500000000,79.47894400000000,,,,
a_passthrough,medium,2048,2584.822416000000,payloads/matrix_medium.bin,intermediate/task_a_passthrough_2048mb_medium_1.out,52387852,52387852,1080.901026,0.000173,661.935309,1742.836508,48.46683500000000,79.14346200000000,,,,
a_passthrough,medium,2048,2882.676840000000,payloads/matrix_medium.bin,intermediate/task_a_passthrough_2048mb_medium_2.out,52387852,52387852,926.722052,0.000224,882.613341,1809.335617,56.53027500000000,59.35538200000000,,,,
a_passthrough,medium,2048,2270.68829500000,payloads/matrix_medium.bin,intermediate/task_a_passthrough_2048mb_medium_3.out,52387852,52387852,892.537839,0.00034,542.368986,1434.907165,58.69538500000000,96.59079600000000,,,,
a_passthrough,medium,2048,3550.4095550000002,payloads/matrix_medium.bin,intermediate/task_a_passthrough_2048mb_medium_4.out,52387852,52387852,781.735579,0.00026,1987.068985,2768.804824,67.0147980000000,26.364384999999999,,,,
a_passthrough,medium,2048,2358.773947000000,payloads/matrix_medium.bin,intermediate/task_a_passthrough_2048mb_medium_5.out,52387852,52387852,796.912409,0.000185,611.166534,1408.079128,65.73853200000001,85.71780200000001,,,,
c_decompress,micro,128,1909.2724320000000,payloads/matrix_micro.bin.gz,intermediate/task_c_decompress_128mb_micro_0.out,97378,102156,135.252887,1.161294,67.587788,204.001969,0.7199700000000000,1.5114559999999999,,,,
c_decompress,micro,128,1389.8653979999999,payloads/matrix_micro.bin.gz,intermediate/task_c_decompress_128mb_micro_1.out,97378,102156,178.8758,1.625227,80.669029,261.170056,0.5443890000000000,1.266360000000000,,,,
c_decompress,micro,128,1114.2804619999999,payloads/matrix_micro.bin.gz,intermediate/task_c_decompress_128mb_micro_2.out,97378,102156,157.169221,1.328119,77.617595,236.114935,0.6195740000000000,1.3161449999999999,,,,
c_decompress,micro,128,11617.609978000000,payloads/matrix_micro.bin.gz,intermediate/task_c_decompress_128mb_micro_3.out,97378,102156,1497.787836,1.221379,98.093311,1597.102526,0.0650150000000000,1.0414170000000000,,,,
c_decompress,micro,128,2903.80859400,payloads/matrix_micro.bin.gz,intermediate/task_c_decompress_128mb_micro_4.out,97378,102156,146.112231,1.507746,75.497172,223.117149,0.6664600000000001,1.3531100000000000,,,,
c_decompress,micro,128,19346.83084500000,payloads/matrix_micro.bin.gz,intermediate/task_c_decompress_128mb_micro_5.out,97378,102156,2098.536031,1.612467,169.056793,2269.205291,0.0464030000000000,0.604270000000000,,,,
c_decompress,micro,256,1236.4318370000001,payloads/matrix_micro.bin.gz,intermediate/task_c_decompress_256mb_micro_0.out,97378,102156,155.122385,1.14002,85.480846,241.743251,0.6277500000000000,1.1950750000000001,,,,
c_decompress,micro,256,1326.0703090000000,payloads/matrix_micro.bin.gz,intermediate/task_c_decompress_256mb_micro_1.out,97378,102156,149.421453,1.185785,70.374476,220.981714,0.6516999999999999,1.4516060000000000,,,,
c_decompress,micro,256,2016.240358000000,payloads/matrix_micro.bin.gz,intermediate/task_c_decompress_256mb_micro_2.out,97378,102156,145.440768,1.2067,70.22857,216.876038,0.6695370000000000,1.4546220000000001,,,,
c_decompress,micro,256,2827.982187000000,payloads/matrix_micro.bin.gz,intermediate/task_c_decompress_256mb_micro_3.out,97378,102156,181.791442,1.394058,66.599169,249.784669,0.5356580000000000,1.5338930000000000,,,,
c_decompress,micro,256,1234.811783000000,payloads/matrix_micro.bin.gz,intermediate/task_c_decompress_256mb_micro_4.out,97378,102156,167.75428,1.180555,64.71802,233.652855,0.5804800000000000,1.578478000000000,,,,
c_decompress,micro,256,1312.9358290000000,payloads/matrix_micro.bin.gz,intermediate/task_c_decompress_256mb_micro_5.out,97378,102156,149.905601,1.371919,73.187038,224.464558,0.649595000000000,1.3958210000000000,,,,
c_decompress,micro,512,1433.8011739999999,payloads/matrix_micro.bin.gz,intermediate/task_c_decompress_512mb_micro_0.out,97378,102156,155.99912,1.316045,78.743977,236.059142,0.6242210000000000,1.2973180000000000,,,,
c_decompress,micro,512,1019.3545820000001,payloads/matrix_micro.bin.gz,intermediate/task_c_decompress_512mb_micro_1.out,97378,102156,131.490742,1.742386,75.666353,208.899481,0.7405690000000000,1.3500850000000000,,,,
c_decompress,micro,512,1022.4876400000001,payloads/matrix_micro.bin.gz,intermediate/task_c_decompress_512mb_micro_2.out,97378,102156,142.982818,1.208381,65.812635,210.003834,0.6810470000000000,1.5522250000000000,,,,
c_decompress,micro,512,1228.8801670000000,payloads/matrix_micro.bin.gz,intermediate/task_c_decompress_512mb_micro_3.out,97378,102156,171.201049,1.107344,79.817421,252.125814,0.5687930000000000,1.279871000000000,,,,
c_decompress,micro,512,2618.7894339999998,payloads/matrix_micro.bin.gz,intermediate/task_c_decompress_512mb_micro_4.out,97378,102156,152.671235,1.230565,72.459684,226.361484,0.6378280000000000,1.4098320000000000,,,,
c_decompress,micro,512,1063.6582370000001,payloads/matrix_micro.bin.gz,intermediate/task_c_decompress_512mb_micro_5.out,97378,102156,153.475228,1.174079,68.037414,222.686721,0.6344870000000000,1.5014680000000000,,,,
c_decompress,micro,768,1479.4085030000001,payloads/matrix_micro.bin.gz,intermediate/task_c_decompress_768mb_micro_0.out,97378,102156,160.572764,1.000554,69.800416,231.373734,0.6064420000000000,1.4635440000000000,,,,
c_decompress,micro,768,994.626760000000,payloads/matrix_micro.bin.gz,intermediate/task_c_decompress_768mb_micro_1.out,97378,102156,149.617706,1.288178,62.524172,213.430056,0.6508450000000000,1.6338640000000000,,,,
c_decompress,micro,768,1166.438341000000,payloads/matrix_micro.bin.gz,intermediate/task_c_decompress_768mb_micro_2.out,97378,102156,139.946737,1.156216,70.734518,211.837471,0.6958220000000001,1.44421700000000,,,,
c_decompress,micro,768,1891.716242000000,payloads/matrix_micro.bin.gz,intermediate/task_c_decompress_768mb_micro_3.out,97378,102156,192.746401,1.571308,63.764789,258.082498,0.5052130000000000,1.6020749999999999,,,,
c_decompress,micro,768,965.9249780000000,payloads/matrix_micro.bin.gz,intermediate/task_c_decompress_768mb_micro_4.out,97378,102156,142.308296,1.115723,65.293373,208.717392,0.6842750000000,1.564569000000000,,,,
c_decompress,micro,768,1214.310884000000,payloads/matrix_micro.bin.gz,intermediate/task_c_decompress_768mb_micro_5.out,97378,102156,146.226585,1.239158,69.128177,216.59392,0.6659389999999999,1.4777769999999999,,,,
c_decompress,micro,1024,1374.061108000000,payloads/matrix_micro.bin.gz,intermediate/task_c_decompress_1024mb_micro_0.out,97378,102156,144.992869,1.143912,72.260711,218.397492,0.6716050000000000,1.413714000000000,,,,
c_decompress,micro,1024,1040.5800340000001,payloads/matrix_micro.bin.gz,intermediate/task_c_decompress_1024mb_micro_1.out,97378,102156,151.792723,1.133187,82.671704,235.597614,0.6415200000000000,1.235683000000000,,,,
c_decompress,micro,1024,1216.9833180000001,payloads/matrix_micro.bin.gz,intermediate/task_c_decompress_1024mb_micro_2.out,97378,102156,152.129607,1.298862,70.920298,224.348767,0.6400990000000000,1.4404340000000000,,,,
c_decompress,micro,1024,1654.0648940000001,payloads/matrix_micro.bin.gz,intermediate/task_c_decompress_1024mb_micro_3.out,97378,102156,177.304311,1.533763,65.651956,244.49003,0.5492140000000000,1.5560240000000001,,,,
c_decompress,micro,1024,1183.7499140000000,payloads/matrix_micro.bin.gz,intermediate/task_c_decompress_1024mb_micro_4.out,97378,102156,174.275313,1.242577,86.311646,261.829536,0.558760000000000,1.1835709999999999,,,,
c_decompress,micro,1024,974.083424000000,payloads/matrix_micro.bin.gz,intermediate/task_c_decompress_1024mb_micro_5.out,97378,102156,128.197089,1.351299,60.17051,189.718898,0.7595960000000000,1.697775000000000,,,,
c_decompress,micro,1536,1461.686611000000,payloads/matrix_micro.bin.gz,intermediate/task_c_decompress_1536mb_micro_0.out,97378,102156,149.803652,1.237484,67.654599,218.695735,0.6500380000000000,1.509964000000000,,,,
c_decompress,micro,1536,1514.7407049999999,payloads/matrix_micro.bin.gz,intermediate/task_c_decompress_1536mb_micro_1.out,97378,102156,209.716035,1.726891,69.214373,280.657299,0.4643330000000000,1.475936000000000,,,,
c_decompress,micro,1536,1146.0793020000001,payloads/matrix_micro.bin.gz,intermediate/task_c_decompress_1536mb_micro_2.out,97378,102156,164.223534,1.177317,74.002256,239.403107,0.5929600000000000,1.380444000000000,,,,
c_decompress,micro,1536,1274.8281959999999,payloads/matrix_micro.bin.gz,intermediate/task_c_decompress_1536mb_micro_3.out,97378,102156,160.840378,1.062186,73.791498,235.694062,0.6054330000000000,1.3843870000000000,,,,
c_decompress,micro,1536,1130.9762000000001,payloads/matrix_micro.bin.gz,intermediate/task_c_decompress_1536mb_micro_4.out,97378,102156,151.153286,1.21508,79.166781,231.535147,0.6442329999999999,1.2903899999999999,,,,
c_decompress,micro,1536,1163.2380490000000,payloads/matrix_micro.bin.gz,intermediate/task_c_decompress_1536mb_micro_5.out,97378,102156,152.870188,1.167833,70.799182,224.837203,0.6369980000000000,1.44289800000000,,,,
c_decompress,micro,2048,1128.542423000000,payloads/matrix_micro.bin.gz,intermediate/task_c_decompress_2048mb_micro_0.out,97378,102156,137.665422,1.184034,73.155554,212.00501,0.7073530000000000,1.396422000000000,,,,
c_decompress,micro,2048,1222.9490280000000,payloads/matrix_micro.bin.gz,intermediate/task_c_decompress_2048mb_micro_1.out,97378,102156,145.872361,1.556995,69.587446,217.016802,0.6675560000000000,1.4680230000000001,,,,
c_decompress,micro,2048,1310.4126450000001,payloads/matrix_micro.bin.gz,intermediate/task_c_decompress_2048mb_micro_2.out,97378,102156,161.864447,1.08163,67.032633,229.97871,0.6016020000000000,1.5239739999999999,,,,
c_decompress,micro,2048,2023.6988070000000,payloads/matrix_micro.bin.gz,intermediate/task_c_decompress_2048mb_micro_3.out,97378,102156,165.78131,1.122545,76.929561,243.833416,0.5873880000000000,1.3279160000000001,,,,
c_decompress,micro,2048,1068.8493249999999,payloads/matrix_micro.bin.gz,intermediate/task_c_decompress_2048mb_micro_4.out,97378,102156,144.238381,1.151634,69.432423,214.822438,0.6751190000000000,1.4713010000000000,,,,
c_decompress,micro,2048,1059.3860150000000,payloads/matrix_micro.bin.gz,intermediate/task_c_decompress_2048mb_micro_5.out,97378,102156,144.822489,1.171809,68.71266,214.706958,0.6723960000000000,1.4867130000000000,,,,
c_decompress,small,128,1784.7554680000001,payloads/matrix_small.bin.gz,intermediate/task_c_decompress_128mb_small_0.out,4986764,5235852,285.451383,57.177611,194.583085,537.212079,17.469749000000000,26.9080530000000,,,,
c_decompress,small,128,1503.2031540000000,payloads/matrix_small.bin.gz,intermediate/task_c_decompress_128mb_small_1.out,4986764,5235852,241.076572,50.27583,169.76102,461.113422,20.685395000000000,30.842486999999998,,,,
c_decompress,small,128,1608.7958810000000,payloads/matrix_small.bin.gz,intermediate/task_c_decompress_128mb_small_2.out,4986764,5235852,265.119053,58.538573,144.951342,468.608968,18.80952700000000,36.12144500000000,,,,
c_decompress,small,128,2321.174383000000,payloads/matrix_small.bin.gz,intermediate/task_c_decompress_128mb_small_3.out,4986764,5235852,211.445429,42.807348,174.802379,429.055156,23.58416600000000,29.95297900000000,,,,
c_decompress,small,128,13282.86361700000,payloads/matrix_small.bin.gz,intermediate/task_c_decompress_128mb_small_4.out,4986764,5235852,2999.432041,802.049215,2064.890661,5866.371917,1.6625690000000000,2.5356559999999999,,,,
c_decompress,small,128,1298.4123230000000,payloads/matrix_small.bin.gz,intermediate/task_c_decompress_128mb_small_5.out,4986764,5235852,258.88481,49.853063,160.586059,469.323932,19.26248200000000,32.60464800000000,,,,
c_decompress,small,256,1577.437162000000,payloads/matrix_small.bin.gz,intermediate/task_c_decompress_256mb_small_0.out,4986764,5235852,216.976235,44.283148,148.662027,409.92141,22.982996000000000,35.21983500000000,,,,
c_decompress,small,256,1579.268217000000,payloads/matrix_small.bin.gz,intermediate/task_c_decompress_256mb_small_1.out,4986764,5235852,256.978642,54.404737,178.004365,489.387744,19.405363999999999,29.414178000000000,,,,
c_decompress,small,256,2530.7486060000001,payloads/matrix_small.bin.gz,intermediate/task_c_decompress_256mb_small_2.out,4986764,5235852,194.885877,47.472446,177.865519,420.223842,25.58812400000000,29.437138999999998,,,,
c_decompress,small,256,2122.7948670000001,payloads/matrix_small.bin.gz,intermediate/task_c_decompress_256mb_small_3.out,4986764,5235852,199.344829,48.710142,185.526643,433.581614,25.015768000000001,28.22156400000000,,,,
c_decompress,small,256,1471.9831939999999,payloads/matrix_small.bin.gz,intermediate/task_c_decompress_256mb_small_4.out,4986764,5235852,242.387264,51.024974,213.981272,507.39351,20.57354000000000,24.468738999999999,,,,
c_decompress,small,256,1566.894770000000,payloads/matrix_small.bin.gz,intermediate/task_c_decompress_256mb_small_5.out,4986764,5235852,245.376568,56.707005,181.157443,483.241016,20.322901999999999,28.902218000000001,,,,
c_decompress,small,512,1396.028757000000,payloads/matrix_small.bin.gz,intermediate/task_c_decompress_512mb_small_0.out,4986764,5235852,192.949456,52.804632,158.272645,404.026733,25.844923999999999,33.08121900000000,,,,
c_decompress,small,512,1667.2263150000001,payloads/matrix_small.bin.gz,intermediate/task_c_decompress_512mb_small_1.out,4986764,5235852,257.828875,52.005987,187.556451,497.391313,19.341370999999999,27.916139000000001,,,,
c_decompress,small,512,1400.2845290000000,payloads/matrix_small.bin.gz,intermediate/task_c_decompress_512mb_small_2.out,4986764,5235852,245.242483,48.663647,216.623013,510.529143,20.334014000000000,24.17034100000000,,,,
c_decompress,small,512,1652.613640000000,payloads/matrix_small.bin.gz,intermediate/task_c_decompress_512mb_small_3.out,4986764,5235852,231.539052,59.488333,169.771834,460.799219,21.537464000000000,30.840522000000000,,,,
c_decompress,small,512,1305.3276539999999,payloads/matrix_small.bin.gz,intermediate/task_c_decompress_512mb_small_4.out,4986764,5235852,229.561252,53.445683,186.479517,469.486452,21.723020999999999,28.07735700000000,,,,
c_decompress,small,512,1276.200294000000,payloads/matrix_small.bin.gz,intermediate/task_c_decompress_512mb_small_5.out,4986764,5235852,229.135607,60.596301,170.106225,459.838133,21.763373999999999,30.77989700000000,,,,
c_decompress,small,768,1443.1076049999999,payloads/matrix_small.bin.gz,intermediate/task_c_decompress_768mb_small_0.out,4986764,5235852,188.949984,56.274011,211.635993,456.859988,26.39197900000000,24.73989400000000,,,,
c_decompress,small,768,1819.2901609999999,payloads/matrix_small.bin.gz,intermediate/task_c_decompress_768mb_small_1.out,4986764,5235852,247.99362,62.074267,198.417035,508.484922,20.10843700000000,26.388117000000001,,,,
c_decompress,small,768,1568.721056000000,payloads/matrix_small.bin.gz,intermediate/task_c_decompress_768mb_small_2.out,4986764,5235852,216.905116,62.244493,198.607426,477.757035,22.990532000000002,26.36282100000000,,,,
c_decompress,small,768,1987.512827000000,payloads/matrix_small.bin.gz,intermediate/task_c_decompress_768mb_small_3.out,4986764,5235852,382.347673,105.797432,258.487479,746.632584,13.04248600000000,20.25572800000000,,,,
c_decompress,small,768,1395.7209590000000,payloads/matrix_small.bin.gz,intermediate/task_c_decompress_768mb_small_4.out,4986764,5235852,206.973319,59.048104,167.533519,433.554942,24.09375300000000,31.252564000000000,,,,
c_decompress,small,768,1145.4205509999999,payloads/matrix_small.bin.gz,intermediate/task_c_decompress_768mb_small_5.out,4986764,5235852,195.15281,48.568135,153.673351,397.394296,25.553124000000000,34.07130800000000,,,,
c_decompress,small,1024,1512.2630600000000,payloads/matrix_small.bin.gz,intermediate/task_c_decompress_1024mb_small_0.out,4986764,5235852,222.670017,48.768462,198.534004,469.972483,22.395309999999998,26.37257000000000,,,,
c_decompress,small,1024,1164.2704010000000,payloads/matrix_small.bin.gz,intermediate/task_c_decompress_1024mb_small_1.out,4986764,5235852,202.957936,41.428183,164.582213,408.968332,24.570430999999999,31.812988000000001,,,,
c_decompress,small,1024,2169.5666310000001,payloads/matrix_small.bin.gz,intermediate/task_c_decompress_1024mb_small_2.out,4986764,5235852,369.70354,113.921547,272.322877,755.947964,13.488548000000000,19.22663300000000,,,,
c_decompress,small,1024,1544.635773000000,payloads/matrix_small.bin.gz,intermediate/task_c_decompress_1024mb_small_3.out,4986764,5235852,278.86044,49.92363,163.39445,492.17852,17.882650999999999,32.04424600000000,,,,
c_decompress,small,1024,1499.1276260000000,payloads/matrix_small.bin.gz,intermediate/task_c_decompress_1024mb_small_4.out,4986764,5235852,244.754774,70.145224,162.056705,476.956703,20.37453200000000,32.30876500000000,,,,
c_decompress,small,1024,1249.617338000000,payloads/matrix_small.bin.gz,intermediate/task_c_decompress_1024mb_small_5.out,4986764,5235852,205.601538,51.142919,152.106199,408.850656,24.25450700000000,34.42234500000000,,,,
c_decompress,small,1536,1369.1987990000000,payloads/matrix_small.bin.gz,intermediate/task_c_decompress_1536mb_small_0.out,4986764,5235852,222.554811,51.834775,159.843141,434.232727,22.4069030000000,32.75618800000000,,,,
c_decompress,small,1536,1161.888838000000,payloads/matrix_small.bin.gz,intermediate/task_c_decompress_1536mb_small_1.out,4986764,5235852,223.338793,47.23971,135.220582,405.799085,22.32824800000000,38.72082100000000,,,,
c_decompress,small,1536,1223.9346499999999,payloads/matrix_small.bin.gz,intermediate/task_c_decompress_1536mb_small_2.out,4986764,5235852,211.90368,48.918331,158.987877,419.809888,23.53316400000000,32.93239800000000,,,,
c_decompress,small,1536,1508.3189010000001,payloads/matrix_small.bin.gz,intermediate/task_c_decompress_1536mb_small_3.out,4986764,5235852,239.402357,56.956935,174.404313,470.763605,20.830054000000001,30.02134500000000,,,,
c_decompress,small,1536,1276.5822410000001,payloads/matrix_small.bin.gz,intermediate/task_c_decompress_1536mb_small_4.out,4986764,5235852,211.149667,53.628778,163.699391,428.477836,23.61720000000000,31.98455400000000,,,,
c_decompress,small,1536,1221.9011780000001,payloads/matrix_small.bin.gz,intermediate/task_c_decompress_1536mb_small_5.out,4986764,5235852,196.605457,47.931113,143.429965,387.966535,25.364321000000000,36.504590000000000,,,,
c_decompress,small,2048,1347.210169000000,payloads/matrix_small.bin.gz,intermediate/task_c_decompress_2048mb_small_0.out,4986764,5235852,229.657906,54.572666,149.836735,434.067307,21.713878999999999,34.9437140000000,,,,
c_decompress,small,2048,1578.5598749999999,payloads/matrix_small.bin.gz,intermediate/task_c_decompress_2048mb_small_1.out,4986764,5235852,228.91993,52.566437,186.302464,467.788831,21.78387900000000,28.104040999999999,,,,
c_decompress,small,2048,1342.4670699999999,payloads/matrix_small.bin.gz,intermediate/task_c_decompress_2048mb_small_2.out,4986764,5235852,214.174721,48.056491,164.885685,427.116897,23.283626000000002,31.754435999999998,,,,
c_decompress,small,2048,1323.897123000000,payloads/matrix_small.bin.gz,intermediate/task_c_decompress_2048mb_small_3.out,4986764,5235852,237.041863,50.361881,205.472467,492.876211,21.03748200000000,25.48201300000000,,,,
c_decompress,small,2048,1162.771702000000,payloads/matrix_small.bin.gz,intermediate/task_c_decompress_2048mb_small_4.out,4986764,5235852,202.718253,48.8662,172.055633,423.640086,24.59948200000000,30.43115700000000,,,,
c_decompress,small,2048,1575.599194000000,payloads/matrix_small.bin.gz,intermediate/task_c_decompress_2048mb_small_5.out,4986764,5235852,300.75513,48.771637,131.960278,481.487045,16.580811000000001,39.67748500000000,,,,
c_decompress,medium,512,4295.119762000000,payloads/matrix_medium.bin.gz,intermediate/task_c_decompress_512mb_medium_0.out,49893161,52387852,891.347914,484.323221,1880.100737,3255.771872,55.974957000000003,27.864386000000000,,,,
c_decompress,medium,512,2771.4760299999998,payloads/matrix_medium.bin.gz,intermediate/task_c_decompress_512mb_medium_1.out,49893161,52387852,746.375723,487.40644,596.976074,1830.758237,66.84724500000000,87.75536300000000,,,,
c_decompress,medium,512,3380.224228000000,payloads/matrix_medium.bin.gz,intermediate/task_c_decompress_512mb_medium_2.out,49893161,52387852,966.932074,533.919899,792.028789,2292.880762,51.59944800000000,66.14387300000000,,,,
c_decompress,medium,512,11446.45857800000,payloads/matrix_medium.bin.gz,intermediate/task_c_decompress_512mb_medium_3.out,49893161,52387852,4300.99064,2285.50541,2424.792315,9011.288365,11.600388000000001,21.60508800000000,,,,
c_decompress,medium,512,10292.901754000000,payloads/matrix_medium.bin.gz,intermediate/task_c_decompress_512mb_medium_4.out,49893161,52387852,3489.389115,1902.764835,2200.30622,7592.46017,14.298537000000000,23.8093460000000,,,,
c_decompress,medium,512,3097.7556709999999,payloads/matrix_medium.bin.gz,intermediate/task_c_decompress_512mb_medium_5.out,49893161,52387852,784.04748,502.548049,922.047029,2208.642558,63.63538200000000,56.81689800000000,,,,
c_decompress,medium,768,3657.984972000000,payloads/matrix_medium.bin.gz,intermediate/task_c_decompress_768mb_medium_0.out,49893161,52387852,959.230413,500.749577,1037.262198,2497.242188,52.013739999999999,50.50589100000000,,,,
c_decompress,medium,768,6007.206202000000,payloads/matrix_medium.bin.gz,intermediate/task_c_decompress_768mb_medium_1.out,49893161,52387852,2286.110888,1109.857773,1198.15743,4594.126091,21.824470999999999,43.7236800000000,,,,
c_decompress,medium,768,3578.801394000000,payloads/matrix_medium.bin.gz,intermediate/task_c_decompress_768mb_medium_2.out,49893161,52387852,814.274249,528.734535,1499.02749,2842.036274,61.27316600000000,34.947893000000001,,,,
c_decompress,medium,768,4034.257412000000,payloads/matrix_medium.bin.gz,intermediate/task_c_decompress_768mb_medium_3.out,49893161,52387852,949.800873,559.626255,1132.450336,2641.877464,52.53012800000000,46.2606180000000,,,,
c_decompress,medium,768,3179.769278000000,payloads/matrix_medium.bin.gz,intermediate/task_c_decompress_768mb_medium_4.out,49893161,52387852,685.245778,454.847877,1119.491439,2259.585094,72.81060700000000,46.7961170000000,,,,
c_decompress,medium,768,3936.2428190000001,payloads/matrix_medium.bin.gz,intermediate/task_c_decompress_768mb_medium_5.out,49893161,52387852,846.356105,1113.022067,1146.089958,3105.46813,58.9505540000000,45.71007000000000,,,,
c_decompress,medium,1024,6507.83371900000,payloads/matrix_medium.bin.gz,intermediate/task_c_decompress_1024mb_medium_0.out,49893161,52387852,2476.01407,1114.165996,1289.160743,4879.340809,20.15059700000000,40.63717600000000,,,,
c_decompress,medium,1024,6566.510439000000,payloads/matrix_medium.bin.gz,intermediate/task_c_decompress_1024mb_medium_1.out,49893161,52387852,1778.746769,1589.127789,1631.268355,4999.142913,28.049613999999998,32.114797000000003,,,,
c_decompress,medium,1024,3107.780695000000,payloads/matrix_medium.bin.gz,intermediate/task_c_decompress_1024mb_medium_2.out,49893161,52387852,914.901854,538.934817,702.050729,2155.8874,54.53389400000000,74.62117700000000,,,,
c_decompress,medium,1024,3159.942627000000,payloads/matrix_medium.bin.gz,intermediate/task_c_decompress_1024mb_medium_3.out,49893161,52387852,661.350361,617.107935,1071.106261,2349.564557,75.44134500000000,48.91004200000000,,,,
c_decompress,medium,1024,4900.974274000000,payloads/matrix_medium.bin.gz,intermediate/task_c_decompress_1024mb_medium_4.out,49893161,52387852,1113.287444,583.600894,2016.78537,3713.673708,44.81606400000000,25.975918000000000,,,,
c_decompress,medium,1024,2548.280001000000,payloads/matrix_medium.bin.gz,intermediate/task_c_decompress_1024mb_medium_5.out,49893161,52387852,632.369632,417.742051,725.720415,1775.832098,78.89873000000000,72.18737500000000,,,,
c_decompress,medium,1536,10854.98309100000,payloads/matrix_medium.bin.gz,intermediate/task_c_decompress_1536mb_medium_0.out,49893161,52387852,805.742523,673.713812,7654.622644,9134.078979,61.92196600000000,6.843950000000000,,,,
c_decompress,medium,1536,3434.5662590000002,payloads/matrix_medium.bin.gz,intermediate/task_c_decompress_1536mb_medium_1.out,49893161,52387852,730.922588,610.252797,1231.489655,2572.66504,68.26052700000000,42.54022900000000,,,,
c_decompress,medium,1536,3324.25594300000,payloads/matrix_medium.bin.gz,intermediate/task_c_decompress_1536mb_medium_2.out,49893161,52387852,940.511896,680.503318,805.220688,2426.235902,53.048941999999997,65.06024100000000,,,,
c_decompress,medium,1536,4155.322790000000,payloads/matrix_medium.bin.gz,intermediate/task_c_decompress_1536mb_medium_3.out,49893161,52387852,822.143787,606.275097,1665.204019,3093.622903,60.68666100000000,31.46032000000000,,,,
c_decompress,medium,1536,3087.186098000000,payloads/matrix_medium.bin.gz,intermediate/task_c_decompress_1536mb_medium_4.out,49893161,52387852,771.517392,498.70918,986.92177,2257.148342,64.66887400000000,53.08207200000000,,,,
c_decompress,medium,1536,3643.852234000000,payloads/matrix_medium.bin.gz,intermediate/task_c_decompress_1536mb_medium_5.out,49893161,52387852,1203.519412,594.580919,746.586654,2544.686985,41.4560500000000,70.16982100000000,,,,
c_decompress,medium,2048,3942.294359000000,payloads/matrix_medium.bin.gz,intermediate/task_c_decompress_2048mb_medium_1.out,49893161,52387852,800.64861,530.779316,1534.254128,2865.682054,62.315928000000000,34.145485000000001,,,,
c_decompress,medium,2048,2505.150557000000,payloads/matrix_medium.bin.gz,intermediate/task_c_decompress_2048mb_medium_2.out,49893161,52387852,670.368737,442.36625,576.158237,1688.893224,74.4264440000000,90.92615300000000,,,,
c_decompress,medium,2048,2624.7775550000001,payloads/matrix_medium.bin.gz,intermediate/task_c_decompress_2048mb_medium_3.out,49893161,52387852,678.573249,454.661739,571.779678,1705.014666,73.526566000000,91.62244500000000,,,,
c_decompress,medium,2048,2452.343702000000,payloads/matrix_medium.bin.gz,intermediate/task_c_decompress_2048mb_medium_4.out,49893161,52387852,670.065549,476.161991,559.998066,1706.225606,74.46012000000000,93.55005900000000,,,,
c_decompress,medium,2048,3874.211311000000,payloads/matrix_medium.bin.gz,intermediate/task_c_decompress_2048mb_medium_5.out,49893161,52387852,1481.833765,711.166202,695.34438,2888.344347,33.66987700000000,75.34087200000000,,,,
e_matrix_multiply,micro,128,1832.5300219999999,payloads/matrix_micro.bin,intermediate/task_e_matrix_multiply_128mb_micro_0.out,102156,102156,146.507699,6.509838,67.154731,220.172268,0.6972739999999999,1.521203000000000,,,,
e_matrix_multiply,micro,128,1161.982775000000,payloads/matrix_micro.bin,intermediate/task_e_matrix_multiply_128mb_micro_1.out,102156,102156,157.654859,9.171019,73.993218,240.819096,0.6479720000000000,1.380613000000000,,,,
e_matrix_multiply,micro,128,12704.816102999999,payloads/matrix_micro.bin,intermediate/task_e_matrix_multiply_128mb_micro_2.out,102156,102156,1399.630517,6.87118,266.002555,1672.504252,0.0729880000000000,0.3840410000000000,,,,
e_matrix_multiply,micro,128,1189.4943710000000,payloads/matrix_micro.bin,intermediate/task_e_matrix_multiply_128mb_micro_3.out,102156,102156,153.076832,6.262315,76.382026,235.721173,0.6673510000000000,1.3374349999999999,,,,
e_matrix_multiply,micro,128,1264.3821240000000,payloads/matrix_micro.bin,intermediate/task_e_matrix_multiply_128mb_micro_4.out,102156,102156,155.412478,8.370956,75.351476,239.13491,0.6573220000000000,1.3557269999999999,,,,
e_matrix_multiply,micro,128,1167.720079000000,payloads/matrix_micro.bin,intermediate/task_e_matrix_multiply_128mb_micro_5.out,102156,102156,162.796846,8.323952,72.235435,243.356233,0.6275060000000000,1.4142090000000000,,,,
e_matrix_multiply,micro,256,2653.527021000000,payloads/matrix_micro.bin,intermediate/task_e_matrix_multiply_256mb_micro_0.out,102156,102156,139.760252,5.689228,67.262875,212.712355,0.730937000000000,1.5187580000000001,,,,
e_matrix_multiply,micro,256,995.736599000000,payloads/matrix_micro.bin,intermediate/task_e_matrix_multiply_256mb_micro_1.out,102156,102156,138.140654,5.014344,77.83252,220.987518,0.7395070000000000,1.3125110000000000,,,,
e_matrix_multiply,micro,256,3520.4131600000001,payloads/matrix_micro.bin,intermediate/task_e_matrix_multiply_256mb_micro_2.out,102156,102156,731.988432,64.21377,192.480307,988.682509,0.1395600000000000,0.5307350000000000,,,,
e_matrix_multiply,micro,256,1105.8669090000001,payloads/matrix_micro.bin,intermediate/task_e_matrix_multiply_256mb_micro_3.out,102156,102156,142.157939,6.587011,71.964333,220.709283,0.7186090000000001,1.4195370000000000,,,,
e_matrix_multiply,micro,256,1295.5985069999999,payloads/matrix_micro.bin,intermediate/task_e_matrix_multiply_256mb_micro_4.out,102156,102156,155.961554,2.823843,59.719597,218.504994,0.6550080000000000,1.7105939999999999,,,,
e_matrix_multiply,micro,256,1160.689354000000,payloads/matrix_micro.bin,intermediate/task_e_matrix_multiply_256mb_micro_5.out,102156,102156,153.590313,6.432887,73.400449,233.423649,0.6651200000000000,1.3917630000000001,,,,
e_matrix_multiply,micro,512,1307.3935509999999,payloads/matrix_micro.bin,intermediate/task_e_matrix_multiply_512mb_micro_0.out,102156,102156,132.932293,5.728346,80.10499,218.765629,0.7684810000000000,1.2752760000000001,,,,
e_matrix_multiply,micro,512,1287.9559990000000,payloads/matrix_micro.bin,intermediate/task_e_matrix_multiply_512mb_micro_1.out,102156,102156,141.125822,7.432371,60.731288,209.289481,0.7238650000000000,1.6820980000000001,,,,
e_matrix_multiply,micro,512,1253.1578540000000,payloads/matrix_micro.bin,intermediate/task_e_matrix_multiply_512mb_micro_2.out,102156,102156,198.131835,7.446818,73.497122,279.075775,0.5155960000000001,1.389932000000000,,,,
e_matrix_multiply,micro,512,1295.185089000000,payloads/matrix_micro.bin,intermediate/task_e_matrix_multiply_512mb_micro_3.out,102156,102156,162.000125,7.185375,78.287194,247.472694,0.6305920000000000,1.3048880000000000,,,,
e_matrix_multiply,micro,512,1231.9941520000000,payloads/matrix_micro.bin,intermediate/task_e_matrix_multiply_512mb_micro_4.out,102156,102156,147.11154,6.997434,76.03386,230.142834,0.6944120000000000,1.3435589999999999,,,,
e_matrix_multiply,micro,512,1212.4721999999999,payloads/matrix_micro.bin,intermediate/task_e_matrix_multiply_512mb_micro_5.out,102156,102156,151.007827,6.963938,78.918531,236.890296,0.6764950000000000,1.294449000000000,,,,
e_matrix_multiply,micro,768,1629.8444270000000,payloads/matrix_micro.bin,intermediate/task_e_matrix_multiply_768mb_micro_0.out,102156,102156,181.105632,6.86501,57.52139,245.492032,0.5640690000000000,1.7759650000000000,,,,
e_matrix_multiply,micro,768,1104.5572760000000,payloads/matrix_micro.bin,intermediate/task_e_matrix_multiply_768mb_micro_1.out,102156,102156,132.880055,5.784424,70.373034,209.037513,0.7687840000000000,1.4516359999999999,,,,
e_matrix_multiply,micro,768,1020.1029780000000,payloads/matrix_micro.bin,intermediate/task_e_matrix_multiply_768mb_micro_2.out,102156,102156,130.820135,8.306686,63.706677,202.833498,0.7808890000000001,1.603537000000000,,,,
e_matrix_multiply,micro,768,1180.802345000000,payloads/matrix_micro.bin,intermediate/task_e_matrix_multiply_768mb_micro_3.out,102156,102156,146.961904,4.719404,86.093087,237.774395,0.6951190000000000,1.186576000000000,,,,
e_matrix_multiply,micro,768,1705.2240370000000,payloads/matrix_micro.bin,intermediate/task_e_matrix_multiply_768mb_micro_4.out,102156,102156,224.628804,7.321063,83.751821,315.701688,0.4547770000000000,1.2197469999999999,,,,
e_matrix_multiply,micro,768,1306.8811889999999,payloads/matrix_micro.bin,intermediate/task_e_matrix_multiply_768mb_micro_5.out,102156,102156,143.240023,6.223277,77.50575,226.96905,0.7131810000000000,1.3180440000000000,,,,
e_matrix_multiply,micro,1024,1322.0350739999999,payloads/matrix_micro.bin,intermediate/task_e_matrix_multiply_1024mb_micro_0.out,102156,102156,152.944136,6.695164,69.822248,229.461548,0.667930000000000,1.463087000000000,,,,
e_matrix_multiply,micro,1024,1123.960257000000,payloads/matrix_micro.bin,intermediate/task_e_matrix_multiply_1024mb_micro_1.out,102156,102156,139.380515,4.809038,95.389386,239.578939,0.7329290000000001,1.070937000000000,,,,
e_matrix_multiply,micro,1024,1208.4810729999999,payloads/matrix_micro.bin,intermediate/task_e_matrix_multiply_1024mb_micro_2.out,102156,102156,165.31528,2.255186,61.818531,229.388997,0.6179470000000000,1.65251400000000,,,,
e_matrix_multiply,micro,1024,1154.4649600000000,payloads/matrix_micro.bin,intermediate/task_e_matrix_multiply_1024mb_micro_3.out,102156,102156,148.928189,14.254335,74.744744,237.927268,0.6859410000000000,1.3667320000000001,,,,
e_matrix_multiply,micro,1024,1360.4581360000000,payloads/matrix_micro.bin,intermediate/task_e_matrix_multiply_1024mb_micro_4.out,102156,102156,209.601735,6.171891,64.73431,280.507936,0.4873810000000000,1.578081000000000,,,,
e_matrix_multiply,micro,1024,1417.9794790000001,payloads/matrix_micro.bin,intermediate/task_e_matrix_multiply_1024mb_micro_5.out,102156,102156,147.340496,6.582749,73.822983,227.746228,0.6933330000000000,1.3837969999999999,,,,
e_matrix_multiply,micro,1536,1331.7394260000001,payloads/matrix_micro.bin,intermediate/task_e_matrix_multiply_1536mb_micro_0.out,102156,102156,140.939459,6.084786,68.761777,215.786022,0.7248220000000000,1.4856510000000001,,,,
e_matrix_multiply,micro,1536,1418.135166000000,payloads/matrix_micro.bin,intermediate/task_e_matrix_multiply_1536mb_micro_1.out,102156,102156,150.079408,6.820546,83.032527,239.932481,0.6806800000000000,1.2303130000000000,,,,
e_matrix_multiply,micro,1536,1048.8698480000000,payloads/matrix_micro.bin,intermediate/task_e_matrix_multiply_1536mb_micro_2.out,102156,102156,146.302155,6.294853,76.428175,229.025183,0.6982540000000000,1.3366270000000000,,,,
e_matrix_multiply,micro,1536,2858.969688000000,payloads/matrix_micro.bin,intermediate/task_e_matrix_multiply_1536mb_micro_3.out,102156,102156,165.563197,5.332335,70.365808,241.26134,0.6170210000000000,1.4517850000000001,,,,
e_matrix_multiply,micro,1536,2565.807581000000,payloads/matrix_micro.bin,intermediate/task_e_matrix_multiply_1536mb_micro_4.out,102156,102156,157.109907,6.852531,81.799494,245.761932,0.6502200000000000,1.248859000000000,,,,
e_matrix_multiply,micro,1536,2508.5020070000000,payloads/matrix_micro.bin,intermediate/task_e_matrix_multiply_1536mb_micro_5.out,102156,102156,148.806438,4.691216,59.449706,212.94736,0.6865030000000000,1.718360000000000,,,,
e_matrix_multiply,micro,2048,1464.5304679999999,payloads/matrix_micro.bin,intermediate/task_e_matrix_multiply_2048mb_micro_0.out,102156,102156,152.990449,5.245667,69.192375,227.428491,0.6677280000000000,1.4764050000000000,,,,
e_matrix_multiply,micro,2048,1583.6472510000001,payloads/matrix_micro.bin,intermediate/task_e_matrix_multiply_2048mb_micro_1.out,102156,102156,160.678183,7.261823,79.464949,247.404955,0.6357800000000000,1.2855479999999999,,,,
e_matrix_multiply,micro,2048,1194.749355000000,payloads/matrix_micro.bin,intermediate/task_e_matrix_multiply_2048mb_micro_2.out,102156,102156,158.870996,6.776994,64.517057,230.165047,0.6430120000000000,1.5833950000000001,,,,
e_matrix_multiply,micro,2048,1044.783592000000,payloads/matrix_micro.bin,intermediate/task_e_matrix_multiply_2048mb_micro_3.out,102156,102156,161.299121,5.501696,72.697114,239.497931,0.63333300000000,1.4052279999999999,,,,
e_matrix_multiply,micro,2048,1114.2199040000000,payloads/matrix_micro.bin,intermediate/task_e_matrix_multiply_2048mb_micro_4.out,102156,102156,161.902385,6.654907,69.701568,238.25886,0.6309730000000000,1.465620000000000,,,,
e_matrix_multiply,micro,2048,1387.873650000000,payloads/matrix_micro.bin,intermediate/task_e_matrix_multiply_2048mb_micro_5.out,102156,102156,152.177537,7.438138,74.824206,234.439881,0.6712950000000000,1.3652800000000000,,,,
e_matrix_multiply,small,256,1723.2050899999999,payloads/matrix_small.bin,intermediate/task_e_matrix_multiply_256mb_small_0.out,5235852,5235852,258.82416,71.25568,226.636875,556.716715,20.229379000000002,23.102383000000000,,,,
e_matrix_multiply,small,256,1239.1960620000000,payloads/matrix_small.bin,intermediate/task_e_matrix_multiply_256mb_small_1.out,5235852,5235852,196.454756,62.920921,168.463663,427.83934,26.65169400000000,31.08000800000000,,,,
e_matrix_multiply,small,256,1581.6118719999999,payloads/matrix_small.bin,intermediate/task_e_matrix_multiply_256mb_small_2.out,5235852,5235852,278.479868,65.969678,188.352317,532.801863,18.80154600000000,27.79818200000000,,,,
e_matrix_multiply,small,256,1515.20037700000,payloads/matrix_small.bin,intermediate/task_e_matrix_multiply_256mb_small_3.out,5235852,5235852,246.939745,70.501422,150.221854,467.663021,21.20295400000000,34.85413000000000,,,,
e_matrix_multiply,small,256,1145.3123089999999,payloads/matrix_small.bin,intermediate/task_e_matrix_multiply_256mb_small_4.out,5235852,5235852,207.329266,54.114625,180.213193,441.657084,25.253800999999999,29.053655000000,,,,
e_matrix_multiply,small,256,1405.1008220000001,payloads/matrix_small.bin,intermediate/task_e_matrix_multiply_256mb_small_5.out,5235852,5235852,223.477136,72.68145,170.430306,466.588892,23.42902800000000,30.72136700000000,,,,
e_matrix_multiply,small,512,1857.325315000000,payloads/matrix_small.bin,intermediate/task_e_matrix_multiply_512mb_small_0.out,5235852,5235852,278.020605,58.798137,215.188128,552.00687,18.832604000000000,24.331510000000002,,,,
e_matrix_multiply,small,512,64546.54598200000,payloads/matrix_small.bin,intermediate/task_e_matrix_multiply_512mb_small_1.out,5235852,5235852,876.228538,304.347134,61192.615513,62373.191185,5.975441000000000,0.0855630000000000,,,,
e_matrix_multiply,small,512,3914.184332000000,payloads/matrix_small.bin,intermediate/task_e_matrix_multiply_512mb_small_2.out,5235852,5235852,687.384547,302.437842,395.359189,1385.181578,7.617064000000000,13.243278999999999,,,,
e_matrix_multiply,small,512,1642.4717900000001,payloads/matrix_small.bin,intermediate/task_e_matrix_multiply_512mb_small_3.out,5235852,5235852,233.016824,56.128742,156.185821,445.331387,22.469844999999999,33.52322200000000,,,,
e_matrix_multiply,small,512,2112.942934000000,payloads/matrix_small.bin,intermediate/task_e_matrix_multiply_512mb_small_4.out,5235852,5235852,266.700796,56.974233,375.328034,699.003063,19.631931999999999,13.950068999999999,,,,
e_matrix_multiply,small,512,1344.2182539999999,payloads/matrix_small.bin,intermediate/task_e_matrix_multiply_512mb_small_5.out,5235852,5235852,206.979204,57.835412,162.726396,427.541012,25.2965120000000,32.175800000000002,,,,
e_matrix_multiply,small,768,2518.4402470000000,payloads/matrix_small.bin,intermediate/task_e_matrix_multiply_768mb_small_0.out,5235852,5235852,406.010335,203.281764,371.682169,980.974268,12.895859000000000,14.086907000000000,,,,
e_matrix_multiply,small,768,1611.022711000000,payloads/matrix_small.bin,intermediate/task_e_matrix_multiply_768mb_small_1.out,5235852,5235852,245.45599,68.676675,246.13567,560.268335,21.33112300000000,21.27222000000000,,,,
e_matrix_multiply,small,768,1237.9498480000000,payloads/matrix_small.bin,intermediate/task_e_matrix_multiply_768mb_small_2.out,5235852,5235852,231.092866,60.79134,153.971623,445.855829,22.65691800000000,34.00530500000000,,,,
e_matrix_multiply,small,768,1364.3903730000000,payloads/matrix_small.bin,intermediate/task_e_matrix_multiply_768mb_small_3.out,5235852,5235852,221.871615,60.432868,131.06428,413.368763,23.598566000000002,39.94873400000000,,,,
e_matrix_multiply,small,768,1089.601994000000,payloads/matrix_small.bin,intermediate/task_e_matrix_multiply_768mb_small_4.out,5235852,5235852,204.133494,50.541189,154.437473,409.112156,25.649156999999999,33.90273000000000,,,,
e_matrix_multiply,small,768,1700.9761329999999,payloads/matrix_small.bin,intermediate/task_e_matrix_multiply_768mb_small_5.out,5235852,5235852,266.800498,83.984857,149.691384,500.476739,19.624596000000000,34.977643999999998,,,,
e_matrix_multiply,small,1024,1997.866154000000,payloads/matrix_small.bin,intermediate/task_e_matrix_multiply_1024mb_small_0.out,5235852,5235852,249.58932,63.537674,318.546995,631.673989,20.977868999999998,16.436671000000000,,,,
e_matrix_multiply,small,1024,1476.5472410000000,payloads/matrix_small.bin,intermediate/task_e_matrix_multiply_1024mb_small_1.out,5235852,5235852,223.786759,52.629719,139.717211,416.133689,23.39661200000000,37.47463900000000,,,,
e_matrix_multiply,small,1024,1229.952335000000,payloads/matrix_small.bin,intermediate/task_e_matrix_multiply_1024mb_small_2.out,5235852,5235852,208.45304,75.94633,176.46528,460.86465,25.117657000000001,29.6707200000000,,,,
e_matrix_multiply,small,1024,1469.435692000000,payloads/matrix_small.bin,intermediate/task_e_matrix_multiply_1024mb_small_3.out,5235852,5235852,219.491802,54.022851,170.587781,444.102434,23.85443100000000,30.693007000000001,,,,
e_matrix_multiply,small,1024,1535.585880000000,payloads/matrix_small.bin,intermediate/task_e_matrix_multiply_1024mb_small_4.out,5235852,5235852,411.039047,63.91968,129.18436,604.143087,12.738089000000000,40.53007700000000,,,,
e_matrix_multiply,small,1024,1248.335838000000,payloads/matrix_small.bin,intermediate/task_e_matrix_multiply_1024mb_small_5.out,5235852,5235852,242.018371,52.162001,169.220859,463.401231,21.63411000000000,30.9409370000000,,,,
e_matrix_multiply,small,1536,5893.656015000000,payloads/matrix_small.bin,intermediate/task_e_matrix_multiply_1536mb_small_0.out,5235852,5235852,255.716153,58.965425,4453.898471,4768.580049,20.475249000000002,1.1755660000000001,,,,
e_matrix_multiply,small,1536,1436.2289910000000,payloads/matrix_small.bin,intermediate/task_e_matrix_multiply_1536mb_small_1.out,5235852,5235852,244.729515,54.543113,159.428093,458.700721,21.394444000000000,32.841464000000002,,,,
e_matrix_multiply,small,1536,1295.146942000000,payloads/matrix_small.bin,intermediate/task_e_matrix_multiply_1536mb_small_2.out,5235852,5235852,215.736176,50.419826,141.978306,408.134308,24.269698999999999,36.87783100000000,,,,
e_matrix_multiply,small,1536,1137.3300549999999,payloads/matrix_small.bin,intermediate/task_e_matrix_multiply_1536mb_small_3.out,5235852,5235852,195.468142,55.13078,170.79657,421.395492,26.786217000000001,30.65548700000000,,,,
e_matrix_multiply,small,1536,1675.765038000000,payloads/matrix_small.bin,intermediate/task_e_matrix_multiply_1536mb_small_4.out,5235852,5235852,255.133065,69.249365,314.688225,639.070655,20.522044000000001,16.63822000000000,,,,
e_matrix_multiply,small,1536,1272.4647520000001,payloads/matrix_small.bin,intermediate/task_e_matrix_multiply_1536mb_small_5.out,5235852,5235852,189.929751,60.186112,199.576603,449.692466,27.56730800000000,26.234798999999999,,,,
e_matrix_multiply,small,2048,1548.3121870000000,payloads/matrix_small.bin,intermediate/task_e_matrix_multiply_2048mb_small_0.out,5235852,5235852,215.496912,69.912945,176.835622,462.245479,24.296645000000002,29.60858200000000,,,,
e_matrix_multiply,small,2048,1403.8844110000000,payloads/matrix_small.bin,intermediate/task_e_matrix_multiply_2048mb_small_1.out,5235852,5235852,227.000559,70.266802,159.615374,456.882735,23.065370999999999,32.80293000000000,,,,
e_matrix_multiply,small,2048,1458.869696000000,payloads/matrix_small.bin,intermediate/task_e_matrix_multiply_2048mb_small_2.out,5235852,5235852,235.568786,60.25805,146.050264,441.8771,22.22642500000000,35.84965800000000,,,,
e_matrix_multiply,small,2048,1347.7988240000000,payloads/matrix_small.bin,intermediate/task_e_matrix_multiply_2048mb_small_3.out,5235852,5235852,225.936751,45.748587,172.120147,443.805485,23.173971999999999,30.41975100000000,,,,
e_matrix_multiply,small,2048,1121.0761070000001,payloads/matrix_small.bin,intermediate/task_e_matrix_multiply_2048mb_small_4.out,5235852,5235852,201.621387,56.182871,155.374244,413.178502,25.96873300000000,33.69832600000000,,,,
e_matrix_multiply,small,2048,1419.1827770000000,payloads/matrix_small.bin,intermediate/task_e_matrix_multiply_2048mb_small_5.out,5235852,5235852,255.615394,55.529918,195.048796,506.194108,20.48332000000000,26.84380600000000,,,,
e_matrix_multiply,medium,512,4384.184122000000,payloads/matrix_medium.bin,intermediate/task_e_matrix_multiply_512mb_medium_0.out,52387852,52387852,773.747792,900.982423,1717.218129,3391.948344,67.70662600000000,30.50739500000000,,,,
e_matrix_multiply,medium,512,10017.895936999999,payloads/matrix_medium.bin,intermediate/task_e_matrix_multiply_512mb_medium_1.out,52387852,52387852,1144.661348,3824.693428,3886.875871,8856.230647,45.76711900000000,13.47813900000000,,,,
e_matrix_multiply,medium,512,3636.7733480000002,payloads/matrix_medium.bin,intermediate/task_e_matrix_multiply_512mb_medium_2.out,52387852,52387852,886.372825,1023.828774,793.364661,2703.56626,59.103631000000000,66.03250000000000,,,,
e_matrix_multiply,medium,512,12244.107722999999,payloads/matrix_medium.bin,intermediate/task_e_matrix_multiply_512mb_medium_3.out,52387852,52387852,3868.073664,5006.310499,2190.669035,11065.053198,13.5436540000000,23.914088000000000,,,,
e_matrix_multiply,medium,512,12048.239946000000,payloads/matrix_medium.bin,intermediate/task_e_matrix_multiply_512mb_medium_4.out,52387852,52387852,1521.414675,6179.388347,3202.970982,10903.774004,34.43364400000000,16.356017999999999,,,,
e_matrix_multiply,medium,512,2718.778133000000,payloads/matrix_medium.bin,intermediate/task_e_matrix_multiply_512mb_medium_5.out,52387852,52387852,658.983678,677.171671,602.961189,1939.116538,79.49795100000000,86.88428500000001,,,,
e_matrix_multiply,medium,768,8011.2144950000,payloads/matrix_medium.bin,intermediate/task_e_matrix_multiply_768mb_medium_0.out,52387852,52387852,1106.330597,3050.173329,2592.67086,6749.174786,47.35280000000000,20.20613300000000,,,,
e_matrix_multiply,medium,768,4111.97829200000,payloads/matrix_medium.bin,intermediate/task_e_matrix_multiply_768mb_medium_1.out,52387852,52387852,1110.822563,1238.382749,629.191916,2978.397228,47.16131400000000,83.26211900000000,,,,
e_matrix_multiply,medium,768,8671.731949000001,payloads/matrix_medium.bin,intermediate/task_e_matrix_multiply_768mb_medium_2.out,52387852,52387852,2683.003906,3299.325408,1497.00346,7479.332774,19.52582000000000,34.99514400000000,,,,
e_matrix_multiply,medium,768,5328.653574000000,payloads/matrix_medium.bin,intermediate/task_e_matrix_multiply_768mb_medium_3.out,52387852,52387852,755.742464,2624.873107,1135.301499,4515.91707,69.3197150000000,46.14444000000000,,,,
e_matrix_multiply,medium,768,4134.961367000000,payloads/matrix_medium.bin,intermediate/task_e_matrix_multiply_768mb_medium_4.out,52387852,52387852,963.930193,1004.409197,917.24005,2885.57944,54.34818000000000,57.11465800000000,,,,
e_matrix_multiply,medium,768,3634.208918000000,payloads/matrix_medium.bin,intermediate/task_e_matrix_multiply_768mb_medium_5.out,52387852,52387852,670.795744,1219.087386,983.728394,2873.611524,78.09806900000000,53.25438600000000,,,,
e_matrix_multiply,medium,1024,3573.3675960000000,payloads/matrix_medium.bin,intermediate/task_e_matrix_multiply_1024mb_medium_1.out,52387852,52387852,807.184706,855.507244,883.83522,2546.52717,64.9019380000000,59.27332500000000,,,,
e_matrix_multiply,medium,1024,3699.3625160000001,payloads/matrix_medium.bin,intermediate/task_e_matrix_multiply_1024mb_medium_2.out,52387852,52387852,831.69346,955.253953,722.511075,2509.458488,62.98937600000000,72.50802600000000,,,,
e_matrix_multiply,medium,1024,3232.2781089999999,payloads/matrix_medium.bin,intermediate/task_e_matrix_multiply_1024mb_medium_3.out,52387852,52387852,812.81089,879.576524,701.689201,2394.076615,64.45269500000001,74.65962399999999,,,,
e_matrix_multiply,medium,1024,7311.532974000000,payloads/matrix_medium.bin,intermediate/task_e_matrix_multiply_1024mb_medium_4.out,52387852,52387852,2130.622959,2973.064681,1305.778115,6409.465755,24.58804400000000,40.12002600000000,,,,
e_matrix_multiply,medium,1024,3524.8618130000000,payloads/matrix_medium.bin,intermediate/task_e_matrix_multiply_1024mb_medium_5.out,52387852,52387852,878.972218,981.036705,713.103047,2573.11197,59.60126000000000,73.46463100000000,,,,
e_matrix_multiply,medium,1536,5773.939848000000,payloads/matrix_medium.bin,intermediate/task_e_matrix_multiply_1536mb_medium_0.out,52387852,52387852,1338.176923,1732.809605,787.996016,3858.982544,39.14867400000000,66.48238200000000,,,,
e_matrix_multiply,medium,1536,13435.710669000000,payloads/matrix_medium.bin,intermediate/task_e_matrix_multiply_1536mb_medium_1.out,52387852,52387852,1133.009171,1607.282041,9564.967288,12305.2585,46.23780000000000,5.4770550000000000,,,,
e_matrix_multiply,medium,1536,3344.8526860000002,payloads/matrix_medium.bin,intermediate/task_e_matrix_multiply_1536mb_medium_2.out,52387852,52387852,927.402048,950.272044,592.363916,2470.038008,56.48882500000000,88.43862799999999,,,,
e_matrix_multiply,medium,1536,5219.050407000000,payloads/matrix_medium.bin,intermediate/task_e_matrix_multiply_1536mb_medium_3.out,52387852,52387852,961.251551,1224.481421,2097.615211,4283.348183,54.49962800000000,24.974958000000001,,,,
e_matrix_multiply,medium,1536,3585.604191000000,payloads/matrix_medium.bin,intermediate/task_e_matrix_multiply_1536mb_medium_4.out,52387852,52387852,888.772418,913.224114,1042.208769,2844.205301,58.94405700000000,50.26617800000000,,,,
e_matrix_multiply,medium,1536,3742.4159049999998,payloads/matrix_medium.bin,intermediate/task_e_matrix_multiply_1536mb_medium_5.out,52387852,52387852,978.563369,1061.661666,797.778381,2838.003416,53.5354720000000,65.66717400000000,,,,
e_matrix_multiply,medium,2048,6663.2490159999998,payloads/matrix_medium.bin,intermediate/task_e_matrix_multiply_2048mb_medium_0.out,52387852,52387852,1694.271785,2525.420421,1196.285564,5415.97777,30.92057200000000,43.79209600000000,,,,
e_matrix_multiply,medium,2048,4902.834892000000,payloads/matrix_medium.bin,intermediate/task_e_matrix_multiply_2048mb_medium_1.out,52387852,52387852,1201.926185,1767.813788,1034.171652,4003.911625,43.58658000000000,50.65682500000000,,,,
e_matrix_multiply,medium,2048,3540.2653220000002,payloads/matrix_medium.bin,intermediate/task_e_matrix_multiply_2048mb_medium_2.out,52387852,52387852,777.688445,874.782994,981.361509,2633.832948,67.36354700000000,53.38282700000000,,,,
e_matrix_multiply,medium,2048,3492.547512000000,payloads/matrix_medium.bin,intermediate/task_e_matrix_multiply_2048mb_medium_3.out,52387852,52387852,787.88429,905.242918,765.393945,2458.521153,66.49180900000000,68.44560500000000,,,,
e_matrix_multiply,medium,2048,3848.77610200000,payloads/matrix_medium.bin,intermediate/task_e_matrix_multiply_2048mb_medium_4.out,52387852,52387852,799.262071,906.35146,941.764883,2647.378414,65.54527500000000,55.6273150000000,,,,
e_matrix_multiply,medium,2048,4179.817915000000,payloads/matrix_medium.bin,intermediate/task_e_matrix_multiply_2048mb_medium_5.out,52387852,52387852,697.129455,1080.164723,1240.1036,3017.397778,75.14795400000000,42.24473800000000,,,,
a_passthrough,large,512,31632.369995000001,payloads/matrix_large.bin,intermediate/task_a_passthrough_512mb_large_0.out,262113412,262113412,18492.813486,0.00019,10128.931458,28621.745134,14.173798000000000,25.87769600000000,,,,
a_passthrough,large,512,14354.574203000000,payloads/matrix_large.bin,intermediate/task_a_passthrough_512mb_large_1.out,262113412,262113412,2914.911415,0.000176,10477.397527,13392.309118,89.92157000000000,25.017033999999999,,,,
a_passthrough,large,512,28053.81178900000,payloads/matrix_large.bin,intermediate/task_a_passthrough_512mb_large_2.out,262113412,262113412,17088.93438,0.00024,8990.384862,26079.319482,15.338195000000001,29.15486000000000,,,,
a_passthrough,large,512,17577.911615000001,payloads/matrix_large.bin,intermediate/task_a_passthrough_512mb_large_3.out,262113412,262113412,3452.651688,0.000185,12943.095436,16395.747309,75.91655200000000,20.251214999999998,,,,
a_passthrough,large,512,16003.818988999999,payloads/matrix_large.bin,intermediate/task_a_passthrough_512mb_large_4.out,262113412,262113412,3915.409179,0.000141,11025.404437,14940.813757,66.94406600000001,23.773586999999999,,,,
a_passthrough,large,512,30961.000681000001,payloads/matrix_large.bin,intermediate/task_a_passthrough_512mb_large_5.out,262113412,262113412,18784.704566,0.00017,10012.043272,28796.748008,13.953555000000000,26.179811999999998,,,,
a_passthrough,large,768,23498.36254100000,payloads/matrix_large.bin,intermediate/task_a_passthrough_768mb_large_0.out,262113412,262113412,12975.681926,0.000255,8833.197735,21808.879916,20.2003570000000,29.673672000000000,,,,
a_passthrough,large,768,12558.241367000001,payloads/matrix_large.bin,intermediate/task_a_passthrough_768mb_large_1.out,262113412,262113412,5737.867493,0.00032,6034.135234,11772.003047,45.68132900000000,43.43843800000000,,,,
a_passthrough,large,768,10938.947915999999,payloads/matrix_large.bin,intermediate/task_a_passthrough_768mb_large_2.out,262113412,262113412,3267.028902,0.000387,6631.484485,9898.513774,80.22990299999999,39.52560100000000,,,,
a_passthrough,large,768,13069.493055000001,payloads/matrix_large.bin,intermediate/task_a_passthrough_768mb_large_3.out,262113412,262113412,7118.883657,0.00018,5250.591024,12369.474861,36.81945400000000,49.920743999999999,,,,
a_passthrough,large,768,8194.981575000000,payloads/matrix_large.bin,intermediate/task_a_passthrough_768mb_large_4.out,262113412,262113412,2782.801553,0.000191,4598.679978,7381.481722,94.19047900000000,56.99753300000000,,,,
a_passthrough,large,768,17710.52312900000,payloads/matrix_large.bin,intermediate/task_a_passthrough_768mb_large_5.out,262113412,262113412,9837.325196,0.000197,6857.62025,16694.945643,26.644784999999999,38.22221200000000,,,,
a_passthrough,large,1024,24180.26828800000,payloads/matrix_large.bin,intermediate/task_a_passthrough_1024mb_large_0.out,262113412,262113412,11049.307183,0.0002,11222.711535,22272.018918,23.72215800000000,23.355622000000000,,,,
a_passthrough,large,1024,21984.26342000000,payloads/matrix_large.bin,intermediate/task_a_passthrough_1024mb_large_1.out,262113412,262113412,11464.107644,0.000132,9504.196645,20968.304421,22.86383000000000,27.5787030000000,,,,
a_passthrough,large,1024,9878.642082000000,payloads/matrix_large.bin,intermediate/task_a_passthrough_1024mb_large_2.out,262113412,262113412,3439.333582,0.0002,5498.608806,8937.942588,76.21052299999999,47.66904200000000,,,,
a_passthrough,large,1024,12866.827250000000,payloads/matrix_large.bin,intermediate/task_a_passthrough_1024mb_large_3.out,262113412,262113412,3539.289433,0.00037,8408.603957,11947.89376,74.05820199999999,31.172049000000001,,,,
a_passthrough,large,1024,11944.286346000001,payloads/matrix_large.bin,intermediate/task_a_passthrough_1024mb_large_4.out,262113412,262113412,4615.733164,0.0002,6358.225178,10973.958542,56.786951000000002,41.22430500000000,,,,
a_passthrough,large,1024,16691.61605800000,payloads/matrix_large.bin,intermediate/task_a_passthrough_1024mb_large_5.out,262113412,262113412,9611.656851,0.00017,6210.05058,15821.707601,27.270367000000000,42.2079350000000,,,,
a_passthrough,large,1536,12580.355167000000,payloads/matrix_large.bin,intermediate/task_a_passthrough_1536mb_large_0.out,262113412,262113412,6595.570961,0.00017,4862.285602,11457.856733,39.74082200000000,53.90744900000000,,,,
a_passthrough,large,1536,8509.391068999999,payloads/matrix_large.bin,intermediate/task_a_passthrough_1536mb_large_1.out,262113412,262113412,3665.392121,0.00035,4093.456059,7758.84853,71.51033300000000,64.032301000000,,,,
a_passthrough,large,1536,10991.949558000000,payloads/matrix_large.bin,intermediate/task_a_passthrough_1536mb_large_2.out,262113412,262113412,5292.084303,0.000261,4779.07867,10071.163234,49.52933400000000,54.84601300000000,,,,
a_passthrough,large,1536,8235.579014000001,payloads/matrix_large.bin,intermediate/task_a_passthrough_1536mb_large_3.out,262113412,262113412,3036.261729,0.000331,4368.311859,7404.573919,86.327674000000,60.00336500000000,,,,
a_passthrough,large,1536,7993.744850000000,payloads/matrix_large.bin,intermediate/task_a_passthrough_1536mb_large_4.out,262113412,262113412,2683.667227,0.000178,4571.534329,7255.201734,97.669864000000,57.33598200000000,,,,
a_passthrough,large,1536,10686.463594000001,payloads/matrix_large.bin,intermediate/task_a_passthrough_1536mb_large_5.out,262113412,262113412,4518.966777,0.00023,5259.971613,9778.93862,58.0029520000000,49.83171600000000,,,,
a_passthrough,large,2048,10674.36671300000,payloads/matrix_large.bin,intermediate/task_a_passthrough_2048mb_large_0.out,262113412,262113412,5646.760345,0.000169,4013.359913,9660.120427,46.41837000000000,65.31021800000001,,,,
a_passthrough,large,2048,8065.304518000000,payloads/matrix_large.bin,intermediate/task_a_passthrough_2048mb_large_1.out,262113412,262113412,2737.653708,0.000131,4563.217097,7300.870936,95.74381600000000,57.440486999999997,,,,
a_passthrough,large,2048,8912.712812000000,payloads/matrix_large.bin,intermediate/task_a_passthrough_2048mb_large_2.out,262113412,262113412,3704.630297,0.000234,4319.244396,8023.874927,70.75292000000000,60.6850150000,,,,
a_passthrough,large,2048,8529.963970000001,payloads/matrix_large.bin,intermediate/task_a_passthrough_2048mb_large_3.out,262113412,262113412,2796.556317,0.000196,4659.67544,7456.231953,93.72720700000001,56.25143100000000,,,,
a_passthrough,large,2048,17011.308907999999,payloads/matrix_large.bin,intermediate/task_a_passthrough_2048mb_large_4.out,262113412,262113412,3030.199349,0.00019,13275.55534,16305.754879,86.50038600000001,19.74406400000000,,,,
a_passthrough,large,2048,9941.413640999999,payloads/matrix_large.bin,intermediate/task_a_passthrough_2048mb_large_5.out,262113412,262113412,4387.395361,0.000169,4679.562628,9066.958158,59.74237300000000,56.01237400000000,,,,
b_compress,micro,128,1939.7237299999999,payloads/matrix_micro.bin,intermediate/task_b_compress_128mb_micro_0.out,102156,97378,148.713612,6.730472,61.24308,216.687164,0.6869310000000000,1.590025000000000,,,,
b_compress,micro,128,970.832348000000,payloads/matrix_micro.bin,intermediate/task_b_compress_128mb_micro_1.out,102156,97378,144.929058,7.553153,72.880338,225.362549,0.7048690000000000,1.3361350000000001,,,,
b_compress,micro,128,1046.5826990000000,payloads/matrix_micro.bin,intermediate/task_b_compress_128mb_micro_2.out,102156,97378,151.50076,7.483945,61.416234,220.400939,0.6742939999999999,1.5855420000000000,,,,
b_compress,micro,128,991.0345080000000,payloads/matrix_micro.bin,intermediate/task_b_compress_128mb_micro_3.out,102156,97378,138.64554,7.40603,82.678377,228.729947,0.7368140000000000,1.1777930000000001,,,,
b_compress,micro,128,6946.302891000000,payloads/matrix_micro.bin,intermediate/task_b_compress_128mb_micro_4.out,102156,97378,1699.881726,100.995486,167.383768,1968.26098,0.0600960000000000,0.5817650000000000,,,,
b_compress,micro,128,1294.35133900000,payloads/matrix_micro.bin,intermediate/task_b_compress_128mb_micro_5.out,102156,97378,170.926207,8.33771,59.055945,238.319862,0.597661000000000,1.6489110000000000,,,,
b_compress,micro,256,7525.919676000000,payloads/matrix_micro.bin,intermediate/task_b_compress_256mb_micro_0.out,102156,97378,688.931103,6.991485,157.366206,853.288794,0.1482820000000000,0.618799000000000,,,,
b_compress,micro,256,974.9643800000000,payloads/matrix_micro.bin,intermediate/task_b_compress_256mb_micro_1.out,102156,97378,137.016189,6.670938,70.542228,214.229355,0.745576000000000,1.3804209999999999,,,,
b_compress,micro,256,1175.7280830000000,payloads/matrix_micro.bin,intermediate/task_b_compress_256mb_micro_2.out,102156,97378,141.893641,5.078596,68.302726,215.274963,0.7199480000000000,1.4256819999999999,,,,
b_compress,micro,256,1322.0820430000001,payloads/matrix_micro.bin,intermediate/task_b_compress_256mb_micro_3.out,102156,97378,150.006883,11.261066,79.189166,240.457115,0.6810090000000000,1.2296879999999999,,,,
b_compress,micro,256,1279.3095109999999,payloads/matrix_micro.bin,intermediate/task_b_compress_256mb_micro_4.out,102156,97378,152.372243,7.896824,91.14725,251.416317,0.6704369999999999,1.0683590000000001,,,,
b_compress,micro,256,1121.9282149999999,payloads/matrix_micro.bin,intermediate/task_b_compress_256mb_micro_5.out,102156,97378,142.963026,6.725019,68.08147,217.769515,0.71456200000000,1.4303159999999999,,,,
b_compress,micro,512,1183.9911940000000,payloads/matrix_micro.bin,intermediate/task_b_compress_512mb_micro_0.out,102156,97378,130.241461,5.484585,65.458057,201.184103,0.7843590000000000,1.487640000000000,,,,
b_compress,micro,512,1321.2122919999999,payloads/matrix_micro.bin,intermediate/task_b_compress_512mb_micro_1.out,102156,97378,156.334556,6.494049,78.454982,241.283587,0.6534450000000001,1.241196000000000,,,,
b_compress,micro,512,1336.336613000000,payloads/matrix_micro.bin,intermediate/task_b_compress_512mb_micro_2.out,102156,97378,149.614904,6.455919,69.000786,225.071609,0.6827930000000000,1.4112590000000000,,,,
b_compress,micro,512,2082.6878550000001,payloads/matrix_micro.bin,intermediate/task_b_compress_512mb_micro_3.out,102156,97378,143.255023,6.603686,65.250677,215.109386,0.7131060000000000,1.4923679999999999,,,,
b_compress,micro,512,1895.7781789999999,payloads/matrix_micro.bin,intermediate/task_b_compress_512mb_micro_4.out,102156,97378,370.8248,6.820214,78.950567,456.595581,0.2754830000000000,1.2334050000000001,,,,
b_compress,micro,512,1202.1303180000000,payloads/matrix_micro.bin,intermediate/task_b_compress_512mb_micro_5.out,102156,97378,158.714362,4.741868,70.598555,234.054785,0.6436470000000000,1.3793200000000001,,,,
b_compress,micro,768,1351.329327000000,payloads/matrix_micro.bin,intermediate/task_b_compress_768mb_micro_0.out,102156,97378,133.942948,6.108495,67.730268,207.781711,0.7626830000000000,1.437732000000000,,,,
b_compress,micro,768,1083.018780000000,payloads/matrix_micro.bin,intermediate/task_b_compress_768mb_micro_1.out,102156,97378,140.616118,11.22443,63.789429,215.629977,0.7264890000000001,1.5265540000000000,,,,
b_compress,micro,768,1124.859095000000,payloads/matrix_micro.bin,intermediate/task_b_compress_768mb_micro_2.out,102156,97378,211.79543,7.766003,66.353975,285.915408,0.4823330000000000,1.467553000000000,,,,
b_compress,micro,768,1233.151913000000,payloads/matrix_micro.bin,intermediate/task_b_compress_768mb_micro_3.out,102156,97378,167.898546,5.362339,57.88047,231.141355,0.6084390000000000,1.682398000000000,,,,
b_compress,micro,768,1155.490160000000,payloads/matrix_micro.bin,intermediate/task_b_compress_768mb_micro_4.out,102156,97378,137.299752,5.164498,59.723737,202.187987,0.744036000000000,1.630474000000000,,,,
b_compress,micro,768,1168.6022280000000,payloads/matrix_micro.bin,intermediate/task_b_compress_768mb_micro_5.out,102156,97378,138.788914,7.337112,82.559888,228.685914,0.7360530000000000,1.1794830000000001,,,,
b_compress,micro,1024,1277.5061129999999,payloads/matrix_micro.bin,intermediate/task_b_compress_1024mb_micro_0.out,102156,97378,147.519519,6.760839,66.948491,221.228849,0.692491000000000,1.4545210000000000,,,,
b_compress,micro,1024,1067.2075749999999,payloads/matrix_micro.bin,intermediate/task_b_compress_1024mb_micro_1.out,102156,97378,160.42742,8.050529,83.968917,252.446866,0.6367740000000000,1.1596910000000000,,,,
b_compress,micro,1024,1198.8143920000000,payloads/matrix_micro.bin,intermediate/task_b_compress_1024mb_micro_2.out,102156,97378,160.709198,7.367569,79.889702,247.966469,0.6356570000000000,1.2189060000000000,,,,
b_compress,micro,1024,1185.7194900000000,payloads/matrix_micro.bin,intermediate/task_b_compress_1024mb_micro_3.out,102156,97378,157.173465,7.740894,61.873561,226.78792,0.6499570000000000,1.5738220000000001,,,,
b_compress,micro,1024,1291.8546200000001,payloads/matrix_micro.bin,intermediate/task_b_compress_1024mb_micro_4.out,102156,97378,159.368477,12.333031,73.876496,245.578004,0.6410050000000000,1.3181190000000000,,,,
b_compress,micro,1024,1158.3678720000000,payloads/matrix_micro.bin,intermediate/task_b_compress_1024mb_micro_5.out,102156,97378,174.006964,4.903414,66.800965,245.711343,0.587080000000000,1.457733000000000,,,,
b_compress,micro,1536,3407.691240000000,payloads/matrix_micro.bin,intermediate/task_b_compress_1536mb_micro_0.out,102156,97378,191.496492,6.90615,72.52978,270.932422,0.5334610000000000,1.342593000000000,,,,
b_compress,micro,1536,2334.196091000000,payloads/matrix_micro.bin,intermediate/task_b_compress_1536mb_micro_1.out,102156,97378,133.812929,7.615729,77.988778,219.417436,0.76342400000000,1.2486159999999999,,,,
b_compress,micro,1536,1119.6556089999999,payloads/matrix_micro.bin,intermediate/task_b_compress_1536mb_micro_2.out,102156,97378,154.383051,9.125298,63.573476,227.081825,0.6617050000000000,1.5317390000000000,,,,
b_compress,micro,1536,1089.2586710000000,payloads/matrix_micro.bin,intermediate/task_b_compress_1536mb_micro_3.out,102156,97378,155.385608,7.783036,83.610067,246.778711,0.657435000000000,1.1646680000000000,,,,
b_compress,micro,1536,1337.8627300000001,payloads/matrix_micro.bin,intermediate/task_b_compress_1536mb_micro_4.out,102156,97378,149.155776,6.672681,62.129082,217.957539,0.6848950000000000,1.567350000000000,,,,
b_compress,micro,1536,1089.6267889999999,payloads/matrix_micro.bin,intermediate/task_b_compress_1536mb_micro_5.out,102156,97378,155.965938,4.855751,74.654499,235.476188,0.6549890000000000,1.3043819999999999,,,,
b_compress,micro,2048,1502.597094000000,payloads/matrix_micro.bin,intermediate/task_b_compress_2048mb_micro_0.out,102156,97378,176.331102,5.132067,64.795286,246.258455,0.5793420000000000,1.5028560000000000,,,,
b_compress,micro,2048,1481.8742279999999,payloads/matrix_micro.bin,intermediate/task_b_compress_2048mb_micro_1.out,102156,97378,181.424112,6.365125,67.17782,254.967057,0.5630780000000000,1.4495560000000001,,,,
b_compress,micro,2048,969.0017700000000,payloads/matrix_micro.bin,intermediate/task_b_compress_2048mb_micro_2.out,102156,97378,144.633848,7.721712,77.286796,229.642356,0.7063080000000000,1.2599560000000001,,,,
b_compress,micro,2048,1093.2564740000000,payloads/matrix_micro.bin,intermediate/task_b_compress_2048mb_micro_3.out,102156,97378,142.54585,7.562072,68.889489,218.997411,0.7166540000000000,1.4135390000000001,,,,
b_compress,micro,2048,1482.4860100000001,payloads/matrix_micro.bin,intermediate/task_b_compress_2048mb_micro_4.out,102156,97378,176.067334,12.524035,69.624379,258.215748,0.5802100000000000,1.3986190000000001,,,,
b_compress,micro,2048,1243.696928000000,payloads/matrix_micro.bin,intermediate/task_b_compress_2048mb_micro_5.out,102156,97378,158.751672,5.495735,68.237354,232.484761,0.6434960000000000,1.4270480000000001,,,,
b_compress,small,128,2216.5169719999999,payloads/matrix_small.bin,intermediate/task_b_compress_128mb_small_0.out,5235852,4986764,252.715963,464.391021,158.554853,875.661837,20.71832700000000,31.45134900000000,,,,
b_compress,small,128,1643.9459320000001,payloads/matrix_small.bin,intermediate/task_b_compress_128mb_small_1.out,5235852,4986764,237.749301,401.220301,187.961924,826.931526,22.02257600000000,26.530714000000000,,,,
b_compress,small,128,1887.3422149999999,payloads/matrix_small.bin,intermediate/task_b_compress_128mb_small_2.out,5235852,4986764,236.168545,434.873012,135.964152,807.005709,22.16998000000000,36.67705000000000,,,,
b_compress,small,128,1774.7223380000000,payloads/matrix_small.bin,intermediate/task_b_compress_128mb_small_3.out,5235852,4986764,223.454251,373.767843,154.93852,752.160614,23.431426999999999,32.18543700000000,,,,
b_compress,small,128,2061.1674790000002,payloads/matrix_small.bin,intermediate/task_b_compress_128mb_small_4.out,5235852,4986764,278.68807,317.350651,155.217983,751.256704,18.78750000000000,32.127488999999997,,,,
b_compress,small,128,1476.508856000000,payloads/matrix_small.bin,intermediate/task_b_compress_128mb_small_5.out,5235852,4986764,197.876388,294.034758,144.093757,636.004903,26.4602160000000,34.607773000000002,,,,
b_compress,small,256,1893.3374879999999,payloads/matrix_small.bin,intermediate/task_b_compress_256mb_small_0.out,5235852,4986764,261.721192,404.984647,184.036189,850.742028,20.005457000000000,27.096648999999999,,,,
b_compress,small,256,1614.4585609999999,payloads/matrix_small.bin,intermediate/task_b_compress_256mb_small_1.out,5235852,4986764,240.432844,303.230258,138.09195,681.755052,21.776775000000001,36.11190900000000,,,,
b_compress,small,256,11376.56593300000,payloads/matrix_small.bin,intermediate/task_b_compress_256mb_small_2.out,5235852,4986764,1915.286549,2695.266596,1263.098433,5873.651578,2.733717000000000,3.948041000000000,,,,
b_compress,small,256,1708.3523270000001,payloads/matrix_small.bin,intermediate/task_b_compress_256mb_small_3.out,5235852,4986764,232.519266,396.053278,162.082472,790.655016,22.51792800000000,30.76683100000000,,,,
b_compress,small,256,2263.664722000000,payloads/matrix_small.bin,intermediate/task_b_compress_256mb_small_4.out,5235852,4986764,289.047799,427.303792,183.825163,900.176754,18.11413900000000,27.127755000000001,,,,
b_compress,small,256,1625.8723740000000,payloads/matrix_small.bin,intermediate/task_b_compress_256mb_small_5.out,5235852,4986764,208.65646,433.431084,155.702002,797.789546,25.093170000000001,32.02761600000000,,,,
b_compress,small,512,1814.082623000000,payloads/matrix_small.bin,intermediate/task_b_compress_512mb_small_0.out,5235852,4986764,241.889044,266.315773,153.310828,661.515645,21.645676999999999,32.52714800000000,,,,
b_compress,small,512,3916.205645000000,payloads/matrix_small.bin,intermediate/task_b_compress_512mb_small_1.out,5235852,4986764,874.665167,1202.297014,377.576803,2454.538984,5.98612200000000,13.207284000000000,,,,
b_compress,small,512,11260.807991000000,payloads/matrix_small.bin,intermediate/task_b_compress_512mb_small_2.out,5235852,4986764,200.308347,378.440306,9898.607411,10477.356064,26.13896100000000,0.5037840000000000,,,,
b_compress,small,512,1616.1487099999999,payloads/matrix_small.bin,intermediate/task_b_compress_512mb_small_3.out,5235852,4986764,240.476632,268.539424,142.941607,651.957663,21.77281000000000,34.88672100000000,,,,
b_compress,small,512,1661.1909870000000,payloads/matrix_small.bin,intermediate/task_b_compress_512mb_small_4.out,5235852,4986764,217.819364,383.196666,153.475759,754.491789,24.037586999999998,32.49219300000000,,,,
b_compress,small,512,1421.4105609999999,payloads/matrix_small.bin,intermediate/task_b_compress_512mb_small_5.out,5235852,4986764,189.187406,375.353267,129.049876,693.590549,27.67547900000000,38.64214500000000,,,,
b_compress,small,768,1897.5977900000000,payloads/matrix_small.bin,intermediate/task_b_compress_768mb_small_0.out,5235852,4986764,268.355255,369.443168,189.499378,827.297801,19.510898000000001,26.31546400000000,,,,
b_compress,small,768,1898.3869549999999,payloads/matrix_small.bin,intermediate/task_b_compress_768mb_small_1.out,5235852,4986764,264.674811,316.747061,179.450307,760.872179,19.782207000000000,27.78910800000000,,,,
b_compress,small,768,1432.1010110000000,payloads/matrix_small.bin,intermediate/task_b_compress_768mb_small_2.out,5235852,4986764,203.9955,260.361565,142.688812,607.045877,25.666506999999999,34.948528000000003,,,,
b_compress,small,768,1839.353085000000,payloads/matrix_small.bin,intermediate/task_b_compress_768mb_small_3.out,5235852,4986764,241.576529,277.212567,178.699776,697.488872,21.67367800000000,27.9058210000000,,,,
b_compress,small,768,1966.172695000000,payloads/matrix_small.bin,intermediate/task_b_compress_768mb_small_4.out,5235852,4986764,238.287639,442.646629,226.313816,907.248084,21.972823000000002,22.03473100000000,,,,
b_compress,small,768,2697.878838000000,payloads/matrix_small.bin,intermediate/task_b_compress_768mb_small_5.out,5235852,4986764,380.526014,809.296897,267.959611,1457.782522,13.759511000000000,18.610133000000001,,,,
b_compress,small,1024,1800.176382000000,payloads/matrix_small.bin,intermediate/task_b_compress_1024mb_small_0.out,5235852,4986764,227.874127,407.862651,150.542156,786.278934,22.976948000000000,33.12536600000000,,,,
b_compress,small,1024,1581.3992020000001,payloads/matrix_small.bin,intermediate/task_b_compress_1024mb_small_1.out,5235852,4986764,200.836183,376.150793,137.420605,714.407581,26.0702620000000,36.28832800000000,,,,
b_compress,small,1024,1525.0840189999999,payloads/matrix_small.bin,intermediate/task_b_compress_1024mb_small_2.out,5235852,4986764,233.910446,387.020222,132.522384,753.453052,22.384001999999999,37.62959800000000,,,,
b_compress,small,1024,1660.8715060000000,payloads/matrix_small.bin,intermediate/task_b_compress_1024mb_small_3.out,5235852,4986764,228.106441,287.160291,175.044912,690.311644,22.953547000000000,28.4884830000000,,,,
b_compress,small,1024,1657.1393009999999,payloads/matrix_small.bin,intermediate/task_b_compress_1024mb_small_4.out,5235852,4986764,215.115354,388.619082,135.690076,739.424512,24.339741000000000,36.75113300000000,,,,
b_compress,small,1024,1719.9714180000001,payloads/matrix_small.bin,intermediate/task_b_compress_1024mb_small_5.out,5235852,4986764,236.668264,296.547763,166.763597,699.979624,22.123169000000001,29.903193000000002,,,,
b_compress,small,1536,1622.2996710000000,payloads/matrix_small.bin,intermediate/task_b_compress_1536mb_small_0.out,5235852,4986764,192.568412,381.472581,140.337682,714.378675,27.189568000000001,35.53403400000000,,,,
b_compress,small,1536,1652.808666000000,payloads/matrix_small.bin,intermediate/task_b_compress_1536mb_small_1.out,5235852,4986764,218.659366,277.66437,170.084195,666.407931,23.94524500000000,29.31938500000000,,,,
b_compress,small,1536,1710.7923029999999,payloads/matrix_small.bin,intermediate/task_b_compress_1536mb_small_2.out,5235852,4986764,208.062351,414.679815,164.555837,787.298003,25.1648220000000,30.304387999999999,,,,
b_compress,small,1536,2168.787241000000,payloads/matrix_small.bin,intermediate/task_b_compress_1536mb_small_3.out,5235852,4986764,283.49934,344.726481,256.209705,884.435526,18.46865700000000,19.463602999999999,,,,
b_compress,small,1536,1607.0594790000000,payloads/matrix_small.bin,intermediate/task_b_compress_1536mb_small_4.out,5235852,4986764,227.07923,376.252159,176.684319,780.015708,23.057379999999998,28.22414600000000,,,,
b_compress,small,1536,1825.650930000000,payloads/matrix_small.bin,intermediate/task_b_compress_1536mb_small_5.out,5235852,4986764,305.304324,282.734927,161.879394,749.918645,17.149616000000002,30.80542800000000,,,,
b_compress,small,2048,1688.4517670000000,payloads/matrix_small.bin,intermediate/task_b_compress_2048mb_small_0.out,5235852,4986764,197.897895,389.383292,129.949104,717.230291,26.457341000000000,38.37474700000000,,,,
b_compress,small,2048,1757.805347000000,payloads/matrix_small.bin,intermediate/task_b_compress_2048mb_small_1.out,5235852,4986764,221.820253,394.518445,144.365909,760.704607,23.60403000000000,34.54253200000000,,,,
b_compress,small,2048,2072.1023080000000,payloads/matrix_small.bin,intermediate/task_b_compress_2048mb_small_2.out,5235852,4986764,239.176807,341.865895,202.113241,783.155943,21.891135999999999,24.67311900000000,,,,
b_compress,small,2048,2353.492498000000,payloads/matrix_small.bin,intermediate/task_b_compress_2048mb_small_3.out,5235852,4986764,298.62858,352.601698,176.495815,827.726093,17.532990000000002,28.2542900000000,,,,
b_compress,small,2048,1653.8314820000001,payloads/matrix_small.bin,intermediate/task_b_compress_2048mb_small_4.out,5235852,4986764,208.196438,311.079097,174.365657,693.641192,25.14861500000000,28.599461999999999,,,,
b_compress,small,2048,1770.4153060000001,payloads/matrix_small.bin,intermediate/task_b_compress_2048mb_small_5.out,5235852,4986764,277.204667,278.615195,179.150828,734.97069,18.888037000000001,27.83556200000000,,,,
b_compress,medium,512,15169.5396900000,payloads/matrix_medium.bin,intermediate/task_b_compress_512mb_medium_0.out,52387852,49893161,730.192431,11840.676282,1712.054494,14282.923207,71.74526800000000,29.142274000000000,,,,
b_compress,medium,512,9665.605068000001,payloads/matrix_medium.bin,intermediate/task_b_compress_512mb_medium_1.out,52387852,49893161,882.659999,3850.9246,3894.76827,8628.352869,59.35224400000000,12.810302999999999,,,,
b_compress,medium,512,15552.719593000000,payloads/matrix_medium.bin,intermediate/task_b_compress_512mb_medium_2.out,52387852,49893161,847.790157,11885.733843,1884.596866,14618.120866,61.79341900000000,26.47418200000000,,,,
b_compress,medium,512,12038.307666999999,payloads/matrix_medium.bin,intermediate/task_b_compress_512mb_medium_3.out,52387852,49893161,757.043376,8269.456818,2080.964678,11107.464872,69.20059500000001,23.97597700000000,,,,
b_compress,medium,512,12206.812859000000,payloads/matrix_medium.bin,intermediate/task_b_compress_512mb_medium_4.out,52387852,49893161,641.707569,9293.388376,1581.309291,11516.405236,81.63820200000001,31.551804000000001,,,,
b_compress,medium,512,26996.75464600000,payloads/matrix_medium.bin,intermediate/task_b_compress_512mb_medium_5.out,52387852,49893161,904.217927,14636.934998,10694.198303,26235.351228,57.93719700000000,4.6654419999999996,,,,
b_compress,medium,768,8661.086321000001,payloads/matrix_medium.bin,intermediate/task_b_compress_768mb_medium_0.out,52387852,49893161,710.489293,5247.709577,1679.310654,7637.509524,73.73489300000000,29.71050100000000,,,,
b_compress,medium,768,8102.606535000000,payloads/matrix_medium.bin,intermediate/task_b_compress_768mb_medium_1.out,52387852,49893161,748.910312,4908.332855,1475.223047,7132.466214,69.95210400000001,33.82075800000000,,,,
b_compress,medium,768,14262.63952300000,payloads/matrix_medium.bin,intermediate/task_b_compress_768mb_medium_2.out,52387852,49893161,2465.125593,8599.36149,1760.492331,12824.979414,21.251595999999999,28.34045900000000,,,,
b_compress,medium,768,11185.15944500000,payloads/matrix_medium.bin,intermediate/task_b_compress_768mb_medium_3.out,52387852,49893161,810.789558,8348.54323,1198.348736,10357.681524,64.61337800000000,41.634926000000000,,,,
b_compress,medium,768,4767.367125000000,payloads/matrix_medium.bin,intermediate/task_b_compress_768mb_medium_4.out,52387852,49893161,721.231674,2597.120288,659.329883,3977.681845,72.6366490000000,75.6725310000000,,,,
b_compress,medium,768,9943.707466000000,payloads/matrix_medium.bin,intermediate/task_b_compress_768mb_medium_5.out,52387852,49893161,761.557146,6531.865045,1589.439783,8882.861974,68.79044100000000,31.390407000000000,,,,
b_compress,medium,1024,11964.484452999999,payloads/matrix_medium.bin,intermediate/task_b_compress_1024mb_medium_0.out,52387852,49893161,956.183453,8545.278824,1195.572583,10697.03486,54.78849500000000,41.73160400000000,,,,
b_compress,medium,1024,7973.757982000000,payloads/matrix_medium.bin,intermediate/task_b_compress_1024mb_medium_1.out,52387852,49893161,811.129595,5380.222894,952.694875,7144.047364,64.58629100000000,52.370556999999998,,,,
b_compress,medium,1024,5771.30389200000,payloads/matrix_medium.bin,intermediate/task_b_compress_1024mb_medium_2.out,52387852,49893161,758.513094,2862.747385,1328.783565,4950.044044,69.06650999999999,37.547997000000002,,,,
b_compress,medium,1024,12888.777255999999,payloads/matrix_medium.bin,intermediate/task_b_compress_1024mb_medium_3.out,52387852,49893161,1945.922392,8700.507226,1275.918159,11922.347777,26.92186100000000,39.10373100000000,,,,
b_compress,medium,1024,10309.693098000000,payloads/matrix_medium.bin,intermediate/task_b_compress_1024mb_medium_4.out,52387852,49893161,862.950947,7415.11023,1096.073886,9374.135063,60.70779800000000,45.51988800000000,,,,
b_compress,medium,1024,9862.112521999999,payloads/matrix_medium.bin,intermediate/task_b_compress_1024mb_medium_5.out,52387852,49893161,760.962177,6868.902561,1380.215692,9010.08043,68.84422600000001,36.14881400000000,,,,
b_compress,medium,1536,9064.315557000000,payloads/matrix_medium.bin,intermediate/task_b_compress_1536mb_medium_0.out,52387852,49893161,831.400918,4817.969945,2256.363967,7905.73483,63.01154000000000,22.11219500000000,,,,
b_compress,medium,1536,7263.844490000000,payloads/matrix_medium.bin,intermediate/task_b_compress_1536mb_medium_1.out,52387852,49893161,870.488458,4215.018882,1369.154429,6454.661769,60.182133000000000,36.44085700000000,,,,
b_compress,medium,1536,6021.406174000000,payloads/matrix_medium.bin,intermediate/task_b_compress_1536mb_medium_2.out,52387852,49893161,750.045129,3409.024357,750.670412,4909.739898,69.84626700000000,66.46480300000000,,,,
b_compress,medium,1536,7505.267382000000,payloads/matrix_medium.bin,intermediate/task_b_compress_1536mb_medium_3.out,52387852,49893161,889.718774,4281.418111,1399.947066,6571.083951,58.88136100000000,35.6393200000000,,,,
b_compress,medium,1536,7045.442820000000,payloads/matrix_medium.bin,intermediate/task_b_compress_1536mb_medium_4.out,52387852,49893161,746.89323,4856.02387,685.871217,6288.788317,70.14101900000000,72.7442120000000,,,,
b_compress,medium,1536,8318.853378000000,payloads/matrix_medium.bin,intermediate/task_b_compress_1536mb_medium_5.out,52387852,49893161,1389.746179,5049.094423,888.933025,7327.773627,37.695985999999998,56.12701900000000,,,,
b_compress,medium,2048,7690.77467900000,payloads/matrix_medium.bin,intermediate/task_b_compress_2048mb_medium_1.out,52387852,49893161,1295.677638,4822.36877,626.697726,6744.744134,40.43278200000000,79.61279999999999,,,,
b_compress,medium,2048,7275.640249000000,payloads/matrix_medium.bin,intermediate/task_b_compress_2048mb_medium_2.out,52387852,49893161,851.692886,3785.668162,1433.237538,6070.598586,61.51026100000000,34.811509000000001,,,,
b_compress,medium,2048,7432.455778000000,payloads/matrix_medium.bin,intermediate/task_b_compress_2048mb_medium_3.out,52387852,49893161,1078.999125,4702.916264,721.741392,6503.656781,48.55226600000000,69.12886200000000,,,,
b_compress,medium,2048,6897.233725000000,payloads/matrix_medium.bin,intermediate/task_b_compress_2048mb_medium_4.out,52387852,49893161,961.019462,4360.709663,664.016816,5985.745941,54.51279000000000,75.13840000000000,,,,
b_compress,medium,2048,6555.394888000000,payloads/matrix_medium.bin,intermediate/task_b_compress_2048mb_medium_5.out,52387852,49893161,709.095549,3812.806791,1296.418921,5818.321261,73.87982100000001,38.485368999999999,,,,
d_csv_to_matrix,micro,128,3288.08069200000,payloads/matrix_micro.csv,intermediate/task_d_csv_to_matrix_128mb_micro_0.out,88022,67716,1382.740545,51.390324,80.984015,1515.114884,0.0636580000000000,0.8361650000000000,,,,
d_csv_to_matrix,micro,128,1122.7271559999999,payloads/matrix_micro.csv,intermediate/task_d_csv_to_matrix_128mb_micro_1.out,88022,67716,165.201131,2.195471,76.623859,244.020461,0.5328170000000000,0.8837460000000000,,,,
d_csv_to_matrix,micro,128,1737.8544810000001,payloads/matrix_micro.csv,intermediate/task_d_csv_to_matrix_128mb_micro_2.out,88022,67716,197.503485,4.080506,68.828283,270.412274,0.445673000000000,0.9838400000000000,,,,
d_csv_to_matrix,micro,128,1822.1211430000001,payloads/matrix_micro.csv,intermediate/task_d_csv_to_matrix_128mb_micro_3.out,88022,67716,192.294165,2.778744,135.670651,330.74356,0.4577470000000000,0.4991200000000000,,,,
d_csv_to_matrix,micro,128,1364.7754190000001,payloads/matrix_micro.csv,intermediate/task_d_csv_to_matrix_128mb_micro_4.out,88022,67716,217.778759,1.99208,77.878785,297.649624,0.4041810000000000,0.8695050000000000,,,,
d_csv_to_matrix,micro,128,11585.522890000000,payloads/matrix_micro.csv,intermediate/task_d_csv_to_matrix_128mb_micro_5.out,88022,67716,1400.399231,2.664847,96.938996,1500.003074,0.0628550000000000,0.6985420000000000,,,,
d_csv_to_matrix,micro,256,5788.4509559999997,payloads/matrix_micro.csv,intermediate/task_d_csv_to_matrix_256mb_micro_0.out,88022,67716,732.125895,2.560943,73.304362,807.9912,0.1202280000000000,0.923765000000000,,,,
d_csv_to_matrix,micro,256,1279.228687000000,payloads/matrix_micro.csv,intermediate/task_d_csv_to_matrix_256mb_micro_1.out,88022,67716,155.848833,3.002037,74.49144,233.34231,0.5647910000000000,0.9090440000000000,,,,
d_csv_to_matrix,micro,256,1001.274586000000,payloads/matrix_micro.csv,intermediate/task_d_csv_to_matrix_256mb_micro_2.out,88022,67716,140.984072,2.754967,66.008869,209.747908,0.6243400000000000,1.0258620000000001,,,,
d_csv_to_matrix,micro,256,1159.9643229999999,payloads/matrix_micro.csv,intermediate/task_d_csv_to_matrix_256mb_micro_3.out,88022,67716,157.92784,2.906461,68.529812,229.364113,0.5573560000000000,0.9881250000000000,,,,
d_csv_to_matrix,micro,256,1110.8927730000000,payloads/matrix_micro.csv,intermediate/task_d_csv_to_matrix_256mb_micro_4.out,88022,67716,143.341577,2.712878,84.882373,230.936828,0.6140720000000000,0.7977630000000000,,,,
d_csv_to_matrix,micro,256,1391.8251990000001,payloads/matrix_micro.csv,intermediate/task_d_csv_to_matrix_256mb_micro_5.out,88022,67716,156.952224,2.155942,77.845541,236.953707,0.5608200000000000,0.8698760000000000,,,,
d_csv_to_matrix,micro,512,1338.7668130000000,payloads/matrix_micro.csv,intermediate/task_d_csv_to_matrix_512mb_micro_0.out,88022,67716,132.853857,2.750265,75.563787,211.167909,0.6625480000000000,0.8961440000000001,,,,
d_csv_to_matrix,micro,512,901.8332960000000,payloads/matrix_micro.csv,intermediate/task_d_csv_to_matrix_512mb_micro_1.out,88022,67716,132.024766,2.924719,59.646739,194.596224,0.666708000000000,1.1352840000000000,,,,
d_csv_to_matrix,micro,512,1627.2649770000000,payloads/matrix_micro.csv,intermediate/task_d_csv_to_matrix_512mb_micro_2.out,88022,67716,156.087255,2.241228,74.209128,232.537611,0.5639280000000000,0.9125020000000000,,,,
d_csv_to_matrix,micro,512,1224.1570950000000,payloads/matrix_micro.csv,intermediate/task_d_csv_to_matrix_512mb_micro_3.out,88022,67716,158.960061,2.937139,67.783993,229.681193,0.5537370000000000,0.998997000000000,,,,
d_csv_to_matrix,micro,512,1237.8289700000000,payloads/matrix_micro.csv,intermediate/task_d_csv_to_matrix_512mb_micro_4.out,88022,67716,158.29782,2.923768,65.582027,226.803615,0.5560530000000000,1.0325390000000001,,,,
d_csv_to_matrix,micro,512,1210.1809980000000,payloads/matrix_micro.csv,intermediate/task_d_csv_to_matrix_512mb_micro_5.out,88022,67716,146.200779,1.815538,66.874046,214.890363,0.6020620000000000,1.012590000000000,,,,
d_csv_to_matrix,micro,768,1310.948372000000,payloads/matrix_micro.csv,intermediate/task_d_csv_to_matrix_768mb_micro_0.out,88022,67716,176.472789,2.07926,68.949095,247.501144,0.4987850000000000,0.982116000000000,,,,
d_csv_to_matrix,micro,768,1206.5715789999999,payloads/matrix_micro.csv,intermediate/task_d_csv_to_matrix_768mb_micro_1.out,88022,67716,144.228173,2.319669,64.684659,211.232501,0.6102970000000000,1.04686300000000,,,,
d_csv_to_matrix,micro,768,1222.174883000000,payloads/matrix_micro.csv,intermediate/task_d_csv_to_matrix_768mb_micro_2.out,88022,67716,159.818144,2.11257,68.891175,230.821889,0.55076300000000,0.982942000000000,,,,
d_csv_to_matrix,micro,768,1261.9595529999999,payloads/matrix_micro.csv,intermediate/task_d_csv_to_matrix_768mb_micro_3.out,88022,67716,159.002568,2.913281,65.511513,227.427362,0.5535890000000000,1.033650000000000,,,,
d_csv_to_matrix,micro,768,1537.7929210000000,payloads/matrix_micro.csv,intermediate/task_d_csv_to_matrix_768mb_micro_4.out,88022,67716,159.939232,2.207652,65.353532,227.500416,0.5503470000000000,1.036149000000000,,,,
d_csv_to_matrix,micro,768,1163.0454060000000,payloads/matrix_micro.csv,intermediate/task_d_csv_to_matrix_768mb_micro_5.out,88022,67716,155.257341,2.03205,64.906717,222.196108,0.5669430000000000,1.0432820000000000,,,,
d_csv_to_matrix,micro,1024,1646.270514000000,payloads/matrix_micro.csv,intermediate/task_d_csv_to_matrix_1024mb_micro_0.out,88022,67716,177.040231,2.223354,75.62511,254.888695,0.4971860000000000,0.89541700000000,,,,
d_csv_to_matrix,micro,1024,1227.6983260000000,payloads/matrix_micro.csv,intermediate/task_d_csv_to_matrix_1024mb_micro_1.out,88022,67716,172.90622,1.999181,66.275075,241.180476,0.5090740000000000,1.0217419999999999,,,,
d_csv_to_matrix,micro,1024,1167.067051000000,payloads/matrix_micro.csv,intermediate/task_d_csv_to_matrix_1024mb_micro_2.out,88022,67716,159.464004,2.177474,85.19806,246.839538,0.5519870000000000,0.7948070000000000,,,,
d_csv_to_matrix,micro,1024,1247.90620800000,payloads/matrix_micro.csv,intermediate/task_d_csv_to_matrix_1024mb_micro_3.out,88022,67716,144.028169,2.899655,87.032172,233.959996,0.6111440000000000,0.7780570000000000,,,,
d_csv_to_matrix,micro,1024,1310.7049469999999,payloads/matrix_micro.csv,intermediate/task_d_csv_to_matrix_1024mb_micro_4.out,88022,67716,152.39797,2.77666,67.503216,222.677846,0.5775800000000000,1.0031520000000000,,,,
d_csv_to_matrix,micro,1024,1135.3394989999999,payloads/matrix_micro.csv,intermediate/task_d_csv_to_matrix_1024mb_micro_5.out,88022,67716,140.953844,2.657521,59.861682,203.473047,0.6244740000000000,1.131208000000000,,,,
d_csv_to_matrix,micro,1536,1117.762327000000,payloads/matrix_micro.csv,intermediate/task_d_csv_to_matrix_1536mb_micro_0.out,88022,67716,134.380532,2.632104,83.744226,220.756862,0.6550200000000000,0.8086050000000000,,,,
d_csv_to_matrix,micro,1536,1469.7315690000000,payloads/matrix_micro.csv,intermediate/task_d_csv_to_matrix_1536mb_micro_1.out,88022,67716,181.238206,2.042227,67.233404,250.513837,0.4856700000000000,1.0071779999999999,,,,
d_csv_to_matrix,micro,1536,1073.192120000000,payloads/matrix_micro.csv,intermediate/task_d_csv_to_matrix_1536mb_micro_2.out,88022,67716,160.302703,2.648435,71.357698,234.308836,0.5490990000000000,0.9489660000000000,,,,
d_csv_to_matrix,micro,1536,1275.9194370000000,payloads/matrix_micro.csv,intermediate/task_d_csv_to_matrix_1536mb_micro_3.out,88022,67716,144.035014,2.694366,67.474337,214.203717,0.611115000000000,1.0035820000000000,,,,
d_csv_to_matrix,micro,1536,1212.3546600000000,payloads/matrix_micro.csv,intermediate/task_d_csv_to_matrix_1536mb_micro_4.out,88022,67716,152.870981,2.080803,71.567574,226.519358,0.5757930000000000,0.9461830000000000,,,,
d_csv_to_matrix,micro,1536,2118.648052000000,payloads/matrix_micro.csv,intermediate/task_d_csv_to_matrix_1536mb_micro_5.out,88022,67716,138.645145,2.411698,93.347981,234.404824,0.6348730000000000,0.7254150000000000,,,,
d_csv_to_matrix,micro,2048,1069.288731000000,payloads/matrix_micro.csv,intermediate/task_d_csv_to_matrix_2048mb_micro_0.out,88022,67716,129.541284,2.719118,80.339255,212.599657,0.6794900000000000,0.8428760000000000,,,,
d_csv_to_matrix,micro,2048,1058.4008690000001,payloads/matrix_micro.csv,intermediate/task_d_csv_to_matrix_2048mb_micro_1.out,88022,67716,157.148095,6.648846,82.586023,246.382964,0.5601210000000000,0.8199450000000000,,,,
d_csv_to_matrix,micro,2048,1299.1056440000000,payloads/matrix_micro.csv,intermediate/task_d_csv_to_matrix_2048mb_micro_2.out,88022,67716,155.185163,2.555263,72.624859,230.365285,0.5672060000000000,0.932408000000000,,,,
d_csv_to_matrix,micro,2048,1176.738977000000,payloads/matrix_micro.csv,intermediate/task_d_csv_to_matrix_2048mb_micro_3.out,88022,67716,146.827472,2.312851,76.317717,225.45804,0.5994930000000001,0.887291000000000,,,,
d_csv_to_matrix,micro,2048,1087.0943070000001,payloads/matrix_micro.csv,intermediate/task_d_csv_to_matrix_2048mb_micro_4.out,88022,67716,153.836771,2.2099,64.52117,220.567841,0.5721780000000000,1.0495159999999999,,,,
d_csv_to_matrix,micro,2048,1375.8046629999999,payloads/matrix_micro.csv,intermediate/task_d_csv_to_matrix_2048mb_micro_5.out,88022,67716,155.98477,2.433927,72.13314,230.551837,0.5642990000000000,0.9387640000000000,,,,
d_csv_to_matrix,small,128,1594.200850000000,payloads/matrix_small.csv,intermediate/task_d_csv_to_matrix_128mb_small_0.out,4530348,3484804,279.169248,118.972023,123.287265,521.428536,16.22796200000000,28.265726000000001,,,,
d_csv_to_matrix,small,128,1404.8902989999999,payloads/matrix_small.csv,intermediate/task_d_csv_to_matrix_128mb_small_1.out,4530348,3484804,258.779188,157.223105,125.969194,541.971487,17.506616000000001,27.66393800000000,,,,
d_csv_to_matrix,small,128,1310.5905060000000,payloads/matrix_small.csv,intermediate/task_d_csv_to_matrix_128mb_small_2.out,4530348,3484804,229.271702,143.236252,130.300519,502.808473,19.759734999999999,26.74436000000000,,,,
d_csv_to_matrix,small,128,1465.3544429999999,payloads/matrix_small.csv,intermediate/task_d_csv_to_matrix_128mb_small_3.out,4530348,3484804,232.518199,147.467715,144.770418,524.756332,19.48384300000000,24.07124400000000,,,,
d_csv_to_matrix,small,128,1475.3801820000001,payloads/matrix_small.csv,intermediate/task_d_csv_to_matrix_128mb_small_4.out,4530348,3484804,208.439922,146.947718,132.917835,488.305475,21.734549999999999,26.21773100000000,,,,
d_csv_to_matrix,small,128,1670.0613499999999,payloads/matrix_small.csv,intermediate/task_d_csv_to_matrix_128mb_small_5.out,4530348,3484804,283.876533,159.412271,117.305031,560.593835,15.958868000000001,29.707200000000000,,,,
d_csv_to_matrix,small,256,3573.8959310000000,payloads/matrix_small.csv,intermediate/task_d_csv_to_matrix_256mb_small_0.out,4530348,3484804,615.522609,1203.661012,476.174748,2295.358369,7.360165000000000,7.318330000000000,,,,
d_csv_to_matrix,small,256,1344.853401000000,payloads/matrix_small.csv,intermediate/task_d_csv_to_matrix_256mb_small_1.out,4530348,3484804,221.273844,160.071132,131.825398,513.170374,20.473942999999998,26.43499700000000,,,,
d_csv_to_matrix,small,256,1831.5980430000000,payloads/matrix_small.csv,intermediate/task_d_csv_to_matrix_256mb_small_2.out,4530348,3484804,246.015056,143.757315,155.848868,545.621239,18.41492200000000,22.36015000000000,,,,
d_csv_to_matrix,small,256,1752.985954000000,payloads/matrix_small.csv,intermediate/task_d_csv_to_matrix_256mb_small_3.out,4530348,3484804,268.661966,219.456293,150.892674,639.010933,16.86263300000000,23.09458700000000,,,,
d_csv_to_matrix,small,256,1623.349905000000,payloads/matrix_small.csv,intermediate/task_d_csv_to_matrix_256mb_small_4.out,4530348,3484804,238.583112,153.335445,117.198909,509.117466,18.988553000000000,29.734099000000001,,,,
d_csv_to_matrix,small,256,2778.883696000000,payloads/matrix_small.csv,intermediate/task_d_csv_to_matrix_256mb_small_5.out,4530348,3484804,216.025872,158.509329,122.766042,497.301243,20.97132100000000,28.385732000000001,,,,
d_csv_to_matrix,small,512,1680.171251000000,payloads/matrix_small.csv,intermediate/task_d_csv_to_matrix_512mb_small_0.out,4530348,3484804,256.915096,131.93317,116.43355,505.281816,17.633638999999999,29.929552000000001,,,,
d_csv_to_matrix,small,512,2202.3515699999998,payloads/matrix_small.csv,intermediate/task_d_csv_to_matrix_512mb_small_1.out,4530348,3484804,330.644978,218.294277,135.749991,684.689246,13.701548000000001,25.670749000000001,,,,
d_csv_to_matrix,small,512,1694.5807930000001,payloads/matrix_small.csv,intermediate/task_d_csv_to_matrix_512mb_small_2.out,4530348,3484804,249.181302,166.5876,169.599814,585.368716,18.180931000000001,20.54721600000000,,,,
d_csv_to_matrix,small,512,1250.1585480000001,payloads/matrix_small.csv,intermediate/task_d_csv_to_matrix_512mb_small_3.out,4530348,3484804,230.73774,120.144147,112.556846,463.438733,19.634187000000001,30.960391000000001,,,,
d_csv_to_matrix,small,512,1537.3148920000001,payloads/matrix_small.csv,intermediate/task_d_csv_to_matrix_512mb_small_4.out,4530348,3484804,235.460515,159.614758,148.238011,543.313284,19.240372000000001,23.50816800000000,,,,
d_csv_to_matrix,small,512,6066.15424200000,payloads/matrix_small.csv,intermediate/task_d_csv_to_matrix_512mb_small_5.out,4530348,3484804,217.737194,133.400557,4620.335501,4971.473252,20.806495999999999,0.7542320000000000,,,,
d_csv_to_matrix,small,768,1433.081865000000,payloads/matrix_small.csv,intermediate/task_d_csv_to_matrix_768mb_small_0.out,4530348,3484804,202.811823,116.918324,142.035416,461.765563,22.33769200000000,24.534754000000,,,,
d_csv_to_matrix,small,768,1249.950886000000,payloads/matrix_small.csv,intermediate/task_d_csv_to_matrix_768mb_small_1.out,4530348,3484804,206.54213,150.307084,127.404466,484.25368,21.934256000000001,27.3522910000000,,,,
d_csv_to_matrix,small,768,1804.0812020000001,payloads/matrix_small.csv,intermediate/task_d_csv_to_matrix_768mb_small_2.out,4530348,3484804,275.834185,185.76389,128.674783,590.272858,16.42417200000000,27.082260999999999,,,,
d_csv_to_matrix,small,768,1421.6883180000000,payloads/matrix_small.csv,intermediate/task_d_csv_to_matrix_768mb_small_3.out,4530348,3484804,258.255904,112.595035,118.591442,489.442381,17.54208900000000,29.384952999999999,,,,
d_csv_to_matrix,small,768,1860.443354000000,payloads/matrix_small.csv,intermediate/task_d_csv_to_matrix_768mb_small_4.out,4530348,3484804,235.911549,136.457866,131.088057,503.457472,19.203586999999999,26.583687999999999,,,,
d_csv_to_matrix,small,768,1976.6249660000001,payloads/matrix_small.csv,intermediate/task_d_csv_to_matrix_768mb_small_5.out,4530348,3484804,375.892214,290.191727,182.871505,848.955446,12.052253000000000,19.0560250000000,,,,
d_csv_to_matrix,small,1024,1929.723024000000,payloads/matrix_small.csv,intermediate/task_d_csv_to_matrix_1024mb_small_0.out,4530348,3484804,256.786272,132.809293,122.634804,512.230369,17.6424850000000,28.416109000000,,,,
d_csv_to_matrix,small,1024,1233.6061000000000,payloads/matrix_small.csv,intermediate/task_d_csv_to_matrix_1024mb_small_1.out,4530348,3484804,206.881136,154.733012,112.64838,474.262528,21.8983140000000,30.93523400000000,,,,
d_csv_to_matrix,small,1024,1409.468174000000,payloads/matrix_small.csv,intermediate/task_d_csv_to_matrix_1024mb_small_2.out,4530348,3484804,224.91224,149.464645,136.51661,510.893495,20.142737000000000,25.526592999999998,,,,
d_csv_to_matrix,small,1024,1263.0131240000001,payloads/matrix_small.csv,intermediate/task_d_csv_to_matrix_1024mb_small_3.out,4530348,3484804,208.296387,152.279172,115.79583,476.371389,21.749528000000002,30.094383000000001,,,,
d_csv_to_matrix,small,1024,1537.9157070000001,payloads/matrix_small.csv,intermediate/task_d_csv_to_matrix_1024mb_small_4.out,4530348,3484804,225.84663,151.242448,133.839145,510.928223,20.05940000000000,26.03725500000000,,,,
d_csv_to_matrix,small,1024,1583.233118000000,payloads/matrix_small.csv,intermediate/task_d_csv_to_matrix_1024mb_small_5.out,4530348,3484804,222.129229,133.241887,135.666841,491.037957,20.39510100000000,25.686482999999999,,,,
d_csv_to_matrix,small,1536,1457.566738000000,payloads/matrix_small.csv,intermediate/task_d_csv_to_matrix_1536mb_small_0.out,4530348,3484804,283.529814,157.021493,131.630293,572.1816,15.978382999999999,26.474178999999999,,,,
d_csv_to_matrix,small,1536,1181.1318400000000,payloads/matrix_small.csv,intermediate/task_d_csv_to_matrix_1536mb_small_1.out,4530348,3484804,188.781147,144.868482,117.306322,450.955951,23.99788400000000,29.706873000000002,,,,
d_csv_to_matrix,small,1536,1345.045805000000,payloads/matrix_small.csv,intermediate/task_d_csv_to_matrix_1536mb_small_2.out,4530348,3484804,231.024546,145.344718,130.183059,506.552323,19.60981200000000,26.76849100000000,,,,
d_csv_to_matrix,small,1536,1808.8610169999999,payloads/matrix_small.csv,intermediate/task_d_csv_to_matrix_1536mb_small_3.out,4530348,3484804,280.530405,178.500928,155.16827,614.199603,16.14922300000000,22.45822600000000,,,,
d_csv_to_matrix,small,1536,1413.3381840000000,payloads/matrix_small.csv,intermediate/task_d_csv_to_matrix_1536mb_small_4.out,4530348,3484804,225.762245,112.626538,125.689968,464.078751,20.066897999999998,27.72539500000000,,,,
d_csv_to_matrix,small,1536,1201.7815109999999,payloads/matrix_small.csv,intermediate/task_d_csv_to_matrix_1536mb_small_5.out,4530348,3484804,210.147893,148.684073,126.643514,485.47548,21.55790400000000,27.516639999999999,,,,
d_csv_to_matrix,small,2048,1543.6689850000000,payloads/matrix_small.csv,intermediate/task_d_csv_to_matrix_2048mb_small_0.out,4530348,3484804,263.200242,169.87718,113.754493,546.831915,17.212553000000000,30.634429999999998,,,,
d_csv_to_matrix,small,2048,11341.726302999999,payloads/matrix_small.csv,intermediate/task_d_csv_to_matrix_2048mb_small_1.out,4530348,3484804,224.547757,148.353197,9931.724348,10304.625302,20.175432000000001,0.3508760000000000,,,,
d_csv_to_matrix,small,2048,1411.3740920000000,payloads/matrix_small.csv,intermediate/task_d_csv_to_matrix_2048mb_small_2.out,4530348,3484804,225.702929,149.822053,123.31141,498.836392,20.072171999999998,28.260190999999999,,,,
d_csv_to_matrix,small,2048,1506.12473500000,payloads/matrix_small.csv,intermediate/task_d_csv_to_matrix_2048mb_small_3.out,4530348,3484804,232.639018,176.801381,111.4456,520.885999,19.473724000000001,31.26910300000000,,,,
d_csv_to_matrix,small,2048,1647.5300789999999,payloads/matrix_small.csv,intermediate/task_d_csv_to_matrix_2048mb_small_4.out,4530348,3484804,247.027937,139.845125,168.480259,555.353321,18.33941600000000,20.68375300000000,,,,
d_csv_to_matrix,small,2048,1419.5237159999999,payloads/matrix_small.csv,intermediate/task_d_csv_to_matrix_2048mb_small_5.out,4530348,3484804,256.291309,170.618152,124.02436,550.933821,17.676556999999999,28.097738000000000,,,,
d_csv_to_matrix,medium,512,6881.128311000000,payloads/matrix_medium.csv,intermediate/task_d_csv_to_matrix_512mb_medium_0.out,45428557,34944804,840.018282,3160.069055,1463.462044,5463.549381,54.08043800000000,23.87817600000000,,,,
d_csv_to_matrix,medium,512,3566.1749840000002,payloads/matrix_medium.csv,intermediate/task_d_csv_to_matrix_512mb_medium_1.out,45428557,34944804,695.520616,1432.793761,571.29786,2699.612237,65.31590300000001,61.167399000000,,,,
d_csv_to_matrix,medium,512,11795.883416999999,payloads/matrix_medium.csv,intermediate/task_d_csv_to_matrix_512mb_medium_2.out,45428557,34944804,3104.168713,4100.049348,2088.69959,9292.917651,14.634693000000000,16.730412000000001,,,,
d_csv_to_matrix,medium,512,3749.041796000000,payloads/matrix_medium.csv,intermediate/task_d_csv_to_matrix_512mb_medium_3.out,45428557,34944804,711.47377,1447.299442,739.672139,2898.445351,63.851345000000002,47.24364000000000,,,,
d_csv_to_matrix,medium,512,4899.115801000000,payloads/matrix_medium.csv,intermediate/task_d_csv_to_matrix_512mb_medium_4.out,45428557,34944804,636.342356,1177.154096,1794.929404,3608.425856,71.39012000000000,19.46862300000000,,,,
d_csv_to_matrix,medium,512,3622.7755550000002,payloads/matrix_medium.csv,intermediate/task_d_csv_to_matrix_512mb_medium_5.out,45428557,34944804,717.298477,1530.219904,457.320412,2704.838793,63.33285000000000,76.41208000000000,,,,
d_csv_to_matrix,medium,768,5023.74267600000,payloads/matrix_medium.csv,intermediate/task_d_csv_to_matrix_768mb_medium_0.out,45428557,34944804,769.071269,2258.31362,770.560027,3797.944916,59.069372000000001,45.34987900000000,,,,
d_csv_to_matrix,medium,768,3481.9934370000001,payloads/matrix_medium.csv,intermediate/task_d_csv_to_matrix_768mb_medium_1.out,45428557,34944804,703.492478,1120.796725,594.822146,2419.111349,64.57575400000000,58.748323999999997,,,,
d_csv_to_matrix,medium,768,8390.343188999999,payloads/matrix_medium.csv,intermediate/task_d_csv_to_matrix_768mb_medium_2.out,45428557,34944804,2293.008701,3497.121805,1188.374808,6978.505314,19.81176800000000,29.40554100000000,,,,
d_csv_to_matrix,medium,768,4321.467400000000,payloads/matrix_medium.csv,intermediate/task_d_csv_to_matrix_768mb_medium_3.out,45428557,34944804,702.128447,1051.733031,1493.159328,3247.020806,64.7012060000000,23.40326500000000,,,,
d_csv_to_matrix,medium,768,3899.2011550000002,payloads/matrix_medium.csv,intermediate/task_d_csv_to_matrix_768mb_medium_4.out,45428557,34944804,796.272699,1418.688132,735.10416,2950.064991,57.05150600000000,47.53721400000000,,,,
d_csv_to_matrix,medium,768,6128.328562000000,payloads/matrix_medium.csv,intermediate/task_d_csv_to_matrix_768mb_medium_5.out,45428557,34944804,1728.45925,2303.780793,840.313492,4872.553535,26.282689000000001,41.58543700000000,,,,
d_csv_to_matrix,medium,1024,6326.640606000000,payloads/matrix_medium.csv,intermediate/task_d_csv_to_matrix_1024mb_medium_0.out,45428557,34944804,843.001567,2816.50333,1382.82769,5042.332587,53.88905400000000,25.2705410000000,,,,
d_csv_to_matrix,medium,1024,4069.5860389999998,payloads/matrix_medium.csv,intermediate/task_d_csv_to_matrix_1024mb_medium_1.out,45428557,34944804,634.527917,1104.816031,1339.082739,3078.426687,71.59426100000000,26.09607500000000,,,,
d_csv_to_matrix,medium,1024,7657.235146000000,payloads/matrix_medium.csv,intermediate/task_d_csv_to_matrix_1024mb_medium_2.out,45428557,34944804,2110.25844,3114.595134,894.825065,6119.678639,21.527484999999999,39.052106999999999,,,,
d_csv_to_matrix,medium,1024,5661.05055800000,payloads/matrix_medium.csv,intermediate/task_d_csv_to_matrix_1024mb_medium_3.out,45428557,34944804,675.167273,1163.971392,530.133906,2369.272571,67.28489200000000,65.91693800000000,,,,
d_csv_to_matrix,medium,1024,4589.245319000000,payloads/matrix_medium.csv,intermediate/task_d_csv_to_matrix_1024mb_medium_4.out,45428557,34944804,632.027103,1421.064661,602.192506,2655.28427,71.87754600000000,58.02929100000000,,,,
d_csv_to_matrix,medium,1024,6182.35182800000,payloads/matrix_medium.csv,intermediate/task_d_csv_to_matrix_1024mb_medium_5.out,45428557,34944804,1109.297646,3087.924606,924.906445,5122.128697,40.95254100000000,37.78198800000000,,,,
d_csv_to_matrix,medium,1536,5393.980503000000,payloads/matrix_medium.csv,intermediate/task_d_csv_to_matrix_1536mb_medium_0.out,45428557,34944804,806.665303,1740.658881,1749.33469,4296.658874,56.316488000000000,19.976054000000001,,,,
d_csv_to_matrix,medium,1536,4354.562044000000,payloads/matrix_medium.csv,intermediate/task_d_csv_to_matrix_1536mb_medium_1.out,45428557,34944804,786.245577,1552.261016,995.408223,3333.914816,57.77909400000000,35.10600300000000,,,,
d_csv_to_matrix,medium,1536,4667.882681000000,payloads/matrix_medium.csv,intermediate/task_d_csv_to_matrix_1536mb_medium_2.out,45428557,34944804,1239.250037,1661.853787,752.643766,3653.74759,36.658104000000002,46.42940700000000,,,,
d_csv_to_matrix,medium,1536,3157.1149829999999,payloads/matrix_medium.csv,intermediate/task_d_csv_to_matrix_1536mb_medium_3.out,45428557,34944804,686.293384,1068.593342,512.020345,2266.907071,66.19407699999999,68.2488580000000,,,,
d_csv_to_matrix,medium,1536,4149.713039000000,payloads/matrix_medium.csv,intermediate/task_d_csv_to_matrix_1536mb_medium_4.out,45428557,34944804,1097.001058,1310.195927,606.078349,3013.275334,41.41158900000000,57.657238999999997,,,,
d_csv_to_matrix,medium,1536,2704.2572500000001,payloads/matrix_medium.csv,intermediate/task_d_csv_to_matrix_1536mb_medium_5.out,45428557,34944804,544.30847,930.855806,523.952508,1999.116784,83.46105100000000,66.6946020000000,,,,
d_csv_to_matrix,medium,2048,3918.8926219999998,payloads/matrix_medium.csv,intermediate/task_d_csv_to_matrix_2048mb_medium_0.out,45428557,34944804,772.882711,1578.220705,541.831271,2892.934687,58.778073999999997,64.4938860000000,,,,
d_csv_to_matrix,medium,2048,4010.7192989999999,payloads/matrix_medium.csv,intermediate/task_d_csv_to_matrix_2048mb_medium_1.out,45428557,34944804,849.584737,1513.319822,616.332018,2979.236577,53.47148400000000,56.69801800000000,,,,
d_csv_to_matrix,medium,2048,4002.7053360000000,payloads/matrix_medium.csv,intermediate/task_d_csv_to_matrix_2048mb_medium_2.out,45428557,34944804,837.097633,1603.834824,578.697011,3019.629468,54.26912600000000,60.38532000000000,,,,
d_csv_to_matrix,medium,2048,4278.837442000000,payloads/matrix_medium.csv,intermediate/task_d_csv_to_matrix_2048mb_medium_3.out,45428557,34944804,820.504046,1735.617937,594.790069,3150.912052,55.36664600000000,58.75149200000000,,,,
d_csv_to_matrix,medium,2048,4050.0335690000002,payloads/matrix_medium.csv,intermediate/task_d_csv_to_matrix_2048mb_medium_4.out,45428557,34944804,707.872671,1045.071963,1412.456416,3165.40105,64.17617000000000,24.74044800000000,,,,
d_csv_to_matrix,medium,2048,6486.78469700000,payloads/matrix_medium.csv,intermediate/task_d_csv_to_matrix_2048mb_medium_5.out,45428557,34944804,809.312045,1848.398445,2953.455567,5611.166057,56.13231300000000,11.831837000000000,,,,
f_matrix_to_csv,large,2048,32646.876335000001,payloads/matrix_large.bin,intermediate/task_f_matrix_to_csv_2048mb_large_0.out,262113412,340742415,6453.08997,19075.479373,5807.117314,31335.686657,40.6182790000000,58.67668900000000,,,,
f_matrix_to_csv,large,2048,27783.75482600000,payloads/matrix_large.bin,intermediate/task_f_matrix_to_csv_2048mb_large_1.out,262113412,340742415,3432.610469,18159.367529,5365.158865,26957.136863,76.35978900000001,63.51021900000000,,,,
f_matrix_to_csv,large,2048,30320.46937900000,payloads/matrix_large.bin,intermediate/task_f_matrix_to_csv_2048mb_large_2.out,262113412,340742415,6575.938428,17395.98884,5406.990457,29378.917725,39.85946900000000,63.01886700000000,,,,
f_matrix_to_csv,large,2048,28295.711039999998,payloads/matrix_large.bin,intermediate/task_f_matrix_to_csv_2048mb_large_3.out,262113412,340742415,4049.132915,17303.035958,5909.252103,27261.420976,64.73322000000000,57.662528000000002,,,,
f_matrix_to_csv,large,2048,28228.78909100000,payloads/matrix_large.bin,intermediate/task_f_matrix_to_csv_2048mb_large_4.out,262113412,340742415,5103.756084,16876.327889,5532.71645,27512.800423,51.35696300000000,61.58682100000000,,,,
f_matrix_to_csv,large,2048,26248.0947970000,payloads/matrix_large.bin,intermediate/task_f_matrix_to_csv_2048mb_large_5.out,262113412,340742415,5157.142336,14132.940121,6075.704867,25365.787324,50.82532000000000,56.082779000000002,,,,
d_csv_to_matrix,large,1536,22523.97847200000,payloads/matrix_large.csv,intermediate/task_d_csv_to_matrix_1536mb_large_0.out,227102481,174695436,6928.428485,9272.063515,3326.932844,19527.424844,32.77835400000000,52.5094570000000,,,,
d_csv_to_matrix,large,1536,18827.00538600000,payloads/matrix_large.csv,intermediate/task_d_csv_to_matrix_1536mb_large_1.out,227102481,174695436,5793.689735,8836.939538,2750.026806,17380.656079,39.19824700000000,63.52499400000000,,,,
d_csv_to_matrix,large,1536,13371.647358000000,payloads/matrix_large.csv,intermediate/task_d_csv_to_matrix_1536mb_large_2.out,227102481,174695436,2725.92246,6188.298502,2948.3263,11862.547262,83.31215700000000,59.25240900000000,,,,
d_csv_to_matrix,large,1536,16102.40078000000,payloads/matrix_large.csv,intermediate/task_d_csv_to_matrix_1536mb_large_3.out,227102481,174695436,3350.558773,8539.992818,2753.015678,14643.567269,67.7804800000000,63.45602700000000,,,,
d_csv_to_matrix,large,1536,17271.146536000000,payloads/matrix_large.csv,intermediate/task_d_csv_to_matrix_1536mb_large_4.out,227102481,174695436,4735.93222,8743.179218,2578.014681,16057.126119,47.95306800000000,67.76355400000000,,,,
d_csv_to_matrix,large,1536,20744.541883000002,payloads/matrix_large.csv,intermediate/task_d_csv_to_matrix_1536mb_large_5.out,227102481,174695436,6108.297852,9372.877282,3843.074507,19324.249641,37.179340000000003,45.45720800000000,,,,
d_csv_to_matrix,large,2048,17781.30269100000,payloads/matrix_large.csv,intermediate/task_d_csv_to_matrix_2048mb_large_0.out,227102481,174695436,4380.1879,8609.623681,3267.380461,16257.192042,51.84765700000000,53.46651200000000,,,,
d_csv_to_matrix,large,2048,17049.832581999999,payloads/matrix_large.csv,intermediate/task_d_csv_to_matrix_2048mb_large_1.out,227102481,174695436,3406.500736,8858.546197,3182.621769,15447.668702,66.6673810000000,54.890417000000,,,,
d_csv_to_matrix,large,2048,18190.32049200000,payloads/matrix_large.csv,intermediate/task_d_csv_to_matrix_2048mb_large_2.out,227102481,174695436,4958.299739,8684.140315,3205.604244,16848.044298,45.802491000000003,54.49688200000000,,,,
d_csv_to_matrix,large,2048,15191.245794000000,payloads/matrix_large.csv,intermediate/task_d_csv_to_matrix_2048mb_large_3.out,227102481,174695436,2748.135365,8447.029816,2767.110967,13962.276148,82.63875299999999,63.13279000000000,,,,
d_csv_to_matrix,large,2048,16774.312495999999,payloads/matrix_large.csv,intermediate/task_d_csv_to_matrix_2048mb_large_4.out,227102481,174695436,4238.302293,8005.30849,3522.974572,15766.585355,53.58336100000000,49.58748100000000,,,,
d_csv_to_matrix,large,2048,16635.38909000000,payloads/matrix_large.csv,intermediate/task_d_csv_to_matrix_2048mb_large_5.out,227102481,174695436,3962.948082,7623.282506,3506.466695,15092.697283,57.30644900000000,49.82093100000000,,,,
b_compress,large,1024,59197.35789300000,payloads/matrix_large.bin,intermediate/task_b_compress_1024mb_large_0.out,262113412,249631588,8396.639077,41896.868417,7282.578688,57576.086182,31.21646800000000,34.27791200000000,,,,
b_compress,large,1024,53183.47096400000,payloads/matrix_large.bin,intermediate/task_b_compress_1024mb_large_1.out,262113412,249631588,3969.589202,42008.305791,6326.562858,52304.457851,66.03036200000000,39.45769500000000,,,,
b_compress,large,1024,58227.46419900000,payloads/matrix_large.bin,intermediate/task_b_compress_1024mb_large_2.out,262113412,249631588,8292.802653,42228.011807,6731.493287,57252.307747,31.607337000000001,37.08413200000000,,,,
b_compress,large,1024,48958.11438600000,payloads/matrix_large.bin,intermediate/task_b_compress_1024mb_large_3.out,262113412,249631588,8758.368065,32508.55725,6768.599106,48035.524421,29.927198000000001,36.880834999999998,,,,
b_compress,large,1024,54124.28855900000,payloads/matrix_large.bin,intermediate/task_b_compress_1024mb_large_4.out,262113412,249631588,7945.730904,29585.457767,15718.700137,53249.888808,32.98795500000000,15.88118500000000,,,,
b_compress,large,1024,57479.74395800000,payloads/matrix_large.bin,intermediate/task_b_compress_1024mb_large_5.out,262113412,249631588,7941.211114,41486.063959,7313.824563,56741.099636,33.006729999999997,34.13147100000000,,,,
b_compress,large,1536,29619.089603000000,payloads/matrix_large.bin,intermediate/task_b_compress_1536mb_large_0.out,262113412,249631588,5807.616329,18438.593712,3940.088686,28186.298727,45.13270100000000,63.35684500000000,,,,
b_compress,large,1536,31782.324076000001,payloads/matrix_large.bin,intermediate/task_b_compress_1536mb_large_1.out,262113412,249631588,3424.655729,23832.715394,3726.86303,30984.234153,76.53715699999999,66.9816910000000,,,,
b_compress,large,1536,35888.00430300000,payloads/matrix_large.bin,intermediate/task_b_compress_1536mb_large_2.out,262113412,249631588,6434.661327,24179.580953,4310.245448,34924.487728,40.73460900000000,57.91586400000000,,,,
b_compress,large,1536,31681.05244600000,payloads/matrix_large.bin,intermediate/task_b_compress_1536mb_large_3.out,262113412,249631588,3427.776224,23952.552779,3450.111125,30830.440128,76.46748100000001,72.35465100000000,,,,
b_compress,large,1536,32324.754000000001,payloads/matrix_large.bin,intermediate/task_b_compress_1536mb_large_4.out,262113412,249631588,5613.511117,21207.495608,4444.181979,31265.188704,46.6933100000000,56.17042400000000,,,,
b_compress,large,1536,31683.21204200000,payloads/matrix_large.bin,intermediate/task_b_compress_1536mb_large_5.out,262113412,249631588,6424.236698,17768.297771,6103.557,30296.091469,40.80070900000000,40.89936200000000,,,,
b_compress,large,2048,28330.438375000002,payloads/matrix_large.bin,intermediate/task_b_compress_2048mb_large_0.out,262113412,249631588,4578.390601,18606.254731,3919.338052,27103.983384,57.25012000000000,63.69228300000000,,,,
b_compress,large,2048,43520.33591300000,payloads/matrix_large.bin,intermediate/task_b_compress_2048mb_large_1.out,262113412,249631588,3141.997263,23774.783392,15731.678193,42648.458848,83.42254600000000,15.8680840000000,,,,
b_compress,large,2048,29114.37130000000,payloads/matrix_large.bin,intermediate/task_b_compress_2048mb_large_2.out,262113412,249631588,5354.627821,18716.976205,4101.642151,28173.246177,48.95081800000000,60.86137700000000,,,,
b_compress,large,2048,34438.3544920000,payloads/matrix_large.bin,intermediate/task_b_compress_2048mb_large_3.out,262113412,249631588,3098.3595,23905.714972,6626.862176,33630.936648,84.59748200000000,37.66965100000000,,,,
b_compress,large,2048,39211.71593700000,payloads/matrix_large.bin,intermediate/task_b_compress_2048mb_large_4.out,262113412,249631588,6013.673932,18579.775837,13643.53986,38236.989629,43.58623600000000,18.296688000000000,,,,
b_compress,large,2048,32852.92983100000,payloads/matrix_large.bin,intermediate/task_b_compress_2048mb_large_5.out,262113412,249631588,3064.73918,23751.184823,5149.573326,31965.497329,85.52552000000000,48.47616900000000,,,,
c_decompress,large,1024,19875.142574000001,payloads/matrix_large.bin.gz,intermediate/task_c_decompress_1024mb_large_0.out,249631588,262113412,6856.085686,5807.222009,6283.604423,18946.912118,36.41022000000000,41.71386300000000,,,,
c_decompress,large,1024,18169.18993000000,payloads/matrix_large.bin.gz,intermediate/task_c_decompress_1024mb_large_1.out,249631588,262113412,4216.13209,3389.791952,8001.548454,15607.472496,59.2086730000000,32.75783600000000,,,,
c_decompress,large,1024,11504.815817000001,payloads/matrix_large.bin.gz,intermediate/task_c_decompress_1024mb_large_2.out,249631588,262113412,2696.361646,2847.659076,4013.990084,9558.010806,92.58090000000000,65.29996500000000,,,,
c_decompress,large,1024,24610.142707999999,payloads/matrix_large.bin.gz,intermediate/task_c_decompress_1024mb_large_3.out,249631588,262113412,7898.087076,7395.614219,8122.734414,23416.435709,31.60658800000000,32.2691100000000,,,,
c_decompress,large,1024,27563.164949000002,payloads/matrix_large.bin.gz,intermediate/task_c_decompress_1024mb_large_4.out,249631588,262113412,10710.394588,6284.212027,9414.575295,26409.18191,23.307413000000000,27.841235999999999,,,,
c_decompress,large,1024,25108.041047999999,payloads/matrix_large.bin.gz,intermediate/task_c_decompress_1024mb_large_5.out,249631588,262113412,9323.668378,6305.77433,8455.792935,24085.235643,26.773966999999999,30.998087999999999,,,,
c_decompress,large,1536,14247.61700600000,payloads/matrix_large.bin.gz,intermediate/task_c_decompress_1536mb_large_0.out,249631588,262113412,4134.076092,4218.771949,4878.979666,13231.827707,60.38388800000000,53.72299700000000,,,,
c_decompress,large,1536,11208.192348000000,payloads/matrix_large.bin.gz,intermediate/task_c_decompress_1536mb_large_1.out,249631588,262113412,3041.754935,2884.401469,4512.56614,10438.722544,82.06827699999999,58.08522300000000,,,,
c_decompress,large,1536,14506.033181999999,payloads/matrix_large.bin.gz,intermediate/task_c_decompress_1536mb_large_2.out,249631588,262113412,5613.056609,3484.916702,4562.431276,13660.404587,44.473378000000,57.45038000000000,,,,
c_decompress,large,1536,11411.044598000000,payloads/matrix_large.bin.gz,intermediate/task_c_decompress_1536mb_large_3.out,249631588,262113412,3202.077693,3232.115068,4151.935124,10586.127885,77.95925400000000,63.13042100000000,,,,
c_decompress,large,1536,12741.021871999999,payloads/matrix_large.bin.gz,intermediate/task_c_decompress_1536mb_large_4.out,249631588,262113412,4965.943868,3217.377449,3720.291612,11903.612929,50.26870900000000,70.45507200000000,,,,
c_decompress,large,1536,21141.29686400000,payloads/matrix_large.bin.gz,intermediate/task_c_decompress_1536mb_large_5.out,249631588,262113412,3362.195954,3217.033141,13682.619504,20261.848599,74.24659100000000,19.15666900000000,,,,
c_decompress,large,2048,18235.59021900000,payloads/matrix_large.bin.gz,intermediate/task_c_decompress_2048mb_large_0.out,249631588,262113412,7033.323787,4497.427545,5309.837478,16840.58881,35.49269100000000,49.36373500000000,,,,
c_decompress,large,2048,14017.330169999999,payloads/matrix_large.bin.gz,intermediate/task_c_decompress_2048mb_large_1.out,249631588,262113412,5357.508467,3423.529556,4194.899937,12975.93796,46.59471600000000,62.48382900000000,,,,
c_decompress,large,2048,14451.03907600000,payloads/matrix_large.bin.gz,intermediate/task_c_decompress_2048mb_large_2.out,249631588,262113412,5935.355187,3501.436497,3771.608822,13208.400506,42.05840800000000,69.4964470000000,,,,
c_decompress,large,2048,12495.162725000000,payloads/matrix_large.bin.gz,intermediate/task_c_decompress_2048mb_large_3.out,249631588,262113412,2985.582958,2655.352421,5814.227134,11455.162513,83.61234399999999,45.08138500000000,,,,
c_decompress,large,2048,14059.282064000001,payloads/matrix_large.bin.gz,intermediate/task_c_decompress_2048mb_large_4.out,249631588,262113412,5437.362703,3391.89038,4499.462187,13328.71527,45.91041700000000,58.2543870000000,,,,
c_decompress,large,2048,16038.12837600000,payloads/matrix_large.bin.gz,intermediate/task_c_decompress_2048mb_large_5.out,249631588,262113412,6067.078873,4226.842255,4792.328536,15086.249664,41.14526800000000,54.69437500000000,,,,
f_matrix_to_csv,micro,128,2618.738890000000,payloads/matrix_micro.bin,intermediate/task_f_matrix_to_csv_128mb_micro_0.out,102156,132750,194.267904,10.379978,91.874843,296.522725,0.5258510000000000,1.4449000000000001,,,,
f_matrix_to_csv,micro,128,1178.3006190000001,payloads/matrix_micro.bin,intermediate/task_f_matrix_to_csv_128mb_micro_1.out,102156,132750,147.425873,5.36727,75.73869,228.531833,0.6929310000000000,1.7527370000000000,,,,
f_matrix_to_csv,micro,128,1095.891714000000,payloads/matrix_micro.bin,intermediate/task_f_matrix_to_csv_128mb_micro_2.out,102156,132750,131.065807,5.194015,62.332495,198.592317,0.7794250000000000,2.1297079999999999,,,,
f_matrix_to_csv,micro,128,1245.4702850000001,payloads/matrix_micro.bin,intermediate/task_f_matrix_to_csv_128mb_micro_3.out,102156,132750,145.569275,4.86995,72.055979,222.495204,0.7017690000000000,1.842318000000000,,,,
f_matrix_to_csv,micro,128,1739.4523620000000,payloads/matrix_micro.bin,intermediate/task_f_matrix_to_csv_128mb_micro_4.out,102156,132750,185.643445,10.296048,73.847357,269.78685,0.5502810000000000,1.7976270000000001,,,,
f_matrix_to_csv,micro,128,1407.6049330000001,payloads/matrix_micro.bin,intermediate/task_f_matrix_to_csv_128mb_micro_5.out,102156,132750,164.004738,4.509372,70.174084,238.688194,0.6228840000000000,1.89172400000000,,,,
f_matrix_to_csv,micro,256,1473.6506939999999,payloads/matrix_micro.bin,intermediate/task_f_matrix_to_csv_256mb_micro_0.out,102156,132750,142.187189,5.254969,75.735645,223.177803,0.7184610000000000,1.7528070000000000,,,,
f_matrix_to_csv,micro,256,1042.0610899999999,payloads/matrix_micro.bin,intermediate/task_f_matrix_to_csv_256mb_micro_1.out,102156,132750,200.971034,6.311245,73.280059,280.562338,0.5083120000000000,1.81154300000000,,,,
f_matrix_to_csv,micro,256,5201.488972000000,payloads/matrix_micro.bin,intermediate/task_f_matrix_to_csv_256mb_micro_2.out,102156,132750,726.120922,61.956678,72.175464,860.253064,0.1406870000000000,1.8392679999999999,,,,
f_matrix_to_csv,micro,256,1235.8627320000001,payloads/matrix_micro.bin,intermediate/task_f_matrix_to_csv_256mb_micro_3.out,102156,132750,144.180675,5.321025,66.256659,215.758359,0.7085280000000000,2.0035720000000001,,,,
f_matrix_to_csv,micro,256,1398.2338910000001,payloads/matrix_micro.bin,intermediate/task_f_matrix_to_csv_256mb_micro_4.out,102156,132750,158.874158,4.634438,71.292206,234.800802,0.6429990000000000,1.8620550000000000,,,,
f_matrix_to_csv,micro,256,1212.1543879999999,payloads/matrix_micro.bin,intermediate/task_f_matrix_to_csv_256mb_micro_5.out,102156,132750,159.475489,5.897156,78.173768,243.546413,0.640575000000000,1.698140000000000,,,,
f_matrix_to_csv,micro,512,1145.1702120000000,payloads/matrix_micro.bin,intermediate/task_f_matrix_to_csv_512mb_micro_0.out,102156,132750,143.195648,6.002291,74.574931,223.77287,0.7134020000000000,1.7800890000000000,,,,
f_matrix_to_csv,micro,512,1215.0917050000000,payloads/matrix_micro.bin,intermediate/task_f_matrix_to_csv_512mb_micro_1.out,102156,132750,151.035019,4.51574,70.474438,226.025197,0.6763730000000000,1.8836619999999999,,,,
f_matrix_to_csv,micro,512,931.4308170000000,payloads/matrix_micro.bin,intermediate/task_f_matrix_to_csv_512mb_micro_2.out,102156,132750,142.987184,5.384881,61.883341,210.255406,0.7144420000000000,2.1451650000000000,,,,
f_matrix_to_csv,micro,512,1074.284315000000,payloads/matrix_micro.bin,intermediate/task_f_matrix_to_csv_512mb_micro_3.out,102156,132750,161.773727,5.543843,72.549879,239.867449,0.6314750000000000,1.829776000000000,,,,
f_matrix_to_csv,micro,512,1239.593267000000,payloads/matrix_micro.bin,intermediate/task_f_matrix_to_csv_512mb_micro_4.out,102156,132750,145.563516,5.84256,67.682929,219.089005,0.7017970000000000,1.9613510000000001,,,,
f_matrix_to_csv,micro,512,960.1948260000000,payloads/matrix_micro.bin,intermediate/task_f_matrix_to_csv_512mb_micro_5.out,102156,132750,134.408145,5.993689,67.085871,207.487705,0.760043000000000,1.9788070000000000,,,,
f_matrix_to_csv,micro,768,1147.414207000000,payloads/matrix_micro.bin,intermediate/task_f_matrix_to_csv_768mb_micro_0.out,102156,132750,155.468093,5.172034,71.302931,231.943058,0.6570870000000000,1.861775000000000,,,,
f_matrix_to_csv,micro,768,1336.7328640000001,payloads/matrix_micro.bin,intermediate/task_f_matrix_to_csv_768mb_micro_1.out,102156,132750,187.095972,5.117784,81.617275,273.831031,0.5460090000000000,1.6264940000000001,,,,
f_matrix_to_csv,micro,768,993.7801360000000,payloads/matrix_micro.bin,intermediate/task_f_matrix_to_csv_768mb_micro_2.out,102156,132750,169.160808,5.565547,73.833637,248.559992,0.6038990000000000,1.797961000000000,,,,
f_matrix_to_csv,micro,768,1289.7531990000000,payloads/matrix_micro.bin,intermediate/task_f_matrix_to_csv_768mb_micro_3.out,102156,132750,161.512931,4.336637,66.117286,231.966854,0.6324940000000000,2.007796000000000,,,,
f_matrix_to_csv,micro,768,1533.620834000000,payloads/matrix_micro.bin,intermediate/task_f_matrix_to_csv_768mb_micro_4.out,102156,132750,158.275486,5.994392,75.946621,240.216499,0.6454320000000000,1.747938000000000,,,,
f_matrix_to_csv,micro,768,1297.332525000000,payloads/matrix_micro.bin,intermediate/task_f_matrix_to_csv_768mb_micro_5.out,102156,132750,159.755785,7.014282,83.532456,250.302523,0.639451000000000,1.589203000000000,,,,
f_matrix_to_csv,micro,1024,1237.4160290000000,payloads/matrix_micro.bin,intermediate/task_f_matrix_to_csv_1024mb_micro_0.out,102156,132750,151.035188,6.022635,72.057221,229.115044,0.6763720000000000,1.842286000000000,,,,
f_matrix_to_csv,micro,1024,1104.7642229999999,payloads/matrix_micro.bin,intermediate/task_f_matrix_to_csv_1024mb_micro_1.out,102156,132750,138.909559,5.462591,64.866654,209.238804,0.7354140000000000,2.046506000000000,,,,
f_matrix_to_csv,micro,1024,1128.5457610000001,payloads/matrix_micro.bin,intermediate/task_f_matrix_to_csv_1024mb_micro_2.out,102156,132750,150.827676,4.88139,71.195389,226.904455,0.6773030000000000,1.864587000000000,,,,
f_matrix_to_csv,micro,1024,970.651388000000,payloads/matrix_micro.bin,intermediate/task_f_matrix_to_csv_1024mb_micro_3.out,102156,132750,137.168674,6.09453,76.71857,219.981774,0.7447470000000000,1.7303500000000001,,,,
f_matrix_to_csv,micro,1024,1229.705811000000,payloads/matrix_micro.bin,intermediate/task_f_matrix_to_csv_1024mb_micro_4.out,102156,132750,157.144795,4.283918,68.220094,229.648807,0.6500760000000000,1.945908000000000,,,,
f_matrix_to_csv,micro,1024,1139.061451000000,payloads/matrix_micro.bin,intermediate/task_f_matrix_to_csv_1024mb_micro_5.out,102156,132750,221.874026,3.770032,64.175555,289.819613,0.460423000000000,2.0685449999999999,,,,
f_matrix_to_csv,micro,1536,1269.653559000000,payloads/matrix_micro.bin,intermediate/task_f_matrix_to_csv_1536mb_micro_0.out,102156,132750,142.868666,6.242414,74.259583,223.370663,0.7150339999999999,1.7876479999999999,,,,
f_matrix_to_csv,micro,1536,1807.4991700000000,payloads/matrix_micro.bin,intermediate/task_f_matrix_to_csv_1536mb_micro_1.out,102156,132750,190.512083,5.727823,72.907495,269.147401,0.53621800000000,1.8208000000000000,,,,
f_matrix_to_csv,micro,1536,1032.3562620000000,payloads/matrix_micro.bin,intermediate/task_f_matrix_to_csv_1536mb_micro_2.out,102156,132750,156.670757,6.150797,74.695508,237.517062,0.6520430000000000,1.7772150000000000,,,,
f_matrix_to_csv,micro,1536,1026.2084010000001,payloads/matrix_micro.bin,intermediate/task_f_matrix_to_csv_1536mb_micro_3.out,102156,132750,140.709789,5.231185,71.8248,217.765774,0.726005000000000,1.8482470000000000,,,,
f_matrix_to_csv,micro,1536,1184.147596000000,payloads/matrix_micro.bin,intermediate/task_f_matrix_to_csv_1536mb_micro_4.out,102156,132750,154.450131,4.625233,69.54801,228.623374,0.6614170000000000,1.9087529999999999,,,,
f_matrix_to_csv,micro,1536,1047.5704670000000,payloads/matrix_micro.bin,intermediate/task_f_matrix_to_csv_1536mb_micro_5.out,102156,132750,138.305551,6.034082,80.393012,224.732645,0.7386250000000000,1.65126300000000,,,,
f_matrix_to_csv,micro,2048,1222.256422000000,payloads/matrix_micro.bin,intermediate/task_f_matrix_to_csv_2048mb_micro_0.out,102156,132750,152.628697,5.326707,72.661438,230.616842,0.6693110000000000,1.826966000000000,,,,
f_matrix_to_csv,micro,2048,1230.797529000000,payloads/matrix_micro.bin,intermediate/task_f_matrix_to_csv_2048mb_micro_1.out,102156,132750,148.563549,5.885751,57.281222,211.730522,0.6876250000000000,2.3175129999999999,,,,
f_matrix_to_csv,micro,2048,1085.9761240000000,payloads/matrix_micro.bin,intermediate/task_f_matrix_to_csv_2048mb_micro_2.out,102156,132750,172.205842,5.31072,69.717434,247.233996,0.593220000000000,1.9041150000000000,,,,
f_matrix_to_csv,micro,2048,1101.2978550000000,payloads/matrix_micro.bin,intermediate/task_f_matrix_to_csv_2048mb_micro_3.out,102156,132750,126.5112,6.877232,69.035897,202.424329,0.8074860000000000,1.922913000000000,,,,
f_matrix_to_csv,micro,2048,991.4228920000000,payloads/matrix_micro.bin,intermediate/task_f_matrix_to_csv_2048mb_micro_4.out,102156,132750,135.203893,5.486848,72.336941,213.027682,0.7555700000000000,1.835162000000000,,,,
f_matrix_to_csv,micro,2048,1318.558693000000,payloads/matrix_micro.bin,intermediate/task_f_matrix_to_csv_2048mb_micro_5.out,102156,132750,159.539965,4.873434,79.354629,243.768028,0.6403160000000000,1.67287000000000,,,,
f_matrix_to_csv,small,128,2146.1915970000000,payloads/matrix_small.bin,intermediate/task_f_matrix_to_csv_128mb_small_0.out,5235852,6806553,239.854045,259.976043,226.727974,726.558062,21.829325000000001,30.020790000000002,,,,
f_matrix_to_csv,small,128,1687.786341000000,payloads/matrix_small.bin,intermediate/task_f_matrix_to_csv_128mb_small_1.out,5235852,6806553,234.926809,282.094769,198.016844,715.038422,22.28716300000000,34.373606000000002,,,,
f_matrix_to_csv,small,128,1623.5146520000001,payloads/matrix_small.bin,intermediate/task_f_matrix_to_csv_128mb_small_2.out,5235852,6806553,226.001144,291.234977,175.6186,692.854721,23.16736900000000,38.75758600000000,,,,
f_matrix_to_csv,small,128,1534.358025000000,payloads/matrix_small.bin,intermediate/task_f_matrix_to_csv_128mb_small_3.out,5235852,6806553,207.352236,240.469423,274.652653,722.474312,25.251003000000001,24.78240400000000,,,,
f_matrix_to_csv,small,128,1506.2549110000000,payloads/matrix_small.bin,intermediate/task_f_matrix_to_csv_128mb_small_4.out,5235852,6806553,225.972951,262.925168,233.386705,722.284824,23.1702600000000,29.1642710000000,,,,
f_matrix_to_csv,small,128,1675.4481790000000,payloads/matrix_small.bin,intermediate/task_f_matrix_to_csv_128mb_small_5.out,5235852,6806553,241.837918,295.330533,240.470238,777.638689,21.6502530000000,28.305178000000002,,,,
f_matrix_to_csv,small,256,1666.4679050000000,payloads/matrix_small.bin,intermediate/task_f_matrix_to_csv_256mb_small_0.out,5235852,6806553,227.340366,287.952024,211.958321,727.250711,23.030895000000001,32.11269500000000,,,,
f_matrix_to_csv,small,256,1960.9644410000001,payloads/matrix_small.bin,intermediate/task_f_matrix_to_csv_256mb_small_1.out,5235852,6806553,246.292812,287.154953,239.038065,772.48583,21.258647000000000,28.47476600000000,,,,
f_matrix_to_csv,small,256,1847.7542400000000,payloads/matrix_small.bin,intermediate/task_f_matrix_to_csv_256mb_small_2.out,5235852,6806553,244.767944,281.35217,225.905674,752.025788,21.39108500000000,30.130067000000000,,,,
f_matrix_to_csv,small,256,8423.418760000000,payloads/matrix_small.bin,intermediate/task_f_matrix_to_csv_256mb_small_3.out,5235852,6806553,1582.647056,2308.546251,1167.919311,5059.112618,3.308288000000000,5.827931000000000,,,,
f_matrix_to_csv,small,256,1539.0126710000000,payloads/matrix_small.bin,intermediate/task_f_matrix_to_csv_256mb_small_4.out,5235852,6806553,206.0372,215.943057,265.526573,687.50683,25.412168000000001,25.634169000000000,,,,
f_matrix_to_csv,small,256,5733.99543800000,payloads/matrix_small.bin,intermediate/task_f_matrix_to_csv_256mb_small_5.out,5235852,6806553,272.991472,2850.468626,1369.514598,4492.974696,19.179544000000000,4.9700480000000002,,,,
f_matrix_to_csv,small,512,2058.595657000000,payloads/matrix_small.bin,intermediate/task_f_matrix_to_csv_512mb_small_0.out,5235852,6806553,224.17811,256.499433,429.050261,909.727804,23.35576800000000,15.864231999999999,,,,
f_matrix_to_csv,small,512,1572.742939000000,payloads/matrix_small.bin,intermediate/task_f_matrix_to_csv_512mb_small_1.out,5235852,6806553,256.225876,277.761689,243.995365,777.98293,20.434517000000000,27.89623900000000,,,,
f_matrix_to_csv,small,512,1668.9159870000001,payloads/matrix_small.bin,intermediate/task_f_matrix_to_csv_512mb_small_2.out,5235852,6806553,238.090324,312.016487,185.801979,735.90879,21.99103200000000,36.63337200000000,,,,
f_matrix_to_csv,small,512,1527.9548170000000,payloads/matrix_small.bin,intermediate/task_f_matrix_to_csv_512mb_small_3.out,5235852,6806553,270.995181,293.997712,197.077322,762.070215,19.32083100000000,34.537475000000001,,,,
f_matrix_to_csv,small,512,1633.7261200000000,payloads/matrix_small.bin,intermediate/task_f_matrix_to_csv_512mb_small_4.out,5235852,6806553,245.896258,294.599509,165.454756,705.950523,21.29293100000000,41.13845500000000,,,,
f_matrix_to_csv,small,512,1818.4638020000000,payloads/matrix_small.bin,intermediate/task_f_matrix_to_csv_512mb_small_5.out,5235852,6806553,301.791522,332.872721,180.518414,815.182657,17.349235000000000,37.705587999999999,,,,
f_matrix_to_csv,small,768,1849.593163000000,payloads/matrix_small.bin,intermediate/task_f_matrix_to_csv_768mb_small_0.out,5235852,6806553,228.129181,304.173065,243.709936,776.012182,22.95125900000000,27.928910999999999,,,,
f_matrix_to_csv,small,768,2802.525520000000,payloads/matrix_small.bin,intermediate/task_f_matrix_to_csv_768mb_small_1.out,5235852,6806553,390.928071,615.289298,367.413189,1373.630558,13.393390000000000,18.52560900000000,,,,
f_matrix_to_csv,small,768,1474.0266799999999,payloads/matrix_small.bin,intermediate/task_f_matrix_to_csv_768mb_small_2.out,5235852,6806553,194.555141,217.462905,183.768267,595.786313,26.911918000000000,37.03878300000000,,,,
f_matrix_to_csv,small,768,2098.2697010000002,payloads/matrix_small.bin,intermediate/task_f_matrix_to_csv_768mb_small_3.out,5235852,6806553,259.919473,496.473486,367.329061,1123.72202,20.14413100000000,18.52985200000000,,,,
f_matrix_to_csv,small,768,1643.4009080000001,payloads/matrix_small.bin,intermediate/task_f_matrix_to_csv_768mb_small_4.out,5235852,6806553,222.260412,225.54751,178.952007,626.759929,23.557286000000001,38.03563400000000,,,,
f_matrix_to_csv,small,768,1465.1703829999999,payloads/matrix_small.bin,intermediate/task_f_matrix_to_csv_768mb_small_5.out,5235852,6806553,227.607265,276.999304,188.325834,692.932403,23.00388800000000,36.14242900000000,,,,
f_matrix_to_csv,small,1024,1692.192554000000,payloads/matrix_small.bin,intermediate/task_f_matrix_to_csv_1024mb_small_0.out,5235852,6806553,212.244395,296.386291,188.131139,696.761825,24.668977000000002,36.17983200000000,,,,
f_matrix_to_csv,small,1024,1495.8524700000000,payloads/matrix_small.bin,intermediate/task_f_matrix_to_csv_1024mb_small_1.out,5235852,6806553,219.044367,282.720357,188.980704,690.745428,23.90315700000000,36.017184999999998,,,,
f_matrix_to_csv,small,1024,1867.0995240000000,payloads/matrix_small.bin,intermediate/task_f_matrix_to_csv_1024mb_small_2.out,5235852,6806553,251.107479,293.306484,208.240556,752.654519,20.851040000000001,32.6860110000000,,,,
f_matrix_to_csv,small,1024,1821.603775000000,payloads/matrix_small.bin,intermediate/task_f_matrix_to_csv_1024mb_small_3.out,5235852,6806553,230.475251,280.808055,217.111775,728.395081,22.71763200000000,31.35045500000000,,,,
f_matrix_to_csv,small,1024,1655.407190000000,payloads/matrix_small.bin,intermediate/task_f_matrix_to_csv_1024mb_small_4.out,5235852,6806553,306.448577,302.220952,185.285486,793.955015,17.08558100000000,36.73548900000000,,,,
f_matrix_to_csv,small,1024,2231.8966390000001,payloads/matrix_small.bin,intermediate/task_f_matrix_to_csv_1024mb_small_5.out,5235852,6806553,319.001395,201.804185,191.320665,712.126245,16.413257000000002,35.576673999999997,,,,
f_matrix_to_csv,small,1536,1632.9422000000000,payloads/matrix_small.bin,intermediate/task_f_matrix_to_csv_1536mb_small_0.out,5235852,6806553,217.25188,294.17559,222.294579,733.722049,24.100376000000001,30.61951900000000,,,,
f_matrix_to_csv,small,1536,1725.1179219999999,payloads/matrix_small.bin,intermediate/task_f_matrix_to_csv_1536mb_small_1.out,5235852,6806553,240.851335,277.290503,239.574225,757.716063,21.7389370000000,28.411040000000000,,,,
f_matrix_to_csv,small,1536,1391.5772440000001,payloads/matrix_small.bin,intermediate/task_f_matrix_to_csv_1536mb_small_2.out,5235852,6806553,214.137877,283.207698,184.418095,681.76367,24.450845000000001,36.90827100000000,,,,
f_matrix_to_csv,small,1536,1753.1893250000001,payloads/matrix_small.bin,intermediate/task_f_matrix_to_csv_1536mb_small_3.out,5235852,6806553,241.420749,329.666485,191.816202,762.903436,21.687664000000002,35.48476600000000,,,,
f_matrix_to_csv,small,1536,1657.438040000000,payloads/matrix_small.bin,intermediate/task_f_matrix_to_csv_1536mb_small_4.out,5235852,6806553,249.809702,213.141321,222.933811,685.884834,20.95936200000000,30.531721000000001,,,,
f_matrix_to_csv,small,1536,1495.8460330000000,payloads/matrix_small.bin,intermediate/task_f_matrix_to_csv_1536mb_small_5.out,5235852,6806553,199.215629,277.202033,241.832388,718.25005,26.282336000000001,28.14574600000000,,,,
f_matrix_to_csv,small,2048,1612.0281219999999,payloads/matrix_small.bin,intermediate/task_f_matrix_to_csv_2048mb_small_0.out,5235852,6806553,201.292748,246.472679,190.932195,638.697622,26.011130999999999,35.64905900000000,,,,
f_matrix_to_csv,small,2048,1682.0473669999999,payloads/matrix_small.bin,intermediate/task_f_matrix_to_csv_2048mb_small_1.out,5235852,6806553,215.956151,277.865433,282.280182,776.101766,24.244976999999999,24.112755000000000,,,,
f_matrix_to_csv,small,2048,1753.8926600000000,payloads/matrix_small.bin,intermediate/task_f_matrix_to_csv_2048mb_small_2.out,5235852,6806553,250.378549,277.403727,222.688373,750.470649,20.91174400000000,30.56537200000000,,,,
f_matrix_to_csv,small,2048,1961.6873260000000,payloads/matrix_small.bin,intermediate/task_f_matrix_to_csv_2048mb_small_3.out,5235852,6806553,249.053896,273.39577,278.842518,801.292184,21.02296800000000,24.410025999999998,,,,
f_matrix_to_csv,small,2048,1567.7576070000000,payloads/matrix_small.bin,intermediate/task_f_matrix_to_csv_2048mb_small_4.out,5235852,6806553,226.878613,219.253729,182.29053,628.422872,23.07776800000000,37.33903800000000,,,,
f_matrix_to_csv,small,2048,1549.02982700000,payloads/matrix_small.bin,intermediate/task_f_matrix_to_csv_2048mb_small_5.out,5235852,6806553,225.282261,232.626863,188.205388,646.114512,23.241296999999999,36.16555900000000,,,,
f_matrix_to_csv,medium,512,13518.291712000000,payloads/matrix_medium.bin,intermediate/task_f_matrix_to_csv_512mb_medium_0.out,52387852,68104011,961.033207,8851.369744,2610.356978,12422.759929,54.51201000000000,26.089922000000001,,,,
f_matrix_to_csv,medium,512,15286.794662000000,payloads/matrix_medium.bin,intermediate/task_f_matrix_to_csv_512mb_medium_1.out,52387852,68104011,828.56253,6681.949757,6644.608643,14155.12093,63.22739700000000,10.249514000000000,,,,
f_matrix_to_csv,medium,512,12097.202063000001,payloads/matrix_medium.bin,intermediate/task_f_matrix_to_csv_512mb_medium_2.out,52387852,68104011,1008.133858,7789.743228,2553.60298,11351.480066,51.96517500000000,26.669772999999999,,,,
f_matrix_to_csv,medium,512,13995.58162700000,payloads/matrix_medium.bin,intermediate/task_f_matrix_to_csv_512mb_medium_3.out,52387852,68104011,927.620837,9433.002824,2512.959345,12873.583006,56.47550200000000,27.101119000000001,,,,
f_matrix_to_csv,medium,512,10320.24622000000,payloads/matrix_medium.bin,intermediate/task_f_matrix_to_csv_512mb_medium_4.out,52387852,68104011,805.965008,6605.622618,2178.521268,9590.108894,65.00015700000000,31.26157700000000,,,,
f_matrix_to_csv,medium,512,17645.331383000001,payloads/matrix_medium.bin,intermediate/task_f_matrix_to_csv_512mb_medium_5.out,52387852,68104011,2928.14944,10801.183275,2902.540438,16631.873153,17.891113000000001,23.463587000000000,,,,
f_matrix_to_csv,medium,768,9012.87603400000,payloads/matrix_medium.bin,intermediate/task_f_matrix_to_csv_768mb_medium_0.out,52387852,68104011,1002.690788,5407.98109,1525.26712,7935.938998,52.24726600000000,44.6505470000000,,,,
f_matrix_to_csv,medium,768,11093.130112000001,payloads/matrix_medium.bin,intermediate/task_f_matrix_to_csv_768mb_medium_1.out,52387852,68104011,2266.708051,5925.090008,1665.965672,9857.763731,23.111865999999999,40.879600000000003,,,,
f_matrix_to_csv,medium,768,10496.359825000000,payloads/matrix_medium.bin,intermediate/task_f_matrix_to_csv_768mb_medium_2.out,52387852,68104011,1131.148148,6692.217892,1721.833352,9545.199392,46.31387300000000,39.55319500000000,,,,
f_matrix_to_csv,medium,768,9634.282112000001,payloads/matrix_medium.bin,intermediate/task_f_matrix_to_csv_768mb_medium_3.out,52387852,68104011,1108.331173,6036.954093,1474.523201,8619.808467,47.267327000000002,46.18714100000000,,,,
f_matrix_to_csv,medium,768,10877.989292000000,payloads/matrix_medium.bin,intermediate/task_f_matrix_to_csv_768mb_medium_4.out,52387852,68104011,2196.97888,6021.256648,1420.75391,9638.989438,23.845405000000000,47.93512100000000,,,,
f_matrix_to_csv,medium,768,5091.6149619999997,payloads/matrix_medium.bin,intermediate/task_f_matrix_to_csv_768mb_medium_5.out,52387852,68104011,706.909223,2580.673886,732.553082,4020.136191,74.10831600000000,92.96802200000000,,,,
f_matrix_to_csv,medium,1024,7392.211199000000,payloads/matrix_medium.bin,intermediate/task_f_matrix_to_csv_1024mb_medium_0.out,52387852,68104011,775.794019,3752.95303,1710.537838,6239.284887,67.52804300000000,39.814384000000,,,,
f_matrix_to_csv,medium,1024,9216.667175000000,payloads/matrix_medium.bin,intermediate/task_f_matrix_to_csv_1024mb_medium_1.out,52387852,68104011,852.825818,5946.199875,1605.793409,8404.819102,61.42854800000000,42.41144000000000,,,,
f_matrix_to_csv,medium,1024,21646.379948000002,payloads/matrix_medium.bin,intermediate/task_f_matrix_to_csv_1024mb_medium_2.out,52387852,68104011,2188.436192,5998.700746,12227.161537,20414.298475,23.938486999999999,5.569895000000000,,,,
f_matrix_to_csv,medium,1024,6133.699179000000,payloads/matrix_medium.bin,intermediate/task_f_matrix_to_csv_1024mb_medium_3.out,52387852,68104011,763.075388,2925.77949,1687.121716,5375.976594,68.65357299999999,40.3669810000000,,,,
f_matrix_to_csv,medium,1024,12160.141944999999,payloads/matrix_medium.bin,intermediate/task_f_matrix_to_csv_1024mb_medium_4.out,52387852,68104011,2188.688796,5808.701716,2991.317014,10988.707526,23.935724000000000,22.76723300000000,,,,
f_matrix_to_csv,medium,1024,5428.537369000000,payloads/matrix_medium.bin,intermediate/task_f_matrix_to_csv_1024mb_medium_5.out,52387852,68104011,790.961797,2661.625721,1217.648185,4670.235703,66.2331000000000,55.93077900000000,,,,
f_matrix_to_csv,medium,1536,7780.896187000000,payloads/matrix_medium.bin,intermediate/task_f_matrix_to_csv_1536mb_medium_0.out,52387852,68104011,817.533765,3121.816297,2907.231573,6846.581635,64.08035300000000,23.42572600000000,,,,
f_matrix_to_csv,medium,1536,5183.68935600000,payloads/matrix_medium.bin,intermediate/task_f_matrix_to_csv_1536mb_medium_1.out,52387852,68104011,813.705284,2707.403159,872.979752,4394.088195,64.38185100000000,78.01327700000000,,,,
f_matrix_to_csv,medium,1536,8382.957697000000,payloads/matrix_medium.bin,intermediate/task_f_matrix_to_csv_1536mb_medium_2.out,52387852,68104011,1363.982213,3453.251639,2708.573699,7525.807551,38.408017000000001,25.14386500000000,,,,
f_matrix_to_csv,medium,1536,5373.147011000000,payloads/matrix_medium.bin,intermediate/task_f_matrix_to_csv_1536mb_medium_3.out,52387852,68104011,849.473562,2767.812241,926.256808,4543.542611,61.67096200000000,73.52605699999999,,,,
f_matrix_to_csv,medium,1536,6244.360447000000,payloads/matrix_medium.bin,intermediate/task_f_matrix_to_csv_1536mb_medium_4.out,52387852,68104011,946.591887,3430.579578,1051.678598,5428.850063,55.34365200000000,64.75743700000000,,,,
f_matrix_to_csv,medium,1536,5519.037485000000,payloads/matrix_medium.bin,intermediate/task_f_matrix_to_csv_1536mb_medium_5.out,52387852,68104011,835.449633,2733.784915,1009.112196,4578.346744,62.706175999999999,67.48903799999999,,,,
f_matrix_to_csv,medium,2048,5772.730350000000,payloads/matrix_medium.bin,intermediate/task_f_matrix_to_csv_2048mb_medium_1.out,52387852,68104011,851.844538,2840.395411,1013.612906,4705.852855,61.49931100000000,67.18936800000000,,,,
f_matrix_to_csv,medium,2048,5130.388498000000,payloads/matrix_medium.bin,intermediate/task_f_matrix_to_csv_2048mb_medium_2.out,52387852,68104011,714.895633,2616.474823,1061.678008,4393.048464,73.28042000000001,64.14752000000000,,,,
f_matrix_to_csv,medium,2048,5938.212633000000,payloads/matrix_medium.bin,intermediate/task_f_matrix_to_csv_2048mb_medium_3.out,52387852,68104011,820.415422,3384.238946,876.070845,5080.725213,63.85527500000000,77.73801800000000,,,,
f_matrix_to_csv,medium,2048,5319.35715700000,payloads/matrix_medium.bin,intermediate/task_f_matrix_to_csv_2048mb_medium_4.out,52387852,68104011,813.913849,2818.382033,852.668782,4484.964664,64.3653530000000,79.8715900000000,,,,
f_matrix_to_csv,medium,2048,4663.621426000000,payloads/matrix_medium.bin,intermediate/task_f_matrix_to_csv_2048mb_medium_5.out,52387852,68104011,624.678481,2618.631755,798.076255,4041.386491,83.86370500000000,85.33521800000000
