task,payload_size,memory_mb,invocation_latency_ms,input_key,output_key,input_size_bytes,output_size_bytes,download_time_ms,compute_time_ms,upload_time_ms,total_time_ms,download_bandwidth_mbs,upload_bandwidth_mbs,step,chain,run_id,error,primary_download_time_ms,primary_upload_time_ms,additional_download_time_ms,additional_upload_time_ms,additional_download_count,additional_upload_count
a_passthrough,micro,128,221.88520399999999,payloads/matrix_micro.bin,intermediate/task_a_passthrough_128mb_micro_1.out,102156,102156,90.114186,0.000178,70.471062,160.585426,1.133628000000000,1.4496160000000000,,,,,,,,,,
a_passthrough,micro,128,221.23384500000000,payloads/matrix_micro.bin,intermediate/task_a_passthrough_128mb_micro_2.out,102156,102156,88.53107,0.000159,75.136503,163.667732,1.1538999999999999,1.3596050000000000,,,,,,,,,,
a_passthrough,micro,128,220.14451000000000,payloads/matrix_micro.bin,intermediate/task_a_passthrough_128mb_micro_3.out,102156,102156,97.354713,0.000128,63.08762,160.442461,1.0493170000000001,1.6192720000000000,,,,,,,,,,
a_passthrough,micro,128,228.8045880000000,payloads/matrix_micro.bin,intermediate/task_a_passthrough_128mb_micro_4.out,102156,102156,93.917593,0.000143,71.275324,165.19306,1.087720000000000,1.4332590000000001,,,,,,,,,,
a_passthrough,micro,128,204.48660899999999,payloads/matrix_micro.bin,intermediate/task_a_passthrough_128mb_micro_5.out,102156,102156,84.956219,0.000145,58.699515,143.655879,1.2024550000000001,1.7403210000000000,,,,,,,,,,
a_passthrough,micro,256,256.17408799999998,payloads/matrix_micro.bin,intermediate/task_a_passthrough_256mb_micro_1.out,102156,102156,101.186263,0.00018,92.854305,194.040748,1.00958400000000,1.1001749999999999,,,,,,,,,,
a_passthrough,micro,256,240.3545380000000,payloads/matrix_micro.bin,intermediate/task_a_passthrough_256mb_micro_2.out,102156,102156,110.125217,0.00036,69.025499,179.151076,0.9276350000000000,1.4799750000000000,,,,,,,,,,
a_passthrough,micro,256,241.12772899999999,payloads/matrix_micro.bin,intermediate/task_a_passthrough_256mb_micro_3.out,102156,102156,99.099544,0.00018,72.939142,172.038866,1.0308420000000000,1.4005650000000001,,,,,,,,,,
a_passthrough,micro,256,232.006311000000,payloads/matrix_micro.bin,intermediate/task_a_passthrough_256mb_micro_4.out,102156,102156,94.306172,0.00026,72.052568,166.359,1.083238000000000,1.4177979999999999,,,,,,,,,,
a_passthrough,micro,256,224.49397999999999,payloads/matrix_micro.bin,intermediate/task_a_passthrough_256mb_micro_5.out,102156,102156,94.863417,0.00015,59.887688,154.751255,1.0768750000000000,1.7057929999999999,,,,,,,,,,
a_passthrough,micro,512,232.5930600000000,payloads/matrix_micro.bin,intermediate/task_a_passthrough_512mb_micro_1.out,102156,102156,104.089983,0.00014,68.012701,172.102824,0.981420000000000,1.5020140000000000,,,,,,,,,,
a_passthrough,micro,512,226.08184800000001,payloads/matrix_micro.bin,intermediate/task_a_passthrough_512mb_micro_2.out,102156,102156,93.554611,0.00035,72.219392,165.774353,1.0919399999999999,1.414523000000000,,,,,,,,,,
a_passthrough,micro,512,230.4482460000000,payloads/matrix_micro.bin,intermediate/task_a_passthrough_512mb_micro_3.out,102156,102156,111.118901,0.00027,59.558619,170.67779,0.9193400000000000,1.715218000000000,,,,,,,,,,
a_passthrough,micro,512,228.27911399999999,payloads/matrix_micro.bin,intermediate/task_a_passthrough_512mb_micro_4.out,102156,102156,95.812116,0.00033,71.826884,167.63933,1.0662119999999999,1.4222530000000000,,,,,,,,,,
a_passthrough,micro,512,223.0987550000000,payloads/matrix_micro.bin,intermediate/task_a_passthrough_512mb_micro_5.out,102156,102156,93.910998,0.00016,63.246991,157.158149,1.0877960000000000,1.6151910000000000,,,,,,,,,,
a_passthrough,micro,768,252.18510599999999,payloads/matrix_micro.bin,intermediate/task_a_passthrough_768mb_micro_1.out,102156,102156,120.529794,0.00016,73.656926,194.18688,0.8475580000000000,1.386916000000000,,,,,,,,,,
a_passthrough,micro,768,229.62522500000000,payloads/matrix_micro.bin,intermediate/task_a_passthrough_768mb_micro_2.out,102156,102156,97.091938,0.00023,70.590768,167.682936,1.052157000000000,1.4471579999999999,,,,,,,,,,
a_passthrough,micro,768,225.57449299999999,payloads/matrix_micro.bin,intermediate/task_a_passthrough_768mb_micro_3.out,102156,102156,91.540528,0.00047,74.320224,165.861222,1.1159650000000001,1.374538000000000,,,,,,,,,,
a_passthrough,micro,768,236.55986799999999,payloads/matrix_micro.bin,intermediate/task_a_passthrough_768mb_micro_4.out,102156,102156,100.946458,0.00035,76.820337,177.767145,1.011982000000000,1.3298040000000000,,,,,,,,,,
a_passthrough,micro,768,217.38290799999999,payloads/matrix_micro.bin,intermediate/task_a_passthrough_768mb_micro_5.out,102156,102156,85.712712,0.00033,73.698676,159.411718,1.1918420000000001,1.3861310000000000,,,,,,,,,,
a_passthrough,micro,1024,233.11781900000000,payloads/matrix_micro.bin,intermediate/task_a_passthrough_1024mb_micro_1.out,102156,102156,102.504026,0.00028,73.72086,176.225166,0.9966050000000000,1.3857139999999999,,,,,,,,,,
a_passthrough,micro,1024,241.6577340000000,payloads/matrix_micro.bin,intermediate/task_a_passthrough_1024mb_micro_2.out,102156,102156,104.946956,0.00032,77.00998,181.957256,0.9734060000000000,1.3265290000000001,,,,,,,,,,
a_passthrough,micro,1024,231.4023970000000,payloads/matrix_micro.bin,intermediate/task_a_passthrough_1024mb_micro_3.out,102156,102156,92.883953,0.0003,61.523546,154.407799,1.099824000000000,1.6604369999999999,,,,,,,,,,
a_passthrough,micro,1024,244.6973320000000,payloads/matrix_micro.bin,intermediate/task_a_passthrough_1024mb_micro_4.out,102156,102156,105.428019,0.00022,75.459462,180.887701,0.9689640000000000,1.3537859999999999,,,,,,,,,,
a_passthrough,micro,1024,220.2255730000000,payloads/matrix_micro.bin,intermediate/task_a_passthrough_1024mb_micro_5.out,102156,102156,92.939888,0.00027,65.709666,158.649824,1.0991620000000000,1.554657000000000,,,,,,,,,,
a_passthrough,micro,1536,234.5654960000000,payloads/matrix_micro.bin,intermediate/task_a_passthrough_1536mb_micro_1.out,102156,102156,96.563366,0.00017,74.229339,170.792875,1.0579170000000000,1.376221000000000,,,,,,,,,,
a_passthrough,micro,1536,249.6929170000000,payloads/matrix_micro.bin,intermediate/task_a_passthrough_1536mb_micro_2.out,102156,102156,112.895197,0.000144,73.058326,185.953667,0.9048750000000000,1.3982800000000000,,,,,,,,,,
a_passthrough,micro,1536,229.7825810000000,payloads/matrix_micro.bin,intermediate/task_a_passthrough_1536mb_micro_3.out,102156,102156,99.103234,0.00016,65.314588,164.417982,1.0308040000000001,1.5640609999999999,,,,,,,,,,
a_passthrough,micro,1536,228.3639910000000,payloads/matrix_micro.bin,intermediate/task_a_passthrough_1536mb_micro_4.out,102156,102156,96.766341,0.000159,73.656046,170.422546,1.0556980000000000,1.3869330000000000,,,,,,,,,,
a_passthrough,micro,1536,209.92541299999999,payloads/matrix_micro.bin,intermediate/task_a_passthrough_1536mb_micro_5.out,102156,102156,90.45267,0.000165,58.476031,148.928866,1.1293860000000000,1.746972000000000,,,,,,,,,,
a_passthrough,micro,2048,223.11878200000001,payloads/matrix_micro.bin,intermediate/task_a_passthrough_2048mb_micro_1.out,102156,102156,95.517898,0.000155,63.432293,158.950346,1.0694960000000000,1.610473000000000,,,,,,,,,,
a_passthrough,micro,2048,244.5993420000000,payloads/matrix_micro.bin,intermediate/task_a_passthrough_2048mb_micro_2.out,102156,102156,112.411959,0.000153,65.768396,178.180508,0.9087650000000000,1.5532690000000000,,,,,,,,,,
a_passthrough,micro,2048,229.9952510000000,payloads/matrix_micro.bin,intermediate/task_a_passthrough_2048mb_micro_3.out,102156,102156,103.334294,0.00023,62.443224,165.777748,0.9885969999999999,1.635982000000000,,,,,,,,,,
a_passthrough,micro,2048,235.5198860000000,payloads/matrix_micro.bin,intermediate/task_a_passthrough_2048mb_micro_4.out,102156,102156,100.218063,0.000201,70.222219,170.440483,1.0193369999999999,1.4547530000000000,,,,,,,,,,
a_passthrough,micro,2048,211.21788000000001,payloads/matrix_micro.bin,intermediate/task_a_passthrough_2048mb_micro_5.out,102156,102156,86.063738,0.000163,59.948731,146.012632,1.1869810000000001,1.704056000000000,,,,,,,,,,
a_passthrough,small,128,4202.833414000000,payloads/matrix_small.bin,intermediate/task_a_passthrough_128mb_small_1.out,5235852,5235852,2499.490935,0.000101,1452.231468,3951.722504,2.0947670000000000,3.605384000000000,,,,,,,,,,
a_passthrough,small,128,3948.345900000000,payloads/matrix_small.bin,intermediate/task_a_passthrough_128mb_small_2.out,5235852,5235852,2598.608842,0.000103,1196.808789,3795.417734,2.01486700000000,4.374844000000000,,,,,,,,,,
a_passthrough,small,128,5300.800800000000,payloads/matrix_small.bin,intermediate/task_a_passthrough_128mb_small_3.out,5235852,5235852,2500.511421,0.000107,2600.295916,5100.807444,2.09391200000000,2.0135600000000000,,,,,,,,,,
a_passthrough,small,128,4284.702063000000,payloads/matrix_small.bin,intermediate/task_a_passthrough_128mb_small_4.out,5235852,5235852,2793.052674,0.000116,1289.054012,4082.106802,1.8745980000000000,4.061779000000000,,,,,,,,,,
a_passthrough,small,128,4460.107327000000,payloads/matrix_small.bin,intermediate/task_a_passthrough_128mb_small_5.out,5235852,5235852,2905.833494,0.000133,1339.963924,4245.797551,1.8018419999999999,3.907457000000000,,,,,,,,,,
a_passthrough,small,256,2233.361006000000,payloads/matrix_small.bin,intermediate/task_a_passthrough_256mb_small_1.out,5235852,5235852,1404.694981,0.00019,688.862232,2093.557403,3.72739400000000,7.600724000000000,,,,,,,,,,
a_passthrough,small,256,12375.306368000000,payloads/matrix_small.bin,intermediate/task_a_passthrough_256mb_small_2.out,5235852,5235852,1393.961113,0.00028,10874.820118,12268.781511,3.75609600000000,0.4814660000000000,,,,,,,,,,
a_passthrough,small,256,2096.397638000000,payloads/matrix_small.bin,intermediate/task_a_passthrough_256mb_small_3.out,5235852,5235852,1202.944486,0.00022,666.803942,1869.748648,4.35253000000000,7.852161000000000,,,,,,,,,,
a_passthrough,small,256,2289.8497579999998,payloads/matrix_small.bin,intermediate/task_a_passthrough_256mb_small_4.out,5235852,5235852,1313.318646,0.00014,846.417593,2159.736379,3.986734000000000,6.185897000000000,,,,,,,,,,
a_passthrough,small,256,2395.924091000000,payloads/matrix_small.bin,intermediate/task_a_passthrough_256mb_small_5.out,5235852,5235852,1402.552928,0.00016,753.021791,2155.574879,3.733087000000000,6.95312100000000,,,,,,,,,,
a_passthrough,small,512,1003.836155000000,payloads/matrix_small.bin,intermediate/task_a_passthrough_512mb_small_1.out,5235852,5235852,662.061597,0.00035,284.970798,947.032745,7.908406000000000,18.373293000000000,,,,,,,,,,
a_passthrough,small,512,995.4187870000000,payloads/matrix_small.bin,intermediate/task_a_passthrough_512mb_small_2.out,5235852,5235852,573.462275,0.00018,361.673657,935.136112,9.130247000000001,14.47673000000000,,,,,,,,,,
a_passthrough,small,512,1003.5061840000000,payloads/matrix_small.bin,intermediate/task_a_passthrough_512mb_small_3.out,5235852,5235852,573.577279,0.00023,372.456587,946.034096,9.128416000000000,14.05761700000000,,,,,,,,,,
a_passthrough,small,512,1012.3341080000000,payloads/matrix_small.bin,intermediate/task_a_passthrough_512mb_small_4.out,5235852,5235852,598.437462,0.00012,299.590677,898.028259,8.749205000000000,17.476685000000000,,,,,,,,,,
a_passthrough,small,512,909.3005660000000,payloads/matrix_small.bin,intermediate/task_a_passthrough_512mb_small_5.out,5235852,5235852,505.728857,0.00015,300.431637,806.160644,10.353081000000000,17.427765000000001,,,,,,,,,,
a_passthrough,small,768,10377.817154000000,payloads/matrix_small.bin,intermediate/task_a_passthrough_768mb_small_1.out,5235852,5235852,287.998879,0.00028,10031.390193,10319.389352,18.180112000000001,0.5219470000000000,,,,,,,,,,
a_passthrough,small,768,10807.035685000001,payloads/matrix_small.bin,intermediate/task_a_passthrough_768mb_small_2.out,5235852,5235852,302.260314,0.00018,10436.589943,10738.850437,17.32232700000000,0.5016820000000000,,,,,,,,,,
a_passthrough,small,768,610.388994000000,payloads/matrix_small.bin,intermediate/task_a_passthrough_768mb_small_3.out,5235852,5235852,296.031606,0.00014,252.925988,548.957734,17.686800999999999,20.701122999999999,,,,,,,,,,
a_passthrough,small,768,613.4140490000000,payloads/matrix_small.bin,intermediate/task_a_passthrough_768mb_small_4.out,5235852,5235852,274.851409,0.00022,275.16204,550.013669,19.04975500000000,19.028250000000000,,,,,,,,,,
a_passthrough,small,768,517.9026130000000,payloads/matrix_small.bin,intermediate/task_a_passthrough_768mb_small_5.out,5235852,5235852,264.335879,0.000159,192.947329,457.283367,19.80757200000000,27.136171999999998,,,,,,,,,,
a_passthrough,small,1024,718.6543940000000,payloads/matrix_small.bin,intermediate/task_a_passthrough_1024mb_small_1.out,5235852,5235852,451.218348,0.00039,200.900142,652.11888,11.603809999999999,26.061962999999999,,,,,,,,,,
a_passthrough,small,1024,817.777157000000,payloads/matrix_small.bin,intermediate/task_a_passthrough_1024mb_small_2.out,5235852,5235852,351.434758,0.00015,397.737488,749.172396,14.898504000000001,13.16409000000000,,,,,,,,,,
a_passthrough,small,1024,597.304106000000,payloads/matrix_small.bin,intermediate/task_a_passthrough_1024mb_small_3.out,5235852,5235852,323.880335,0.00024,208.283308,532.163883,16.16600800000000,25.138126000000000,,,,,,,,,,
a_passthrough,small,1024,665.9674639999999,payloads/matrix_small.bin,intermediate/task_a_passthrough_1024mb_small_4.out,5235852,5235852,331.352109,0.00023,273.31042,604.662759,15.801475000000000,19.157162000000000,,,,,,,,,,
a_passthrough,small,1024,673.3369830000000,payloads/matrix_small.bin,intermediate/task_a_passthrough_1024mb_small_5.out,5235852,5235852,359.122127,0.00028,249.353037,608.475444,14.579586000000001,20.9977470000000,,,,,,,,,,
a_passthrough,small,1536,468.2872300000000,payloads/matrix_small.bin,intermediate/task_a_passthrough_1536mb_small_1.out,5235852,5235852,228.108227,0.000179,177.265978,405.374384,22.953368000000001,29.536700000000000,,,,,,,,,,
a_passthrough,small,1536,429.492712000000,payloads/matrix_small.bin,intermediate/task_a_passthrough_1536mb_small_2.out,5235852,5235852,172.326094,0.000111,185.423327,357.749532,30.38339600000000,28.23728900000000,,,,,,,,,,
a_passthrough,small,1536,381.0126780000000,payloads/matrix_small.bin,intermediate/task_a_passthrough_1536mb_small_3.out,5235852,5235852,145.081599,0.000121,173.387901,318.469621,36.08901500000000,30.197331999999999,,,,,,,,,,
a_passthrough,small,1536,494.9357510000000,payloads/matrix_small.bin,intermediate/task_a_passthrough_1536mb_small_4.out,5235852,5235852,181.246762,0.000146,250.545666,431.792574,28.88797500000000,20.89779500000000,,,,,,,,,,
a_passthrough,small,1536,441.1911960000000,payloads/matrix_small.bin,intermediate/task_a_passthrough_1536mb_small_5.out,5235852,5235852,197.767381,0.0001,182.652733,380.420214,26.47480100000000,28.66561000000000,,,,,,,,,,
a_passthrough,small,2048,432.5575830000000,payloads/matrix_small.bin,intermediate/task_a_passthrough_2048mb_small_1.out,5235852,5235852,164.246584,0.00016,204.045194,368.291938,31.87799600000000,25.660256000000000,,,,,,,,,,
a_passthrough,small,2048,470.7789420000000,payloads/matrix_small.bin,intermediate/task_a_passthrough_2048mb_small_2.out,5235852,5235852,210.659221,0.000106,194.021262,404.680589,24.85460600000000,26.985969999999998,,,,,,,,,,
a_passthrough,small,2048,412.0683670000000,payloads/matrix_small.bin,intermediate/task_a_passthrough_2048mb_small_3.out,5235852,5235852,153.719365,0.000117,191.574743,345.294225,34.06110900000000,27.330596000000000,,,,,,,,,,
a_passthrough,small,2048,449.3565560000000,payloads/matrix_small.bin,intermediate/task_a_passthrough_2048mb_small_4.out,5235852,5235852,160.701352,0.000105,225.332826,386.034283,32.58125700000000,23.236082000000,,,,,,,,,,
a_passthrough,small,2048,397.667408000000,payloads/matrix_small.bin,intermediate/task_a_passthrough_2048mb_small_5.out,5235852,5235852,172.464847,0.00014,161.321606,333.786593,30.3589520000000,32.45598700000000,,,,,,,,,,
a_passthrough,medium,256,13719.230652000000,payloads/matrix_medium.bin,intermediate/task_a_passthrough_256mb_medium_1.out,52387852,52387852,8496.024231,0.00013,5116.836089,13612.86045,6.166161000000000,10.2383290000000,,,,,,,,,,
a_passthrough,medium,256,17988.86799800000,payloads/matrix_medium.bin,intermediate/task_a_passthrough_256mb_medium_2.out,52387852,52387852,9008.975116,0.00023,8895.145805,17904.121151,5.815073000000000,5.8894880000000001,,,,,,,,,,
a_passthrough,medium,256,13491.91188800000,payloads/matrix_medium.bin,intermediate/task_a_passthrough_256mb_medium_3.out,52387852,52387852,8397.108524,0.00014,4999.880585,13396.989249,6.238797000000000,10.47782100000000,,,,,,,,,,
a_passthrough,medium,256,13581.6752910000,payloads/matrix_medium.bin,intermediate/task_a_passthrough_256mb_medium_4.out,52387852,52387852,8997.954292,0.00022,4382.296065,13380.250577,5.822196000000000,11.954430000000000,,,,,,,,,,
a_passthrough,medium,256,13515.664101000000,payloads/matrix_medium.bin,intermediate/task_a_passthrough_256mb_medium_5.out,52387852,52387852,9002.77459,0.00012,4387.6704,13390.44511,5.819078000000000,11.939787000000001,,,,,,,,,,
a_passthrough,medium,512,6409.749985000000,payloads/matrix_medium.bin,intermediate/task_a_passthrough_512mb_medium_1.out,52387852,52387852,3881.176076,0.00022,2470.012466,6351.188762,13.49793200000000,21.209550000000000,,,,,,,,,,
a_passthrough,medium,512,6340.347290000000,payloads/matrix_medium.bin,intermediate/task_a_passthrough_512mb_medium_2.out,52387852,52387852,4062.255092,0.00012,2218.465116,6280.720328,12.896248999999999,23.614457999999999,,,,,,,,,,
a_passthrough,medium,512,15886.645079000000,payloads/matrix_medium.bin,intermediate/task_a_passthrough_512mb_medium_3.out,52387852,52387852,3816.727018,0.00014,11995.571864,15812.299022,13.725858000000001,4.36726600000000,,,,,,,,,,
a_passthrough,medium,512,5883.149862000000,payloads/matrix_medium.bin,intermediate/task_a_passthrough_512mb_medium_4.out,52387852,52387852,3923.874669,0.00025,1897.343913,5821.218832,13.35105100000000,27.611152000000001,,,,,,,,,,
a_passthrough,medium,512,6475.327015000000,payloads/matrix_medium.bin,intermediate/task_a_passthrough_512mb_medium_5.out,52387852,52387852,3956.624834,0.00031,2461.126445,6417.751589,13.240541000000000,21.28612800000000,,,,,,,,,,
a_passthrough,medium,768,3507.7505110000002,payloads/matrix_medium.bin,intermediate/task_a_passthrough_768mb_medium_1.out,52387852,52387852,2093.556856,0.00014,1356.615935,3450.172931,25.02337200000000,38.6165680000000,,,,,,,,,,
a_passthrough,medium,768,3918.7474250000000,payloads/matrix_medium.bin,intermediate/task_a_passthrough_768mb_medium_2.out,52387852,52387852,2071.522263,0.00023,1788.661032,3860.183525,25.28954300000000,29.28886500000000,,,,,,,,,,
a_passthrough,medium,768,3297.902107000000,payloads/matrix_medium.bin,intermediate/task_a_passthrough_768mb_medium_3.out,52387852,52387852,1957.295045,0.00013,1284.130815,3241.42599,26.76543400000000,40.79635100000000,,,,,,,,,,
a_passthrough,medium,768,3022.0208170000001,payloads/matrix_medium.bin,intermediate/task_a_passthrough_768mb_medium_4.out,52387852,52387852,1967.152924,0.00015,996.300339,2963.453413,26.63130600000000,52.58238900000000,,,,,,,,,,
a_passthrough,medium,768,7006.271601000000,payloads/matrix_medium.bin,intermediate/task_a_passthrough_768mb_medium_5.out,52387852,52387852,2145.408014,0.00014,4803.94818,6949.356334,24.41859600000000,10.905165999999999,,,,,,,,,,
a_passthrough,medium,1024,4381.897211000000,payloads/matrix_medium.bin,intermediate/task_a_passthrough_1024mb_medium_1.out,52387852,52387852,2672.083882,0.00993,1649.375551,4321.469363,19.605616999999999,31.762233999999999,,,,,,,,,,
a_passthrough,medium,1024,3824.070692000000,payloads/matrix_medium.bin,intermediate/task_a_passthrough_1024mb_medium_2.out,52387852,52387852,2665.17055,0.00026,1096.600276,3761.771086,19.65647300000000,47.7729700000000,,,,,,,,,,
a_passthrough,medium,1024,3717.747450000000,payloads/matrix_medium.bin,intermediate/task_a_passthrough_1024mb_medium_3.out,52387852,52387852,2442.158474,0.00021,1215.263522,3657.422206,21.45145500000000,43.10822400000000,,,,,,,,,,
a_passthrough,medium,1024,3995.460510000000,payloads/matrix_medium.bin,intermediate/task_a_passthrough_1024mb_medium_4.out,52387852,52387852,2590.373705,0.00025,1322.18001,3912.553965,20.22405200000000,39.62232900000000,,,,,,,,,,
a_passthrough,medium,1024,4249.631405000000,payloads/matrix_medium.bin,intermediate/task_a_passthrough_1024mb_medium_5.out,52387852,52387852,2535.528027,0.00027,1647.741408,4183.269705,20.6615160000000,31.79373400000000,,,,,,,,,,
a_passthrough,medium,1536,2804.982185000000,payloads/matrix_medium.bin,intermediate/task_a_passthrough_1536mb_medium_1.out,52387852,52387852,1526.393832,0.00009,1213.863288,2740.257214,34.32132100000000,43.1579510000000,,,,,,,,,,
a_passthrough,medium,1536,12242.26689300000,payloads/matrix_medium.bin,intermediate/task_a_passthrough_1536mb_medium_2.out,52387852,52387852,1326.235369,0.000107,10846.859649,12173.095125,39.5011720000000,4.8297710000000000,,,,,,,,,,
a_passthrough,medium,1536,2245.697498000000,payloads/matrix_medium.bin,intermediate/task_a_passthrough_1536mb_medium_3.out,52387852,52387852,1286.51213,0.000121,887.210907,2173.723158,40.72083800000000,59.047800000000002,,,,,,,,,,
a_passthrough,medium,1536,2324.7408869999999,payloads/matrix_medium.bin,intermediate/task_a_passthrough_1536mb_medium_4.out,52387852,52387852,1417.333239,0.000113,845.567085,2262.900437,36.96226900000000,61.95587900000000,,,,,,,,,,
a_passthrough,medium,1536,2189.4497870000000,payloads/matrix_medium.bin,intermediate/task_a_passthrough_1536mb_medium_5.out,52387852,52387852,1318.998672,0.000212,804.649516,2123.6484,39.71789600000000,65.10642300000001,,,,,,,,,,
a_passthrough,medium,2048,2194.067478000000,payloads/matrix_medium.bin,intermediate/task_a_passthrough_2048mb_medium_1.out,52387852,52387852,1315.156598,0.000134,817.115443,2132.272175,39.83392700000000,64.1131590000000,,,,,,,,,,
a_passthrough,medium,2048,2577.2221089999998,payloads/matrix_medium.bin,intermediate/task_a_passthrough_2048mb_medium_2.out,52387852,52387852,1263.675867,0.000164,1253.887634,2517.563665,41.4567160000000,41.78034000000000,,,,,,,,,,
a_passthrough,medium,2048,2119.9958320000001,payloads/matrix_medium.bin,intermediate/task_a_passthrough_2048mb_medium_3.out,52387852,52387852,1253.422483,0.000116,807.155012,2060.577611,41.79584500000000,64.90432600000000,,,,,,,,,,
a_passthrough,medium,2048,3279.203653000000,payloads/matrix_medium.bin,intermediate/task_a_passthrough_2048mb_medium_4.out,52387852,52387852,1250.109165,0.00024,1970.948588,3221.057993,41.906621999999999,26.58002000000000,,,,,,,,,,
a_passthrough,medium,2048,2706.8960670000001,payloads/matrix_medium.bin,intermediate/task_a_passthrough_2048mb_medium_5.out,52387852,52387852,1161.132464,0.000125,1482.549193,2643.681782,45.11789400000000,35.336333000000003,,,,,,,,,,
a_passthrough,large,512,12995.776415000000,payloads/matrix_large.bin,intermediate/task_a_passthrough_512mb_large_1.out,262113412,262113412,3325.373825,0.00023,8498.404165,11823.77822,78.82223900000000,30.842663000000002,,,,,,,,,,
a_passthrough,large,512,24765.6991480000,payloads/matrix_large.bin,intermediate/task_a_passthrough_512mb_large_2.out,262113412,262113412,3637.857791,0.00021,20131.266019,23769.12402,72.0515830000000,13.02021500000000,,,,,,,,,,
a_passthrough,large,512,10686.745644000001,payloads/matrix_large.bin,intermediate/task_a_passthrough_512mb_large_3.out,262113412,262113412,3256.536431,0.00027,6835.319375,10091.856076,80.48840199999999,38.34691500000000,,,,,,,,,,
a_passthrough,large,512,21517.17972800000,payloads/matrix_large.bin,intermediate/task_a_passthrough_512mb_large_4.out,262113412,262113412,3167.390891,0.0002,17067.662519,20235.05361,82.75373000000000,15.357312000000000,,,,,,,,,,
a_passthrough,large,512,12341.58444400000,payloads/matrix_large.bin,intermediate/task_a_passthrough_512mb_large_5.out,262113412,262113412,3389.56338,0.00022,7618.654891,11008.218491,77.32955000000000,34.40415900000000,,,,,,,,,,
a_passthrough,large,768,16071.96879400000,payloads/matrix_large.bin,intermediate/task_a_passthrough_768mb_large_1.out,262113412,262113412,10345.269386,0.00013,5660.779988,16006.049504,25.336548000000001,46.303409000000,,,,,,,,,,
a_passthrough,large,768,15045.571566000001,payloads/matrix_large.bin,intermediate/task_a_passthrough_768mb_large_2.out,262113412,262113412,9677.86035,0.00023,5292.206429,14970.067009,27.08381800000000,49.52819100000000,,,,,,,,,,
a_passthrough,large,768,15193.172455000000,payloads/matrix_large.bin,intermediate/task_a_passthrough_768mb_large_3.out,262113412,262113412,9714.391581,0.00013,5406.255085,15120.646796,26.98196900000000,48.48336000000000,,,,,,,,,,
a_passthrough,large,768,17285.01534500000,payloads/matrix_large.bin,intermediate/task_a_passthrough_768mb_large_4.out,262113412,262113412,10055.589133,0.00023,7163.123748,17218.713111,26.066440000000000,36.592053999999997,,,,,,,,,,
a_passthrough,large,768,16341.619730000000,payloads/matrix_large.bin,intermediate/task_a_passthrough_768mb_large_5.out,262113412,262113412,9977.133846,0.00021,6301.003616,16278.137672,26.27141400000000,41.59867700000000,,,,,,,,,,
a_passthrough,large,1024,20395.012379000000,payloads/matrix_large.bin,intermediate/task_a_passthrough_1024mb_large_1.out,262113412,262113412,12939.959414,0.00036,7386.614581,20326.574355,20.25612300000000,35.48491800000000,,,,,,,,,,
a_passthrough,large,1024,19830.896853999999,payloads/matrix_large.bin,intermediate/task_a_passthrough_1024mb_large_2.out,262113412,262113412,13257.825109,0.0004,6496.375022,19754.200531,19.77046800000000,40.3476420000000,,,,,,,,,,
a_passthrough,large,1024,19574.111462000001,payloads/matrix_large.bin,intermediate/task_a_passthrough_1024mb_large_3.out,262113412,262113412,12312.266115,0.000339,7176.416318,19488.682772,21.28880300000000,36.52427600000000,,,,,,,,,,
a_passthrough,large,1024,20213.15908400000,payloads/matrix_large.bin,intermediate/task_a_passthrough_1024mb_large_4.out,262113412,262113412,12833.894315,0.000281,7309.703105,20143.597701,20.42352900000000,35.858283999999998,,,,,,,,,,
a_passthrough,large,1024,20878.08203700000,payloads/matrix_large.bin,intermediate/task_a_passthrough_1024mb_large_5.out,262113412,262113412,13119.118991,0.00023,7687.293553,20806.412774,19.97949800000000,34.09696900000000,,,,,,,,,,
a_passthrough,large,1536,10379.104853000001,payloads/matrix_large.bin,intermediate/task_a_passthrough_1536mb_large_1.out,262113412,262113412,5955.480564,0.000346,4354.780971,10310.261881,44.01213500000000,60.189804000000002,,,,,,,,,,
a_passthrough,large,1536,11143.190384000000,payloads/matrix_large.bin,intermediate/task_a_passthrough_1536mb_large_2.out,262113412,262113412,6257.567351,0.00021,4818.900933,11076.468494,41.88743000000000,54.39277900000000,,,,,,,,,,
a_passthrough,large,1536,20070.17684000000,payloads/matrix_large.bin,intermediate/task_a_passthrough_1536mb_large_3.out,262113412,262113412,6044.350086,0.000138,13953.046299,19997.396523,43.36502800000000,18.78539000000000,,,,,,,,,,
a_passthrough,large,1536,11393.5546880,payloads/matrix_large.bin,intermediate/task_a_passthrough_1536mb_large_4.out,262113412,262113412,6382.934693,0.000132,4940.635509,11323.570334,41.064717999999999,53.05257000000000,,,,,,,,,,
a_passthrough,large,1536,10339.261769999999,payloads/matrix_large.bin,intermediate/task_a_passthrough_1536mb_large_5.out,262113412,262113412,6054.840524,0.000354,4212.727716,10267.568594,43.28989500000000,62.219405000000002,,,,,,,,,,
a_passthrough,large,2048,13573.422194000001,payloads/matrix_large.bin,intermediate/task_a_passthrough_2048mb_large_1.out,262113412,262113412,6003.325356,0.000235,7499.05805,13502.383641,43.66137000000000,34.95284500000000,,,,,,,,,,
a_passthrough,large,2048,10550.357580000000,payloads/matrix_large.bin,intermediate/task_a_passthrough_2048mb_large_2.out,262113412,262113412,6135.200037,0.000312,4344.874848,10480.075197,42.72288000000000,60.327033999999998,,,,,,,,,,
a_passthrough,large,2048,11090.227842000000,payloads/matrix_large.bin,intermediate/task_a_passthrough_2048mb_large_3.out,262113412,262113412,6082.103842,0.0001,4937.903949,11020.007891,43.09584600000000,53.081918000000002,,,,,,,,,,
a_passthrough,large,2048,10277.507067000000,payloads/matrix_large.bin,intermediate/task_a_passthrough_2048mb_large_4.out,262113412,262113412,5932.016465,0.000218,4280.618245,10212.634928,44.186225000000000,61.23260600000000,,,,,,,,,,
a_passthrough,large,2048,10109.208584000000,payloads/matrix_large.bin,intermediate/task_a_passthrough_2048mb_large_5.out,262113412,262113412,5728.346879,0.000114,4315.689858,10044.036851,45.75725200000000,60.73499700000000,,,,,,,,,,
f_matrix_to_csv,small,128,789.3879410000000,payloads/matrix_small.bin,intermediate/task_f_matrix_to_csv_128mb_small_3.out,5235852,6806553,220.009739,286.472895,219.502201,725.984835,23.79827400000000,31.00904200000000,,,,,,,,,,
f_matrix_to_csv,small,128,9395.60890200000,payloads/matrix_small.bin,intermediate/task_f_matrix_to_csv_128mb_small_4.out,5235852,6806553,2233.656304,4805.710299,2294.183903,9333.550506,2.344072000000000,2.966873000000000,,,,,,,,,,
f_matrix_to_csv,small,128,1023.6520770000000,payloads/matrix_small.bin,intermediate/task_f_matrix_to_csv_128mb_small_6.out,5235852,6806553,192.976967,280.552848,287.671608,761.201423,27.13200500000000,23.66084400000000,,,,,,,,,,
f_matrix_to_csv,small,128,752.4528500000000,payloads/matrix_small.bin,intermediate/task_f_matrix_to_csv_128mb_small_8.out,5235852,6806553,210.863848,314.396626,164.18591,689.446384,24.8304870000000,41.45637700000000,,,,,,,,,,
f_matrix_to_csv,small,128,717.2596450000000,payloads/matrix_small.bin,intermediate/task_f_matrix_to_csv_128mb_small_9.out,5235852,6806553,169.338694,286.57311,198.979515,654.891319,30.91940700000000,34.207304999999998,,,,,,,,,,
f_matrix_to_csv,micro,128,227.8902530000000,payloads/matrix_micro.bin,intermediate/task_f_matrix_to_csv_128mb_micro_1.out,102156,132750,98.192945,5.233938,66.506755,169.933638,1.0403600000000000,1.996038000000000,,,,,,,,,,
f_matrix_to_csv,micro,128,227.23913200000001,payloads/matrix_micro.bin,intermediate/task_f_matrix_to_csv_128mb_micro_2.out,102156,132750,94.894623,5.562079,64.793622,165.250324,1.0765199999999999,2.048813000000000,,,,,,,,,,
f_matrix_to_csv,micro,128,228.07693499999999,payloads/matrix_micro.bin,intermediate/task_f_matrix_to_csv_128mb_micro_3.out,102156,132750,93.460526,5.477956,69.686869,168.625351,1.0930390000000001,1.9049499999999999,,,,,,,,,,
f_matrix_to_csv,micro,128,212.8634450000000,payloads/matrix_micro.bin,intermediate/task_f_matrix_to_csv_128mb_micro_4.out,102156,132750,86.915673,5.933869,63.036944,155.886486,1.1753460000000000,2.105908000000000,,,,,,,,,,
f_matrix_to_csv,micro,128,215.39712000000000,payloads/matrix_micro.bin,intermediate/task_f_matrix_to_csv_128mb_micro_5.out,102156,132750,88.805215,5.051943,65.603988,159.461146,1.150338000000000,2.0235050000000001,,,,,,,,,,
f_matrix_to_csv,micro,256,244.48204000000001,payloads/matrix_micro.bin,intermediate/task_f_matrix_to_csv_256mb_micro_1.out,102156,132750,105.021666,5.289955,74.041199,184.35282,0.9727140000000000,1.7929210000000000,,,,,,,,,,
f_matrix_to_csv,micro,256,247.4658490000000,payloads/matrix_micro.bin,intermediate/task_f_matrix_to_csv_256mb_micro_2.out,102156,132750,90.978364,5.84882,83.70279,180.529974,1.122860000000000,1.585969000000000,,,,,,,,,,
f_matrix_to_csv,micro,256,221.4715480000000,payloads/matrix_micro.bin,intermediate/task_f_matrix_to_csv_256mb_micro_3.out,102156,132750,91.411431,5.996985,64.481711,161.890127,1.117541000000000,2.0587230000000001,,,,,,,,,,
f_matrix_to_csv,micro,256,261.3661290000000,payloads/matrix_micro.bin,intermediate/task_f_matrix_to_csv_256mb_micro_4.out,102156,132750,101.713599,5.450383,69.324083,176.488065,1.004349000000000,1.9149190000000000,,,,,,,,,,
f_matrix_to_csv,micro,256,228.1181810000000,payloads/matrix_micro.bin,intermediate/task_f_matrix_to_csv_256mb_micro_5.out,102156,132750,95.100422,5.379778,69.202789,169.682989,1.0741909999999999,1.9182750000000000,,,,,,,,,,
f_matrix_to_csv,micro,512,228.58572000000001,payloads/matrix_micro.bin,intermediate/task_f_matrix_to_csv_512mb_micro_1.out,102156,132750,99.461057,4.635574,66.741268,170.837899,1.0270950000000001,1.9890239999999999,,,,,,,,,,
f_matrix_to_csv,micro,512,228.8582320000000,payloads/matrix_micro.bin,intermediate/task_f_matrix_to_csv_512mb_micro_2.out,102156,132750,100.97609,5.053208,64.934543,170.963841,1.011685000000000,2.044366000000000,,,,,,,,,,
f_matrix_to_csv,micro,512,217.65565900000001,payloads/matrix_micro.bin,intermediate/task_f_matrix_to_csv_512mb_micro_3.out,102156,132750,94.404124,4.798135,59.723241,158.9255,1.082114000000000,2.222753000000000,,,,,,,,,,
f_matrix_to_csv,micro,512,225.3589630000000,payloads/matrix_micro.bin,intermediate/task_f_matrix_to_csv_512mb_micro_4.out,102156,132750,93.541483,4.310675,69.925624,167.777782,1.0920930000000000,1.8984460000000001,,,,,,,,,,
f_matrix_to_csv,micro,512,233.1869600000000,payloads/matrix_micro.bin,intermediate/task_f_matrix_to_csv_512mb_micro_5.out,102156,132750,90.13314,7.380028,65.834786,163.347954,1.1333899999999999,2.0164110000000002,,,,,,,,,,
f_matrix_to_csv,micro,768,217.1540260000000,payloads/matrix_micro.bin,intermediate/task_f_matrix_to_csv_768mb_micro_1.out,102156,132750,91.61632,4.454348,63.029307,159.099975,1.1150420000000001,2.106163000000000,,,,,,,,,,
f_matrix_to_csv,micro,768,237.97249800000000,payloads/matrix_micro.bin,intermediate/task_f_matrix_to_csv_768mb_micro_2.out,102156,132750,113.56419,4.400868,60.164492,178.12955,0.8995440000000000,2.206451000000000,,,,,,,,,,
f_matrix_to_csv,micro,768,228.61480700000001,payloads/matrix_micro.bin,intermediate/task_f_matrix_to_csv_768mb_micro_3.out,102156,132750,92.834851,4.274348,70.475844,167.585043,1.100406000000000,1.8836240000000000,,,,,,,,,,
f_matrix_to_csv,micro,768,228.2211780000000,payloads/matrix_micro.bin,intermediate/task_f_matrix_to_csv_768mb_micro_4.out,102156,132750,91.577904,5.148014,65.262825,161.988743,1.115509000000000,2.034083000000000,,,,,,,,,,
f_matrix_to_csv,micro,768,230.1878930000000,payloads/matrix_micro.bin,intermediate/task_f_matrix_to_csv_768mb_micro_5.out,102156,132750,103.783719,4.097214,64.910383,172.791316,0.9843160000000000,2.045127000000000,,,,,,,,,,
f_matrix_to_csv,micro,1024,266.615629000000,payloads/matrix_micro.bin,intermediate/task_f_matrix_to_csv_1024mb_micro_1.out,102156,132750,136.320622,3.731727,63.845341,203.89769,0.7493800000000000,2.079243000000000,,,,,,,,,,
f_matrix_to_csv,micro,1024,238.7845520000000,payloads/matrix_micro.bin,intermediate/task_f_matrix_to_csv_1024mb_micro_2.out,102156,132750,94.453435,3.690063,72.298529,170.442027,1.0815490000000001,1.8361369999999999,,,,,,,,,,
f_matrix_to_csv,micro,1024,230.9751510000000,payloads/matrix_micro.bin,intermediate/task_f_matrix_to_csv_1024mb_micro_3.out,102156,132750,99.792565,3.878496,66.583258,170.254319,1.0236829999999999,1.993744000000000,,,,,,,,,,
f_matrix_to_csv,micro,1024,276.5922550000000,payloads/matrix_micro.bin,intermediate/task_f_matrix_to_csv_1024mb_micro_4.out,102156,132750,95.616958,3.968576,112.577594,212.163128,1.0683879999999999,1.179187000000000,,,,,,,,,,
f_matrix_to_csv,micro,1024,206.5224650000000,payloads/matrix_micro.bin,intermediate/task_f_matrix_to_csv_1024mb_micro_5.out,102156,132750,88.114357,4.594739,50.10136,142.810456,1.159357000000000,2.6496290000000000,,,,,,,,,,
f_matrix_to_csv,micro,1536,253.0508040000000,payloads/matrix_micro.bin,intermediate/task_f_matrix_to_csv_1536mb_micro_1.out,102156,132750,107.429725,6.035223,76.536811,190.001759,0.9509100000000000,1.7344599999999999,,,,,,,,,,
f_matrix_to_csv,micro,1536,269.61779600000000,payloads/matrix_micro.bin,intermediate/task_f_matrix_to_csv_1536mb_micro_2.out,102156,132750,131.806051,7.168267,69.787311,208.761629,0.7750480000000000,1.9022079999999999,,,,,,,,,,
f_matrix_to_csv,micro,1536,246.7148300000000,payloads/matrix_micro.bin,intermediate/task_f_matrix_to_csv_1536mb_micro_3.out,102156,132750,111.417522,5.98718,59.233383,176.638085,0.9168760000000000,2.241135000000000,,,,,,,,,,
f_matrix_to_csv,micro,1536,248.7325670000000,payloads/matrix_micro.bin,intermediate/task_f_matrix_to_csv_1536mb_micro_4.out,102156,132750,115.162104,7.596937,64.195411,186.954452,0.8870630000000000,2.067905000000000,,,,,,,,,,
f_matrix_to_csv,micro,1536,236.97376299999999,payloads/matrix_micro.bin,intermediate/task_f_matrix_to_csv_1536mb_micro_5.out,102156,132750,109.361865,6.777752,57.972365,174.111982,0.9341100000000000,2.289884000000000,,,,,,,,,,
f_matrix_to_csv,micro,2048,256.6511630000000,payloads/matrix_micro.bin,intermediate/task_f_matrix_to_csv_2048mb_micro_1.out,102156,132750,115.553762,8.291492,66.914652,190.759906,0.8840560000000000,1.983870000000000,,,,,,,,,,
f_matrix_to_csv,micro,2048,252.35795999999999,payloads/matrix_micro.bin,intermediate/task_f_matrix_to_csv_2048mb_micro_2.out,102156,132750,118.45707,7.771013,61.552614,187.780697,0.8623880000000000,2.156692000000000,,,,,,,,,,
f_matrix_to_csv,micro,2048,271.3255880000000,payloads/matrix_micro.bin,intermediate/task_f_matrix_to_csv_2048mb_micro_3.out,102156,132750,120.673996,6.376547,61.504669,188.555212,0.846545000000000,2.158373000000000,,,,,,,,,,
f_matrix_to_csv,micro,2048,241.71900700000000,payloads/matrix_micro.bin,intermediate/task_f_matrix_to_csv_2048mb_micro_4.out,102156,132750,111.236803,6.4677,60.883865,178.588368,0.918365000000000,2.180381000000000,,,,,,,,,,
f_matrix_to_csv,micro,2048,242.41399799999999,payloads/matrix_micro.bin,intermediate/task_f_matrix_to_csv_2048mb_micro_5.out,102156,132750,115.373759,5.914628,53.09933,174.387717,0.8854350000000000,2.5000320000000000,,,,,,,,,,
f_matrix_to_csv,small,256,4474.290133000000,payloads/matrix_small.bin,intermediate/task_f_matrix_to_csv_256mb_small_1.out,5235852,6806553,1300.385778,2204.414026,868.262205,4373.062009,4.026384000000000,7.839283000000000,,,,,,,,,,
f_matrix_to_csv,small,256,4109.52353500000,payloads/matrix_small.bin,intermediate/task_f_matrix_to_csv_256mb_small_2.out,5235852,6806553,1174.88823,2098.509992,773.928244,4047.326466,4.45646800000000,8.794810999999999,,,,,,,,,,
f_matrix_to_csv,small,256,4114.784479000000,payloads/matrix_small.bin,intermediate/task_f_matrix_to_csv_256mb_small_3.out,5235852,6806553,1202.631096,2002.72306,779.806249,3985.160405,4.353664000000000,8.728517999999999,,,,,,,,,,
f_matrix_to_csv,small,256,4354.975700000000,payloads/matrix_small.bin,intermediate/task_f_matrix_to_csv_256mb_small_4.out,5235852,6806553,1345.702834,2198.80953,750.988453,4295.500817,3.890794000000000,9.063459000000000,,,,,,,,,,
f_matrix_to_csv,small,256,4191.608906000000,payloads/matrix_small.bin,intermediate/task_f_matrix_to_csv_256mb_small_5.out,5235852,6806553,1195.256288,2102.260105,835.486504,4133.002897,4.380527000000000,8.146813999999999,,,,,,,,,,
f_matrix_to_csv,small,512,2090.938807000000,payloads/matrix_small.bin,intermediate/task_f_matrix_to_csv_512mb_small_1.out,5235852,6806553,637.175318,920.646203,468.952102,2026.773623,8.217286000000000,14.51438900000000,,,,,,,,,,
f_matrix_to_csv,small,512,1924.318552000000,payloads/matrix_small.bin,intermediate/task_f_matrix_to_csv_512mb_small_2.out,5235852,6806553,553.187874,808.744162,501.025993,1862.958029,9.464871000000000,13.585229000000000,,,,,,,,,,
f_matrix_to_csv,small,512,1861.107588000000,payloads/matrix_small.bin,intermediate/task_f_matrix_to_csv_512mb_small_3.out,5235852,6806553,526.336937,813.671644,459.354711,1799.363292,9.947718999999999,14.817641000000000,,,,,,,,,,
f_matrix_to_csv,small,512,1923.4158990000001,payloads/matrix_small.bin,intermediate/task_f_matrix_to_csv_512mb_small_4.out,5235852,6806553,602.997511,803.527045,397.414549,1803.939105,8.683040999999999,17.127085999999998,,,,,,,,,,
f_matrix_to_csv,small,512,1881.4754490000000,payloads/matrix_small.bin,intermediate/task_f_matrix_to_csv_512mb_small_5.out,5235852,6806553,517.222182,889.935573,379.698775,1786.85653,10.123023000000000,17.926192000000000,,,,,,,,,,
f_matrix_to_csv,small,768,1082.671881000000,payloads/matrix_small.bin,intermediate/task_f_matrix_to_csv_768mb_small_1.out,5235852,6806553,303.261752,488.613752,231.915682,1023.791186,17.26512500000000,29.34925700000000,,,,,,,,,,
f_matrix_to_csv,small,768,1093.3146480000000,payloads/matrix_small.bin,intermediate/task_f_matrix_to_csv_768mb_small_2.out,5235852,6806553,304.087097,436.412858,292.208948,1032.708903,17.218264000000001,23.293444999999998,,,,,,,,,,
f_matrix_to_csv,small,768,1062.8290179999999,payloads/matrix_small.bin,intermediate/task_f_matrix_to_csv_768mb_small_3.out,5235852,6806553,234.159531,490.003413,270.689238,994.852182,22.36019200000000,25.14526600000000,,,,,,,,,,
f_matrix_to_csv,small,768,1092.4279690000001,payloads/matrix_small.bin,intermediate/task_f_matrix_to_csv_768mb_small_4.out,5235852,6806553,266.454901,487.255324,280.476745,1034.18697,19.650050000000000,24.26779800000000,,,,,,,,,,
f_matrix_to_csv,small,768,1098.4742639999999,payloads/matrix_small.bin,intermediate/task_f_matrix_to_csv_768mb_small_5.out,5235852,6806553,271.546838,502.046494,262.710371,1036.303703,19.28158000000000,25.908961999999999,,,,,,,,,,
f_matrix_to_csv,small,1024,1174.8096940000000,payloads/matrix_small.bin,intermediate/task_f_matrix_to_csv_1024mb_small_1.out,5235852,6806553,326.881586,417.30338,361.670326,1105.855292,16.017579999999999,18.81977200000000,,,,,,,,,,
f_matrix_to_csv,small,1024,1206.4895630000001,payloads/matrix_small.bin,intermediate/task_f_matrix_to_csv_1024mb_small_2.out,5235852,6806553,357.300566,433.24384,355.979978,1146.524384,14.653915000000000,19.12060600000000,,,,,,,,,,
f_matrix_to_csv,small,1024,1128.453493000000,payloads/matrix_small.bin,intermediate/task_f_matrix_to_csv_1024mb_small_3.out,5235852,6806553,339.133499,409.864309,314.528901,1063.526709,15.438910999999999,21.64046900000000,,,,,,,,,,
f_matrix_to_csv,small,1024,1107.823372000000,payloads/matrix_small.bin,intermediate/task_f_matrix_to_csv_1024mb_small_4.out,5235852,6806553,325.778031,420.253743,296.997835,1043.029609,16.07183900000000,22.91785400000000,,,,,,,,,,
f_matrix_to_csv,small,1024,1184.2923160000000,payloads/matrix_small.bin,intermediate/task_f_matrix_to_csv_1024mb_small_5.out,5235852,6806553,309.412392,429.91505,378.536263,1117.863705,16.92192100000000,17.981244000000000,,,,,,,,,,
f_matrix_to_csv,small,1536,783.4224700000000,payloads/matrix_small.bin,intermediate/task_f_matrix_to_csv_1536mb_small_1.out,5235852,6806553,219.184005,319.65287,180.319654,719.156529,23.88792900000000,37.74715000000000,,,,,,,,,,
f_matrix_to_csv,small,1536,818.303108000000,payloads/matrix_small.bin,intermediate/task_f_matrix_to_csv_1536mb_small_2.out,5235852,6806553,197.522421,372.761038,187.845335,758.128794,26.50763400000000,36.23487900000000,,,,,,,,,,
f_matrix_to_csv,small,1536,792.3610210000001,payloads/matrix_small.bin,intermediate/task_f_matrix_to_csv_1536mb_small_3.out,5235852,6806553,228.582358,308.954631,194.246859,731.783848,22.905757000000001,35.04073600000000,,,,,,,,,,
f_matrix_to_csv,small,1536,883.7285040000000,payloads/matrix_small.bin,intermediate/task_f_matrix_to_csv_1536mb_small_4.out,5235852,6806553,236.479487,357.973051,225.098013,819.550551,22.140829000000000,30.23817500000000,,,,,,,,,,
f_matrix_to_csv,small,1536,802.5836940000000,payloads/matrix_small.bin,intermediate/task_f_matrix_to_csv_1536mb_small_5.out,5235852,6806553,199.381009,338.484106,197.32036,735.185475,26.26053500000000,34.49493500000000,,,,,,,,,,
f_matrix_to_csv,small,2048,788.7294290000000,payloads/matrix_small.bin,intermediate/task_f_matrix_to_csv_2048mb_small_1.out,5235852,6806553,183.482116,332.993298,209.909011,726.384425,28.536034999999998,32.42620700000000,,,,,,,,,,
f_matrix_to_csv,small,2048,800.3861900000001,payloads/matrix_small.bin,intermediate/task_f_matrix_to_csv_2048mb_small_2.out,5235852,6806553,218.721717,309.491006,191.192107,719.40483,23.93841900000000,35.60059600000000,,,,,,,,,,
f_matrix_to_csv,small,2048,757.7722070000000,payloads/matrix_small.bin,intermediate/task_f_matrix_to_csv_2048mb_small_3.out,5235852,6806553,188.743794,292.701373,214.558758,696.003925,27.740525000000002,31.72349200000000,,,,,,,,,,
f_matrix_to_csv,small,2048,726.3860700000000,payloads/matrix_small.bin,intermediate/task_f_matrix_to_csv_2048mb_small_4.out,5235852,6806553,177.122687,335.281707,149.840269,662.244663,29.56059500000000,45.42539200000000,,,,,,,,,,
f_matrix_to_csv,small,2048,771.1780070000000,payloads/matrix_small.bin,intermediate/task_f_matrix_to_csv_2048mb_small_5.out,5235852,6806553,166.124468,335.106395,209.429599,710.660462,31.517645000000002,32.500435000000003,,,,,,,,,,
f_matrix_to_csv,medium,512,14767.092228000000,payloads/matrix_medium.bin,intermediate/task_f_matrix_to_csv_512mb_medium_1.out,52387852,68104011,3426.724853,8585.898754,2676.954714,14689.578321,15.288024000000000,25.440853000000001,,,,,,,,,,
f_matrix_to_csv,medium,512,14925.322770999999,payloads/matrix_medium.bin,intermediate/task_f_matrix_to_csv_512mb_medium_2.out,52387852,68104011,3747.505742,8511.087014,2594.730926,14853.323682,13.979392000000001,26.24704200000000,,,,,,,,,,
f_matrix_to_csv,medium,512,14989.19916200000,payloads/matrix_medium.bin,intermediate/task_f_matrix_to_csv_512mb_medium_3.out,52387852,68104011,3827.777199,8410.54597,2680.456216,14918.779385,13.68623300000000,25.407619000000000,,,,,,,,,,
f_matrix_to_csv,medium,512,16284.570455999999,payloads/matrix_medium.bin,intermediate/task_f_matrix_to_csv_512mb_medium_4.out,52387852,68104011,3954.245654,8690.867163,3568.73635,16213.849167,13.248507000000000,19.083508999999999,,,,,,,,,,
f_matrix_to_csv,medium,512,15997.40982100000,payloads/matrix_medium.bin,intermediate/task_f_matrix_to_csv_512mb_medium_5.out,52387852,68104011,3853.252128,9003.294053,3062.876297,15919.422478,13.59575000000000,22.23531200000000,,,,,,,,,,
f_matrix_to_csv,medium,768,11519.803524000001,payloads/matrix_medium.bin,intermediate/task_f_matrix_to_csv_768mb_medium_1.out,52387852,68104011,2010.182111,4599.368921,4847.67715,11457.228182,26.06124700000000,14.048793000000000,,,,,,,,,,
f_matrix_to_csv,medium,768,8634.666681000001,payloads/matrix_medium.bin,intermediate/task_f_matrix_to_csv_768mb_medium_2.out,52387852,68104011,1870.047721,4730.675354,1963.868643,8564.591718,28.01417900000000,34.67849600000000,,,,,,,,,,
f_matrix_to_csv,medium,768,8416.038275000001,payloads/matrix_medium.bin,intermediate/task_f_matrix_to_csv_768mb_medium_3.out,52387852,68104011,1841.774091,4596.035453,1918.641184,8356.450728,28.444233000000001,35.49596000000000,,,,,,,,,,
f_matrix_to_csv,medium,768,8286.55457500000,payloads/matrix_medium.bin,intermediate/task_f_matrix_to_csv_768mb_medium_4.out,52387852,68104011,2041.75651,4690.149789,1488.893475,8220.799774,25.65822700000000,45.74135900000000,,,,,,,,,,
f_matrix_to_csv,medium,768,8998.594046000000,payloads/matrix_medium.bin,intermediate/task_f_matrix_to_csv_768mb_medium_5.out,52387852,68104011,2131.989396,4730.567879,2075.330962,8937.888237,24.57228500000000,32.81597600000000,,,,,,,,,,
f_matrix_to_csv,medium,1024,7825.519323000000,payloads/matrix_medium.bin,intermediate/task_f_matrix_to_csv_1024mb_medium_1.out,52387852,68104011,1962.2427,4222.670907,1579.985287,7764.898894,26.697946999999999,43.10420600000000,,,,,,,,,,
f_matrix_to_csv,medium,1024,8117.368698000000,payloads/matrix_medium.bin,intermediate/task_f_matrix_to_csv_1024mb_medium_2.out,52387852,68104011,2130.226756,4417.276608,1509.144387,8056.647751,24.592618000000002,45.127564999999997,,,,,,,,,,
f_matrix_to_csv,medium,1024,9188.454390000001,payloads/matrix_medium.bin,intermediate/task_f_matrix_to_csv_1024mb_medium_3.out,52387852,68104011,2117.668879,4221.406554,2781.207291,9120.282724,24.73845300000000,24.4872110000000,,,,,,,,,,
f_matrix_to_csv,medium,1024,8404.76656000000,payloads/matrix_medium.bin,intermediate/task_f_matrix_to_csv_1024mb_medium_4.out,52387852,68104011,2016.183502,4416.602883,1905.107171,8337.893556,25.98367300000000,35.74812600000000,,,,,,,,,,
f_matrix_to_csv,medium,1024,7980.237484000000,payloads/matrix_medium.bin,intermediate/task_f_matrix_to_csv_1024mb_medium_5.out,52387852,68104011,2116.218791,4294.67514,1502.543861,7913.437792,24.755403999999999,45.32580600000000,,,,,,,,,,
f_matrix_to_csv,medium,1536,5661.779165000000,payloads/matrix_medium.bin,intermediate/task_f_matrix_to_csv_1536mb_medium_1.out,52387852,68104011,1370.70829,3211.061378,1008.964676,5590.734344,38.21954900000000,67.49890499999999,,,,,,,,,,
f_matrix_to_csv,medium,1536,6039.559841000000,payloads/matrix_medium.bin,intermediate/task_f_matrix_to_csv_1536mb_medium_2.out,52387852,68104011,1569.234633,3290.904721,1110.48484,5970.624194,33.38433300000000,61.32817700000000,,,,,,,,,,
f_matrix_to_csv,medium,1536,5604.640007000000,payloads/matrix_medium.bin,intermediate/task_f_matrix_to_csv_1536mb_medium_3.out,52387852,68104011,1301.249625,3209.039945,1027.101382,5537.390952,40.25964800000000,66.30700000000000,,,,,,,,,,
f_matrix_to_csv,medium,1536,6181.252956000000,payloads/matrix_medium.bin,intermediate/task_f_matrix_to_csv_1536mb_medium_4.out,52387852,68104011,1331.100811,3102.696537,1679.360776,6113.158124,39.3567880000000,40.553531999999997,,,,,,,,,,
f_matrix_to_csv,medium,1536,5757.844925000000,payloads/matrix_medium.bin,intermediate/task_f_matrix_to_csv_1536mb_medium_5.out,52387852,68104011,1254.597727,3185.923529,1250.472268,5690.993524,41.75669300000000,54.462631999999999,,,,,,,,,,
f_matrix_to_csv,medium,2048,5667.923450000000,payloads/matrix_medium.bin,intermediate/task_f_matrix_to_csv_2048mb_medium_1.out,52387852,68104011,1340.181387,3301.729438,958.396287,5600.307112,39.09012100000000,71.06038700000001,,,,,,,,,,
f_matrix_to_csv,medium,2048,5249.636889000000,payloads/matrix_medium.bin,intermediate/task_f_matrix_to_csv_2048mb_medium_2.out,52387852,68104011,1240.941892,3067.033608,880.17948,5188.15498,42.21620100000000,77.37514100000000,,,,,,,,,,
f_matrix_to_csv,medium,2048,5962.330341000000,payloads/matrix_medium.bin,intermediate/task_f_matrix_to_csv_2048mb_medium_3.out,52387852,68104011,1413.524798,3142.673115,1344.349318,5900.547231,37.061855999999999,50.65946000000000,,,,,,,,,,
f_matrix_to_csv,medium,2048,6524.7204300000003,payloads/matrix_medium.bin,intermediate/task_f_matrix_to_csv_2048mb_medium_4.out,52387852,68104011,1260.9611,3315.069291,1874.111989,6450.14238,41.54597000000000,36.33935000000000,,,,,,,,,,
f_matrix_to_csv,medium,2048,5888.86284800000,payloads/matrix_medium.bin,intermediate/task_f_matrix_to_csv_2048mb_medium_5.out,52387852,68104011,1309.372893,2949.63405,1562.043976,5821.050919,40.00988000000000,43.59929200000000,,,,,,,,,,
e_matrix_multiply,micro,128,224.311113000000,payloads/matrix_micro.bin,intermediate/task_e_matrix_multiply_128mb_micro_1.out,102156,102156,94.503748,0.645386,72.484627,167.633761,1.0809730000000000,1.4093469999999999,,,,,,,,,,
e_matrix_multiply,micro,128,244.8751930000000,payloads/matrix_micro.bin,intermediate/task_e_matrix_multiply_128mb_micro_2.out,102156,102156,117.367571,0.833835,71.439785,189.641191,0.8703940000000000,1.4299599999999999,,,,,,,,,,
e_matrix_multiply,micro,128,226.818323000000,payloads/matrix_micro.bin,intermediate/task_e_matrix_multiply_128mb_micro_3.out,102156,102156,86.994175,0.642262,76.130382,163.766819,1.1742859999999999,1.341856000000000,,,,,,,,,,
e_matrix_multiply,micro,128,209.41638900000001,payloads/matrix_micro.bin,intermediate/task_e_matrix_multiply_128mb_micro_4.out,102156,102156,79.831216,0.731286,63.651139,144.213641,1.2796500000000000,1.6049359999999999,,,,,,,,,,
e_matrix_multiply,micro,128,218.9488410000000,payloads/matrix_micro.bin,intermediate/task_e_matrix_multiply_128mb_micro_5.out,102156,102156,98.027337,0.225082,57.753645,156.006064,1.042117000000000,1.7688230000000000,,,,,,,,,,
e_matrix_multiply,micro,256,276.5543460000000,payloads/matrix_micro.bin,intermediate/task_e_matrix_multiply_256mb_micro_1.out,102156,102156,122.63567,0.914866,89.74592,213.296456,0.833004000000000,1.1382800000000000,,,,,,,,,,
e_matrix_multiply,micro,256,243.30377600000000,payloads/matrix_micro.bin,intermediate/task_e_matrix_multiply_256mb_micro_2.out,102156,102156,114.114332,0.745966,62.787112,177.64741,0.8952070000000000,1.6270220000000000,,,,,,,,,,
e_matrix_multiply,micro,256,229.51459900000000,payloads/matrix_micro.bin,intermediate/task_e_matrix_multiply_256mb_micro_3.out,102156,102156,97.487323,0.787462,71.178536,169.453321,1.0478900000000000,1.4352080000000000,,,,,,,,,,
e_matrix_multiply,micro,256,233.71148099999999,payloads/matrix_micro.bin,intermediate/task_e_matrix_multiply_256mb_micro_4.out,102156,102156,111.00325,0.367448,59.502572,170.87327,0.920297000000000,1.7168330000000001,,,,,,,,,,
e_matrix_multiply,micro,256,244.9214460000000,payloads/matrix_micro.bin,intermediate/task_e_matrix_multiply_256mb_micro_5.out,102156,102156,98.166955,0.891365,84.292818,183.351138,1.0406350000000000,1.2119180000000001,,,,,,,,,,
e_matrix_multiply,micro,512,241.4700980000000,payloads/matrix_micro.bin,intermediate/task_e_matrix_multiply_512mb_micro_1.out,102156,102156,103.831197,0.744909,72.09926,176.675366,0.9838660000000000,1.41688000000000,,,,,,,,,,
e_matrix_multiply,micro,512,246.01292599999999,payloads/matrix_micro.bin,intermediate/task_e_matrix_multiply_512mb_micro_2.out,102156,102156,103.441782,1.117978,80.536822,185.096582,0.9875699999999999,1.2684380000000000,,,,,,,,,,
e_matrix_multiply,micro,512,219.94638399999999,payloads/matrix_micro.bin,intermediate/task_e_matrix_multiply_512mb_micro_3.out,102156,102156,91.486171,0.74289,63.328149,155.55721,1.116628000000000,1.6131219999999999,,,,,,,,,,
e_matrix_multiply,micro,512,226.64332400000001,payloads/matrix_micro.bin,intermediate/task_e_matrix_multiply_512mb_micro_4.out,102156,102156,91.746509,0.720994,73.12652,165.594023,1.113459000000000,1.3969760000000000,,,,,,,,,,
e_matrix_multiply,micro,512,231.7700390000000,payloads/matrix_micro.bin,intermediate/task_e_matrix_multiply_512mb_micro_5.out,102156,102156,99.970588,0.251919,71.419007,171.641514,1.0218609999999999,1.4303760000000001,,,,,,,,,,
e_matrix_multiply,micro,768,239.7093770000000,payloads/matrix_micro.bin,intermediate/task_e_matrix_multiply_768mb_micro_1.out,102156,102156,102.801156,0.828974,70.029986,173.660116,0.993724000000000,1.4587470000000000,,,,,,,,,,
e_matrix_multiply,micro,768,228.00302500000001,payloads/matrix_micro.bin,intermediate/task_e_matrix_multiply_768mb_micro_2.out,102156,102156,102.096559,0.84101,64.522212,167.459781,1.000582000000000,1.5832690000000000,,,,,,,,,,
e_matrix_multiply,micro,768,230.32116900000000,payloads/matrix_micro.bin,intermediate/task_e_matrix_multiply_768mb_micro_3.out,102156,102156,101.55678,0.693737,63.74092,165.991437,1.005900000000000,1.6026750000000001,,,,,,,,,,
e_matrix_multiply,micro,768,224.621058000000,payloads/matrix_micro.bin,intermediate/task_e_matrix_multiply_768mb_micro_4.out,102156,102156,101.659915,0.387281,65.388026,167.435222,1.0048800000000000,1.5623039999999999,,,,,,,,,,
e_matrix_multiply,micro,768,279.949427000000,payloads/matrix_micro.bin,intermediate/task_e_matrix_multiply_768mb_micro_5.out,102156,102156,144.136266,1.922002,66.126069,212.184337,0.7087460000000000,1.5448670000000000,,,,,,,,,,
e_matrix_multiply,micro,1024,231.56309099999999,payloads/matrix_micro.bin,intermediate/task_e_matrix_multiply_1024mb_micro_1.out,102156,102156,100.134986,0.740753,69.557513,170.433252,1.0201830000000001,1.4686550000000000,,,,,,,,,,
e_matrix_multiply,micro,1024,259.4311240000000,payloads/matrix_micro.bin,intermediate/task_e_matrix_multiply_1024mb_micro_2.out,102156,102156,120.959857,1.001748,77.133733,199.095338,0.8445450000000000,1.324401000000000,,,,,,,,,,
e_matrix_multiply,micro,1024,244.3451880000000,payloads/matrix_micro.bin,intermediate/task_e_matrix_multiply_1024mb_micro_3.out,102156,102156,111.782726,0.74133,71.747404,184.27146,0.9138800000000000,1.4238290000000000,,,,,,,,,,
e_matrix_multiply,micro,1024,235.55350300000001,payloads/matrix_micro.bin,intermediate/task_e_matrix_multiply_1024mb_micro_4.out,102156,102156,105.486644,0.460808,66.124253,172.071705,0.9684260000000000,1.5449100000000000,,,,,,,,,,
e_matrix_multiply,micro,1024,221.3764190000000,payloads/matrix_micro.bin,intermediate/task_e_matrix_multiply_1024mb_micro_5.out,102156,102156,94.383274,0.420977,59.133071,153.937322,1.0823529999999999,1.7275609999999999,,,,,,,,,,
e_matrix_multiply,micro,1536,236.2885480000000,payloads/matrix_micro.bin,intermediate/task_e_matrix_multiply_1536mb_micro_1.out,102156,102156,107.013193,0.775553,61.403431,169.192177,0.954611000000000,1.6636860000000000,,,,,,,,,,
e_matrix_multiply,micro,1536,213.3698460000000,payloads/matrix_micro.bin,intermediate/task_e_matrix_multiply_1536mb_micro_2.out,102156,102156,88.873005,0.747429,63.052379,152.672813,1.1494599999999999,1.6201770000000000,,,,,,,,,,
e_matrix_multiply,micro,1536,233.2146170000000,payloads/matrix_micro.bin,intermediate/task_e_matrix_multiply_1536mb_micro_3.out,102156,102156,105.674168,0.722217,60.525982,166.922367,0.966707000000000,1.6878040000000001,,,,,,,,,,
e_matrix_multiply,micro,1536,228.35278500000001,payloads/matrix_micro.bin,intermediate/task_e_matrix_multiply_1536mb_micro_4.out,102156,102156,104.340361,0.322574,61.942237,166.605172,0.9790650000000,1.649214000000000,,,,,,,,,,
e_matrix_multiply,micro,1536,228.0368800000000,payloads/matrix_micro.bin,intermediate/task_e_matrix_multiply_1536mb_micro_5.out,102156,102156,100.53283,0.689967,58.495879,159.718676,1.0161460000000000,1.746379000000000,,,,,,,,,,
e_matrix_multiply,micro,2048,273.4799390000000,payloads/matrix_micro.bin,intermediate/task_e_matrix_multiply_2048mb_micro_1.out,102156,102156,127.452316,0.746989,81.143142,209.342447,0.8015230000000000,1.2589600000000001,,,,,,,,,,
e_matrix_multiply,micro,2048,228.7347320000000,payloads/matrix_micro.bin,intermediate/task_e_matrix_multiply_2048mb_micro_2.out,102156,102156,90.459928,0.679324,63.697386,154.836638,1.1292960000000001,1.603771000000000,,,,,,,,,,
e_matrix_multiply,micro,2048,222.275972000000,payloads/matrix_micro.bin,intermediate/task_e_matrix_multiply_2048mb_micro_3.out,102156,102156,87.9353,0.813859,65.925973,154.675132,1.161718000000000,1.549556000000000,,,,,,,,,,
e_matrix_multiply,micro,2048,223.68288000000001,payloads/matrix_micro.bin,intermediate/task_e_matrix_multiply_2048mb_micro_4.out,102156,102156,103.146159,0.193826,62.415693,165.755678,0.9903999999999999,1.636704000000000,,,,,,,,,,
e_matrix_multiply,micro,2048,220.9947110000000,payloads/matrix_micro.bin,intermediate/task_e_matrix_multiply_2048mb_micro_5.out,102156,102156,84.88688,0.27009,73.794401,158.951371,1.203437000000000,1.3843330000000000,,,,,,,,,,
e_matrix_multiply,small,256,2379.1353700000000,payloads/matrix_small.bin,intermediate/task_e_matrix_multiply_256mb_small_1.out,5235852,5235852,1170.255193,595.034409,551.026505,2316.316107,4.474111000000000,9.501996999999999,,,,,,,,,,
e_matrix_multiply,small,256,63045.45879400000,payloads/matrix_small.bin,intermediate/task_e_matrix_multiply_256mb_small_2.out,5235852,5235852,1102.167554,597.755381,61197.525422,62897.448357,4.75050500000000,0.0855570000000000,,,,,,,,,,
e_matrix_multiply,small,256,2497.502089000000,payloads/matrix_small.bin,intermediate/task_e_matrix_multiply_256mb_small_3.out,5235852,5235852,1206.209867,496.641906,690.392346,2393.244119,4.340747000000000,7.583879000000000,,,,,,,,,,
e_matrix_multiply,small,256,2305.744171000000,payloads/matrix_small.bin,intermediate/task_e_matrix_multiply_256mb_small_4.out,5235852,5235852,1002.994204,497.272683,700.652262,2200.919149,5.220222000000000,7.472825000000000,,,,,,,,,,
e_matrix_multiply,small,256,2192.822218000000,payloads/matrix_small.bin,intermediate/task_e_matrix_multiply_256mb_small_5.out,5235852,5235852,1137.753003,498.635049,496.544855,2132.932907,4.6019230000000002,10.544570000000000,,,,,,,,,,
e_matrix_multiply,small,512,1596.1697099999999,payloads/matrix_small.bin,intermediate/task_e_matrix_multiply_512mb_small_1.out,5235852,5235852,730.761192,371.096243,394.382245,1496.23968,7.164929000000000,13.276084000000001,,,,,,,,,,
e_matrix_multiply,small,512,1391.7014600000000,payloads/matrix_small.bin,intermediate/task_e_matrix_multiply_512mb_small_2.out,5235852,5235852,655.235173,293.36796,382.544145,1331.147278,7.990798000000000,13.686921999999999,,,,,,,,,,
e_matrix_multiply,small,512,1285.160780000000,payloads/matrix_small.bin,intermediate/task_e_matrix_multiply_512mb_small_3.out,5235852,5235852,559.607023,294.415018,363.532475,1217.554516,9.3563010000000,14.402708000000001,,,,,,,,,,
e_matrix_multiply,small,512,1406.8148140000001,payloads/matrix_small.bin,intermediate/task_e_matrix_multiply_512mb_small_4.out,5235852,5235852,662.611515,208.311845,473.888399,1344.811759,7.901843000000000,11.048703000000000,,,,,,,,,,
e_matrix_multiply,small,512,50718.310833000003,payloads/matrix_small.bin,intermediate/task_e_matrix_multiply_512mb_small_5.out,5235852,5235852,648.896,209.132036,49793.81737,50651.845406,8.068861999999999,0.1051510000000000,,,,,,,,,,
e_matrix_multiply,small,768,805.6588170000000,payloads/matrix_small.bin,intermediate/task_e_matrix_multiply_768mb_small_1.out,5235852,5235852,320.899103,110.055707,315.830611,746.785421,16.316193999999999,16.57803800000000,,,,,,,,,,
e_matrix_multiply,small,768,750.9853840000000,payloads/matrix_small.bin,intermediate/task_e_matrix_multiply_768mb_small_2.out,5235852,5235852,318.642806,186.347718,182.698349,687.688873,16.431728000000000,28.65845300000000,,,,,,,,,,
e_matrix_multiply,small,768,788.1829739999999,payloads/matrix_small.bin,intermediate/task_e_matrix_multiply_768mb_small_3.out,5235852,5235852,284.172659,178.64952,259.096346,721.918525,18.42489700000000,20.20812800000000,,,,,,,,,,
e_matrix_multiply,small,768,864.9895190000000,payloads/matrix_small.bin,intermediate/task_e_matrix_multiply_768mb_small_4.out,5235852,5235852,378.703041,111.79663,318.694016,809.193687,13.825746000000001,16.429088000000000,,,,,,,,,,
e_matrix_multiply,small,768,843.2683939999999,payloads/matrix_small.bin,intermediate/task_e_matrix_multiply_768mb_small_5.out,5235852,5235852,324.699573,189.471571,270.724157,784.895301,16.125219999999999,19.34017300000000,,,,,,,,,,
e_matrix_multiply,small,1024,821.2201600000000,payloads/matrix_small.bin,intermediate/task_e_matrix_multiply_1024mb_small_1.out,5235852,5235852,356.485532,114.208377,286.13331,756.827219,14.6874180000000,18.298645000000000,,,,,,,,,,
e_matrix_multiply,small,1024,870.680571000000,payloads/matrix_small.bin,intermediate/task_e_matrix_multiply_1024mb_small_2.out,5235852,5235852,341.131366,191.916031,271.971268,805.018665,15.348492000000000,19.25148900000000,,,,,,,,,,
e_matrix_multiply,small,1024,960.752249000000,payloads/matrix_small.bin,intermediate/task_e_matrix_multiply_1024mb_small_3.out,5235852,5235852,466.971362,97.066238,326.1036,890.1412,11.212362000000001,16.05579300000000,,,,,,,,,,
e_matrix_multiply,small,1024,937.8480910000000,payloads/matrix_small.bin,intermediate/task_e_matrix_multiply_1024mb_small_4.out,5235852,5235852,407.276383,195.415929,274.477694,877.170006,12.85577100000000,19.075692000000000,,,,,,,,,,
e_matrix_multiply,small,1024,979.9275400000000,payloads/matrix_small.bin,intermediate/task_e_matrix_multiply_1024mb_small_5.out,5235852,5235852,374.268534,191.089976,343.676043,909.034553,13.98956000000000,15.234847000000000,,,,,,,,,,
e_matrix_multiply,small,1536,600.1434330000000,payloads/matrix_small.bin,intermediate/task_e_matrix_multiply_1536mb_small_1.out,5235852,5235852,190.722862,90.939976,242.587016,524.249854,27.45267100000000,21.583397999999999,,,,,,,,,,
e_matrix_multiply,small,1536,577.8348450000000,payloads/matrix_small.bin,intermediate/task_e_matrix_multiply_1536mb_small_2.out,5235852,5235852,182.024614,97.926074,230.110235,510.060923,28.764527000000001,22.753668000000001,,,,,,,,,,
e_matrix_multiply,small,1536,604.3086049999999,payloads/matrix_small.bin,intermediate/task_e_matrix_multiply_1536mb_small_3.out,5235852,5235852,204.012413,98.274363,230.798101,533.084877,25.66438000000000,22.685853999999999,,,,,,,,,,
e_matrix_multiply,small,1536,658.8382720000000,payloads/matrix_small.bin,intermediate/task_e_matrix_multiply_1536mb_small_4.out,5235852,5235852,210.575788,89.691046,294.448333,594.715167,24.86445400000000,17.781904000000001,,,,,,,,,,
e_matrix_multiply,small,1536,588.6213780000000,payloads/matrix_small.bin,intermediate/task_e_matrix_multiply_1536mb_small_5.out,5235852,5235852,172.582097,80.917971,271.264799,524.764867,30.338325999999999,19.30162700000000,,,,,,,,,,
e_matrix_multiply,small,2048,531.982422000,payloads/matrix_small.bin,intermediate/task_e_matrix_multiply_2048mb_small_1.out,5235852,5235852,214.194031,68.262743,188.161122,470.617896,24.444434999999999,27.826428000000000,,,,,,,,,,
e_matrix_multiply,small,2048,599.3292330000000,payloads/matrix_small.bin,intermediate/task_e_matrix_multiply_2048mb_small_2.out,5235852,5235852,195.540263,134.03773,204.250752,533.828745,26.776337000000002,25.63443200000000,,,,,,,,,,
e_matrix_multiply,small,2048,616.7750360000000,payloads/matrix_small.bin,intermediate/task_e_matrix_multiply_2048mb_small_3.out,5235852,5235852,237.748387,99.125444,208.256873,545.130704,22.02266000000000,25.141317000000001,,,,,,,,,,
e_matrix_multiply,small,2048,661.3328460000000,payloads/matrix_small.bin,intermediate/task_e_matrix_multiply_2048mb_small_4.out,5235852,5235852,217.150898,40.562208,332.400791,590.113897,24.11158300000000,15.751623000000000,,,,,,,,,,
e_matrix_multiply,small,2048,505.41114800000003,payloads/matrix_small.bin,intermediate/task_e_matrix_multiply_2048mb_small_5.out,5235852,5235852,171.698266,91.818796,179.925292,443.442354,30.49449600000000,29.10014500000000,,,,,,,,,,
e_matrix_multiply,medium,512,11091.802597000000,payloads/matrix_medium.bin,intermediate/task_e_matrix_multiply_512mb_medium_1.out,52387852,52387852,4021.435438,5318.327625,1682.230861,11021.993924,13.02715200000000,31.14189200000000,,,,,,,,,,
e_matrix_multiply,medium,512,13635.110140000001,payloads/matrix_medium.bin,intermediate/task_e_matrix_multiply_512mb_medium_2.out,52387852,52387852,4135.794046,6610.878114,2821.528618,13568.200778,12.66693900000000,18.56718800000000,,,,,,,,,,
e_matrix_multiply,medium,512,11063.321352000001,payloads/matrix_medium.bin,intermediate/task_e_matrix_multiply_512mb_medium_3.out,52387852,52387852,4113.185807,5181.160263,1697.630697,10991.976767,12.73656300000000,30.85939300000000,,,,,,,,,,
e_matrix_multiply,medium,512,10385.552883000000,payloads/matrix_medium.bin,intermediate/task_e_matrix_multiply_512mb_medium_4.out,52387852,52387852,3535.488443,4797.084749,1983.856366,10316.429558,14.817712999999999,26.4070790000000,,,,,,,,,,
e_matrix_multiply,medium,512,12214.547157000001,payloads/matrix_medium.bin,intermediate/task_e_matrix_multiply_512mb_medium_5.out,52387852,52387852,3758.754344,4809.253716,3577.198327,12145.206387,13.937557000000000,14.644939000000001,,,,,,,,,,
e_matrix_multiply,medium,768,6547.703505000000,payloads/matrix_medium.bin,intermediate/task_e_matrix_multiply_768mb_medium_1.out,52387852,52387852,2132.44472,3007.517016,1343.427492,6483.389228,24.56703900000000,38.99566800000000,,,,,,,,,,
e_matrix_multiply,medium,768,6597.215891000000,payloads/matrix_medium.bin,intermediate/task_e_matrix_multiply_768mb_medium_2.out,52387852,52387852,2064.861832,3019.7851,1449.50563,6534.152562,25.371117000000002,36.1418750000000,,,,,,,,,,
e_matrix_multiply,medium,768,7118.906736000000,payloads/matrix_medium.bin,intermediate/task_e_matrix_multiply_768mb_medium_3.out,52387852,52387852,2494.13327,3312.307245,1250.323184,7056.763699,21.004432000000001,41.89944900000000,,,,,,,,,,
e_matrix_multiply,medium,768,7314.326763000000,payloads/matrix_medium.bin,intermediate/task_e_matrix_multiply_768mb_medium_4.out,52387852,52387852,2072.503371,2698.940569,2482.765593,7254.209533,25.277570999999998,21.10060300000000,,,,,,,,,,
e_matrix_multiply,medium,768,5836.486340000000,payloads/matrix_medium.bin,intermediate/task_e_matrix_multiply_768mb_medium_5.out,52387852,52387852,2032.973057,2623.276319,1123.763464,5780.01284,25.769082999999998,46.61822000000000,,,,,,,,,,
e_matrix_multiply,medium,1024,6497.27726000000,payloads/matrix_medium.bin,intermediate/task_e_matrix_multiply_1024mb_medium_1.out,52387852,52387852,2237.434771,2816.709334,1381.870881,6436.014986,23.41424800000000,37.91081500000000,,,,,,,,,,
e_matrix_multiply,medium,1024,7688.475847000000,payloads/matrix_medium.bin,intermediate/task_e_matrix_multiply_1024mb_medium_2.out,52387852,52387852,2326.319194,3026.530867,2262.967461,7615.817522,22.519632000000001,23.1500690000000,,,,,,,,,,
e_matrix_multiply,medium,1024,7112.934351000000,payloads/matrix_medium.bin,intermediate/task_e_matrix_multiply_1024mb_medium_3.out,52387852,52387852,2248.389158,3132.986532,1672.336658,7053.712348,23.30017100000000,31.32614000000000,,,,,,,,,,
e_matrix_multiply,medium,1024,7180.184841000000,payloads/matrix_medium.bin,intermediate/task_e_matrix_multiply_1024mb_medium_4.out,52387852,52387852,2534.467224,3113.504147,1469.4734,7117.444771,20.67016400000000,35.6507660000000,,,,,,,,,,
e_matrix_multiply,medium,1024,9513.25011300000,payloads/matrix_medium.bin,intermediate/task_e_matrix_multiply_1024mb_medium_5.out,52387852,52387852,2456.110145,3110.682176,3883.371998,9450.164319,21.329602000000001,13.49030000000000,,,,,,,,,,
e_matrix_multiply,medium,1536,4816.646576000000,payloads/matrix_medium.bin,intermediate/task_e_matrix_multiply_1536mb_medium_1.out,52387852,52387852,1252.679394,1613.981223,1883.202127,4749.862744,41.82063800000000,27.818497000000001,,,,,,,,,,
e_matrix_multiply,medium,1536,3907.94849400000,payloads/matrix_medium.bin,intermediate/task_e_matrix_multiply_1536mb_medium_2.out,52387852,52387852,1137.454968,1894.156916,801.988492,3833.600376,46.05707800000000,65.32244900000001,,,,,,,,,,
e_matrix_multiply,medium,1536,3969.611645000000,payloads/matrix_medium.bin,intermediate/task_e_matrix_multiply_1536mb_medium_3.out,52387852,52387852,1235.11648,1808.459857,866.326614,3909.902951,42.41531300000000,60.47124900000000,,,,,,,,,,
e_matrix_multiply,medium,1536,3921.8900199999998,payloads/matrix_medium.bin,intermediate/task_e_matrix_multiply_1536mb_medium_4.out,52387852,52387852,1165.720979,1699.355995,973.673857,3838.750831,44.94030100000000,53.804312000000003,,,,,,,,,,
e_matrix_multiply,medium,1536,13883.466958999999,payloads/matrix_medium.bin,intermediate/task_e_matrix_multiply_1536mb_medium_5.out,52387852,52387852,1152.118082,1700.838051,10962.244636,13815.200769,45.47090500000000,4.778935000000000,,,,,,,,,,
e_matrix_multiply,medium,2048,3794.04354100000,payloads/matrix_medium.bin,intermediate/task_e_matrix_multiply_2048mb_medium_1.out,52387852,52387852,1341.08328,1658.66934,727.654742,3727.407362,39.06383200000000,71.99547900000000,,,,,,,,,,
e_matrix_multiply,medium,2048,4602.134705000000,payloads/matrix_medium.bin,intermediate/task_e_matrix_multiply_2048mb_medium_2.out,52387852,52387852,1461.27625,1889.325947,1189.364029,4539.966226,35.850752000000000,44.04694500000000,,,,,,,,,,
e_matrix_multiply,medium,2048,3901.655197000000,payloads/matrix_medium.bin,intermediate/task_e_matrix_multiply_2048mb_medium_3.out,52387852,52387852,1358.449532,1742.075482,739.400777,3839.925791,38.564444999999999,70.85176800000001,,,,,,,,,,
e_matrix_multiply,medium,2048,5000.087023000000,payloads/matrix_medium.bin,intermediate/task_e_matrix_multiply_2048mb_medium_4.out,52387852,52387852,1350.720413,1836.220095,1755.591999,4942.532507,38.78511900000000,29.84056200000000,,,,,,,,,,
e_matrix_multiply,medium,2048,4155.424118000000,payloads/matrix_medium.bin,intermediate/task_e_matrix_multiply_2048mb_medium_5.out,52387852,52387852,1254.868934,1694.559008,1147.746106,4097.174048,41.74766800000000,45.64411200000000,,,,,,,,,,
e_matrix_multiply,large,1536,24932.061433999999,payloads/matrix_large.bin,intermediate/task_e_matrix_multiply_1536mb_large_1.out,262113412,262113412,5707.208819,14906.236965,4229.51601,24842.961794,45.92672500000000,61.97243600000000,,,,,,,,,,
e_matrix_multiply,large,1536,26349.44748900000,payloads/matrix_large.bin,intermediate/task_e_matrix_multiply_1536mb_large_2.out,262113412,262113412,6063.212142,16009.423386,4193.281035,26265.916563,43.230124000000004,62.50795300000000,,,,,,,,,,
e_matrix_multiply,large,1536,29343.05214900000,payloads/matrix_large.bin,intermediate/task_e_matrix_multiply_1536mb_large_3.out,262113412,262113412,5791.142037,17840.752934,5638.462802,29270.357773,45.26109200000000,46.48667900000000,,,,,,,,,,
e_matrix_multiply,large,1536,29473.599672000000,payloads/matrix_large.bin,intermediate/task_e_matrix_multiply_1536mb_large_4.out,262113412,262113412,6285.272093,17884.912519,5217.516725,29387.701337,41.70279500000000,50.237195999999997,,,,,,,,,,
e_matrix_multiply,large,1536,28397.857666000000,payloads/matrix_large.bin,intermediate/task_e_matrix_multiply_1536mb_large_5.out,262113412,262113412,6285.195159,17039.471565,4988.372786,28313.03951,41.703305000000000,52.54487200000000,,,,,,,,,,
e_matrix_multiply,large,2048,27237.47944800000,payloads/matrix_large.bin,intermediate/task_e_matrix_multiply_2048mb_large_0.out,262113412,262113412,6393.074493,15204.080224,5425.584581,27022.739298,40.99958700000000,48.31063100000000,,,,,,,,,,
e_matrix_multiply,large,2048,25718.097448000,payloads/matrix_large.bin,intermediate/task_e_matrix_multiply_2048mb_large_1.out,262113412,262113412,6580.809978,14981.5777,4089.841159,25652.228837,39.82996200000000,64.08889800000000,,,,,,,,,,
e_matrix_multiply,large,2048,27619.2524430000,payloads/matrix_large.bin,intermediate/task_e_matrix_multiply_2048mb_large_2.out,262113412,262113412,6439.694583,16493.69191,4614.555116,27547.941609,40.70277100000000,56.80144800000000,,,,,,,,,,
e_matrix_multiply,large,2048,26167.13237800000,payloads/matrix_large.bin,intermediate/task_e_matrix_multiply_2048mb_large_4.out,262113412,262113412,6328.652869,15550.877144,4215.683625,26095.213638,41.41693600000000,62.1757790000000,,,,,,,,,,
e_matrix_multiply,large,2048,26791.54110000000,payloads/matrix_large.bin,intermediate/task_e_matrix_multiply_2048mb_large_5.out,262113412,262113412,6349.595925,15879.687331,4500.291652,26729.574908,41.28033000000000,58.24365000000000,,,,,,,,,,
d_csv_to_matrix,large,1536,17672.255278000001,payloads/matrix_large.csv,intermediate/task_d_csv_to_matrix_1536mb_large_0.out,227102481,174695436,3610.4241,8361.837292,3636.387651,15608.649043,62.90188500000000,48.04092800000000,,,,,,,,,,
d_csv_to_matrix,large,1536,16607.916593999998,payloads/matrix_large.csv,intermediate/task_d_csv_to_matrix_1536mb_large_1.out,227102481,174695436,3534.182043,7899.207547,3716.166123,15149.555713,64.25885200000000,47.00958700000000,,,,,,,,,,
d_csv_to_matrix,large,1536,17612.21146600000,payloads/matrix_large.csv,intermediate/task_d_csv_to_matrix_1536mb_large_2.out,227102481,174695436,3837.938115,8329.756544,3581.835121,15749.52978,59.17304400000000,48.77260700000000,,,,,,,,,,
d_csv_to_matrix,large,1536,18329.489708000001,payloads/matrix_large.csv,intermediate/task_d_csv_to_matrix_1536mb_large_3.out,227102481,174695436,4089.148596,8219.091925,4070.877884,16379.118405,55.537840000000003,42.91345500000000,,,,,,,,,,
d_csv_to_matrix,large,1536,16091.926098000000,payloads/matrix_large.csv,intermediate/task_d_csv_to_matrix_1536mb_large_4.out,227102481,174695436,3211.06488,7787.170526,3295.753591,14293.988997,70.72497400000000,53.00621900000000,,,,,,,,,,
d_csv_to_matrix,large,1536,15869.49896800000,payloads/matrix_large.csv,intermediate/task_d_csv_to_matrix_1536mb_large_5.out,227102481,174695436,3328.588356,7690.917751,3282.383037,14301.889144,68.22786600000001,53.22213600000000,,,,,,,,,,
d_csv_to_matrix,large,2048,16640.84506000000,payloads/matrix_large.csv,intermediate/task_d_csv_to_matrix_2048mb_large_0.out,227102481,174695436,5792.795446,6949.67878,3155.251857,15897.726083,39.20429800000000,55.36655800000000,,,,,,,,,,
d_csv_to_matrix,large,2048,16405.314445000000,payloads/matrix_large.csv,intermediate/task_d_csv_to_matrix_2048mb_large_1.out,227102481,174695436,6047.134345,6683.149631,3071.894916,15802.178892,37.55538900000000,56.868949000000001,,,,,,,,,,
d_csv_to_matrix,large,2048,16487.256289000001,payloads/matrix_large.csv,intermediate/task_d_csv_to_matrix_2048mb_large_2.out,227102481,174695436,6049.361737,6728.803863,3176.493736,15954.659336,37.5415610000000,54.99631100000000,,,,,,,,,,
d_csv_to_matrix,large,2048,17595.890759999998,payloads/matrix_large.csv,intermediate/task_d_csv_to_matrix_2048mb_large_3.out,227102481,174695436,6348.08746,7060.969631,3541.985981,16951.043072,35.77494500000000,49.32132300000000,,,,,,,,,,
d_csv_to_matrix,large,2048,18514.097690999999,payloads/matrix_large.csv,intermediate/task_d_csv_to_matrix_2048mb_large_4.out,227102481,174695436,6066.241999,6712.649087,5093.530276,17872.421362,37.43709500000000,34.29751600000000,,,,,,,,,,
d_csv_to_matrix,large,2048,16301.600456000000,payloads/matrix_large.csv,intermediate/task_d_csv_to_matrix_2048mb_large_5.out,227102481,174695436,5757.94953,6855.937741,3159.218414,15773.105685,39.44155500000000,55.29704300000000,,,,,,,,,,
c_decompress,large,1024,21298.89154400000,payloads/matrix_large.bin.gz,intermediate/task_c_decompress_1024mb_large_0.out,249631588,262113412,9491.127415,5109.378616,6634.607164,21235.113195,26.30157400000000,39.50699800000000,,,,,,,,,,
c_decompress,large,1024,21576.39765700000,payloads/matrix_large.bin.gz,intermediate/task_c_decompress_1024mb_large_1.out,249631588,262113412,9641.276034,5190.31585,6672.731312,21504.323196,25.891966000000000,39.28127800000000,,,,,,,,,,
c_decompress,large,1024,19727.296114000001,payloads/matrix_large.bin.gz,intermediate/task_c_decompress_1024mb_large_2.out,249631588,262113412,8638.746281,5016.025389,6009.989603,19664.761273,28.89673800000000,43.61295600000000,,,,,,,,,,
c_decompress,large,1024,21697.87097000000,payloads/matrix_large.bin.gz,intermediate/task_c_decompress_1024mb_large_3.out,249631588,262113412,9328.463383,5211.147689,7079.645185,21619.256257,26.76020500000000,37.02352400000000,,,,,,,,,,
c_decompress,large,1024,21636.60430900000,payloads/matrix_large.bin.gz,intermediate/task_c_decompress_1024mb_large_4.out,249631588,262113412,9691.831966,5118.501569,6743.960376,21554.293911,25.75690400000000,38.866393000000002,,,,,,,,,,
f_matrix_to_csv,large,2048,24843.318939000001,payloads/matrix_large.bin,intermediate/task_f_matrix_to_csv_2048mb_large_1.out,262113412,340742415,5819.899208,13629.234273,5315.573062,24764.706543,45.03744900000000,64.10266799999999,,,,,,,,,,
f_matrix_to_csv,large,2048,24903.64670800000,payloads/matrix_large.bin,intermediate/task_f_matrix_to_csv_2048mb_large_2.out,262113412,340742415,5581.018164,13551.40967,5695.339684,24827.767518,46.96516000000000,59.82828700000000,,,,,,,,,,
f_matrix_to_csv,large,2048,24254.785776000001,payloads/matrix_large.bin,intermediate/task_f_matrix_to_csv_2048mb_large_3.out,262113412,340742415,5424.193269,13407.978178,5339.139744,24171.311191,48.32302200000000,63.8197220000000,,,,,,,,,,
f_matrix_to_csv,large,2048,24328.875065000000,payloads/matrix_large.bin,intermediate/task_f_matrix_to_csv_2048mb_large_4.out,262113412,340742415,5539.885016,13594.293121,5114.462808,24248.640945,47.31387200000000,66.62330500000000,,,,,,,,,,
f_matrix_to_csv,large,2048,23497.684956000001,payloads/matrix_large.bin,intermediate/task_f_matrix_to_csv_2048mb_large_5.out,262113412,340742415,5063.114187,13232.595036,5126.150968,23421.860191,51.76920800000000,66.47139700000000,,,,,,,,,,
b_compress,micro,128,232.7585220000000,payloads/matrix_micro.bin,intermediate/task_b_compress_128mb_micro_1.out,102156,97378,102.684845,7.287174,65.073934,175.045953,0.9948500000000000,1.4964210000000000,,,,,,,,,,
b_compress,micro,128,246.98638900000000,payloads/matrix_micro.bin,intermediate/task_b_compress_128mb_micro_2.out,102156,97378,113.147804,7.132627,68.706907,188.987338,0.9028540000000000,1.417296000000000,,,,,,,,,,
b_compress,micro,128,242.1505450000000,payloads/matrix_micro.bin,intermediate/task_b_compress_128mb_micro_3.out,102156,97378,96.492952,6.166159,79.505075,182.164186,1.0586890000000000,1.224802000000000,,,,,,,,,,
b_compress,micro,128,229.417086000000,payloads/matrix_micro.bin,intermediate/task_b_compress_128mb_micro_4.out,102156,97378,88.905296,6.431077,73.830548,169.166921,1.149043000000000,1.3189390000000001,,,,,,,,,,
b_compress,micro,128,214.3995760000000,payloads/matrix_micro.bin,intermediate/task_b_compress_128mb_micro_5.out,102156,97378,87.27123,6.781303,58.911713,152.964246,1.1705580000000000,1.6529480000000001,,,,,,,,,,
b_compress,micro,256,257.45654100000002,payloads/matrix_micro.bin,intermediate/task_b_compress_256mb_micro_1.out,102156,97378,114.498275,7.220889,65.340914,187.060078,0.8922060000000001,1.4903070000000000,,,,,,,,,,
b_compress,micro,256,260.5431080000000,payloads/matrix_micro.bin,intermediate/task_b_compress_256mb_micro_2.out,102156,97378,106.853718,7.532293,78.752507,193.138518,0.9560360000000000,1.2365070000000000,,,,,,,,,,
b_compress,micro,256,237.85734199999999,payloads/matrix_micro.bin,intermediate/task_b_compress_256mb_micro_3.out,102156,97378,101.43938,6.728073,66.295983,174.463436,1.007065000000000,1.468837000000000,,,,,,,,,,
b_compress,micro,256,236.644983000000,payloads/matrix_micro.bin,intermediate/task_b_compress_256mb_micro_4.out,102156,97378,102.226577,6.226981,64.30435,172.757908,0.999310000000000,1.514330000000000,,,,,,,,,,
b_compress,micro,256,253.1595230000000,payloads/matrix_micro.bin,intermediate/task_b_compress_256mb_micro_5.out,102156,97378,106.247223,6.266101,70.435617,182.948941,0.9614930000000000,1.3825110000000000,,,,,,,,,,
b_compress,micro,512,304.3649200000000,payloads/matrix_micro.bin,intermediate/task_b_compress_512mb_micro_1.out,102156,97378,177.427693,7.989424,56.468553,241.88567,0.5757610000000000,1.7244640000000000,,,,,,,,,,
b_compress,micro,512,251.07336000000001,payloads/matrix_micro.bin,intermediate/task_b_compress_512mb_micro_2.out,102156,97378,111.632166,7.853527,67.310676,186.796369,0.9151130000000000,1.4466950000000001,,,,,,,,,,
b_compress,micro,512,238.1646630000000,payloads/matrix_micro.bin,intermediate/task_b_compress_512mb_micro_3.out,102156,97378,98.638774,6.552843,70.812368,176.003985,1.0356580000000000,1.3751549999999999,,,,,,,,,,
b_compress,micro,512,256.34264899999999,payloads/matrix_micro.bin,intermediate/task_b_compress_512mb_micro_4.out,102156,97378,115.93394,7.023672,74.532979,197.490591,0.8811570000000000,1.3065089999999999,,,,,,,,,,
b_compress,micro,512,218.18304100000000,payloads/matrix_micro.bin,intermediate/task_b_compress_512mb_micro_5.out,102156,97378,90.430016,5.94263,60.778534,157.15118,1.1296690000000000,1.602178000000000,,,,,,,,,,
b_compress,micro,768,261.3246440000000,payloads/matrix_micro.bin,intermediate/task_b_compress_768mb_micro_1.out,102156,97378,108.00135,7.396235,73.599244,188.996829,0.945877000000000,1.3230839999999999,,,,,,,,,,
b_compress,micro,768,256.72411899999997,payloads/matrix_micro.bin,intermediate/task_b_compress_768mb_micro_2.out,102156,97378,116.237744,6.403009,69.505466,192.146219,0.8788540000000000,1.4010119999999999,,,,,,,,,,
b_compress,micro,768,233.9203360000000,payloads/matrix_micro.bin,intermediate/task_b_compress_768mb_micro_3.out,102156,97378,93.473877,6.745031,70.679254,170.898162,1.0928830000000000,1.3777450000000000,,,,,,,,,,
b_compress,micro,768,268.53275300000001,payloads/matrix_micro.bin,intermediate/task_b_compress_768mb_micro_4.out,102156,97378,122.221192,6.461356,68.220047,196.902595,0.8358290000000000,1.4274100000000001,,,,,,,,,,
b_compress,micro,768,241.5704730000000,payloads/matrix_micro.bin,intermediate/task_b_compress_768mb_micro_5.out,102156,97378,92.22562,6.113072,50.411652,148.750344,1.107675000000000,1.9316570000000000,,,,,,,,,,
b_compress,micro,1024,237.58220700000001,payloads/matrix_micro.bin,intermediate/task_b_compress_1024mb_micro_1.out,102156,97378,92.149625,6.726656,71.926807,170.803088,1.1085879999999999,1.353849000000000,,,,,,,,,,
b_compress,micro,1024,233.43515400000001,payloads/matrix_micro.bin,intermediate/task_b_compress_1024mb_micro_2.out,102156,97378,100.99847,7.231012,61.761981,169.991463,1.011461000000000,1.5766659999999999,,,,,,,,,,
b_compress,micro,1024,232.2993280000000,payloads/matrix_micro.bin,intermediate/task_b_compress_1024mb_micro_3.out,102156,97378,96.101713,7.311125,51.327535,154.740373,1.0629990000000000,1.8971880000000001,,,,,,,,,,
b_compress,micro,1024,245.41544900000000,payloads/matrix_micro.bin,intermediate/task_b_compress_1024mb_micro_4.out,102156,97378,97.790461,17.352576,69.391652,184.534689,1.0446420000000001,1.4033100000000001,,,,,,,,,,
b_compress,micro,1024,203.49454900000001,payloads/matrix_micro.bin,intermediate/task_b_compress_1024mb_micro_5.out,102156,97378,90.818719,6.152764,45.61597,142.587453,1.124834000000000,2.1347350000000000,,,,,,,,,,
b_compress,micro,1536,242.2728540000000,payloads/matrix_micro.bin,intermediate/task_b_compress_1536mb_micro_1.out,102156,97378,101.496142,7.530182,70.015083,179.041407,1.006501000000000,1.390815000000000,,,,,,,,,,
b_compress,micro,1536,242.5086500000000,payloads/matrix_micro.bin,intermediate/task_b_compress_1536mb_micro_2.out,102156,97378,98.841396,7.205248,73.42415,179.470794,1.0335350000000001,1.3262389999999999,,,,,,,,,,
b_compress,micro,1536,236.38653800000000,payloads/matrix_micro.bin,intermediate/task_b_compress_1536mb_micro_3.out,102156,97378,102.635906,8.47751,66.755308,177.868724,0.99532400000000,1.4587300000000001,,,,,,,,,,
b_compress,micro,1536,218.2629110000000,payloads/matrix_micro.bin,intermediate/task_b_compress_1536mb_micro_4.out,102156,97378,94.877468,6.730404,57.72263,159.330502,1.0767150000000001,1.6869989999999999,,,,,,,,,,
b_compress,micro,1536,244.91334000000001,payloads/matrix_micro.bin,intermediate/task_b_compress_1536mb_micro_5.out,102156,97378,94.327186,6.582789,76.919661,177.829636,1.082996000000000,1.265970000000000,,,,,,,,,,
b_compress,micro,2048,266.8933870000000,payloads/matrix_micro.bin,intermediate/task_b_compress_2048mb_micro_1.out,102156,97378,103.439224,6.509096,87.388139,197.336459,0.9875940000000000,1.1143160000000001,,,,,,,,,,
b_compress,micro,2048,232.8908440000000,payloads/matrix_micro.bin,intermediate/task_b_compress_2048mb_micro_2.out,102156,97378,97.407167,6.641232,70.735402,174.783801,1.0487519999999999,1.3766520000000000,,,,,,,,,,
b_compress,micro,2048,222.42402999999999,payloads/matrix_micro.bin,intermediate/task_b_compress_2048mb_micro_3.out,102156,97378,93.623078,6.411433,63.939362,163.973873,1.0911409999999999,1.5229740000000000,,,,,,,,,,
b_compress,micro,2048,224.1368290000000,payloads/matrix_micro.bin,intermediate/task_b_compress_2048mb_micro_4.out,102156,97378,96.035752,6.105099,61.925087,164.065938,1.063729000000000,1.5725130000000000,,,,,,,,,,
b_compress,micro,2048,223.93441200000001,payloads/matrix_micro.bin,intermediate/task_b_compress_2048mb_micro_5.out,102156,97378,95.412494,6.123381,61.33782,162.873695,1.0706770000000001,1.587569000000000,,,,,,,,,,
b_compress,small,128,11882.27391200000,payloads/matrix_small.bin,intermediate/task_b_compress_128mb_small_0.out,5235852,4986764,3293.050541,6614.215676,1647.333728,11554.599945,1.5899700000000001,3.0271729999999999,,,,,,,,,,
b_compress,small,128,11037.469386999999,payloads/matrix_small.bin,intermediate/task_b_compress_128mb_small_1.out,5235852,4986764,2802.251867,6595.346109,1299.775934,10697.37391,1.8684440000000000,3.836634000000000,,,,,,,,,,
b_compress,small,128,829.30588700000,payloads/matrix_small.bin,intermediate/task_b_compress_128mb_small_3.out,5235852,4986764,228.922172,379.432443,152.30427,760.658885,22.87175600000000,32.74211600000000,,,,,,,,,,
b_compress,small,128,805.2356240000000,payloads/matrix_small.bin,intermediate/task_b_compress_128mb_small_4.out,5235852,4986764,221.47372,388.033258,133.335404,742.842382,23.64096300000000,37.4001490000000,,,,,,,,,,
b_compress,small,128,794.4526670000000,payloads/matrix_small.bin,intermediate/task_b_compress_128mb_small_5.out,5235852,4986764,196.235828,396.724836,143.464754,736.425418,26.681426999999999,34.75950600000000,,,,,,,,,,
b_compress,small,256,5284.262896000000,payloads/matrix_small.bin,intermediate/task_b_compress_256mb_small_1.out,5235852,4986764,1388.77656,2908.161568,790.930377,5087.868505,3.770118000000000,6.30493400000000,,,,,,,,,,
b_compress,small,256,5372.3249440000000,payloads/matrix_small.bin,intermediate/task_b_compress_256mb_small_2.out,5235852,4986764,1594.068634,2996.626617,669.306695,5260.001946,3.284584000000000,7.450641000000000,,,,,,,,,,
b_compress,small,256,5507.193565000000,payloads/matrix_small.bin,intermediate/task_b_compress_256mb_small_3.out,5235852,4986764,1601.357505,3002.12686,776.782415,5380.26678,3.269633000000000,6.419769000000000,,,,,,,,,,
b_compress,small,256,5295.496225000000,payloads/matrix_small.bin,intermediate/task_b_compress_256mb_small_4.out,5235852,4986764,1463.893504,3002.327266,769.706278,5235.927048,3.576662000000000,6.478788000000000,,,,,,,,,,
b_compress,small,256,5621.137619000000,payloads/matrix_small.bin,intermediate/task_b_compress_256mb_small_5.out,5235852,4986764,1405.794541,3001.224955,1090.860865,5497.880361,3.724479000000000,4.57140200000000,,,,,,,,,,
b_compress,small,512,2790.958881000000,payloads/matrix_small.bin,intermediate/task_b_compress_512mb_small_1.out,5235852,4986764,699.806435,1594.445195,360.842212,2655.093842,7.481857000000000,13.819791000000000,,,,,,,,,,
b_compress,small,512,2820.794582000000,payloads/matrix_small.bin,intermediate/task_b_compress_512mb_small_2.out,5235852,4986764,795.025161,1607.901623,356.408769,2759.335553,6.585769000000000,13.991698000000000,,,,,,,,,,
b_compress,small,512,2706.0647009999998,payloads/matrix_small.bin,intermediate/task_b_compress_512mb_small_3.out,5235852,4986764,699.751899,1519.48206,366.557205,2585.791164,7.482441000000000,13.604327000000000,,,,,,,,,,
b_compress,small,512,2677.657127000000,payloads/matrix_small.bin,intermediate/task_b_compress_512mb_small_4.out,5235852,4986764,748.985785,1509.439369,355.909147,2614.334301,6.990589000000000,14.011340000000001,,,,,,,,,,
b_compress,small,512,2602.1533009999998,payloads/matrix_small.bin,intermediate/task_b_compress_512mb_small_5.out,5235852,4986764,685.141651,1502.519465,351.902428,2539.563544,7.641999000000000,14.170871000000000,,,,,,,,,,
b_compress,small,768,1369.074821000000,payloads/matrix_small.bin,intermediate/task_b_compress_768mb_small_1.out,5235852,4986764,258.269384,816.098454,229.395845,1303.763683,20.27283300000000,21.7386850000000,,,,,,,,,,
b_compress,small,768,1422.476053000000,payloads/matrix_small.bin,intermediate/task_b_compress_768mb_small_2.out,5235852,4986764,372.231206,804.289508,183.849307,1360.370021,14.066129000000000,27.12419300000000,,,,,,,,,,
b_compress,small,768,1425.2915379999999,payloads/matrix_small.bin,intermediate/task_b_compress_768mb_small_3.out,5235852,4986764,359.489691,802.248518,200.91013,1362.648339,14.564679000000000,24.8208690000000,,,,,,,,,,
b_compress,small,768,1374.6387960000000,payloads/matrix_small.bin,intermediate/task_b_compress_768mb_small_4.out,5235852,4986764,333.92387,800.733059,175.181498,1309.838427,15.679778000000001,28.46627100000000,,,,,,,,,,
b_compress,small,768,1406.2831400000000,payloads/matrix_small.bin,intermediate/task_b_compress_768mb_small_5.out,5235852,4986764,359.903239,801.814243,178.852965,1340.570447,14.547943999999999,27.88192000000000,,,,,,,,,,
b_compress,small,1024,1487.856388000000,payloads/matrix_small.bin,intermediate/task_b_compress_1024mb_small_1.out,5235852,4986764,342.00804,807.428728,267.543559,1416.980327,15.309149000000000,18.63907300000000,,,,,,,,,,
b_compress,small,1024,1385.51664400000,payloads/matrix_small.bin,intermediate/task_b_compress_1024mb_small_2.out,5235852,4986764,349.010252,803.877991,173.661308,1326.549551,15.002001000000000,28.715458000000002,,,,,,,,,,
b_compress,small,1024,1712.4218940000001,payloads/matrix_small.bin,intermediate/task_b_compress_1024mb_small_3.out,5235852,4986764,280.838085,809.602153,561.603496,1652.043734,18.64366800000000,8.879510000000000,,,,,,,,,,
b_compress,small,1024,10689.082146000001,payloads/matrix_small.bin,intermediate/task_b_compress_1024mb_small_4.out,5235852,4986764,344.002175,803.06469,9476.285874,10623.352739,15.220404000000000,0.5262360000000000,,,,,,,,,,
b_compress,small,1024,1401.197910000000,payloads/matrix_small.bin,intermediate/task_b_compress_1024mb_small_5.out,5235852,4986764,275.006372,804.002847,246.974936,1325.984155,19.03902100000000,20.19137700000000,,,,,,,,,,
b_compress,small,1536,884.7401139999999,payloads/matrix_small.bin,intermediate/task_b_compress_1536mb_small_1.out,5235852,4986764,179.052441,477.928866,168.519491,825.500798,29.242003000000000,29.59161600000000,,,,,,,,,,
b_compress,small,1536,914.6394730000000,payloads/matrix_small.bin,intermediate/task_b_compress_1536mb_small_2.out,5235852,4986764,209.571097,499.501908,146.770798,855.843803,24.983654999999999,33.97654100000000,,,,,,,,,,
b_compress,small,1536,901.496172000000,payloads/matrix_small.bin,intermediate/task_b_compress_1536mb_small_3.out,5235852,4986764,180.642774,499.711988,157.762996,838.117758,28.98456400000000,31.60921200000000,,,,,,,,,,
b_compress,small,1536,903.231144000000,payloads/matrix_small.bin,intermediate/task_b_compress_1536mb_small_4.out,5235852,4986764,197.824121,496.003621,150.764847,844.592589,26.46720700000000,33.07643700000000,,,,,,,,,,
b_compress,small,1536,859.6594330000000,payloads/matrix_small.bin,intermediate/task_b_compress_1536mb_small_5.out,5235852,4986764,178.411077,471.552906,150.87273,800.836713,29.34712400000000,33.05278600000000,,,,,,,,,,
b_compress,small,2048,898.49853500000,payloads/matrix_small.bin,intermediate/task_b_compress_2048mb_small_1.out,5235852,4986764,164.208316,484.774473,182.189586,831.172375,31.885425000000001,27.371289999999998,,,,,,,,,,
b_compress,small,2048,888.3044720000000,payloads/matrix_small.bin,intermediate/task_b_compress_2048mb_small_2.out,5235852,4986764,163.81052,478.427677,179.913102,822.151299,31.962855999999999,27.717625999999999,,,,,,,,,,
b_compress,small,2048,874.1543290000000,payloads/matrix_small.bin,intermediate/task_b_compress_2048mb_small_3.out,5235852,4986764,173.871961,491.824642,149.17683,814.873433,30.113261999999999,33.42854200000000,,,,,,,,,,
b_compress,small,2048,831.4392570000000,payloads/matrix_small.bin,intermediate/task_b_compress_2048mb_small_4.out,5235852,4986764,172.162056,450.173054,152.18185,774.51696,30.412345999999999,32.76845400000000,,,,,,,,,,
b_compress,small,2048,891.1354540000000,payloads/matrix_small.bin,intermediate/task_b_compress_2048mb_small_5.out,5235852,4986764,164.488431,482.730933,188.000626,835.21999,31.831126000000001,26.525251999999998,,,,,,,,,,
b_compress,medium,512,22808.62546000000,payloads/matrix_medium.bin,intermediate/task_b_compress_512mb_medium_1.out,52387852,49893161,5039.936237,15306.899822,2389.71919,22736.555249,10.394546999999999,20.87825300000000,,,,,,,,,,
b_compress,medium,512,22179.54468700000,payloads/matrix_medium.bin,intermediate/task_b_compress_512mb_medium_2.out,52387852,49893161,4825.716488,15093.505593,2181.112576,22100.334657,10.855974000000000,22.875097000000000,,,,,,,,,,
b_compress,medium,512,22866.26935000000,payloads/matrix_medium.bin,intermediate/task_b_compress_512mb_medium_3.out,52387852,49893161,4944.701563,15204.103692,2643.318122,22792.123377,10.594745000000000,18.87520100000000,,,,,,,,,,
b_compress,medium,512,25609.967709000000,payloads/matrix_medium.bin,intermediate/task_b_compress_512mb_medium_4.out,52387852,49893161,5083.489336,15293.374381,5166.732198,25543.595915,10.30549100000000,9.65661800000000,,,,,,,,,,
b_compress,medium,512,22008.41403000000,payloads/matrix_medium.bin,intermediate/task_b_compress_512mb_medium_5.out,52387852,49893161,4716.864444,14982.778564,2178.384924,21878.027932,11.106498999999999,22.903739999999999,,,,,,,,,,
b_compress,medium,768,11771.100759999999,payloads/matrix_medium.bin,intermediate/task_b_compress_768mb_medium_1.out,52387852,49893161,2343.901134,8296.365271,1062.106455,11702.37286,22.350708999999998,46.97566900000000,,,,,,,,,,
b_compress,medium,768,11908.71524800000,payloads/matrix_medium.bin,intermediate/task_b_compress_768mb_medium_2.out,52387852,49893161,2274.906722,8284.83113,1281.810313,11841.548165,23.02857100000000,38.92398200000000,,,,,,,,,,
b_compress,medium,768,12046.789645999999,payloads/matrix_medium.bin,intermediate/task_b_compress_768mb_medium_3.out,52387852,49893161,2448.680021,8323.404663,1203.879347,11975.964031,21.39432300000000,41.44365600000000,,,,,,,,,,
b_compress,medium,768,12161.748885999999,payloads/matrix_medium.bin,intermediate/task_b_compress_768mb_medium_4.out,52387852,49893161,2429.292516,8467.272612,1196.274271,12092.839399,21.56506500000000,41.70712500000000,,,,,,,,,,
b_compress,medium,768,12011.98697100000,payloads/matrix_medium.bin,intermediate/task_b_compress_768mb_medium_5.out,52387852,49893161,2354.159697,8381.330101,1206.545628,11942.035426,22.253312999999999,41.35207100000000,,,,,,,,,,
b_compress,medium,1024,12696.157932000000,payloads/matrix_medium.bin,intermediate/task_b_compress_1024mb_medium_1.out,52387852,49893161,2450.945264,8331.122942,1839.758205,12621.826411,21.37455000000000,27.119412000000001,,,,,,,,,,
b_compress,medium,1024,11704.739571000000,payloads/matrix_medium.bin,intermediate/task_b_compress_1024mb_medium_2.out,52387852,49893161,2258.497085,8294.182348,1082.924223,11635.603656,23.1958910000000,46.07262400000000,,,,,,,,,,
b_compress,medium,1024,12037.743092000001,payloads/matrix_medium.bin,intermediate/task_b_compress_1024mb_medium_3.out,52387852,49893161,2356.444672,8236.398385,1375.361202,11968.204259,22.231733999999999,36.27640600000000,,,,,,,,,,
b_compress,medium,1024,12272.089005000000,payloads/matrix_medium.bin,intermediate/task_b_compress_1024mb_medium_4.out,52387852,49893161,2535.862939,8304.864553,1359.964522,12200.692014,20.65878700000000,36.6871050000000,,,,,,,,,,
b_compress,medium,1024,14186.079979000000,payloads/matrix_medium.bin,intermediate/task_b_compress_1024mb_medium_5.out,52387852,49893161,2244.951785,8283.840547,3569.330884,14098.123216,23.33584700000000,13.978294999999999,,,,,,,,,,
b_compress,medium,1536,6556.849241000000,payloads/matrix_medium.bin,intermediate/task_b_compress_1536mb_medium_1.out,52387852,49893161,1137.911979,4702.173968,660.808964,6500.894911,46.03858000000000,75.50315399999999,,,,,,,,,,
b_compress,medium,1536,6824.802399000000,payloads/matrix_medium.bin,intermediate/task_b_compress_1536mb_medium_2.out,52387852,49893161,1162.476217,5040.455081,564.408174,6767.339472,45.065741000000003,88.39907599999999,,,,,,,,,,
b_compress,medium,1536,7088.486195000000,payloads/matrix_medium.bin,intermediate/task_b_compress_1536mb_medium_3.out,52387852,49893161,1331.463528,5090.787785,607.496887,7029.7482,39.34606600000000,82.12908100000000,,,,,,,,,,
b_compress,medium,1536,8184.7522259999996,payloads/matrix_medium.bin,intermediate/task_b_compress_1536mb_medium_4.out,52387852,49893161,1254.688776,5076.840742,1794.094485,8125.624003,41.75366300000000,27.809661999999999,,,,,,,,,,
b_compress,medium,1536,6561.81001700000,payloads/matrix_medium.bin,intermediate/task_b_compress_1536mb_medium_5.out,52387852,49893161,1168.35486,4735.113223,599.481235,6502.949318,44.83899000000000,83.22722700000000,,,,,,,,,,
b_compress,medium,2048,6678.248405000000,payloads/matrix_medium.bin,intermediate/task_b_compress_2048mb_medium_1.out,52387852,49893161,1254.552694,4730.556971,630.164911,6615.274576,41.75819200000000,79.17476900000000,,,,,,,,,,
b_compress,medium,2048,6660.735130000000,payloads/matrix_medium.bin,intermediate/task_b_compress_2048mb_medium_2.out,52387852,49893161,1199.609913,4783.285215,621.905018,6604.800146,43.67073900000000,80.22633600000000,,,,,,,,,,
b_compress,medium,2048,6784.918308000000,payloads/matrix_medium.bin,intermediate/task_b_compress_2048mb_medium_3.out,52387852,49893161,1216.159709,4783.193415,723.939555,6723.292679,43.07645700000000,68.91896000000000,,,,,,,,,,
b_compress,medium,2048,7875.713110000000,payloads/matrix_medium.bin,intermediate/task_b_compress_2048mb_medium_4.out,52387852,49893161,1246.123348,4726.866752,1846.61532,7819.60542,42.04066300000000,27.01870800000000,,,,,,,,,,
b_compress,medium,2048,6607.651711000000,payloads/matrix_medium.bin,intermediate/task_b_compress_2048mb_medium_5.out,52387852,49893161,1144.206887,4709.918007,689.04264,6543.167534,45.78529700000000,72.40939500000000,,,,,,,,,,
b_compress,large,1024,59114.98761200000,payloads/matrix_large.bin,intermediate/task_b_compress_1024mb_large_3.out,262113412,249631588,10828.322207,41626.783369,6588.96519,59044.070766,24.206281000000001,37.88631200000000,,,,,,,,,,
b_compress,large,1024,60541.15438500000,payloads/matrix_large.bin,intermediate/task_b_compress_1024mb_large_4.out,262113412,249631588,10593.447082,41798.000769,8069.83124,60461.279091,24.7429760000000,30.933928999999999,,,,,,,,,,
b_compress,large,1024,57542.99068500000,payloads/matrix_large.bin,intermediate/task_b_compress_1024mb_large_5.out,262113412,249631588,10169.475041,41678.621356,5589.794395,57437.890792,25.77452700000000,44.65845600000000,,,,,,,,,,
b_compress,large,1536,35660.69316900000,payloads/matrix_large.bin,intermediate/task_b_compress_1536mb_large_2.out,262113412,249631588,6397.599003,25508.628931,3684.875268,35591.103202,40.97059100000000,67.74492200000000,,,,,,,,,,
b_compress,large,1536,34851.81784600000,payloads/matrix_large.bin,intermediate/task_b_compress_1536mb_large_4.out,262113412,249631588,5935.150398,25220.624587,3629.012307,34784.787292,44.162892999999997,68.78774900000001,,,,,,,,,,
b_compress,large,1536,35081.541537999998,payloads/matrix_large.bin,intermediate/task_b_compress_1536mb_large_5.out,262113412,249631588,6152.05251,24699.829623,4164.666017,35016.54815,42.605848000000002,59.94036200000000,,,,,,,,,,
b_compress,large,2048,33742.71011400000,payloads/matrix_large.bin,intermediate/task_b_compress_2048mb_large_2.out,262113412,249631588,5848.49722,23983.100258,3837.821994,33669.419472,44.81722400000000,65.04511900000000,,,,,,,,,,
b_compress,large,2048,34700.28805700000,payloads/matrix_large.bin,intermediate/task_b_compress_2048mb_large_4.out,262113412,249631588,6122.328282,24001.192275,4507.373726,34630.894283,42.81270100000000,55.38293500000000,,,,,,,,,,
b_compress,large,2048,33890.81859600000,payloads/matrix_large.bin,intermediate/task_b_compress_2048mb_large_5.out,262113412,249631588,6118.273789,23927.025231,3778.035527,33823.334547,42.841073000000002,66.07444200000000,,,,,,,,,,
d_csv_to_matrix,micro,128,282.4263570000000,payloads/matrix_micro.csv,intermediate/task_d_csv_to_matrix_128mb_micro_2.out,88022,67716,93.771967,1.589003,115.430949,210.791919,0.9386810000000000,0.5866360000000000,,,,,,,,,,
d_csv_to_matrix,micro,128,229.57658799999999,payloads/matrix_micro.csv,intermediate/task_d_csv_to_matrix_128mb_micro_3.out,88022,67716,99.169002,1.961841,61.989925,163.120768,0.8875960000000001,1.0923710000000000,,,,,,,,,,
d_csv_to_matrix,micro,128,231.9085600000000,payloads/matrix_micro.csv,intermediate/task_d_csv_to_matrix_128mb_micro_4.out,88022,67716,99.936669,1.488689,71.19825,172.623608,0.8807779999999999,0.9510910000000000,,,,,,,,,,
d_csv_to_matrix,micro,128,244.12059800000000,payloads/matrix_micro.csv,intermediate/task_d_csv_to_matrix_128mb_micro_5.out,88022,67716,102.009162,2.036678,76.087102,180.132942,0.8628830000000000,0.88998000000000,,,,,,,,,,
d_csv_to_matrix,micro,256,258.35585600000002,payloads/matrix_micro.csv,intermediate/task_d_csv_to_matrix_256mb_micro_1.out,88022,67716,125.858284,2.355166,67.769136,195.982586,0.6993740000000001,0.9992160000000000,,,,,,,,,,
d_csv_to_matrix,micro,256,232.6147560000000,payloads/matrix_micro.csv,intermediate/task_d_csv_to_matrix_256mb_micro_2.out,88022,67716,91.445039,2.663769,73.989673,168.098481,0.9625670000000000,0.9152090000000001,,,,,,,,,,
d_csv_to_matrix,micro,256,219.27857399999999,payloads/matrix_micro.csv,intermediate/task_d_csv_to_matrix_256mb_micro_3.out,88022,67716,95.34772,2.329671,63.212283,160.889674,0.9231680000000000,1.0712470000000001,,,,,,,,,,
d_csv_to_matrix,micro,256,241.8456080000000,payloads/matrix_micro.csv,intermediate/task_d_csv_to_matrix_256mb_micro_4.out,88022,67716,90.97307,2.016315,77.968839,170.958224,0.9675610000000000,0.8685010000000000,,,,,,,,,,
d_csv_to_matrix,micro,256,218.1875710000000,payloads/matrix_micro.csv,intermediate/task_d_csv_to_matrix_256mb_micro_5.out,88022,67716,91.926267,2.088746,65.175057,159.19007,0.9575280000000000,1.0389860000000000,,,,,,,,,,
d_csv_to_matrix,micro,512,239.61758599999999,payloads/matrix_micro.csv,intermediate/task_d_csv_to_matrix_512mb_micro_1.out,88022,67716,100.269856,1.644111,74.662204,176.576171,0.8778510000000000,0.9069650000000000,,,,,,,,,,
d_csv_to_matrix,micro,512,248.71563900000001,payloads/matrix_micro.csv,intermediate/task_d_csv_to_matrix_512mb_micro_2.out,88022,67716,103.93,1.897697,76.242854,182.070551,0.8469350000000000,0.8881620000000000,,,,,,,,,,
d_csv_to_matrix,micro,512,254.1143890000000,payloads/matrix_micro.csv,intermediate/task_d_csv_to_matrix_512mb_micro_3.out,88022,67716,115.555618,1.523216,75.754195,192.833029,0.761728000000000,0.8938910000000000,,,,,,,,,,
d_csv_to_matrix,micro,512,228.93738700000000,payloads/matrix_micro.csv,intermediate/task_d_csv_to_matrix_512mb_micro_4.out,88022,67716,100.343229,1.442568,65.036422,166.822219,0.8772090000000000,1.0412010000000000,,,,,,,,,,
d_csv_to_matrix,micro,512,217.17429200000001,payloads/matrix_micro.csv,intermediate/task_d_csv_to_matrix_512mb_micro_5.out,88022,67716,91.239751,1.527953,59.66181,152.429514,0.964733000000000,1.1349970000000000,,,,,,,,,,
d_csv_to_matrix,micro,768,230.84735900000001,payloads/matrix_micro.csv,intermediate/task_d_csv_to_matrix_768mb_micro_1.out,88022,67716,94.565166,2.077325,72.345542,168.988033,0.9308080000000000,0.936008000000000,,,,,,,,,,
d_csv_to_matrix,micro,768,249.3646140000000,payloads/matrix_micro.csv,intermediate/task_d_csv_to_matrix_768mb_micro_2.out,88022,67716,95.547743,1.588308,80.541493,177.677544,0.9212360000000001,0.8407590000000000,,,,,,,,,,
d_csv_to_matrix,micro,768,230.90791700000000,payloads/matrix_micro.csv,intermediate/task_d_csv_to_matrix_768mb_micro_3.out,88022,67716,103.772343,1.932265,62.780287,168.484895,0.8482220000000000,1.0786190000000000,,,,,,,,,,
d_csv_to_matrix,micro,768,228.0411720000000,payloads/matrix_micro.csv,intermediate/task_d_csv_to_matrix_768mb_micro_4.out,88022,67716,98.398172,1.971823,59.656146,160.026141,0.8945490000000000,1.1351050000000000,,,,,,,,,,
d_csv_to_matrix,micro,768,234.0641020000000,payloads/matrix_micro.csv,intermediate/task_d_csv_to_matrix_768mb_micro_5.out,88022,67716,95.208054,1.558002,68.893726,165.659782,0.9245230000000000,0.9829050000000000,,,,,,,,,,
d_csv_to_matrix,micro,1024,294.8477270000000,payloads/matrix_micro.csv,intermediate/task_d_csv_to_matrix_1024mb_micro_1.out,88022,67716,157.818327,1.681114,72.701802,232.201243,0.5577430000000000,0.93142100000000,,,,,,,,,,
d_csv_to_matrix,micro,1024,261.3496780000000,payloads/matrix_micro.csv,intermediate/task_d_csv_to_matrix_1024mb_micro_2.out,88022,67716,113.916374,1.727329,77.923407,193.56711,0.772690000000000,0.8690070000000000,,,,,,,,,,
d_csv_to_matrix,micro,1024,248.5806940000000,payloads/matrix_micro.csv,intermediate/task_d_csv_to_matrix_1024mb_micro_3.out,88022,67716,102.844777,1.671251,75.046786,179.562814,0.8558720000000000,0.9023170000000000,,,,,,,,,,
d_csv_to_matrix,micro,1024,238.7313840000000,payloads/matrix_micro.csv,intermediate/task_d_csv_to_matrix_1024mb_micro_4.out,88022,67716,97.259159,1.463884,77.457355,176.180398,0.9050250000000000,0.8742360000000000,,,,,,,,,,
d_csv_to_matrix,micro,1024,237.98537300000001,payloads/matrix_micro.csv,intermediate/task_d_csv_to_matrix_1024mb_micro_5.out,88022,67716,97.271161,2.41545,63.910885,163.597496,0.9049140000000000,1.0595380000000001,,,,,,,,,,
d_csv_to_matrix,micro,1536,225.45695300000000,payloads/matrix_micro.csv,intermediate/task_d_csv_to_matrix_1536mb_micro_1.out,88022,67716,88.811191,1.893024,69.060089,159.764304,0.9911140000000001,0.9805370000000000,,,,,,,,,,
d_csv_to_matrix,micro,1536,241.56880400000000,payloads/matrix_micro.csv,intermediate/task_d_csv_to_matrix_1536mb_micro_2.out,88022,67716,98.37079,1.710711,77.466566,177.548067,0.8947980000000000,0.8741320000000000,,,,,,,,,,
d_csv_to_matrix,micro,1536,225.8591650000000,payloads/matrix_micro.csv,intermediate/task_d_csv_to_matrix_1536mb_micro_3.out,88022,67716,97.24006,2.237038,65.7637,165.240798,0.9052030000000000,1.0296870000000000,,,,,,,,,,
d_csv_to_matrix,micro,1536,239.058256000000,payloads/matrix_micro.csv,intermediate/task_d_csv_to_matrix_1536mb_micro_4.out,88022,67716,103.658066,1.70561,72.054935,177.418611,0.8491570000000001,0.9397830000000000,,,,,,,,,,
d_csv_to_matrix,micro,1536,226.6178130000000,payloads/matrix_micro.csv,intermediate/task_d_csv_to_matrix_1536mb_micro_5.out,88022,67716,92.144221,1.306283,68.606813,162.057317,0.9552630000000000,0.9870160000000000,,,,,,,,,,
d_csv_to_matrix,micro,2048,230.44395399999999,payloads/matrix_micro.csv,intermediate/task_d_csv_to_matrix_2048mb_micro_1.out,88022,67716,90.984508,2.596188,73.501546,167.082242,0.967439000000000,0.9212870000000000,,,,,,,,,,
d_csv_to_matrix,micro,2048,252.17247000000000,payloads/matrix_micro.csv,intermediate/task_d_csv_to_matrix_2048mb_micro_2.out,88022,67716,98.683776,2.233671,84.078414,184.995861,0.8919600000000000,0.805391000000000,,,,,,,,,,
d_csv_to_matrix,micro,2048,230.50975800000001,payloads/matrix_micro.csv,intermediate/task_d_csv_to_matrix_2048mb_micro_3.out,88022,67716,100.061103,2.349239,69.124888,171.53523,0.879682000000000,0.979618000000000,,,,,,,,,,
d_csv_to_matrix,micro,2048,230.20553600000000,payloads/matrix_micro.csv,intermediate/task_d_csv_to_matrix_2048mb_micro_4.out,88022,67716,94.655204,2.196106,64.246183,161.097493,0.9299220000000000,1.0540080000000001,,,,,,,,,,
d_csv_to_matrix,micro,2048,203.2923700000000,payloads/matrix_micro.csv,intermediate/task_d_csv_to_matrix_2048mb_micro_5.out,88022,67716,87.665903,2.090027,55.338272,145.094202,1.004062000000000,1.2236739999999999,,,,,,,,,,
d_csv_to_matrix,small,128,8146.244049000000,payloads/matrix_small.csv,intermediate/task_d_csv_to_matrix_128mb_small_0.out,4530348,3484804,3701.895573,2395.629078,1265.058182,7362.582833,1.2237910000000001,2.75465900000000,,,,,,,,,,
d_csv_to_matrix,small,128,477.1132470000000,payloads/matrix_small.csv,intermediate/task_d_csv_to_matrix_128mb_small_2.out,4530348,3484804,188.684806,101.983966,113.988384,404.657156,24.010137000000000,30.57157100000000,,,,,,,,,,
d_csv_to_matrix,small,128,456.6965100000000,payloads/matrix_small.csv,intermediate/task_d_csv_to_matrix_128mb_small_3.out,4530348,3484804,171.315853,77.546758,136.486618,385.349229,26.44441800000000,25.532202999999999,,,,,,,,,,
d_csv_to_matrix,small,128,449.0115640000000,payloads/matrix_small.csv,intermediate/task_d_csv_to_matrix_128mb_small_4.out,4530348,3484804,150.998546,86.695452,140.753011,378.447009,30.00259400000000,24.7582910000000,,,,,,,,,,
d_csv_to_matrix,small,128,444.40341000000001,payloads/matrix_small.csv,intermediate/task_d_csv_to_matrix_128mb_small_5.out,4530348,3484804,137.572302,86.47499,151.403117,375.450409,32.93066900000000,23.016725999999998,,,,,,,,,,
d_csv_to_matrix,small,256,2778.442144000000,payloads/matrix_small.csv,intermediate/task_d_csv_to_matrix_256mb_small_1.out,4530348,3484804,1197.96668,1099.291281,358.26785,2655.525811,3.781698000000000,9.726812000000001,,,,,,,,,,
d_csv_to_matrix,small,256,2736.7427349999998,payloads/matrix_small.csv,intermediate/task_d_csv_to_matrix_256mb_small_2.out,4530348,3484804,1202.997736,899.933621,395.937174,2498.868531,3.765882000000000,8.801406000000000,,,,,,,,,,
d_csv_to_matrix,small,256,2477.31351900000,payloads/matrix_small.csv,intermediate/task_d_csv_to_matrix_256mb_small_3.out,4530348,3484804,1097.242758,901.794968,371.119194,2370.15692,4.128847000000000,9.38998600000000,,,,,,,,,,
d_csv_to_matrix,small,256,2489.180088000000,payloads/matrix_small.csv,intermediate/task_d_csv_to_matrix_256mb_small_4.out,4530348,3484804,1095.04747,806.764838,451.653045,2353.465353,4.137125000000000,7.715666000000000,,,,,,,,,,
d_csv_to_matrix,small,256,2432.100534000000,payloads/matrix_small.csv,intermediate/task_d_csv_to_matrix_256mb_small_5.out,4530348,3484804,1008.026155,896.866999,359.474797,2264.367951,4.494276000000000,9.69415400000000,,,,,,,,,,
d_csv_to_matrix,small,512,1290.130615000000,payloads/matrix_small.csv,intermediate/task_d_csv_to_matrix_512mb_small_1.out,4530348,3484804,555.026422,406.145001,263.553434,1224.724857,8.162400999999999,13.222381000000000,,,,,,,,,,
d_csv_to_matrix,small,512,1217.942238000000,payloads/matrix_small.csv,intermediate/task_d_csv_to_matrix_512mb_small_2.out,4530348,3484804,557.76218,317.061206,277.85843,1152.681816,8.122365000000000,12.54165300000000,,,,,,,,,,
d_csv_to_matrix,small,512,1265.425444000000,payloads/matrix_small.csv,intermediate/task_d_csv_to_matrix_512mb_small_3.out,4530348,3484804,632.542745,310.456251,259.6866,1202.685596,7.162122000000000,13.419268000000001,,,,,,,,,,
d_csv_to_matrix,small,512,1335.2630140000001,payloads/matrix_small.csv,intermediate/task_d_csv_to_matrix_512mb_small_4.out,4530348,3484804,675.636103,388.476675,201.327372,1265.44015,6.705308000000000,17.3091420000000,,,,,,,,,,
d_csv_to_matrix,small,512,1259.9244120000001,payloads/matrix_small.csv,intermediate/task_d_csv_to_matrix_512mb_small_5.out,4530348,3484804,599.403737,309.971391,255.965743,1165.340871,7.55809100000000,13.614337000000001,,,,,,,,,,
d_csv_to_matrix,small,768,824.2039680000000,payloads/matrix_small.csv,intermediate/task_d_csv_to_matrix_768mb_small_1.out,4530348,3484804,327.738799,210.815605,214.219583,752.773987,13.82304400000000,16.26743900000000,,,,,,,,,,
d_csv_to_matrix,small,768,790.8811570000000,payloads/matrix_small.csv,intermediate/task_d_csv_to_matrix_768mb_small_2.out,4530348,3484804,314.773816,229.616848,180.730509,725.121173,14.392391999999999,19.28176900000000,,,,,,,,,,
d_csv_to_matrix,small,768,770.8084580000000,payloads/matrix_small.csv,intermediate/task_d_csv_to_matrix_768mb_small_3.out,4530348,3484804,332.440666,197.138662,173.660238,703.239566,13.627539000000001,20.06679300000000,,,,,,,,,,
d_csv_to_matrix,small,768,806.0877320000000,payloads/matrix_small.csv,intermediate/task_d_csv_to_matrix_768mb_small_4.out,4530348,3484804,349.651242,216.162261,163.289786,729.103289,12.956761999999999,21.34122500000000,,,,,,,,,,
d_csv_to_matrix,small,768,776.2949470000000,payloads/matrix_small.csv,intermediate/task_d_csv_to_matrix_768mb_small_5.out,4530348,3484804,349.25331,197.293908,162.247875,708.795093,12.971525000000000,21.47827200000000,,,,,,,,,,
d_csv_to_matrix,small,1024,768.0563930000000,payloads/matrix_small.csv,intermediate/task_d_csv_to_matrix_1024mb_small_1.out,4530348,3484804,312.777808,205.828713,179.291279,697.8978,14.48423700000000,19.436551000000001,,,,,,,,,,
d_csv_to_matrix,small,1024,808.9942930000000,payloads/matrix_small.csv,intermediate/task_d_csv_to_matrix_1024mb_small_2.out,4530348,3484804,343.572232,210.321877,189.697602,743.591711,13.18601300000000,18.37031100000000,,,,,,,,,,
d_csv_to_matrix,small,1024,765.2533050000000,payloads/matrix_small.csv,intermediate/task_d_csv_to_matrix_1024mb_small_3.out,4530348,3484804,256.564291,207.895727,235.87476,700.334778,17.657750000000000,14.7739590000000,,,,,,,,,,
d_csv_to_matrix,small,1024,731.3392160000000,payloads/matrix_small.csv,intermediate/task_d_csv_to_matrix_1024mb_small_4.out,4530348,3484804,299.407514,201.342629,161.840417,662.59056,15.131043000000000,21.5323470000000,,,,,,,,,,
d_csv_to_matrix,small,1024,679.9726490000000,payloads/matrix_small.csv,intermediate/task_d_csv_to_matrix_1024mb_small_5.out,4530348,3484804,254.526855,197.212985,156.219362,607.959202,17.799095999999999,22.30712000000000,,,,,,,,,,
d_csv_to_matrix,small,1536,476.2115480000000,payloads/matrix_small.csv,intermediate/task_d_csv_to_matrix_1536mb_small_1.out,4530348,3484804,173.477015,112.69915,121.952327,408.128492,26.11497600000000,28.57513300000000,,,,,,,,,,
d_csv_to_matrix,small,1536,513.8306620000000,payloads/matrix_small.csv,intermediate/task_d_csv_to_matrix_1536mb_small_2.out,4530348,3484804,200.239543,118.601006,130.984762,449.825311,22.624642000000001,26.604652000000002,,,,,,,,,,
d_csv_to_matrix,small,1536,469.9609280000000,payloads/matrix_small.csv,intermediate/task_d_csv_to_matrix_1536mb_small_3.out,4530348,3484804,197.530135,102.556344,109.251609,409.338088,22.93497100000000,31.897050000000000,,,,,,,,,,
d_csv_to_matrix,small,1536,470.7388880000000,payloads/matrix_small.csv,intermediate/task_d_csv_to_matrix_1536mb_small_4.out,4530348,3484804,166.96581,116.386221,124.817589,408.16962,27.13338700000000,27.91917400000000,,,,,,,,,,
d_csv_to_matrix,small,1536,478.8796900000000,payloads/matrix_small.csv,intermediate/task_d_csv_to_matrix_1536mb_small_5.out,4530348,3484804,172.575804,123.132096,104.850868,400.558768,26.25135100000000,33.235815000000002,,,,,,,,,,
d_csv_to_matrix,small,2048,465.5334950000000,payloads/matrix_small.csv,intermediate/task_d_csv_to_matrix_2048mb_small_1.out,4530348,3484804,146.089889,140.344726,112.994224,399.428839,31.010687999999998,30.84055000000000,,,,,,,,,,
d_csv_to_matrix,small,2048,475.2719400000000,payloads/matrix_small.csv,intermediate/task_d_csv_to_matrix_2048mb_small_2.out,4530348,3484804,163.541672,145.85671,105.674193,415.072575,27.70149000000000,32.9768690000000,,,,,,,,,,
d_csv_to_matrix,small,2048,538.611889000000,payloads/matrix_small.csv,intermediate/task_d_csv_to_matrix_2048mb_small_3.out,4530348,3484804,162.085701,189.620769,121.698873,473.405343,27.9503250000000,28.63464500000000,,,,,,,,,,
d_csv_to_matrix,small,2048,498.18944900000002,payloads/matrix_small.csv,intermediate/task_d_csv_to_matrix_2048mb_small_4.out,4530348,3484804,160.14341,130.669083,144.711337,435.52383,28.289318999999999,24.08107100000000,,,,,,,,,,
d_csv_to_matrix,small,2048,459.4919680000000,payloads/matrix_small.csv,intermediate/task_d_csv_to_matrix_2048mb_small_5.out,4530348,3484804,152.694747,127.4891,97.218995,377.402842,29.669311000000000,35.844887999999997,,,,,,,,,,
d_csv_to_matrix,medium,512,9785.758972000000,payloads/matrix_medium.csv,intermediate/task_d_csv_to_matrix_512mb_medium_1.out,45428557,34944804,3430.598922,4409.074889,1599.75765,9439.431461,13.242165000000000,21.843810999999999,,,,,,,,,,
d_csv_to_matrix,medium,512,9798.175573000,payloads/matrix_medium.csv,intermediate/task_d_csv_to_matrix_512mb_medium_2.out,45428557,34944804,3538.628404,4312.722491,1587.405405,9438.7563,12.837899999999999,22.013787000000001,,,,,,,,,,
d_csv_to_matrix,medium,512,9903.594494000001,payloads/matrix_medium.csv,intermediate/task_d_csv_to_matrix_512mb_medium_3.out,45428557,34944804,3645.654256,4208.064056,1767.950946,9621.669258,12.461016000000001,19.76570900000000,,,,,,,,,,
d_csv_to_matrix,medium,512,10493.363857000000,payloads/matrix_medium.csv,intermediate/task_d_csv_to_matrix_512mb_medium_4.out,45428557,34944804,3836.28117,4408.103965,1849.322816,10093.707951,11.841822000000001,18.89600000000000,,,,,,,,,,
d_csv_to_matrix,medium,512,10899.940014000000,payloads/matrix_medium.csv,intermediate/task_d_csv_to_matrix_512mb_medium_5.out,45428557,34944804,3647.594554,4009.865019,2854.848937,10512.30851,12.4543880000000,12.240508999999999,,,,,,,,,,
d_csv_to_matrix,medium,768,6118.705034000000,payloads/matrix_medium.csv,intermediate/task_d_csv_to_matrix_768mb_medium_1.out,45428557,34944804,1919.178744,2620.087321,1366.773829,5906.039894,23.670832000000001,25.56736400000000,,,,,,,,,,
d_csv_to_matrix,medium,768,6091.331720000000,payloads/matrix_medium.csv,intermediate/task_d_csv_to_matrix_768mb_medium_2.out,45428557,34944804,2153.794817,2574.495417,1205.0044,5933.294634,21.092333000000000,28.999731000000001,,,,,,,,,,
d_csv_to_matrix,medium,768,5899.550200000000,payloads/matrix_medium.csv,intermediate/task_d_csv_to_matrix_768mb_medium_3.out,45428557,34944804,2024.409345,2435.855801,1243.374779,5703.639925,22.4404010000000,28.10480400000000,,,,,,,,,,
d_csv_to_matrix,medium,768,5902.16589000000,payloads/matrix_medium.csv,intermediate/task_d_csv_to_matrix_768mb_medium_4.out,45428557,34944804,2233.364179,2490.971125,1001.379868,5725.715172,20.340864000000000,34.89665100000000,,,,,,,,,,
d_csv_to_matrix,medium,768,5391.364813000000,payloads/matrix_medium.csv,intermediate/task_d_csv_to_matrix_768mb_medium_5.out,45428557,34944804,1749.423744,2483.079855,982.689424,5215.193023,25.96772600000000,35.56037500000000,,,,,,,,,,
d_csv_to_matrix,medium,1024,5004.984140000000,payloads/matrix_medium.csv,intermediate/task_d_csv_to_matrix_1024mb_medium_1.out,45428557,34944804,1834.202285,2116.799515,941.35777,4892.35957,24.767474000000000,37.12170300000000,,,,,,,,,,
d_csv_to_matrix,medium,1024,5295.604229000000,payloads/matrix_medium.csv,intermediate/task_d_csv_to_matrix_1024mb_medium_2.out,45428557,34944804,1923.063783,2209.375506,988.546048,5120.985337,23.62301100000000,35.34969800000000,,,,,,,,,,
d_csv_to_matrix,medium,1024,6304.024220000000,payloads/matrix_medium.csv,intermediate/task_d_csv_to_matrix_1024mb_medium_3.out,45428557,34944804,2030.360891,2430.632801,1641.116423,6102.110115,22.37462200000000,21.293312000000000,,,,,,,,,,
d_csv_to_matrix,medium,1024,5090.3379919999998,payloads/matrix_medium.csv,intermediate/task_d_csv_to_matrix_1024mb_medium_4.out,45428557,34944804,1845.451771,2086.479004,1005.066997,4936.997772,24.61649600000000,34.76863100000000,,,,,,,,,,
d_csv_to_matrix,medium,1024,5796.827078000000,payloads/matrix_medium.csv,intermediate/task_d_csv_to_matrix_1024mb_medium_5.out,45428557,34944804,2044.019677,2377.967606,1189.467718,5611.455001,22.2251070000000,29.378522000000000,,,,,,,,,,
d_csv_to_matrix,medium,1536,3144.6642879999999,payloads/matrix_medium.csv,intermediate/task_d_csv_to_matrix_1536mb_medium_1.out,45428557,34944804,891.866786,1300.632707,859.845889,3052.345382,50.93648300000000,40.640776000000,,,,,,,,,,
d_csv_to_matrix,medium,1536,2694.112539000000,payloads/matrix_medium.csv,intermediate/task_d_csv_to_matrix_1536mb_medium_2.out,45428557,34944804,929.25882,1241.071655,423.538171,2593.868646,48.88687200000000,82.50685900000001,,,,,,,,,,
d_csv_to_matrix,medium,1536,2721.113682000000,payloads/matrix_medium.csv,intermediate/task_d_csv_to_matrix_1536mb_medium_3.out,45428557,34944804,866.833799,1271.137763,487.037462,2625.009024,52.40745900000000,71.74972500000000,,,,,,,,,,
d_csv_to_matrix,medium,1536,2988.7115960000001,payloads/matrix_medium.csv,intermediate/task_d_csv_to_matrix_1536mb_medium_4.out,45428557,34944804,932.909099,1328.519607,627.146561,2888.575267,48.69558800000000,55.72031500000000,,,,,,,,,,
d_csv_to_matrix,medium,1536,3203.04012300000,payloads/matrix_medium.csv,intermediate/task_d_csv_to_matrix_1536mb_medium_5.out,45428557,34944804,1109.739615,1267.08991,721.865686,3098.695211,40.936230999999999,48.409011000000,,,,,,,,,,
d_csv_to_matrix,medium,2048,3442.4307349999999,payloads/matrix_medium.csv,intermediate/task_d_csv_to_matrix_2048mb_medium_1.out,45428557,34944804,1044.944815,1730.215184,560.538317,3335.698316,43.47459900000000,62.341507999999997,,,,,,,,,,
d_csv_to_matrix,medium,2048,3441.4663310000001,payloads/matrix_medium.csv,intermediate/task_d_csv_to_matrix_2048mb_medium_2.out,45428557,34944804,931.810853,1704.744098,709.50528,3346.060231,48.752980999999998,49.252352000000002,,,,,,,,,,
d_csv_to_matrix,medium,2048,3615.1764389999998,payloads/matrix_medium.csv,intermediate/task_d_csv_to_matrix_2048mb_medium_3.out,45428557,34944804,1181.608207,1728.334298,597.267998,3507.210503,38.44637900000000,58.50774500000000,,,,,,,,,,
d_csv_to_matrix,medium,2048,3990.480423000000,payloads/matrix_medium.csv,intermediate/task_d_csv_to_matrix_2048mb_medium_4.out,45428557,34944804,1142.530282,1678.649062,1071.377595,3892.556939,39.76135900000000,32.61670200000000,,,,,,,,,,
d_csv_to_matrix,medium,2048,3427.354336000000,payloads/matrix_medium.csv,intermediate/task_d_csv_to_matrix_2048mb_medium_5.out,45428557,34944804,932.847353,1657.103253,736.592632,3326.543238,48.69881100000000,47.44115300000000,,,,,,,,,,
c_decompress,micro,128,226.91941299999999,payloads/matrix_micro.bin.gz,intermediate/task_c_decompress_128mb_micro_1.out,97378,102156,95.472599,1.051284,65.975044,162.498927,1.0199579999999999,1.5484039999999999,,,,,,,,,,
c_decompress,micro,128,229.33173199999999,payloads/matrix_micro.bin.gz,intermediate/task_c_decompress_128mb_micro_2.out,97378,102156,103.438856,0.980206,67.294503,171.713565,0.9414060000000000,1.518044000000000,,,,,,,,,,
c_decompress,micro,128,213.9041420000000,payloads/matrix_micro.bin.gz,intermediate/task_c_decompress_128mb_micro_3.out,97378,102156,91.508259,1.000879,64.299011,156.808149,1.0641440000000000,1.5887650000000000,,,,,,,,,,
c_decompress,micro,128,215.5594830000000,payloads/matrix_micro.bin.gz,intermediate/task_c_decompress_128mb_micro_4.out,97378,102156,91.461999,0.691428,60.877973,153.0314,1.06468300000000,1.678045000000000,,,,,,,,,,
c_decompress,micro,128,211.46416700000000,payloads/matrix_micro.bin.gz,intermediate/task_c_decompress_128mb_micro_5.out,97378,102156,87.170206,0.735263,57.536272,145.441741,1.1171020000000000,1.7755060000000000,,,,,,,,,,
c_decompress,micro,256,274.0895750000000,payloads/matrix_micro.bin.gz,intermediate/task_c_decompress_256mb_micro_1.out,97378,102156,129.359673,1.579327,70.456067,201.395067,0.7527690000000000,1.449925000000000,,,,,,,,,,
c_decompress,micro,256,273.27465999999998,payloads/matrix_micro.bin.gz,intermediate/task_c_decompress_256mb_micro_2.out,97378,102156,114.601583,1.639215,78.53363,194.774428,0.8497090000000000,1.3007930000000001,,,,,,,,,,
c_decompress,micro,256,267.11320899999998,payloads/matrix_micro.bin.gz,intermediate/task_c_decompress_256mb_micro_3.out,97378,102156,118.705057,1.253238,66.092224,186.050519,0.8203360000000000,1.5456580000000000,,,,,,,,,,
c_decompress,micro,256,240.4882910000000,payloads/matrix_micro.bin.gz,intermediate/task_c_decompress_256mb_micro_4.out,97378,102156,98.420249,1.4111,72.83706,172.668409,0.989410000000000,1.4025280000000000,,,,,,,,,,
c_decompress,micro,256,220.5073830000000,payloads/matrix_micro.bin.gz,intermediate/task_c_decompress_256mb_micro_5.out,97378,102156,94.452895,1.27394,54.999025,150.72586,1.0309690000000000,1.857415000000000,,,,,,,,,,
c_decompress,micro,512,238.16442499999999,payloads/matrix_micro.bin.gz,intermediate/task_c_decompress_512mb_micro_1.out,97378,102156,98.671578,1.688574,73.867288,174.22744,0.9868900000000000,1.3829670000000001,,,,,,,,,,
c_decompress,micro,512,221.90427800000001,payloads/matrix_micro.bin.gz,intermediate/task_c_decompress_512mb_micro_2.out,97378,102156,96.392429,1.050224,54.994464,152.437117,1.0102249999999999,1.8575690000000000,,,,,,,,,,
c_decompress,micro,512,215.9028050000000,payloads/matrix_micro.bin.gz,intermediate/task_c_decompress_512mb_micro_3.out,97378,102156,92.224321,1.03476,64.081705,157.340786,1.055882000000000,1.5941520000000000,,,,,,,,,,
c_decompress,micro,512,229.0663720000000,payloads/matrix_micro.bin.gz,intermediate/task_c_decompress_512mb_micro_4.out,97378,102156,92.207307,0.770685,75.955636,168.933628,1.0560769999999999,1.344943000000000,,,,,,,,,,
c_decompress,micro,512,215.4996400000000,payloads/matrix_micro.bin.gz,intermediate/task_c_decompress_512mb_micro_5.out,97378,102156,87.137851,1.200789,60.597178,148.935818,1.1175170000000001,1.6858210000000000,,,,,,,,,,
c_decompress,micro,768,220.7913400000000,payloads/matrix_micro.bin.gz,intermediate/task_c_decompress_768mb_micro_1.out,97378,102156,97.981527,1.046421,59.448374,158.476322,0.9938399999999999,1.7183990000000000,,,,,,,,,,
c_decompress,micro,768,229.14814899999999,payloads/matrix_micro.bin.gz,intermediate/task_c_decompress_768mb_micro_2.out,97378,102156,90.084294,1.073706,73.730774,164.888774,1.080965000000000,1.3855270000000000,,,,,,,,,,
c_decompress,micro,768,233.0293660000000,payloads/matrix_micro.bin.gz,intermediate/task_c_decompress_768mb_micro_3.out,97378,102156,101.124633,1.055451,68.897422,171.077506,0.96295000000000,1.4827260000000000,,,,,,,,,,
c_decompress,micro,768,237.78891600000000,payloads/matrix_micro.bin.gz,intermediate/task_c_decompress_768mb_micro_4.out,97378,102156,104.536671,0.714868,64.995671,170.24721,0.9315200000000000,1.5717350000000001,,,,,,,,,,
c_decompress,micro,768,230.3159240000000,payloads/matrix_micro.bin.gz,intermediate/task_c_decompress_768mb_micro_5.out,97378,102156,93.642043,0.807947,66.525686,160.975676,1.039896000000000,1.535587000000000,,,,,,,,,,
c_decompress,micro,1024,223.38342700000001,payloads/matrix_micro.bin.gz,intermediate/task_c_decompress_1024mb_micro_1.out,97378,102156,96.039336,1.410026,62.687521,160.136883,1.013939000000000,1.629607000000000,,,,,,,,,,
c_decompress,micro,1024,331.8495750000000,payloads/matrix_micro.bin.gz,intermediate/task_c_decompress_1024mb_micro_2.out,97378,102156,201.671324,1.262999,68.27148,271.205803,0.4828550000000000,1.4963200000000001,,,,,,,,,,
c_decompress,micro,1024,231.8897250000000,payloads/matrix_micro.bin.gz,intermediate/task_c_decompress_1024mb_micro_3.out,97378,102156,107.015213,1.232035,61.683277,169.930525,0.9099450000000000,1.656138000000000,,,,,,,,,,
c_decompress,micro,1024,249.67265100000000,payloads/matrix_micro.bin.gz,intermediate/task_c_decompress_1024mb_micro_4.out,97378,102156,111.085608,1.014067,73.845747,185.945422,0.8766030000000000,1.3833700000000000,,,,,,,,,,
c_decompress,micro,1024,259.03868699999998,payloads/matrix_micro.bin.gz,intermediate/task_c_decompress_1024mb_micro_5.out,97378,102156,105.990453,1.064648,87.59584,194.650941,0.9187430000000000,1.166220000000000,,,,,,,,,,
c_decompress,micro,1536,248.8167290000000,payloads/matrix_micro.bin.gz,intermediate/task_c_decompress_1536mb_micro_1.out,97378,102156,116.904081,2.308598,70.329337,189.542016,0.8329730000000000,1.4525380000000001,,,,,,,,,,
c_decompress,micro,1536,222.14484200000001,payloads/matrix_micro.bin.gz,intermediate/task_c_decompress_1536mb_micro_2.out,97378,102156,97.185253,1.26483,62.728596,161.178679,1.0019830000000001,1.6285400000000001,,,,,,,,,,
c_decompress,micro,1536,217.9324630000000,payloads/matrix_micro.bin.gz,intermediate/task_c_decompress_1536mb_micro_3.out,97378,102156,93.004959,1.219479,63.414824,157.639262,1.0470189999999999,1.6109169999999999,,,,,,,,,,
c_decompress,micro,1536,243.7441350000000,payloads/matrix_micro.bin.gz,intermediate/task_c_decompress_1536mb_micro_4.out,97378,102156,96.502061,0.881743,85.659639,183.043443,1.0090770000000000,1.192580000000000,,,,,,,,,,
c_decompress,micro,1536,201.2946610000000,payloads/matrix_micro.bin.gz,intermediate/task_c_decompress_1536mb_micro_5.out,97378,102156,99.279371,1.027931,39.647994,139.955296,0.9808480000000001,2.576574000000000,,,,,,,,,,
c_decompress,micro,2048,248.2781410000000,payloads/matrix_micro.bin.gz,intermediate/task_c_decompress_2048mb_micro_1.out,97378,102156,109.185451,1.946292,71.830359,182.962102,0.891859000000000,1.4221839999999999,,,,,,,,,,
c_decompress,micro,2048,267.9886820000000,payloads/matrix_micro.bin.gz,intermediate/task_c_decompress_2048mb_micro_2.out,97378,102156,111.899451,1.260909,81.591608,194.751968,0.870228000000000,1.2520410000000000,,,,,,,,,,
c_decompress,micro,2048,232.3203090000000,payloads/matrix_micro.bin.gz,intermediate/task_c_decompress_2048mb_micro_3.out,97378,102156,103.55849,1.571671,60.261822,165.391983,0.9403190000000000,1.695203000000000,,,,,,,,,,
c_decompress,micro,2048,227.9667850000000,payloads/matrix_micro.bin.gz,intermediate/task_c_decompress_2048mb_micro_4.out,97378,102156,102.577083,0.7009,59.628463,162.906446,0.9493150000000000,1.7132090000000000,,,,,,,,,,
c_decompress,micro,2048,234.5266340000000,payloads/matrix_micro.bin.gz,intermediate/task_c_decompress_2048mb_micro_5.out,97378,102156,100.76896,1.083882,57.292284,159.145126,0.9663490000000000,1.7830670000000000,,,,,,,,,,
c_decompress,small,128,4610.527277000000,payloads/matrix_small.bin.gz,intermediate/task_c_decompress_128mb_small_1.out,4986764,5235852,2502.456531,799.973093,1105.810654,4408.240278,1.992748000000000,4.734854000000000,,,,,,,,,,
c_decompress,small,128,4463.548422000000,payloads/matrix_small.bin.gz,intermediate/task_c_decompress_128mb_small_2.out,4986764,5235852,2501.159869,798.122506,971.987366,4271.269741,1.993781000000000,5.38674900000000,,,,,,,,,,
c_decompress,small,128,5690.2711390000004,payloads/matrix_small.bin.gz,intermediate/task_c_decompress_128mb_small_3.out,4986764,5235852,2796.521757,802.6696,1860.87053,5460.061887,1.783202000000000,2.813657000000000,,,,,,,,,,
c_decompress,small,128,4698.2715129999997,payloads/matrix_small.bin.gz,intermediate/task_c_decompress_128mb_small_4.out,4986764,5235852,2502.045847,797.057667,1162.268891,4461.372405,1.993075000000000,4.504854000000000,,,,,,,,,,
c_decompress,small,128,4808.7708949999997,payloads/matrix_small.bin.gz,intermediate/task_c_decompress_128mb_small_5.out,4986764,5235852,2597.178774,702.522672,1254.940604,4554.64205,1.920070000000000,4.17219100000000,,,,,,,,,,
c_decompress,small,256,2676.309586000000,payloads/matrix_small.bin.gz,intermediate/task_c_decompress_256mb_small_1.out,4986764,5235852,1393.730373,398.782093,664.709906,2457.222372,3.5779980000000000,7.876898000000000,,,,,,,,,,
c_decompress,small,256,2695.3437330000002,payloads/matrix_small.bin.gz,intermediate/task_c_decompress_256mb_small_2.out,4986764,5235852,1399.229123,465.203192,589.71794,2454.150255,3.563937000000000,8.878570000000000,,,,,,,,,,
c_decompress,small,256,2813.3292200000001,payloads/matrix_small.bin.gz,intermediate/task_c_decompress_256mb_small_3.out,4986764,5235852,1308.13761,500.764047,762.481064,2571.382721,3.812110000000000,6.866862000000000,,,,,,,,,,
c_decompress,small,256,2823.881865000000,payloads/matrix_small.bin.gz,intermediate/task_c_decompress_256mb_small_4.out,4986764,5235852,1495.009285,503.221872,596.648964,2594.880121,3.335607000000000,8.775430999999999,,,,,,,,,,
c_decompress,small,256,2861.754894000000,payloads/matrix_small.bin.gz,intermediate/task_c_decompress_256mb_small_5.out,4986764,5235852,1407.712503,503.572535,748.257181,2659.542219,3.5424590000000000,6.997396000000000,,,,,,,,,,
c_decompress,small,512,1279.7033790000000,payloads/matrix_small.bin.gz,intermediate/task_c_decompress_512mb_small_1.out,4986764,5235852,660.903866,195.314693,360.256683,1216.475242,7.5453700000000001,14.533671000000000,,,,,,,,,,
c_decompress,small,512,1196.0368160000000,payloads/matrix_small.bin.gz,intermediate/task_c_decompress_512mb_small_2.out,4986764,5235852,682.371986,191.465458,255.868968,1129.706412,7.307985000000000,20.46302100000000,,,,,,,,,,
c_decompress,small,512,1238.6949059999999,payloads/matrix_small.bin.gz,intermediate/task_c_decompress_512mb_small_3.out,4986764,5235852,592.719331,201.690307,354.476865,1148.886503,8.413365000000001,14.770645000000000,,,,,,,,,,
c_decompress,small,512,1184.112787000000,payloads/matrix_small.bin.gz,intermediate/task_c_decompress_512mb_small_4.out,4986764,5235852,648.919159,197.727407,272.328018,1118.974584,7.684723000000000,19.226270000000000,,,,,,,,,,
c_decompress,small,512,1174.016714000000,payloads/matrix_small.bin.gz,intermediate/task_c_decompress_512mb_small_5.out,4986764,5235852,574.748782,210.698715,333.105361,1118.552858,8.676424000000001,15.718306000000000,,,,,,,,,,
c_decompress,small,768,742.4905300000000,payloads/matrix_small.bin.gz,intermediate/task_c_decompress_768mb_small_1.out,4986764,5235852,316.415244,110.443516,246.879774,673.738534,15.760189000000000,21.20810400000000,,,,,,,,,,
c_decompress,small,768,708.3427910000000,payloads/matrix_small.bin.gz,intermediate/task_c_decompress_768mb_small_2.out,4986764,5235852,283.034111,120.200245,245.872351,649.106707,17.618950999999999,21.29500100000000,,,,,,,,,,
c_decompress,small,768,653.17702300000,payloads/matrix_small.bin.gz,intermediate/task_c_decompress_768mb_small_3.out,4986764,5235852,275.155518,115.360659,203.764682,594.280859,18.12343800000000,25.69558200000000,,,,,,,,,,
c_decompress,small,768,736.5117070000000,payloads/matrix_small.bin.gz,intermediate/task_c_decompress_768mb_small_4.out,4986764,5235852,320.506897,116.20314,236.440008,673.150045,15.55899100000000,22.14452600000000,,,,,,,,,,
c_decompress,small,768,723.6194610000000,payloads/matrix_small.bin.gz,intermediate/task_c_decompress_768mb_small_5.out,4986764,5235852,364.84653,104.039917,196.116451,665.002898,13.668113999999999,26.697669000000001,,,,,,,,,,
c_decompress,small,1024,767.6734920000000,payloads/matrix_small.bin.gz,intermediate/task_c_decompress_1024mb_small_1.out,4986764,5235852,338.155911,172.168059,194.229224,704.553194,14.74693700000000,26.957076000000001,,,,,,,,,,
c_decompress,small,1024,783.9109900000000,payloads/matrix_small.bin.gz,intermediate/task_c_decompress_1024mb_small_2.out,4986764,5235852,338.339149,120.397285,251.862011,710.598445,14.73895100000000,20.78857400000000,,,,,,,,,,
c_decompress,small,1024,896.7068200000000,payloads/matrix_small.bin.gz,intermediate/task_c_decompress_1024mb_small_3.out,4986764,5235852,370.162504,113.660323,349.322976,833.145803,13.471824000000000,14.988569999999999,,,,,,,,,,
c_decompress,small,1024,862.3530860000000,payloads/matrix_small.bin.gz,intermediate/task_c_decompress_1024mb_small_4.out,4986764,5235852,368.314958,126.026454,303.66048,798.001892,13.539401000000000,17.242453999999999,,,,,,,,,,
c_decompress,small,1024,864.5131590000000,payloads/matrix_small.bin.gz,intermediate/task_c_decompress_1024mb_small_5.out,4986764,5235852,322.068787,184.302875,294.231265,800.602927,15.483537000000000,17.795023000000000,,,,,,,,,,
c_decompress,small,1536,517.5948140000000,payloads/matrix_small.bin.gz,intermediate/task_c_decompress_1536mb_small_1.out,4986764,5235852,209.422458,80.688326,159.239462,449.350246,23.81198300000000,32.8803670000000,,,,,,,,,,
c_decompress,small,1536,724.5471480000000,payloads/matrix_small.bin.gz,intermediate/task_c_decompress_1536mb_small_2.out,4986764,5235852,179.158479,80.80191,397.994625,657.955014,27.83437300000000,13.15558500000000,,,,,,,,,,
c_decompress,small,1536,505.6641100000000,payloads/matrix_small.bin.gz,intermediate/task_c_decompress_1536mb_small_3.out,4986764,5235852,216.868922,90.992525,132.027161,439.888608,22.994368999999999,39.65738500000000,,,,,,,,,,
c_decompress,small,1536,522.8965280000000,payloads/matrix_small.bin.gz,intermediate/task_c_decompress_1536mb_small_4.out,4986764,5235852,221.143525,90.065717,150.779065,461.988307,22.54989800000000,34.72532500000000,,,,,,,,,,
c_decompress,small,1536,530.8911800000000,payloads/matrix_small.bin.gz,intermediate/task_c_decompress_1536mb_small_5.out,4986764,5235852,185.663991,95.493626,178.204674,459.362291,26.859079999999999,29.381115000000001,,,,,,,,,,
c_decompress,small,2048,751.5161040000000,payloads/matrix_small.bin.gz,intermediate/task_c_decompress_2048mb_small_1.out,4986764,5235852,339.360507,62.379547,274.4014,676.141454,14.69459100000000,19.080995999999999,,,,,,,,,,
c_decompress,small,2048,590.5077460000000,payloads/matrix_small.bin.gz,intermediate/task_c_decompress_2048mb_small_2.out,4986764,5235852,282.30432,64.121173,175.480371,521.905864,17.664497999999998,29.83725200000000,,,,,,,,,,
c_decompress,small,2048,8933.110237000001,payloads/matrix_small.bin.gz,intermediate/task_c_decompress_2048mb_small_3.out,4986764,5235852,251.711126,75.223009,8520.930407,8847.864542,19.811456000000000,0.6144700000000000,,,,,,,,,,
c_decompress,small,2048,539.5469670000000,payloads/matrix_small.bin.gz,intermediate/task_c_decompress_2048mb_small_4.out,4986764,5235852,249.954429,75.582938,144.76531,470.302677,19.95069300000000,36.167864000000002,,,,,,,,,,
c_decompress,small,2048,539.1018390000000,payloads/matrix_small.bin.gz,intermediate/task_c_decompress_2048mb_small_5.out,4986764,5235852,207.841584,83.42324,172.872854,464.137678,23.993099999999998,30.287299999999998,,,,,,,,,,
c_decompress,medium,512,8199.165106000000,payloads/matrix_medium.bin.gz,intermediate/task_c_decompress_512mb_medium_0.out,49893161,52387852,3749.729419,2000.335328,2376.513106,8126.577853,13.30580300000000,22.043998999999999,,,,,,,,,,
c_decompress,medium,512,8430.994272000000,payloads/matrix_medium.bin.gz,intermediate/task_c_decompress_512mb_medium_1.out,49893161,52387852,3852.180363,1894.393592,2620.075426,8366.649381,12.951928000000001,19.99478800000000,,,,,,,,,,
c_decompress,medium,512,7660.71343400000,payloads/matrix_medium.bin.gz,intermediate/task_c_decompress_512mb_medium_2.out,49893161,52387852,3821.324325,1898.611612,1883.30843,7603.244367,13.056509999999999,27.81692600000000,,,,,,,,,,
c_decompress,medium,512,8591.202735999999,payloads/matrix_medium.bin.gz,intermediate/task_c_decompress_512mb_medium_3.out,49893161,52387852,4050.478826,1906.926952,2569.531114,8526.936892,12.317843000000000,20.388097999999999,,,,,,,,,,
c_decompress,medium,512,8610.133170999999,payloads/matrix_medium.bin.gz,intermediate/task_c_decompress_512mb_medium_4.out,49893161,52387852,4165.758465,1991.334182,2389.761799,8546.854446,11.976969000000000,21.921787999999999,,,,,,,,,,
c_decompress,medium,512,8409.86442600000,payloads/matrix_medium.bin.gz,intermediate/task_c_decompress_512mb_medium_5.out,49893161,52387852,4007.119888,1990.870279,2292.210733,8290.2009,12.451128000000001,22.85472800000000,,,,,,,,,,
c_decompress,medium,768,5033.333302000000,payloads/matrix_medium.bin.gz,intermediate/task_c_decompress_768mb_medium_0.out,49893161,52387852,2057.89496,1173.105527,1725.019399,4956.019886,24.24475600000000,30.36942800000000,,,,,,,,,,
c_decompress,medium,768,4560.058832000000,payloads/matrix_medium.bin.gz,intermediate/task_c_decompress_768mb_medium_1.out,49893161,52387852,2024.043764,1090.412355,1379.943961,4494.40008,24.650238000000002,37.96375300000000,,,,,,,,,,
c_decompress,medium,768,5515.864372000000,payloads/matrix_medium.bin.gz,intermediate/task_c_decompress_768mb_medium_2.out,49893161,52387852,2165.347614,1089.880229,2199.937176,5455.165019,23.041640000000001,23.813340000000000,,,,,,,,,,
c_decompress,medium,768,4712.700844000000,payloads/matrix_medium.bin.gz,intermediate/task_c_decompress_768mb_medium_3.out,49893161,52387852,2168.711234,1165.734649,1318.368956,4652.814839,23.00590300000000,39.736866999999997,,,,,,,,,,
c_decompress,medium,768,4876.145840000000,payloads/matrix_medium.bin.gz,intermediate/task_c_decompress_768mb_medium_4.out,49893161,52387852,2235.876204,1094.714797,1487.299015,4817.890016,22.3148140000000,35.223483000000002,,,,,,,,,,
c_decompress,medium,768,4246.298790000000,payloads/matrix_medium.bin.gz,intermediate/task_c_decompress_768mb_medium_5.out,49893161,52387852,1976.030996,1093.883585,1099.449752,4169.364333,25.24917900000000,47.649155000000000,,,,,,,,,,
c_decompress,medium,1024,5612.350941000000,payloads/matrix_medium.bin.gz,intermediate/task_c_decompress_1024mb_medium_0.out,49893161,52387852,2201.212263,1312.202579,1867.271488,5380.68633,22.66622000000000,28.055830000000000,,,,,,,,,,
c_decompress,medium,1024,4805.149078000000,payloads/matrix_medium.bin.gz,intermediate/task_c_decompress_1024mb_medium_1.out,49893161,52387852,2146.262233,1303.513396,1294.512515,4744.288144,23.246535000000002,40.46917400000000,,,,,,,,,,
c_decompress,medium,1024,4881.660938000000,payloads/matrix_medium.bin.gz,intermediate/task_c_decompress_1024mb_medium_2.out,49893161,52387852,2153.730632,1298.781487,1368.501753,4821.013872,23.165924000000000,38.28117300000000,,,,,,,,,,
c_decompress,medium,1024,5121.379375000000,payloads/matrix_medium.bin.gz,intermediate/task_c_decompress_1024mb_medium_3.out,49893161,52387852,2372.502092,1283.028555,1399.811764,5055.342411,21.02976500000000,37.42492600000000,,,,,,,,,,
c_decompress,medium,1024,5171.868563000000,payloads/matrix_medium.bin.gz,intermediate/task_c_decompress_1024mb_medium_4.out,49893161,52387852,2341.231311,1308.593538,1447.390745,5097.215594,21.31065000000000,36.19468500000000,,,,,,,,,,
c_decompress,medium,1024,7617.673397000000,payloads/matrix_medium.bin.gz,intermediate/task_c_decompress_1024mb_medium_5.out,49893161,52387852,2458.718234,1303.445864,3793.041573,7555.205671,20.29234600000000,13.811567999999999,,,,,,,,,,
c_decompress,medium,1536,4151.708126000000,payloads/matrix_medium.bin.gz,intermediate/task_c_decompress_1536mb_medium_0.out,49893161,52387852,1245.381682,865.361246,1818.581854,3929.324782,40.06254600000000,28.80698000000000,,,,,,,,,,
c_decompress,medium,1536,3059.609890000000,payloads/matrix_medium.bin.gz,intermediate/task_c_decompress_1536mb_medium_1.out,49893161,52387852,1432.640288,724.31589,844.296792,3001.25297,34.826020999999997,62.04909500000000,,,,,,,,,,
c_decompress,medium,1536,4222.952843000000,payloads/matrix_medium.bin.gz,intermediate/task_c_decompress_1536mb_medium_2.out,49893161,52387852,1410.374824,867.745927,1875.690143,4153.810894,35.37581700000000,27.9299070000000,,,,,,,,,,
c_decompress,medium,1536,3090.2836320000001,payloads/matrix_medium.bin.gz,intermediate/task_c_decompress_1536mb_medium_3.out,49893161,52387852,1332.025815,822.71211,868.75572,3023.493645,37.45660200000000,60.30216600000000,,,,,,,,,,
c_decompress,medium,1536,3119.080782000000,payloads/matrix_medium.bin.gz,intermediate/task_c_decompress_1536mb_medium_4.out,49893161,52387852,1361.399652,838.479434,843.334719,3043.213805,36.64843100000000,62.11988100000000,,,,,,,,,,
c_decompress,medium,1536,3578.020096000000,payloads/matrix_medium.bin.gz,intermediate/task_c_decompress_1536mb_medium_5.out,49893161,52387852,1344.312417,798.214618,1367.774107,3510.301142,37.11426000000000,38.30153800000000,,,,,,,,,,
c_decompress,medium,2048,3460.9475140000000,payloads/matrix_medium.bin.gz,intermediate/task_c_decompress_2048mb_medium_0.out,49893161,52387852,1504.719092,629.709841,1094.66245,3229.091383,33.157791000000003,47.857540000000000,,,,,,,,,,
c_decompress,medium,2048,4695.913792000000,payloads/matrix_medium.bin.gz,intermediate/task_c_decompress_2048mb_medium_1.out,49893161,52387852,1562.435863,655.763743,2407.139226,4625.338832,31.932933999999999,21.76353200000000,,,,,,,,,,
c_decompress,medium,2048,4078.968525000000,payloads/matrix_medium.bin.gz,intermediate/task_c_decompress_2048mb_medium_2.out,49893161,52387852,1556.374988,669.830523,1788.927296,4015.132807,32.057288000000000,29.284506000000000,,,,,,,,,,
c_decompress,medium,2048,3515.899181000000,payloads/matrix_medium.bin.gz,intermediate/task_c_decompress_2048mb_medium_3.out,49893161,52387852,1626.77456,632.091133,1191.45388,3450.319573,30.66999100000000,43.96968500000000,,,,,,,,,,
c_decompress,medium,2048,3360.191584000000,payloads/matrix_medium.bin.gz,intermediate/task_c_decompress_2048mb_medium_4.out,49893161,52387852,1559.535831,648.033911,1078.950986,3286.520728,31.99231500000000,48.55443200000000,,,,,,,,,,
c_decompress,medium,2048,4049.800158000000,payloads/matrix_medium.bin.gz,intermediate/task_c_decompress_2048mb_medium_5.out,49893161,52387852,1687.685681,662.543507,1632.380825,3982.610013,29.563065000000002,32.09291100000000,,,,,,,,,,
c_decompress,large,1536,14655.235767000000,payloads/matrix_large.bin.gz,intermediate/task_c_decompress_1536mb_large_0.out,249631588,262113412,6332.56787,4011.862866,4092.951652,14437.382388,39.42027800000000,64.04019300000000,,,,,,,,,,
c_decompress,large,1536,15340.97695400000,payloads/matrix_large.bin.gz,intermediate/task_c_decompress_1536mb_large_1.out,249631588,262113412,6243.211514,4188.777306,4835.640025,15267.628845,39.98448400000000,54.20449200000000,,,,,,,,,,
c_decompress,large,1536,15345.593691000000,payloads/matrix_large.bin.gz,intermediate/task_c_decompress_1536mb_large_2.out,249631588,262113412,6507.604741,4268.427644,4490.42524,15266.457625,38.3599800000000,58.37162400000000,,,,,,,,,,
c_decompress,large,1536,15769.132137000001,payloads/matrix_large.bin.gz,intermediate/task_c_decompress_1536mb_large_3.out,249631588,262113412,6542.395927,4215.819949,4929.238496,15687.454372,38.15598900000000,53.17523400000000,,,,,,,,,,
c_decompress,large,1536,15593.41812100000,payloads/matrix_large.bin.gz,intermediate/task_c_decompress_1536mb_large_4.out,249631588,262113412,6310.881558,4096.256058,5105.577842,15512.715458,39.55574000000000,51.3386380000000,,,,,,,,,,
c_decompress,large,1536,15051.868677000000,payloads/matrix_large.bin.gz,intermediate/task_c_decompress_1536mb_large_5.out,249631588,262113412,6380.977691,4129.236037,4472.248212,14982.46194,39.121212999999997,58.60887000000000,,,,,,,,,,
c_decompress,large,2048,16321.088791000000,payloads/matrix_large.bin.gz,intermediate/task_c_decompress_2048mb_large_0.out,249631588,262113412,7640.904899,3456.017996,5006.086602,16103.009497,32.67042200000000,52.35894500000000,,,,,,,,,,
c_decompress,large,2048,17537.418841999999,payloads/matrix_large.bin.gz,intermediate/task_c_decompress_2048mb_large_1.out,249631588,262113412,7370.058759,3558.515978,6537.351658,17465.926395,33.87104400000000,40.09474000000000,,,,,,,,,,
c_decompress,large,2048,16654.53314800000,payloads/matrix_large.bin.gz,intermediate/task_c_decompress_2048mb_large_2.out,249631588,262113412,7503.191977,3497.844941,5592.196851,16593.233769,33.270052000000000,46.87127800000000,,,,,,,,,,
c_decompress,large,2048,15690.632820000001,payloads/matrix_large.bin.gz,intermediate/task_c_decompress_2048mb_large_4.out,249631588,262113412,7082.833761,3392.001797,5142.563007,15617.398565,35.244591999999997,50.96941200000000,,,,,,,,,,
c_decompress,large,2048,27648.37670300000,payloads/matrix_large.bin.gz,intermediate/task_c_decompress_2048mb_large_5.out,249631588,262113412,8143.018237,3595.858801,15829.208744,27568.085782,30.655904000000000,16.558845000000002,,,,,,,,,,
b_compress,large,1024,54391.4909360000,payloads/matrix_large.bin,intermediate/task_b_compress_1024mb_large_0.out,262113412,249631588,13628.838882,32704.410559,7859.564969,54192.81441,19.232263000000000,31.761502000000000,,,,,,,,,,
b_compress,large,1024,55921.42105100000,payloads/matrix_large.bin,intermediate/task_b_compress_1024mb_large_1.out,262113412,249631588,12142.302863,32927.772125,10755.410706,55825.485694,21.586796000000000,23.20986100000000,,,,,,,,,,
b_compress,large,1536,32171.382427000000,payloads/matrix_large.bin,intermediate/task_b_compress_1536mb_large_0.out,262113412,249631588,6656.476843,19013.576889,6278.599601,31948.653333,39.37719900000000,39.75911900000000,,,,,,,,,,
b_compress,large,1536,31153.626442000001,payloads/matrix_large.bin,intermediate/task_b_compress_1536mb_large_1.out,262113412,249631588,6751.143528,18805.428996,5523.73297,31080.305494,38.825038999999997,45.19255200000000,,,,,,,,,,
b_compress,large,2048,35916.003942000003,payloads/matrix_large.bin,intermediate/task_b_compress_2048mb_large_0.out,262113412,249631588,6643.538487,24612.285134,4448.051728,35703.875349,39.45388600000000,56.12155700000000,,,,,,,,,,
b_compress,large,2048,35259.44423700000,payloads/matrix_large.bin,intermediate/task_b_compress_2048mb_large_1.out,262113412,249631588,6470.261314,24659.142464,4065.368679,35194.772457,40.51048300000000,61.40441600000000,,,,,,,,,,
k_latency_bound,micro,256,13408.218384000000,payloads/seed_micro.bin,intermediate/task_k_latency_bound_256mb_micro_1.out,512016,16,13107.040474,6.795241,62.250427,13176.086142,0.0390640000000000,0.0002570000000000,,,,,740.309272,62.250427,12366.731202,,500.0,
k_latency_bound,micro,256,12931.163549000001,payloads/seed_micro.bin,intermediate/task_k_latency_bound_256mb_micro_2.out,512016,16,12497.250367,3.636254,57.59411,12558.480731,0.0409700000000000,0.0002780000000000,,,,,644.902052,57.59411,11852.348315,,500.0,
k_latency_bound,micro,256,12578.309536000001,payloads/seed_micro.bin,intermediate/task_k_latency_bound_256mb_micro_3.out,512016,16,12306.434511,29.605011,66.051101,12402.090623,0.0416060000000000,0.0002420000000000,,,,,726.348129,66.051101,11580.086382,,500.0,
k_latency_bound,micro,256,12573.712348999999,payloads/seed_micro.bin,intermediate/task_k_latency_bound_256mb_micro_4.out,512016,16,12380.01305,35.097432,66.671206,12481.781688,0.0413580000000000,0.0002400000000000,,,,,622.734588,66.671206,11757.278462,,500.0,
k_latency_bound,micro,256,12361.170529999999,payloads/seed_micro.bin,intermediate/task_k_latency_bound_256mb_micro_5.out,512016,16,12127.55037,3.800672,55.83823,12187.189272,0.0422190000000000,0.000287000000000,,,,,631.766314,55.83823,11495.784056,,500.0,
k_latency_bound,micro,512,9769.433736999999,payloads/seed_micro.bin,intermediate/task_k_latency_bound_512mb_micro_1.out,512016,16,9650.642394,3.640521,50.13844,9704.421355,0.0530550000000000,0.0003190000000000,,,,,282.764056,50.13844,9367.878338,,500.0,
k_latency_bound,micro,512,10124.275922999999,payloads/seed_micro.bin,intermediate/task_k_latency_bound_512mb_micro_2.out,512016,16,9815.673278,3.729924,64.883979,9884.287181,0.0521630000000000,0.000247000000000,,,,,276.113771,64.883979,9539.559507,,500.0,
k_latency_bound,micro,512,10249.404192000000,payloads/seed_micro.bin,intermediate/task_k_latency_bound_512mb_micro_3.out,512016,16,10100.186237,3.475114,55.84865,10159.510001,0.0506940000000000,0.0002860000000000,,,,,273.552213,55.84865,9826.634024,,500.0,
k_latency_bound,micro,512,9944.034576000000,payloads/seed_micro.bin,intermediate/task_k_latency_bound_512mb_micro_4.out,512016,16,9666.977657,3.697103,59.525064,9730.199824,0.0529650000000000,0.0002690000000000,,,,,321.101105,59.525064,9345.876552,,500.0,
k_latency_bound,micro,512,10020.4815860000,payloads/seed_micro.bin,intermediate/task_k_latency_bound_512mb_micro_5.out,512016,16,9644.328211,3.492536,57.611375,9705.432122,0.0530900000000000,0.0002780000000000,,,,,268.789362,57.611375,9375.538849,,500.0,
k_latency_bound,micro,768,10251.668215000000,payloads/seed_micro.bin,intermediate/task_k_latency_bound_768mb_micro_1.out,512016,16,10053.137736,4.656792,59.653799,10117.448327,0.050931000000000,0.0002680000000000,,,,,144.301468,59.653799,9908.836268,,500.0,
k_latency_bound,micro,768,10149.32107900000,payloads/seed_micro.bin,intermediate/task_k_latency_bound_768mb_micro_2.out,512016,16,9726.73996,3.783563,55.575253,9786.098776,0.052640000000000,0.0002880000000000,,,,,93.423886,55.575253,9633.316074,,500.0,
k_latency_bound,micro,768,10950.37818000000,payloads/seed_micro.bin,intermediate/task_k_latency_bound_768mb_micro_3.out,512016,16,10787.077056,8.537687,72.809874,10868.424617,0.047466000000000,0.0002200000000000,,,,,215.260243,72.809874,10571.816813,,500.0,
k_latency_bound,micro,768,10705.917120000000,payloads/seed_micro.bin,intermediate/task_k_latency_bound_768mb_micro_4.out,512016,16,10536.537743,5.38078,62.306398,10604.224921,0.0485940000000000,0.0002570000000000,,,,,182.217186,62.306398,10354.320557,,500.0,
k_latency_bound,micro,768,10327.804565000000,payloads/seed_micro.bin,intermediate/task_k_latency_bound_768mb_micro_5.out,512016,16,10007.57552,4.652548,68.579333,10080.807401,0.0511630000000000,0.0002330000000000,,,,,188.740843,68.579333,9818.834677,,500.0,
k_latency_bound,micro,1024,9958.694458000000,payloads/seed_micro.bin,intermediate/task_k_latency_bound_1024mb_micro_1.out,512016,16,9808.881961,4.541978,67.675512,9881.099451,0.0521990000000000,0.0002360000000000,,,,,131.61482,67.675512,9677.267141,,500.0,
k_latency_bound,micro,1024,8760.03384600000,payloads/seed_micro.bin,intermediate/task_k_latency_bound_1024mb_micro_2.out,512016,16,8622.160907,3.910154,58.200581,8684.271642,0.059384000000000,0.0002750000000000,,,,,175.177449,58.200581,8446.983458,,500.0,
k_latency_bound,micro,1024,9006.229877000000,payloads/seed_micro.bin,intermediate/task_k_latency_bound_1024mb_micro_3.out,512016,16,8867.776463,3.438303,59.195106,8930.409872,0.057739000000000,0.0002700000000000,,,,,90.217649,59.195106,8777.558814,,500.0,
k_latency_bound,micro,1024,9389.418363999999,payloads/seed_micro.bin,intermediate/task_k_latency_bound_1024mb_micro_4.out,512016,16,9162.693261,3.59754,54.145577,9220.436378,0.0558810000000000,0.0002950000000000,,,,,97.964155,54.145577,9064.729106,,500.0,
k_latency_bound,micro,1024,9488.518475999999,payloads/seed_micro.bin,intermediate/task_k_latency_bound_1024mb_micro_5.out,512016,16,9358.627277,4.068097,63.124166,9425.81954,0.0547110000000000,0.0002530000000000,,,,,157.129719,63.124166,9201.497558,,500.0,
k_latency_bound,micro,1536,9669.58212900000,payloads/seed_micro.bin,intermediate/task_k_latency_bound_1536mb_micro_1.out,512016,16,9492.204761,6.839588,65.377643,9564.421992,0.0539410000000000,0.0002450000000000,,,,,109.376746,65.377643,9382.828015,,500.0,
k_latency_bound,micro,1536,9837.701558999999,payloads/seed_micro.bin,intermediate/task_k_latency_bound_1536mb_micro_2.out,512016,16,9644.095196,3.892073,65.784301,9713.77157,0.0530910000000000,0.0002430000000000,,,,,110.647454,65.784301,9533.447742,,500.0,
k_latency_bound,micro,1536,9648.98681600000,payloads/seed_micro.bin,intermediate/task_k_latency_bound_1536mb_micro_3.out,512016,16,9485.104053,3.5518,79.185913,9567.841766,0.0539810000000000,0.0002020000000000,,,,,116.248802,79.185913,9368.855251,,500.0,
k_latency_bound,micro,1536,9549.834728000000,payloads/seed_micro.bin,intermediate/task_k_latency_bound_1536mb_micro_4.out,512016,16,9404.725627,3.230067,58.556863,9466.512557,0.0544420000000000,0.0002730000000000,,,,,98.421984,58.556863,9306.303643,,500.0,
k_latency_bound,micro,1536,9483.53385900000,payloads/seed_micro.bin,intermediate/task_k_latency_bound_1536mb_micro_5.out,512016,16,9231.007041,3.549508,60.804983,9295.361532,0.0554670000000000,0.0002630000000000,,,,,96.409404,60.804983,9134.597637,,500.0,
k_latency_bound,micro,2048,9089.513301999999,payloads/seed_micro.bin,intermediate/task_k_latency_bound_2048mb_micro_1.out,512016,16,8893.310131,2.969899,58.894167,8955.174197,0.0575730000000000,0.0002720000000000,,,,,99.682325,58.894167,8793.627806,,500.0,
k_latency_bound,micro,2048,8921.125650000000,payloads/seed_micro.bin,intermediate/task_k_latency_bound_2048mb_micro_2.out,512016,16,8703.840813,3.244507,62.300366,8769.385686,0.0588260000000000,0.0002570000000000,,,,,125.080727,62.300366,8578.760086,,500.0,
k_latency_bound,micro,2048,9636.80911100000,payloads/seed_micro.bin,intermediate/task_k_latency_bound_2048mb_micro_3.out,512016,16,9460.132855,2.748657,52.255948,9515.13746,0.0541240000000000,0.0003060000000000,,,,,104.970733,52.255948,9355.162122,,500.0,
k_latency_bound,micro,2048,8922.35803600000,payloads/seed_micro.bin,intermediate/task_k_latency_bound_2048mb_micro_4.out,512016,16,8731.045756,2.9176,52.798938,8786.762294,0.0586430000000000,0.0003030000000000,,,,,85.934108,52.798938,8645.111648,,500.0,
k_latency_bound,micro,2048,8715.046883000001,payloads/seed_micro.bin,intermediate/task_k_latency_bound_2048mb_micro_5.out,512016,16,8553.945985,2.588523,59.184916,8615.719424,0.0598570000000000,0.0002700000000000,,,,,119.073002,59.184916,8434.872983,,500.0,
k_latency_bound,small,128,79065.11449800000,payloads/seed_small.bin,intermediate/task_k_latency_bound_128mb_small_1.out,1024016,16,78050.385337,160.093248,85.245198,78295.723783,0.0131200000000000,0.0001880000000000,,,,,1664.956269,85.245198,76385.429068,,1000.0,
k_latency_bound,small,128,77529.69217300000,payloads/seed_small.bin,intermediate/task_k_latency_bound_128mb_small_2.out,1024016,16,76411.920344,286.636838,100.774735,76799.331917,0.0134010000000000,0.0001590000000000,,,,,1699.800097,100.774735,74712.120247,,1000.0,
k_latency_bound,small,128,76297.60789900000,payloads/seed_small.bin,intermediate/task_k_latency_bound_128mb_small_3.out,1024016,16,75239.04006,75.901537,138.760678,75453.702275,0.0136100000000000,0.0001150000000000,,,,,1447.091391,138.760678,73791.948669,,1000.0,
k_latency_bound,small,128,74949.74398600000,payloads/seed_small.bin,intermediate/task_k_latency_bound_128mb_small_4.out,1024016,16,74136.982499,77.727479,78.710434,74293.420412,0.0138120000000000,0.0002030000000000,,,,,1466.962731,78.710434,72670.019768,,1000.0,
k_latency_bound,small,128,75809.6182350000,payloads/seed_small.bin,intermediate/task_k_latency_bound_128mb_small_5.out,1024016,16,75149.576436,159.401686,82.563254,75391.541376,0.0136260000000000,0.0001940000000000,,,,,1692.640483,82.563254,73456.935953,,1000.0,
k_latency_bound,small,256,24381.30164100000,payloads/seed_small.bin,intermediate/task_k_latency_bound_256mb_small_0.out,1024016,16,23978.190231,44.963215,70.488271,24093.641717,0.0427060000000000,0.0002270000000000,,,,,643.167469,70.488271,23335.022762,,1000.0,
k_latency_bound,small,256,25660.06898900000,payloads/seed_small.bin,intermediate/task_k_latency_bound_256mb_small_1.out,1024016,16,25125.688942,7.730069,62.090568,25195.509579,0.0407560000000000,0.0002580000000000,,,,,625.654804,62.090568,24500.034138,,1000.0,
k_latency_bound,small,256,22717.982531000001,payloads/seed_small.bin,intermediate/task_k_latency_bound_256mb_small_3.out,1024016,16,22331.874026,29.944715,92.779056,22454.597797,0.0458540000000000,0.0001720000000000,,,,,601.587146,92.779056,21730.28688,,1000.0,
k_latency_bound,small,256,23154.635667999999,payloads/seed_small.bin,intermediate/task_k_latency_bound_256mb_small_4.out,1024016,16,22892.854086,38.020234,64.795649,22995.669969,0.0447310000000000,0.0002470000000000,,,,,732.596364,64.795649,22160.257722,,1000.0,
k_latency_bound,small,256,22642.83490200000,payloads/seed_small.bin,intermediate/task_k_latency_bound_256mb_small_5.out,1024016,16,22331.752091,7.246378,72.190157,22411.188626,0.0458550000000000,0.0002220000000000,,,,,627.004544,72.190157,21704.747547,,1000.0,
k_latency_bound,small,512,18005.528450000002,payloads/seed_small.bin,intermediate/task_k_latency_bound_512mb_small_1.out,1024016,16,17817.6139,7.250721,51.871475,17876.736096,0.0574720000000000,0.0003080000000000,,,,,239.812064,51.871475,17577.801836,,1000.0,
k_latency_bound,small,512,18431.803941999999,payloads/seed_small.bin,intermediate/task_k_latency_bound_512mb_small_2.out,1024016,16,18296.364726,8.301624,59.532414,18364.198764,0.0559680000000000,0.0002690000000000,,,,,233.065923,59.532414,18063.298803,,1000.0,
k_latency_bound,small,512,18071.32196400000,payloads/seed_small.bin,intermediate/task_k_latency_bound_512mb_small_4.out,1024016,16,17667.850929,7.302483,52.219212,17727.372624,0.0579590000000000,0.0003060000000000,,,,,316.369519,52.219212,17351.48141,,1000.0,
k_latency_bound,small,512,17933.363438000000,payloads/seed_small.bin,intermediate/task_k_latency_bound_512mb_small_5.out,1024016,16,17489.607252,6.966927,54.497588,17551.071767,0.0585500000000000,0.0002940000000000,,,,,295.274556,54.497588,17194.332696,,1000.0,
k_latency_bound,small,768,18749.648333000001,payloads/seed_small.bin,intermediate/task_k_latency_bound_768mb_small_1.out,1024016,16,18512.254225,7.931343,72.679723,18592.865291,0.0553160000000000,0.000220000000000,,,,,171.569595,72.679723,18340.68463,,1000.0,
k_latency_bound,small,768,17931.056023000001,payloads/seed_small.bin,intermediate/task_k_latency_bound_768mb_small_2.out,1024016,16,17744.930476,7.756261,57.632845,17810.319582,0.0577080000000000,0.0002780000000000,,,,,120.390212,57.632845,17624.540264,,1000.0,
k_latency_bound,small,768,18895.079374000001,payloads/seed_small.bin,intermediate/task_k_latency_bound_768mb_small_3.out,1024016,16,18756.916321,7.642609,52.078979,18816.637909,0.0545940000000000,0.0003070000000000,,,,,154.200854,52.078979,18602.715467,,1000.0,
k_latency_bound,small,768,18844.92588000000,payloads/seed_small.bin,intermediate/task_k_latency_bound_768mb_small_5.out,1024016,16,18643.208708,7.8788,66.397733,18717.485241,0.0549270000000000,0.000241000000000,,,,,147.603347,66.397733,18495.605361,,1000.0,
k_latency_bound,small,1024,17517.86208200000,payloads/seed_small.bin,intermediate/task_k_latency_bound_1024mb_small_1.out,1024016,16,17272.64988,7.233028,59.26591,17339.148818,0.0592850000000000,0.0002700000000000,,,,,152.402581,59.26591,17120.247299,,1000.0,
k_latency_bound,small,1024,18411.946058000001,payloads/seed_small.bin,intermediate/task_k_latency_bound_1024mb_small_3.out,1024016,16,18180.818898,7.758046,65.364189,18253.941133,0.0563240000000000,0.000245000000000,,,,,115.403305,65.364189,18065.415593,,1000.0,
k_latency_bound,small,1024,17957.81970000000,payloads/seed_small.bin,intermediate/task_k_latency_bound_1024mb_small_4.out,1024016,16,17797.665805,7.259723,62.055786,17866.981314,0.0575370000000000,0.0002580000000000,,,,,174.101033,62.055786,17623.564772,,1000.0,
k_latency_bound,small,1024,18443.548440999999,payloads/seed_small.bin,intermediate/task_k_latency_bound_1024mb_small_5.out,1024016,16,18293.197066,7.149642,54.808113,18355.154821,0.0559780000000000,0.0002920000000000,,,,,223.038019,54.808113,18070.159047,,1000.0,
k_latency_bound,small,1536,18342.47899100000,payloads/seed_small.bin,intermediate/task_k_latency_bound_1536mb_small_1.out,1024016,16,18022.571947,7.079638,53.605366,18083.256951,0.0568190000000000,0.0002980000000000,,,,,103.313797,53.605366,17919.25815,,1000.0,
k_latency_bound,small,1536,17930.86314200000,payloads/seed_small.bin,intermediate/task_k_latency_bound_1536mb_small_2.out,1024016,16,17495.545175,7.014852,62.814797,17565.374824,0.0585300000000000,0.0002550000000000,,,,,101.082966,62.814797,17394.462209,,1000.0,
k_latency_bound,small,1536,17974.631310000001,payloads/seed_small.bin,intermediate/task_k_latency_bound_1536mb_small_3.out,1024016,16,17842.035468,7.044213,54.888142,17903.967823,0.0573930000000000,0.0002920000000000,,,,,104.410966,54.888142,17737.624502,,1000.0,
k_latency_bound,small,1536,18389.45198100000,payloads/seed_small.bin,intermediate/task_k_latency_bound_1536mb_small_4.out,1024016,16,18245.239895,7.407413,58.936689,18311.583997,0.05612500000000,0.000271000000000,,,,,89.037096,58.936689,18156.202799,,1000.0,
k_latency_bound,small,2048,18128.978491000002,payloads/seed_small.bin,intermediate/task_k_latency_bound_2048mb_small_1.out,1024016,16,17981.142135,6.597769,66.886469,18054.626373,0.0569490000000000,0.0002390000000000,,,,,97.651116,66.886469,17883.491019,,1000.0,
k_latency_bound,small,2048,18265.268564000002,payloads/seed_small.bin,intermediate/task_k_latency_bound_2048mb_small_2.out,1024016,16,18111.78261,4.909263,70.198959,18186.890832,0.0565390000000000,0.000228000000000,,,,,95.767542,70.198959,18016.015068,,1000.0,
k_latency_bound,small,2048,18737.823486000001,payloads/seed_small.bin,intermediate/task_k_latency_bound_2048mb_small_3.out,1024016,16,18606.228686,5.62907,60.732742,18672.590498,0.0550360000000000,0.0002630000000000,,,,,109.556827,60.732742,18496.671859,,1000.0,
k_latency_bound,small,2048,20304.29244000000,payloads/seed_small.bin,intermediate/task_k_latency_bound_2048mb_small_4.out,1024016,16,20114.994081,5.106043,111.739345,20231.839469,0.0509080000000000,0.0001430000000000,,,,,86.345697,111.739345,20028.648384,,1000.0,
k_latency_bound,medium,256,39962.653160000002,payloads/seed_medium.bin,intermediate/task_k_latency_bound_256mb_medium_1.out,1536016,16,39550.160807,99.568273,62.321802,39712.050882,0.0388370000000000,0.0002570000000000,,,,,542.473688,62.321802,39007.687119,,1500.0,
k_latency_bound,medium,256,39400.94351800000,payloads/seed_medium.bin,intermediate/task_k_latency_bound_256mb_medium_2.out,1536016,16,38882.170563,66.196965,65.236038,39013.603566,0.0395040000000000,0.0002450000000000,,,,,631.618527,65.236038,38250.552036,,1500.0,
k_latency_bound,medium,256,40109.99369600000,payloads/seed_medium.bin,intermediate/task_k_latency_bound_256mb_medium_4.out,1536016,16,39799.10394,52.864869,110.024008,39961.992817,0.0385940000000000,0.000145000000000,,,,,666.368115,110.024008,39132.735825,,1500.0,
k_latency_bound,medium,256,44044.34871700000,payloads/seed_medium.bin,intermediate/task_k_latency_bound_256mb_medium_5.out,1536016,16,43570.500222,121.694591,64.603789,43756.798602,0.0352540000000000,0.0002480000000000,,,,,839.899963,64.603789,42730.600259,,1500.0,
k_latency_bound,medium,512,29250.30779800000,payloads/seed_medium.bin,intermediate/task_k_latency_bound_512mb_medium_1.out,1536016,16,29100.974212,10.752883,71.623201,29183.350296,0.052782000000000,0.0002230000000000,,,,,305.335327,71.623201,28795.638885,,1500.0,
k_latency_bound,medium,512,29079.981564999998,payloads/seed_medium.bin,intermediate/task_k_latency_bound_512mb_medium_2.out,1536016,16,28884.037329,11.531488,57.116766,28952.685583,0.053179000000000,0.0002800000000000,,,,,247.32029,57.116766,28636.717039,,1500.0,
k_latency_bound,medium,512,28677.207708000002,payloads/seed_medium.bin,intermediate/task_k_latency_bound_512mb_medium_4.out,1536016,16,28446.269881,11.901278,55.559265,28513.730424,0.0539970000000000,0.0002880000000000,,,,,279.16997,55.559265,28167.099911,,1500.0,
k_latency_bound,medium,512,29091.742753999999,payloads/seed_medium.bin,intermediate/task_k_latency_bound_512mb_medium_5.out,1536016,16,28906.693606,11.335499,46.966107,28964.995212,0.0531370000000000,0.0003410000000000,,,,,324.815758,46.966107,28581.877848,,1500.0,
k_latency_bound,medium,768,27864.224911000001,payloads/seed_medium.bin,intermediate/task_k_latency_bound_768mb_medium_1.out,1536016,16,27648.797201,11.902129,60.071965,27720.771295,0.0555550000000000,0.0002660000000000,,,,,149.766872,60.071965,27499.030329,,1500.0,
k_latency_bound,medium,768,28681.964636000,payloads/seed_medium.bin,intermediate/task_k_latency_bound_768mb_medium_2.out,1536016,16,28464.739784,11.89789,65.560087,28542.197761,0.0539620000000000,0.0002440000000,,,,,115.311933,65.560087,28349.427851,,1500.0,
k_latency_bound,medium,768,28991.918324999999,payloads/seed_medium.bin,intermediate/task_k_latency_bound_768mb_medium_3.out,1536016,16,28580.047424,15.221807,65.110259,28660.37949,0.0537440000000000,0.0002460000000000,,,,,176.951815,65.110259,28403.095609,,1500.0,
k_latency_bound,medium,768,28117.011546999998,payloads/seed_medium.bin,intermediate/task_k_latency_bound_768mb_medium_5.out,1536016,16,27965.58448,16.230264,56.018838,28037.833582,0.0549250000000000,0.0002860000000000,,,,,116.341319,56.018838,27849.243161,,1500.0,
k_latency_bound,medium,1024,26292.800664999999,payloads/seed_medium.bin,intermediate/task_k_latency_bound_1024mb_medium_1.out,1536016,16,25977.465782,11.008524,58.485439,26046.959745,0.0591290000000000,0.0002740000000000,,,,,197.27875,58.485439,25780.187032,,1500.0,
k_latency_bound,medium,1024,28144.038439000,payloads/seed_medium.bin,intermediate/task_k_latency_bound_1024mb_medium_2.out,1536016,16,27924.442108,11.693069,55.714598,27991.849775,0.0550060000000000,0.0002870000000000,,,,,226.148266,55.714598,27698.293842,,1500.0,
k_latency_bound,medium,1024,26457.351685000001,payloads/seed_medium.bin,intermediate/task_k_latency_bound_1024mb_medium_3.out,1536016,16,26230.070947,10.977731,58.678465,26299.727143,0.0585590000000000,0.0002730000000000,,,,,104.253282,58.678465,26125.817665,,1500.0,
k_latency_bound,medium,1024,25235.174655999999,payloads/seed_medium.bin,intermediate/task_k_latency_bound_1024mb_medium_5.out,1536016,16,25069.977505,13.137265,84.802174,25167.916944,0.0612690000000000,0.0001890000000000,,,,,95.587079,84.802174,24974.390426,,1500.0,
k_latency_bound,medium,1536,27874.717712000001,payloads/seed_medium.bin,intermediate/task_k_latency_bound_1536mb_medium_2.out,1536016,16,27723.342174,11.839563,65.090815,27800.272552,0.0554050000000000,0.0002460000000000,,,,,89.091934,65.090815,27634.25024,,1500.0,
k_latency_bound,medium,1536,28125.739573999999,payloads/seed_medium.bin,intermediate/task_k_latency_bound_1536mb_medium_4.out,1536016,16,27979.959477,10.66993,64.091378,28054.720785,0.0548970000000000,0.0002500000000000,,,,,106.294104,64.091378,27873.665373,,1500.0,
k_latency_bound,medium,1536,29027.99677800000,payloads/seed_medium.bin,intermediate/task_k_latency_bound_1536mb_medium_5.out,1536016,16,28790.781204,11.180821,69.574255,28871.53628,0.0533510000000000,0.0002300000000000,,,,,86.349178,69.574255,28704.432026,,1500.0,
k_latency_bound,medium,2048,27350.79836800000,payloads/seed_medium.bin,intermediate/task_k_latency_bound_2048mb_medium_1.out,1536016,16,27121.182803,15.547619,65.704031,27202.434453,0.0566350000000000,0.0002440000000000,,,,,110.393782,65.704031,27010.789021,,1500.0,
k_latency_bound,medium,2048,25559.221268000001,payloads/seed_medium.bin,intermediate/task_k_latency_bound_2048mb_medium_2.out,1536016,16,25407.71065,14.138661,58.793717,25480.643028,0.0604550000000000,0.0002720000000000,,,,,128.091281,58.793717,25279.619369,,1500.0,
k_latency_bound,medium,2048,27016.892672000002,payloads/seed_medium.bin,intermediate/task_k_latency_bound_2048mb_medium_4.out,1536016,16,26864.897681,15.636779,61.766138,26942.300598,0.0571760000000000,0.000259000000000,,,,,88.742109,61.766138,26776.155572,,1500.0,
k_latency_bound,medium,2048,25027.77624100000,payloads/seed_medium.bin,intermediate/task_k_latency_bound_2048mb_medium_5.out,1536016,16,24700.972109,13.288734,50.518091,24764.778934,0.0621840000000000,0.0003170000000000,,,,,118.331277,50.518091,24582.640832,,1500.0,
k_latency_bound,large,128,90736.0508440000,payloads/seed_large.bin,intermediate/task_k_latency_bound_128mb_large_0.out,2048016,16,90347.825547,123.182536,117.572879,90588.580962,0.02266800000000,0.0001360000000000,,,,,1131.790582,117.572879,89216.034965,,2000.0,
k_latency_bound,large,128,95941.2157540000,payloads/seed_large.bin,intermediate/task_k_latency_bound_128mb_large_2.out,2048016,16,95416.998526,213.414572,76.658584,95707.071682,0.0214640000000000,0.0002090000000000,,,,,1225.805833,76.658584,94191.192693,,2000.0,
k_latency_bound,large,128,92068.8169000000,payloads/seed_large.bin,intermediate/task_k_latency_bound_128mb_large_3.out,2048016,16,91465.024163,244.154859,62.553052,91771.732074,0.0223910000000000,0.0002560000000000,,,,,1339.825635,62.553052,90125.198528,,2000.0,
k_latency_bound,large,128,94835.18409700000,payloads/seed_large.bin,intermediate/task_k_latency_bound_128mb_large_4.out,2048016,16,94008.721988,208.544342,69.57494,94286.84127,0.0217850000000000,0.000230000000000,,,,,1139.957251,69.57494,92868.764737,,2000.0,
k_latency_bound,large,128,99339.9076460000,payloads/seed_large.bin,intermediate/task_k_latency_bound_128mb_large_5.out,2048016,16,98825.433469,172.7944,63.827336,99062.055205,0.0207240000000000,0.0002510000000000,,,,,1128.776892,63.827336,97696.656577,,2000.0,
k_latency_bound,large,256,53669.39353900000,payloads/seed_large.bin,intermediate/task_k_latency_bound_256mb_large_0.out,2048016,16,47263.375722,42.58217,63.919408,47369.8773,0.0433320000000000,0.0002500000000000,,,,,168.447528,63.919408,47094.928194,,2000.0,
k_latency_bound,large,256,52541.855812000002,payloads/seed_large.bin,intermediate/task_k_latency_bound_256mb_large_1.out,2048016,16,51765.764239,73.193016,58.595213,51897.552468,0.0395630000000000,0.0002730000000000,,,,,710.432131,58.595213,51055.332108,,2000.0,
k_latency_bound,large,256,53566.253662000003,payloads/seed_large.bin,intermediate/task_k_latency_bound_256mb_large_3.out,2048016,16,52964.375881,86.545347,71.942261,53122.863489,0.038668000000000,0.0002220000000000,,,,,635.461532,71.942261,52328.914349,,2000.0,
k_latency_bound,large,256,66180.66644700000,payloads/seed_large.bin,intermediate/task_k_latency_bound_256mb_large_4.out,2048016,16,65601.534218,209.342806,64.382457,65875.259481,0.031219000000000,0.0002490000000000,,,,,621.324957,64.382457,64980.209261,,2000.0,
k_latency_bound,large,256,54879.76360300000,payloads/seed_large.bin,intermediate/task_k_latency_bound_256mb_large_5.out,2048016,16,54521.243603,44.612647,49.371516,54615.227766,0.0375640000000000,0.0003240000000000,,,,,657.149417,49.371516,53864.094186,,2000.0,
k_latency_bound,large,512,40563.92550500000,payloads/seed_large.bin,intermediate/task_k_latency_bound_512mb_large_0.out,2048016,16,38281.495086,16.413508,64.7172,38362.625794,0.0534990000000000,0.0002470000000000,,,,,130.97178,64.7172,38150.523306,,2000.0,
k_latency_bound,large,512,39949.56612600000,payloads/seed_large.bin,intermediate/task_k_latency_bound_512mb_large_1.out,2048016,16,39629.053511,19.393042,67.856196,39716.302749,0.0516800000000000,0.0002360000000000,,,,,334.133581,67.856196,39294.91993,,2000.0,
k_latency_bound,large,512,42196.83051100000,payloads/seed_large.bin,intermediate/task_k_latency_bound_512mb_large_2.out,2048016,16,41951.751371,18.065418,69.962654,42039.779443,0.0488180000000000,0.0002290000000000,,,,,268.325872,69.962654,41683.425499,,2000.0,
k_latency_bound,large,512,41868.46828500000,payloads/seed_large.bin,intermediate/task_k_latency_bound_512mb_large_4.out,2048016,16,41604.414506,17.577335,58.517591,41680.509432,0.0492260000000000,0.0002730000000000,,,,,337.974811,58.517591,41266.439695,,2000.0,
k_latency_bound,large,512,39743.11637900000,payloads/seed_large.bin,intermediate/task_k_latency_bound_512mb_large_5.out,2048016,16,39457.813563,18.315115,55.705683,39531.834361,0.0519040000000000,0.0002870000000000,,,,,286.226862,55.705683,39171.586701,,2000.0,
k_latency_bound,large,768,38308.06088400000,payloads/seed_large.bin,intermediate/task_k_latency_bound_768mb_large_1.out,2048016,16,38128.078662,18.036388,62.811966,38208.927016,0.0537140000000000,0.0002550000000000,,,,,158.295999,62.811966,37969.782663,,2000.0,
k_latency_bound,large,768,38412.036180000003,payloads/seed_large.bin,intermediate/task_k_latency_bound_768mb_large_2.out,2048016,16,38211.401919,21.169184,64.210092,38296.781195,0.053597000000000,0.0002490000000000,,,,,156.999075,64.210092,38054.402844,,2000.0,
k_latency_bound,large,768,38822.43728600000,payloads/seed_large.bin,intermediate/task_k_latency_bound_768mb_large_3.out,2048016,16,37423.801948,15.876542,57.877457,37497.555947,0.0547250000000000,0.0002760000000000,,,,,230.360092,57.877457,37193.441856,,2000.0,
k_latency_bound,large,768,36670.11380200000,payloads/seed_large.bin,intermediate/task_k_latency_bound_768mb_large_4.out,2048016,16,36343.264407,16.224727,61.684171,36421.173305,0.0563520000000000,0.0002590000000000,,,,,124.428157,61.684171,36218.83625,,2000.0,
k_latency_bound,large,768,37694.68069100000,payloads/seed_large.bin,intermediate/task_k_latency_bound_768mb_large_5.out,2048016,16,37515.782915,16.186732,58.766425,37590.736072,0.0545910000000000,0.0002720000000000,,,,,123.015924,58.766425,37392.766991,,2000.0,
k_latency_bound,large,1024,36874.49908300000,payloads/seed_large.bin,intermediate/task_k_latency_bound_1024mb_large_1.out,2048016,16,36707.351389,14.379632,68.890805,36790.621826,0.0557930000000000,0.0002320000000000,,,,,162.076061,68.890805,36545.275328,,2000.0,
k_latency_bound,large,1024,35741.88017800000,payloads/seed_large.bin,intermediate/task_k_latency_bound_1024mb_large_2.out,2048016,16,35508.388989,15.38251,73.635391,35597.40689,0.0576770000000000,0.0002170000000000,,,,,211.167748,73.635391,35297.221241,,2000.0,
k_latency_bound,large,1024,34007.99918200000,payloads/seed_large.bin,intermediate/task_k_latency_bound_1024mb_large_3.out,2048016,16,32733.683672,14.251308,61.006742,32808.941722,0.0625660000000000,0.0002620000000000,,,,,209.432963,61.006742,32524.250709,,2000.0,
k_latency_bound,large,1024,35923.86817900000,payloads/seed_large.bin,intermediate/task_k_latency_bound_1024mb_large_4.out,2048016,16,35779.047995,15.919113,51.169364,35846.136472,0.057241000000000,0.0003130000000000,,,,,193.426765,51.169364,35585.62123,,2000.0,
k_latency_bound,large,1024,34858.049631000002,payloads/seed_large.bin,intermediate/task_k_latency_bound_1024mb_large_5.out,2048016,16,34598.397478,17.628719,73.856989,34689.883186,0.059194000000000,0.0002170000000000,,,,,210.770791,73.856989,34387.626687,,2000.0,
k_latency_bound,large,1536,36148.97704100000,payloads/seed_large.bin,intermediate/task_k_latency_bound_1536mb_large_1.out,2048016,16,35889.429525,14.011027,65.032147,35968.472699,0.0570650000000000,0.0002460000000000,,,,,113.713989,65.032147,35775.715536,,2000.0,
k_latency_bound,large,1536,37676.50580400000,payloads/seed_large.bin,intermediate/task_k_latency_bound_1536mb_large_2.out,2048016,16,37511.882121,20.441407,75.95676,37608.280288,0.0545960000000000,0.0002110000000000,,,,,104.770646,75.95676,37407.111475,,2000.0,
k_latency_bound,large,1536,37978.458404999998,payloads/seed_large.bin,intermediate/task_k_latency_bound_1536mb_large_3.out,2048016,16,37286.084545,14.824638,71.20149,37372.110673,0.0549270000000000,0.0002250000000000,,,,,130.27703,71.20149,37155.807515,,2000.0,
k_latency_bound,large,1536,36815.97805000000,payloads/seed_large.bin,intermediate/task_k_latency_bound_1536mb_large_4.out,2048016,16,36608.249598,19.87184,55.829969,36683.951407,0.055944000000000,0.000287000000000,,,,,100.762075,55.829969,36507.487523,,2000.0,
k_latency_bound,large,1536,36365.12732500000,payloads/seed_large.bin,intermediate/task_k_latency_bound_1536mb_large_5.out,2048016,16,36148.366261,13.874937,48.022566,36210.263764,0.0566560000000000,0.0003330000000000,,,,,85.33385,48.022566,36063.032411,,2000.0,
k_latency_bound,large,2048,33394.97494700000,payloads/seed_large.bin,intermediate/task_k_latency_bound_2048mb_large_1.out,2048016,16,33222.077971,9.830041,60.147872,33292.055884,0.0616460000000000,0.0002660000000000,,,,,106.980935,60.147872,33115.097036,,2000.0,
k_latency_bound,large,2048,33393.39828500000,payloads/seed_large.bin,intermediate/task_k_latency_bound_2048mb_large_2.out,2048016,16,33013.16078,10.418187,60.865614,33084.444581,0.0620360000000000,0.0002630000000000,,,,,94.80493,60.865614,32918.35585,,2000.0,
k_latency_bound,large,2048,35338.377237000001,payloads/seed_large.bin,intermediate/task_k_latency_bound_2048mb_large_3.out,2048016,16,34426.159344,18.794405,69.414054,34514.367803,0.0594900000000000,0.0002310000000000,,,,,119.261223,69.414054,34306.898121,,2000.0,
k_latency_bound,large,2048,35080.242395000,payloads/seed_large.bin,intermediate/task_k_latency_bound_2048mb_large_4.out,2048016,16,34936.229272,10.701061,63.535894,35010.466227,0.0586220000000000,0.0002520000000000,,,,,99.418252,63.535894,34836.81102,,2000.0,
k_latency_bound,large,2048,36216.219425000003,payloads/seed_large.bin,intermediate/task_k_latency_bound_2048mb_large_5.out,2048016,16,35882.860414,19.008025,48.544716,35950.413155,0.0570750000000000,0.0003300000000000,,,,,104.531643,48.544716,35778.328771,,2000.0,
g_reduce,micro,256,893.71657400000,payloads/matrix_micro.bin,intermediate/task_g_reduce_256mb_micro_1.out,102156,16,600.092218,0.200722,47.712519,648.005459,0.1702340000000000,0.0003350000000000,,,,,,,,,,
g_reduce,micro,256,914.2224790000000,payloads/matrix_micro.bin,intermediate/task_g_reduce_256mb_micro_2.out,102156,16,595.987793,0.297384,56.486165,652.771342,0.1714060000000000,0.0002830000000000,,,,,,,,,,
g_reduce,micro,256,927.7167320000000,payloads/matrix_micro.bin,intermediate/task_g_reduce_256mb_micro_3.out,102156,16,641.221666,0.201543,47.366112,688.789321,0.1593150000000000,0.0003380000000000,,,,,,,,,,
g_reduce,micro,256,909.5251560000000,payloads/matrix_micro.bin,intermediate/task_g_reduce_256mb_micro_4.out,102156,16,629.771564,0.143349,63.518292,693.433205,0.1622110000000000,0.0002520000000000,,,,,,,,,,
g_reduce,micro,256,800.8458610000000,payloads/matrix_micro.bin,intermediate/task_g_reduce_256mb_micro_5.out,102156,16,526.384772,0.237241,66.309965,592.931978,0.1940710000000000,0.0002410000000000,,,,,,,,,,
g_reduce,micro,512,253.41367700000001,payloads/matrix_micro.bin,intermediate/task_g_reduce_512mb_micro_1.out,102156,16,118.875908,0.223512,73.38397,192.48339,0.8593499999999999,0.0002180000000000,,,,,,,,,,
g_reduce,micro,512,222.30291399999999,payloads/matrix_micro.bin,intermediate/task_g_reduce_512mb_micro_2.out,102156,16,97.124798,0.225974,56.992617,154.343389,1.0518010000000000,0.00028100000000,,,,,,,,,,
g_reduce,micro,512,225.6014350000000,payloads/matrix_micro.bin,intermediate/task_g_reduce_512mb_micro_3.out,102156,16,109.570707,0.24105,44.842394,154.654151,0.9323290000000000,0.00035700000000,,,,,,,,,,
g_reduce,micro,512,213.2778170000000,payloads/matrix_micro.bin,intermediate/task_g_reduce_512mb_micro_4.out,102156,16,97.865892,0.218549,58.296111,156.380552,1.0438369999999999,0.0002740000000000,,,,,,,,,,
g_reduce,micro,512,234.79366300000001,payloads/matrix_micro.bin,intermediate/task_g_reduce_512mb_micro_5.out,102156,16,89.940184,0.114991,79.68822,169.743395,1.1358220000000001,0.0002010000000000,,,,,,,,,,
g_reduce,micro,768,333.68635200000000,payloads/matrix_micro.bin,intermediate/task_g_reduce_768mb_micro_1.out,102156,16,215.573589,0.305767,51.915465,267.794821,0.4738800000000,0.0003080000000000,,,,,,,,,,
g_reduce,micro,768,299.47566999999998,payloads/matrix_micro.bin,intermediate/task_g_reduce_768mb_micro_2.out,102156,16,187.071438,0.231822,48.580788,235.884048,0.5460800000000000,0.0003290000000000,,,,,,,,,,
g_reduce,micro,768,304.6298030000000,payloads/matrix_micro.bin,intermediate/task_g_reduce_768mb_micro_3.out,102156,16,183.251111,0.200604,50.737685,234.1894,0.5574650000000000,0.0003150000000000,,,,,,,,,,
g_reduce,micro,768,294.14844499999998,payloads/matrix_micro.bin,intermediate/task_g_reduce_768mb_micro_4.out,102156,16,189.328658,0.499805,41.815284,231.643747,0.5395700000000000,0.0003830000000000,,,,,,,,,,
g_reduce,micro,768,278.9735790000000,payloads/matrix_micro.bin,intermediate/task_g_reduce_768mb_micro_5.out,102156,16,168.28507,0.234788,43.803867,212.323725,0.6070410000000001,0.0003650000000000,,,,,,,,,,
g_reduce,micro,1024,342.1366210000000,payloads/matrix_micro.bin,intermediate/task_g_reduce_1024mb_micro_1.out,102156,16,194.516092,0.206728,57.758764,252.481584,0.525180000000000,0.000277000000000,,,,,,,,,,
g_reduce,micro,1024,279.30188199999998,payloads/matrix_micro.bin,intermediate/task_g_reduce_1024mb_micro_2.out,102156,16,128.31801,0.215064,78.644464,207.177538,0.7961160000000000,0.0002030000000000,,,,,,,,,,
g_reduce,micro,1024,230.76987299999999,payloads/matrix_micro.bin,intermediate/task_g_reduce_1024mb_micro_3.out,102156,16,117.981498,0.197243,45.419672,163.598413,0.865865000000000,0.0003520000000000,,,,,,,,,,
g_reduce,micro,1024,255.51080700000000,payloads/matrix_micro.bin,intermediate/task_g_reduce_1024mb_micro_4.out,102156,16,129.292055,0.194752,55.903761,185.390568,0.7901180000000000,0.0002860000000000,,,,,,,,,,
g_reduce,micro,1024,246.1390500000000,payloads/matrix_micro.bin,intermediate/task_g_reduce_1024mb_micro_5.out,102156,16,111.646231,0.254238,54.297495,166.197964,0.91499700000000,0.0002950000000000,,,,,,,,,,
g_reduce,micro,1536,241.27626400000000,payloads/matrix_micro.bin,intermediate/task_g_reduce_1536mb_micro_1.out,102156,16,126.375576,0.229074,51.164441,177.769091,0.8083520000000000,0.0003130000000000,,,,,,,,,,
g_reduce,micro,1536,208.5542680000000,payloads/matrix_micro.bin,intermediate/task_g_reduce_1536mb_micro_2.out,102156,16,97.562211,0.18115,52.19952,149.942881,1.047086000000000,0.0003070000000000,,,,,,,,,,
g_reduce,micro,1536,235.75401299999999,payloads/matrix_micro.bin,intermediate/task_g_reduce_1536mb_micro_3.out,102156,16,120.187954,0.18363,54.218779,174.590363,0.8499690000000000,0.0002950000000000,,,,,,,,,,
g_reduce,micro,1536,190.2098660000000,payloads/matrix_micro.bin,intermediate/task_g_reduce_1536mb_micro_4.out,102156,16,91.193273,0.277539,40.268494,131.739306,1.120214000000000,0.0003970000000000,,,,,,,,,,
g_reduce,micro,1536,235.8582020000000,payloads/matrix_micro.bin,intermediate/task_g_reduce_1536mb_micro_5.out,102156,16,115.405479,0.198696,58.244545,173.84872,0.8851920000000000,0.0002750000000000,,,,,,,,,,
g_reduce,micro,2048,247.02715900000001,payloads/matrix_micro.bin,intermediate/task_g_reduce_2048mb_micro_1.out,102156,16,100.710153,0.35133,82.405411,183.466894,1.0143570000000000,0.0001940000000000,,,,,,,,,,
g_reduce,micro,2048,190.70053100000001,payloads/matrix_micro.bin,intermediate/task_g_reduce_2048mb_micro_2.out,102156,16,85.736656,0.198582,44.950296,130.885534,1.1915089999999999,0.0003560000000000,,,,,,,,,,
g_reduce,micro,2048,203.479528000000,payloads/matrix_micro.bin,intermediate/task_g_reduce_2048mb_micro_3.out,102156,16,97.701062,0.285581,44.551182,142.537825,1.0455980000000000,0.0003590000000000,,,,,,,,,,
g_reduce,micro,2048,199.8531820000000,payloads/matrix_micro.bin,intermediate/task_g_reduce_2048mb_micro_4.out,102156,16,86.559127,0.232923,54.437836,141.229886,1.18018800000000,0.0002940000000000,,,,,,,,,,
g_reduce,micro,2048,191.2403110000000,payloads/matrix_micro.bin,intermediate/task_g_reduce_2048mb_micro_5.out,102156,16,86.349862,0.326984,45.499873,132.176719,1.1830480000000001,0.000352000000000,,,,,,,,,,
g_reduce,small,256,1690.143347000000,payloads/matrix_small.bin,intermediate/task_g_reduce_256mb_small_1.out,5235852,16,1490.754241,0.703952,47.960614,1539.418807,3.5122170000000001,0.000334000000000,,,,,,,,,,
g_reduce,small,256,1520.7998749999999,payloads/matrix_small.bin,intermediate/task_g_reduce_256mb_small_2.out,5235852,16,1298.79953,0.514859,65.662097,1364.976486,4.031301000000000,0.0002440000000000,,,,,,,,,,
g_reduce,small,256,1490.5426500000001,payloads/matrix_small.bin,intermediate/task_g_reduce_256mb_small_3.out,5235852,16,1202.48109,0.664423,56.23678,1259.382293,4.354207000000000,0.0002850000000000,,,,,,,,,,
g_reduce,small,256,1698.5523700000001,payloads/matrix_small.bin,intermediate/task_g_reduce_256mb_small_4.out,5235852,16,1309.345246,88.162626,54.796938,1452.30481,3.998832000000000,0.0002920000000000,,,,,,,,,,
g_reduce,small,256,1599.5433330000001,payloads/matrix_small.bin,intermediate/task_g_reduce_256mb_small_5.out,5235852,16,1394.541608,0.566126,58.383044,1453.490778,3.754533000000000,0.000274000000000,,,,,,,,,,
g_reduce,small,512,680.145264000000,payloads/matrix_small.bin,intermediate/task_g_reduce_512mb_small_1.out,5235852,16,495.337843,75.65609,45.295637,616.28957,10.570264000000000,0.00035300000000,,,,,,,,,,
g_reduce,small,512,617.1493530000000,payloads/matrix_small.bin,intermediate/task_g_reduce_512mb_small_2.out,5235852,16,501.645478,0.582363,50.422152,552.649993,10.43735500000000,0.0003170000000000,,,,,,,,,,
g_reduce,small,512,600.0597480000000,payloads/matrix_small.bin,intermediate/task_g_reduce_512mb_small_3.out,5235852,16,487.110325,0.748222,49.914253,537.7728,10.748801000000000,0.0003210000000000,,,,,,,,,,
g_reduce,small,512,696.7897420000000,payloads/matrix_small.bin,intermediate/task_g_reduce_512mb_small_4.out,5235852,16,577.502679,0.515814,48.45778,626.476273,9.066368000000001,0.0003300000000000,,,,,,,,,,
g_reduce,small,512,617.4955370000000,payloads/matrix_small.bin,intermediate/task_g_reduce_512mb_small_5.out,5235852,16,496.74944,0.627663,52.829042,550.206145,10.540227000000000,0.0003030000000000,,,,,,,,,,
g_reduce,small,768,505.3749080000000,payloads/matrix_small.bin,intermediate/task_g_reduce_768mb_small_1.out,5235852,16,374.935393,1.075181,56.210152,432.220726,13.964677999999999,0.0002850000000000,,,,,,,,,,
g_reduce,small,768,500.5240440000000,payloads/matrix_small.bin,intermediate/task_g_reduce_768mb_small_2.out,5235852,16,386.413136,0.834124,45.347019,432.594279,13.54988100000000,0.000353000000000,,,,,,,,,,
g_reduce,small,768,499.93371999999999,payloads/matrix_small.bin,intermediate/task_g_reduce_768mb_small_3.out,5235852,16,381.404091,1.147241,50.972632,433.523964,13.727834000000000,0.0003140000000000,,,,,,,,,,
g_reduce,small,768,487.7219200000000,payloads/matrix_small.bin,intermediate/task_g_reduce_768mb_small_4.out,5235852,16,383.788608,1.048322,39.687665,424.524595,13.64254100000000,0.0004030000000000,,,,,,,,,,
g_reduce,small,768,509.9308490000000,payloads/matrix_small.bin,intermediate/task_g_reduce_768mb_small_5.out,5235852,16,397.765708,1.192016,45.865702,444.823426,13.163156000000001,0.0003490000000000,,,,,,,,,,
g_reduce,small,1024,611.9465830000000,payloads/matrix_small.bin,intermediate/task_g_reduce_1024mb_small_1.out,5235852,16,466.023105,0.680014,79.737633,546.440752,11.235177000000000,0.0002010000000000,,,,,,,,,,
g_reduce,small,1024,463.9692310000000,payloads/matrix_small.bin,intermediate/task_g_reduce_1024mb_small_2.out,5235852,16,360.798563,0.629757,38.426407,399.854727,14.51184300000000,0.0004160000000000,,,,,,,,,,
g_reduce,small,1024,519.1564560000000,payloads/matrix_small.bin,intermediate/task_g_reduce_1024mb_small_3.out,5235852,16,407.678628,0.813122,33.971135,442.462885,12.843087000000001,0.0004710000000000,,,,,,,,,,
g_reduce,small,1024,506.15835199999998,payloads/matrix_small.bin,intermediate/task_g_reduce_1024mb_small_4.out,5235852,16,375.979836,0.645263,45.163255,421.788354,13.92588500000000,0.0003540000000000,,,,,,,,,,
g_reduce,small,1024,499.9537470000000,payloads/matrix_small.bin,intermediate/task_g_reduce_1024mb_small_5.out,5235852,16,373.412145,0.629695,51.769185,425.811025,14.021644000000000,0.0003090000000000,,,,,,,,,,
g_reduce,small,1536,283.3950520000000,payloads/matrix_small.bin,intermediate/task_g_reduce_1536mb_small_1.out,5235852,16,176.332212,0.623474,47.799796,224.755482,29.69311100000000,0.0003350000000000,,,,,,,,,,
g_reduce,small,1536,362.6554010000000,payloads/matrix_small.bin,intermediate/task_g_reduce_1536mb_small_2.out,5235852,16,249.801689,0.665251,47.595521,298.062461,20.960034000000000,0.0003360000000000,,,,,,,,,,
g_reduce,small,1536,311.25497799999999,payloads/matrix_small.bin,intermediate/task_g_reduce_1536mb_small_3.out,5235852,16,191.743313,0.554414,58.035555,250.333282,27.306569000000,0.0002760000000000,,,,,,,,,,
g_reduce,small,1536,289.74032399999999,payloads/matrix_small.bin,intermediate/task_g_reduce_1536mb_small_4.out,5235852,16,179.991383,0.652627,49.171457,229.815467,29.08945900000000,0.000325000000000,,,,,,,,,,
g_reduce,small,1536,315.86599300000000,payloads/matrix_small.bin,intermediate/task_g_reduce_1536mb_small_5.out,5235852,16,198.906391,0.670694,57.61675,257.193835,26.323195999999999,0.0002780000000000,,,,,,,,,,
g_reduce,small,2048,268.7077520000000,payloads/matrix_small.bin,intermediate/task_g_reduce_2048mb_small_1.out,5235852,16,171.872623,0.996787,34.339917,207.209327,30.46356000000000,0.0004660000000000,,,,,,,,,,
g_reduce,small,2048,286.2868310000000,payloads/matrix_small.bin,intermediate/task_g_reduce_2048mb_small_2.out,5235852,16,171.983524,0.801281,50.536499,223.321304,30.443916000000002,0.0003170000000000,,,,,,,,,,
g_reduce,small,2048,293.6944960000000,payloads/matrix_small.bin,intermediate/task_g_reduce_2048mb_small_3.out,5235852,16,184.486034,0.910294,49.269718,234.666046,28.380749999999999,0.0003250000000000,,,,,,,,,,
g_reduce,small,2048,320.39332400000001,payloads/matrix_small.bin,intermediate/task_g_reduce_2048mb_small_4.out,5235852,16,221.673598,0.815063,40.682364,263.171025,23.619645999999999,0.0003930000000000,,,,,,,,,,
g_reduce,small,2048,274.78528000000000,payloads/matrix_small.bin,intermediate/task_g_reduce_2048mb_small_5.out,5235852,16,174.094508,0.945427,41.163141,216.203076,30.074767999999999,0.0003890000000000,,,,,,,,,,
g_reduce,medium,256,9116.148949000000,payloads/matrix_medium.bin,intermediate/task_g_reduce_256mb_medium_1.out,52387852,16,8898.72387,5.82514,61.086666,8965.635676,5.887120000000000,0.000262000000000,,,,,,,,,,
g_reduce,medium,256,8673.332691000000,payloads/matrix_medium.bin,intermediate/task_g_reduce_256mb_medium_2.out,52387852,16,8404.666629,88.681819,49.924074,8543.272522,6.233186000000000,0.0003200000000000,,,,,,,,,,
g_reduce,medium,256,9203.489541999999,payloads/matrix_medium.bin,intermediate/task_g_reduce_256mb_medium_3.out,52387852,16,9093.187918,4.837226,46.20347,9144.228614,5.761220000000000,0.0003460000000000,,,,,,,,,,
g_reduce,medium,256,9508.349419000000,payloads/matrix_medium.bin,intermediate/task_g_reduce_256mb_medium_4.out,52387852,16,9201.380017,97.660307,57.868008,9356.908332,5.693478000000000,0.0002760000000000,,,,,,,,,,
g_reduce,medium,256,9251.407146000000,payloads/matrix_medium.bin,intermediate/task_g_reduce_256mb_medium_5.out,52387852,16,8998.477694,5.283065,89.551461,9093.31222,5.821857000000000,0.0001790000000000,,,,,,,,,,
g_reduce,medium,512,3757.824421000000,payloads/matrix_medium.bin,intermediate/task_g_reduce_512mb_medium_1.out,52387852,16,3511.431524,5.067466,64.308424,3580.807414,14.919229000000000,0.0002490000000000,,,,,,,,,,
g_reduce,medium,512,3592.3898220000001,payloads/matrix_medium.bin,intermediate/task_g_reduce_512mb_medium_2.out,52387852,16,3464.2498,5.445801,59.703808,3529.399409,15.122423000000000,0.0002680000000000,,,,,,,,,,
g_reduce,medium,512,3621.142864000000,payloads/matrix_medium.bin,intermediate/task_g_reduce_512mb_medium_3.out,52387852,16,3485.17537,5.911897,69.699693,3560.78696,15.0316260000000,0.0002300000000000,,,,,,,,,,
g_reduce,medium,512,3675.1630310000000,payloads/matrix_medium.bin,intermediate/task_g_reduce_512mb_medium_4.out,52387852,16,3549.010845,7.098667,58.451778,3614.56129,14.761253999999999,0.0002740000000000,,,,,,,,,,
g_reduce,medium,512,3731.2753200000002,payloads/matrix_medium.bin,intermediate/task_g_reduce_512mb_medium_5.out,52387852,16,3573.292178,10.572021,69.725117,3653.589316,14.660947999999999,0.0002290000000000,,,,,,,,,,
g_reduce,medium,768,2622.440815000000,payloads/matrix_medium.bin,intermediate/task_g_reduce_768mb_medium_1.out,52387852,16,2394.56078,8.781391,145.724389,2549.06656,21.877853999999999,0.0001100000000000,,,,,,,,,,
g_reduce,medium,768,2522.096634000000,payloads/matrix_medium.bin,intermediate/task_g_reduce_768mb_medium_2.out,52387852,16,2377.502781,8.179173,73.738882,2459.420836,22.034822999999999,0.0002170000000000,,,,,,,,,,
g_reduce,medium,768,2455.472469000000,payloads/matrix_medium.bin,intermediate/task_g_reduce_768mb_medium_3.out,52387852,16,2347.390081,7.095583,40.264181,2394.749845,22.3174890000000,0.0003970000000000,,,,,,,,,,
g_reduce,medium,768,2505.4917340000002,payloads/matrix_medium.bin,intermediate/task_g_reduce_768mb_medium_4.out,52387852,16,2380.040663,7.400935,56.086779,2443.528377,22.011326000000000,0.0002850000000000,,,,,,,,,,
g_reduce,medium,768,2518.054724000000,payloads/matrix_medium.bin,intermediate/task_g_reduce_768mb_medium_5.out,52387852,16,2391.639224,7.018117,57.494522,2456.151863,21.90458000000000,0.000278000000000,,,,,,,,,,
g_reduce,medium,1024,2715.996027000000,payloads/matrix_medium.bin,intermediate/task_g_reduce_1024mb_medium_1.out,52387852,16,2568.67102,5.157212,51.043227,2624.871459,20.394925000000001,0.0003130000000000,,,,,,,,,,
g_reduce,medium,1024,2649.5323180000000,payloads/matrix_medium.bin,intermediate/task_g_reduce_1024mb_medium_2.out,52387852,16,2461.571565,66.6326,55.255752,2583.459917,21.282278999999999,0.0002900000000000,,,,,,,,,,
g_reduce,medium,1024,2606.3804630000000,payloads/matrix_medium.bin,intermediate/task_g_reduce_1024mb_medium_3.out,52387852,16,2490.062817,5.045276,46.151505,2541.259598,21.03876700000000,0.0003470000000000,,,,,,,,,,
g_reduce,medium,1024,2697.9470249999999,payloads/matrix_medium.bin,intermediate/task_g_reduce_1024mb_medium_4.out,52387852,16,2499.109378,69.749025,58.62174,2627.480143,20.96260900000000,0.0002730000000000,,,,,,,,,,
g_reduce,medium,1024,2602.00309800000,payloads/matrix_medium.bin,intermediate/task_g_reduce_1024mb_medium_5.out,52387852,16,2403.528789,71.07851,62.049626,2536.656925,21.79622400000000,0.0002580000000000,,,,,,,,,,
g_reduce,medium,1536,1542.9272650000000,payloads/matrix_medium.bin,intermediate/task_g_reduce_1536mb_medium_1.out,52387852,16,1411.923861,9.721066,56.475825,1478.120752,37.1038790000000,0.00028300000000,,,,,,,,,,
g_reduce,medium,1536,1593.9459800000000,payloads/matrix_medium.bin,intermediate/task_g_reduce_1536mb_medium_2.out,52387852,16,1448.371654,5.002687,58.536215,1511.910556,36.17017200000000,0.000273000000000,,,,,,,,,,
g_reduce,medium,1536,1544.936180000000,payloads/matrix_medium.bin,intermediate/task_g_reduce_1536mb_medium_3.out,52387852,16,1375.405825,44.879616,58.224108,1478.509549,38.089013999999999,0.0002750000000000,,,,,,,,,,
g_reduce,medium,1536,1532.3436260000001,payloads/matrix_medium.bin,intermediate/task_g_reduce_1536mb_medium_4.out,52387852,16,1421.270693,4.759758,43.701382,1469.731833,36.85986900000000,0.0003660000000000,,,,,,,,,,
g_reduce,medium,1536,1594.3846699999999,payloads/matrix_medium.bin,intermediate/task_g_reduce_1536mb_medium_5.out,52387852,16,1469.323831,5.113503,53.524402,1527.961736,35.6543950000000,0.0002990000000000,,,,,,,,,,
g_reduce,medium,2048,1465.2671809999999,payloads/matrix_medium.bin,intermediate/task_g_reduce_2048mb_medium_1.out,52387852,16,1298.617666,48.950802,57.530601,1405.099069,40.341244000000003,0.0002780000000000,,,,,,,,,,
g_reduce,medium,2048,1504.7504899999999,payloads/matrix_medium.bin,intermediate/task_g_reduce_2048mb_medium_2.out,52387852,16,1398.50857,8.066774,41.848712,1448.424056,37.45980000000000,0.0003820000000000,,,,,,,,,,
g_reduce,medium,2048,1458.7466720000000,payloads/matrix_medium.bin,intermediate/task_g_reduce_2048mb_medium_3.out,52387852,16,1324.332413,10.881606,55.659928,1390.873947,39.55793200000000,0.0002870000000000,,,,,,,,,,
g_reduce,medium,2048,1526.2165070000001,payloads/matrix_medium.bin,intermediate/task_g_reduce_2048mb_medium_4.out,52387852,16,1375.490932,51.767629,42.294979,1469.55354,38.086657000000,0.0003780000000000,,,,,,,,,,
g_reduce,medium,2048,1526.6847610000000,payloads/matrix_medium.bin,intermediate/task_g_reduce_2048mb_medium_5.out,52387852,16,1416.812698,7.871981,43.103718,1467.788397,36.97584900000000,0.0003710000000000,,,,,,,,,,
g_reduce,large,512,17882.978677999999,payloads/matrix_large.bin,intermediate/task_g_reduce_512mb_large_1.out,262113412,16,17666.60224,91.660659,55.574026,17813.836925,14.836662000000000,0.0002880000000000,,,,,,,,,,
g_reduce,large,512,18526.55458500000,payloads/matrix_large.bin,intermediate/task_g_reduce_512mb_large_2.out,262113412,16,18376.726433,24.023616,59.29496,18460.045009,14.263335000000000,0.0002700000000000,,,,,,,,,,
g_reduce,large,512,17187.6277920000,payloads/matrix_large.bin,intermediate/task_g_reduce_512mb_large_3.out,262113412,16,16981.044131,86.554337,55.40377,17123.002238,15.435648000000000,0.0002890000000000,,,,,,,,,,
g_reduce,large,512,17725.02613100000,payloads/matrix_large.bin,intermediate/task_g_reduce_512mb_large_4.out,262113412,16,17561.263983,30.10018,67.67086,17659.035023,14.925658000000000,0.0002360000000000,,,,,,,,,,
g_reduce,large,512,18161.149502000000,payloads/matrix_large.bin,intermediate/task_g_reduce_512mb_large_5.out,262113412,16,17943.122621,92.088527,59.667994,18094.879142,14.6080150000000,0.0002680000000000,,,,,,,,,,
g_reduce,large,768,12088.320970999999,payloads/matrix_large.bin,intermediate/task_g_reduce_768mb_large_1.out,262113412,16,11876.548525,88.337574,51.359025,12016.245124,22.069830000000000,0.0003120000000000,,,,,,,,,,
g_reduce,large,768,11810.860634000001,payloads/matrix_large.bin,intermediate/task_g_reduce_768mb_large_2.out,262113412,16,11589.831108,97.511961,57.016562,11744.359631,22.61580900000000,0.0002810000000000,,,,,,,,,,
g_reduce,large,768,12421.11325300000,payloads/matrix_large.bin,intermediate/task_g_reduce_768mb_large_3.out,262113412,16,12196.626536,102.862674,57.330419,12356.819629,21.49064800000000,0.0002790000000000,,,,,,,,,,
g_reduce,large,768,11767.444611000001,payloads/matrix_large.bin,intermediate/task_g_reduce_768mb_large_4.out,262113412,16,11555.687849,88.954812,58.728405,11703.371066,22.682632000000002,0.0002720000000000,,,,,,,,,,
g_reduce,large,768,12306.103230000001,payloads/matrix_large.bin,intermediate/task_g_reduce_768mb_large_5.out,262113412,16,12089.406526,86.105351,61.053204,12236.565081,21.681246999999999,0.0002620000000000,,,,,,,,,,
g_reduce,large,1024,11511.980294999999,payloads/matrix_large.bin,intermediate/task_g_reduce_1024mb_large_1.out,262113412,16,11275.705014,82.361134,90.41001,11448.476158,23.24585600000000,0.0001770000000000,,,,,,,,,,
g_reduce,large,1024,11272.463083000001,payloads/matrix_large.bin,intermediate/task_g_reduce_1024mb_large_2.out,262113412,16,11072.65425,82.720729,52.456867,11207.831846,23.67213900000000,0.0003050000000000,,,,,,,,,,
g_reduce,large,1024,11107.741117000000,payloads/matrix_large.bin,intermediate/task_g_reduce_1024mb_large_3.out,262113412,16,10976.630939,24.602424,45.558634,11046.791997,23.87922200000000,0.0003510000000000,,,,,,,,,,
g_reduce,large,1024,11732.205867999999,payloads/matrix_large.bin,intermediate/task_g_reduce_1024mb_large_4.out,262113412,16,11578.781783,24.973387,64.229975,11667.985145,22.63739100000000,0.0002490000000000,,,,,,,,,,
g_reduce,large,1024,12051.207066000001,payloads/matrix_large.bin,intermediate/task_g_reduce_1024mb_large_5.out,262113412,16,11841.706187,88.751382,54.157331,11984.6149,22.134767000000000,0.0002950000000000,,,,,,,,,,
g_reduce,large,1536,7177.873611000000,payloads/matrix_large.bin,intermediate/task_g_reduce_1536mb_large_1.out,262113412,16,7037.282724,24.301116,50.126475,7111.710315,37.24639500000000,0.0003190000000000,,,,,,,,,,
g_reduce,large,1536,6919.049740000000,payloads/matrix_large.bin,intermediate/task_g_reduce_1536mb_large_2.out,262113412,16,6767.837238,33.68084,53.898998,6855.417076,38.729272000000002,0.0002970000000000,,,,,,,,,,
g_reduce,large,1536,6924.47304700000,payloads/matrix_large.bin,intermediate/task_g_reduce_1536mb_large_3.out,262113412,16,6758.948663,30.260157,70.629273,6859.838093,38.78020500000000,0.0002270000000000,,,,,,,,,,
g_reduce,large,1536,6559.389591000000,payloads/matrix_large.bin,intermediate/task_g_reduce_1536mb_large_4.out,262113412,16,6424.221179,23.833834,51.374627,6499.42964,40.800808000000004,0.0003110000000000,,,,,,,,,,
g_reduce,large,1536,6632.171869000000,payloads/matrix_large.bin,intermediate/task_g_reduce_1536mb_large_5.out,262113412,16,6481.453528,24.900191,61.744082,6568.097801,40.44052900000000,0.0002590000000000,,,,,,,,,,
g_reduce,large,2048,7262.819290000000,payloads/matrix_large.bin,intermediate/task_g_reduce_2048mb_large_1.out,262113412,16,7094.177596,43.229265,61.061866,7198.468727,36.94768100000000,0.0002620000000000,,,,,,,,,,
g_reduce,large,2048,7086.507320000000,payloads/matrix_large.bin,intermediate/task_g_reduce_2048mb_large_2.out,262113412,16,6920.534516,39.140322,63.612263,7023.287101,37.87473500000000,0.0002520000000000,,,,,,,,,,
g_reduce,large,2048,6971.362352000000,payloads/matrix_large.bin,intermediate/task_g_reduce_2048mb_large_3.out,262113412,16,6778.270116,78.374858,55.253823,6911.898797,38.6696620000000,0.0002900000000000,,,,,,,,,,
g_reduce,large,2048,6879.006863000000,payloads/matrix_large.bin,intermediate/task_g_reduce_2048mb_large_4.out,262113412,16,6693.183398,67.430258,56.729141,6817.342797,39.16124800000000,0.0002820000000000,,,,,,,,,,
g_reduce,large,2048,6845.925570000000,payloads/matrix_large.bin,intermediate/task_g_reduce_2048mb_large_5.out,262113412,16,6696.112521,41.237499,50.289877,6787.639897,39.14411700000000,0.0003180000000000,,,,,,,,,,
h_expand,micro,128,1606.4565180000000,payloads/seed_micro.bin,intermediate/task_h_expand_128mb_micro_1.out,16,102156,1336.511412,0.688499,63.451346,1400.651257,0.00001200000000000000,1.609989000000000,,,,,,,,,,
h_expand,micro,128,1859.199047000000,payloads/seed_micro.bin,intermediate/task_h_expand_128mb_micro_2.out,16,102156,1231.015347,0.695992,229.964644,1461.675983,0.00001300000000000000,0.4442250000000000,,,,,,,,,,
h_expand,micro,128,1801.5949730000000,payloads/seed_micro.bin,intermediate/task_h_expand_128mb_micro_3.out,16,102156,1120.98572,0.256155,145.402113,1266.643988,0.0000140000000000000,0.7025760000000000,,,,,,,,,,
h_expand,micro,128,1581.5937520000000,payloads/seed_micro.bin,intermediate/task_h_expand_128mb_micro_4.out,16,102156,1198.428663,0.609148,145.792485,1344.830296,0.00001300000000000000,0.7006950000000000,,,,,,,,,,
h_expand,micro,128,1450.0775340000000,payloads/seed_micro.bin,intermediate/task_h_expand_128mb_micro_5.out,16,102156,1129.749316,0.622915,166.228338,1296.600569,0.00001400000000000000,0.6145520000000000,,,,,,,,,,
h_expand,micro,256,853.6558150000000,payloads/seed_micro.bin,intermediate/task_h_expand_256mb_micro_1.out,16,102156,651.662132,0.553132,94.73569,746.950954,0.00002500000000000000,1.0783259999999999,,,,,,,,,,
h_expand,micro,256,877.9277800000000,payloads/seed_micro.bin,intermediate/task_h_expand_256mb_micro_2.out,16,102156,635.315494,0.962365,88.104075,724.381934,0.000025000000000000,1.1594920000000000,,,,,,,,,,
h_expand,micro,256,814.422607000000,payloads/seed_micro.bin,intermediate/task_h_expand_256mb_micro_3.out,16,102156,557.364895,0.536979,88.372032,646.273906,0.00002900000000000000,1.1559770000000000,,,,,,,,,,
h_expand,micro,256,954.7979830000000,payloads/seed_micro.bin,intermediate/task_h_expand_256mb_micro_4.out,16,102156,630.626433,0.252147,59.741171,690.619751,0.0000250000000000000,1.7099770000000001,,,,,,,,,,
h_expand,micro,256,856.7423820000000,payloads/seed_micro.bin,intermediate/task_h_expand_256mb_micro_5.out,16,102156,625.545253,57.300903,53.3861,736.232256,0.0000260000000000000,1.9135320000000000,,,,,,,,,,
h_expand,micro,512,411.68212900000,payloads/seed_micro.bin,intermediate/task_h_expand_512mb_micro_1.out,16,102156,283.650011,0.534057,59.261063,343.445131,0.0000560000000000000,1.7238300000000000,,,,,,,,,,
h_expand,micro,512,367.8460120000000,payloads/seed_micro.bin,intermediate/task_h_expand_512mb_micro_2.out,16,102156,211.143625,0.485596,88.866437,300.495658,0.0000760000000000000,1.149545000000000,,,,,,,,,,
h_expand,micro,512,351.21607799999998,payloads/seed_micro.bin,intermediate/task_h_expand_512mb_micro_3.out,16,102156,214.724083,0.607084,65.820358,281.151525,0.0000750000000000000,1.5520430000000001,,,,,,,,,,
h_expand,micro,512,358.65282999999999,payloads/seed_micro.bin,intermediate/task_h_expand_512mb_micro_4.out,16,102156,168.10155,0.267659,125.137201,293.50641,0.0000950000000000000,0.8163520000000000,,,,,,,,,,
h_expand,micro,512,374.4349480000000,payloads/seed_micro.bin,intermediate/task_h_expand_512mb_micro_5.out,16,102156,224.685469,0.522591,87.859322,313.067382,0.0000710000000000000,1.1627220000000000,,,,,,,,,,
h_expand,micro,768,219.14076800000001,payloads/seed_micro.bin,intermediate/task_h_expand_768mb_micro_1.out,16,102156,97.653574,0.753659,59.852876,158.260109,0.000164000000000,1.7067850000000000,,,,,,,,,,
h_expand,micro,768,223.9856720000000,payloads/seed_micro.bin,intermediate/task_h_expand_768mb_micro_2.out,16,102156,120.515148,0.581127,43.98752,165.083795,0.0001330000000000,2.3223859999999998,,,,,,,,,,
h_expand,micro,768,228.34467900000001,payloads/seed_micro.bin,intermediate/task_h_expand_768mb_micro_3.out,16,102156,104.432202,0.602412,64.280526,169.31514,0.0001530000000000,1.5892219999999999,,,,,,,,,,
h_expand,micro,768,208.47439800000001,payloads/seed_micro.bin,intermediate/task_h_expand_768mb_micro_4.out,16,102156,86.710173,0.273114,60.721358,147.704645,0.0001850000000000,1.682373000000000,,,,,,,,,,
h_expand,micro,768,197.62921299999999,payloads/seed_micro.bin,intermediate/task_h_expand_768mb_micro_5.out,16,102156,81.273471,0.232688,54.265475,135.771634,0.0001970000000000,1.8825229999999999,,,,,,,,,,
h_expand,micro,1024,232.38849600000000,payloads/seed_micro.bin,intermediate/task_h_expand_1024mb_micro_1.out,16,102156,96.384919,0.707626,71.625139,168.717684,0.0001660000000000,1.4262589999999999,,,,,,,,,,
h_expand,micro,1024,220.8268640000000,payloads/seed_micro.bin,intermediate/task_h_expand_1024mb_micro_2.out,16,102156,92.302354,1.026725,59.561298,152.890377,0.0001730000000000,1.715141000000000,,,,,,,,,,
h_expand,micro,1024,792.1428680000000,payloads/seed_micro.bin,intermediate/task_h_expand_1024mb_micro_3.out,16,102156,90.835607,0.838583,635.108484,726.782674,0.0001760000000000,0.1608480000000000,,,,,,,,,,
h_expand,micro,1024,218.8713550000000,payloads/seed_micro.bin,intermediate/task_h_expand_1024mb_micro_4.out,16,102156,95.705255,0.255107,57.876737,153.837099,0.0001670000000000,1.7650610000000000,,,,,,,,,,
h_expand,micro,1024,214.0684130000000,payloads/seed_micro.bin,intermediate/task_h_expand_1024mb_micro_5.out,16,102156,87.848923,0.648173,59.863534,148.36063,0.0001820000000000,1.7064809999999999,,,,,,,,,,
h_expand,micro,1536,259.143591000000,payloads/seed_micro.bin,intermediate/task_h_expand_1536mb_micro_1.out,16,102156,128.235201,0.634455,57.219559,186.089215,0.0001250000000000,1.7853340000000000,,,,,,,,,,
h_expand,micro,1536,215.55638300000001,payloads/seed_micro.bin,intermediate/task_h_expand_1536mb_micro_2.out,16,102156,100.852645,0.541459,54.455871,155.849975,0.0001590000000000,1.875941000000000,,,,,,,,,,
h_expand,micro,1536,203.0479910000000,payloads/seed_micro.bin,intermediate/task_h_expand_1536mb_micro_3.out,16,102156,90.731213,0.566102,53.884692,145.182007,0.0001760000000000,1.8958260000000000,,,,,,,,,,
h_expand,micro,1536,216.9005870000000,payloads/seed_micro.bin,intermediate/task_h_expand_1536mb_micro_4.out,16,102156,97.343611,0.234184,58.235139,155.812934,0.0001640000000000,1.7541990000000001,,,,,,,,,,
h_expand,micro,1536,199.2321010000000,payloads/seed_micro.bin,intermediate/task_h_expand_1536mb_micro_5.out,16,102156,91.419361,0.197698,50.514295,142.131354,0.000175000000000,2.022319000000000,,,,,,,,,,
h_expand,micro,2048,212.39185300000000,payloads/seed_micro.bin,intermediate/task_h_expand_2048mb_micro_1.out,16,102156,97.039663,0.699174,49.166845,146.905682,0.0001650000000000,2.077742000000000,,,,,,,,,,
h_expand,micro,2048,214.32900400000000,payloads/seed_micro.bin,intermediate/task_h_expand_2048mb_micro_2.out,16,102156,100.209982,0.802832,52.885119,153.897933,0.0001600000000000,1.931659000000000,,,,,,,,,,
h_expand,micro,2048,239.5436760000000,payloads/seed_micro.bin,intermediate/task_h_expand_2048mb_micro_3.out,16,102156,105.655833,0.647484,66.042435,172.345752,0.0001510000000000,1.546824000000000,,,,,,,,,,
h_expand,micro,2048,224.5807650000000,payloads/seed_micro.bin,intermediate/task_h_expand_2048mb_micro_4.out,16,102156,108.2166,0.411813,53.549391,162.177804,0.0001480000000000,1.9076970000000000,,,,,,,,,,
h_expand,micro,2048,216.78590800000001,payloads/seed_micro.bin,intermediate/task_h_expand_2048mb_micro_5.out,16,102156,100.742434,0.659717,52.77838,154.180531,0.0001590000000000,1.9355650000000000,,,,,,,,,,
h_expand,small,256,1587.307692000000,payloads/seed_small.bin,intermediate/task_h_expand_256mb_small_1.out,16,5235852,642.566511,69.185011,743.218758,1454.97028,0.00002500000000000000,7.044833000000000,,,,,,,,,,
h_expand,small,256,1548.4931469999999,payloads/seed_small.bin,intermediate/task_h_expand_256mb_small_2.out,16,5235852,536.131066,77.397846,605.191521,1218.720433,0.00003000000000000000,8.65156200000000,,,,,,,,,,
h_expand,small,256,1998.064995000000,payloads/seed_small.bin,intermediate/task_h_expand_256mb_small_3.out,16,5235852,629.843992,168.126551,1098.386838,1896.357381,0.00002500000000000000,4.766856000000000,,,,,,,,,,
h_expand,small,256,1569.935322000000,payloads/seed_small.bin,intermediate/task_h_expand_256mb_small_4.out,16,5235852,618.801075,179.826728,669.647413,1468.275216,0.00002600000000000000,7.818819000000000,,,,,,,,,,
h_expand,small,256,1901.2517929999999,payloads/seed_small.bin,intermediate/task_h_expand_256mb_small_5.out,16,5235852,632.736171,169.476363,971.77835,1773.990884,0.00002500000000000000,5.38790800000000,,,,,,,,,,
h_expand,small,512,722.2058770000000,payloads/seed_small.bin,intermediate/task_h_expand_512mb_small_1.out,16,5235852,303.569507,17.847486,332.471749,653.888742,0.0000530000000000000,15.748260999999999,,,,,,,,,,
h_expand,small,512,687.2913840000000,payloads/seed_small.bin,intermediate/task_h_expand_512mb_small_2.out,16,5235852,255.582782,20.269768,337.804525,613.657075,0.0000630000000000000,15.499650000000001,,,,,,,,,,
h_expand,small,512,700.1087669999999,payloads/seed_small.bin,intermediate/task_h_expand_512mb_small_3.out,16,5235852,212.627361,75.75921,341.783231,630.169802,0.0000750000000000000,15.319219000000000,,,,,,,,,,
h_expand,small,512,717.0889380000000,payloads/seed_small.bin,intermediate/task_h_expand_512mb_small_4.out,16,5235852,297.53361,74.695845,277.601807,649.831262,0.0000540000000000000,18.86101600000000,,,,,,,,,,
h_expand,small,512,795.5703740000000,payloads/seed_small.bin,intermediate/task_h_expand_512mb_small_5.out,16,5235852,206.91287,67.510601,457.238575,731.662046,0.0000770000000000000,11.451029000000000,,,,,,,,,,
h_expand,small,768,503.1130310000000,payloads/seed_small.bin,intermediate/task_h_expand_768mb_small_1.out,16,5235852,212.506248,19.620371,204.672182,436.798801,0.0000750000000000000,25.581649000000,,,,,,,,,,
h_expand,small,768,493.9150810000000,payloads/seed_small.bin,intermediate/task_h_expand_768mb_small_2.out,16,5235852,126.308472,60.384825,247.735272,434.428569,0.0001270000000000,21.134867000000000,,,,,,,,,,
h_expand,small,768,481.0442920000000,payloads/seed_small.bin,intermediate/task_h_expand_768mb_small_3.out,16,5235852,146.214193,56.829387,218.426677,421.470257,0.0001090000000000,23.970752999999998,,,,,,,,,,
h_expand,small,768,536.9079110000000,payloads/seed_small.bin,intermediate/task_h_expand_768mb_small_4.out,16,5235852,219.586836,19.300534,228.82164,467.70901,0.0000730000000000000,22.88180400000000,,,,,,,,,,
h_expand,small,768,484.58409300000000,payloads/seed_small.bin,intermediate/task_h_expand_768mb_small_5.out,16,5235852,112.429467,51.247959,252.784674,416.4621,0.0001420000000000,20.712696000000001,,,,,,,,,,
h_expand,small,1024,444.85950500000001,payloads/seed_small.bin,intermediate/task_h_expand_1024mb_small_1.out,16,5235852,95.558922,58.670545,231.054248,385.283715,0.0001670000000000,22.660703999999999,,,,,,,,,,
h_expand,small,1024,451.5109060000000,payloads/seed_small.bin,intermediate/task_h_expand_1024mb_small_2.out,16,5235852,162.726934,44.705129,186.609479,394.041542,0.0000980000000000000,28.0578030000000,,,,,,,,,,
h_expand,small,1024,516.6213510000000,payloads/seed_small.bin,intermediate/task_h_expand_1024mb_small_3.out,16,5235852,138.032318,30.380236,288.888752,457.301306,0.0001160000000000,18.12411200000000,,,,,,,,,,
h_expand,small,1024,9365.556955000000,payloads/seed_small.bin,intermediate/task_h_expand_1024mb_small_4.out,16,5235852,145.434189,25.86671,9130.535597,9301.836496,0.0001100000000000,0.5734440000000000,,,,,,,,,,
h_expand,small,1024,443.17126300000001,payloads/seed_small.bin,intermediate/task_h_expand_1024mb_small_5.out,16,5235852,108.826933,55.688158,210.468271,374.983362,0.0001470000000000,24.8771560000000,,,,,,,,,,
h_expand,small,1536,311.75994900000001,payloads/seed_small.bin,intermediate/task_h_expand_1536mb_small_1.out,16,5235852,84.271202,19.415295,146.727936,250.414433,0.0001900000000000,35.68408400000000,,,,,,,,,,
h_expand,small,1536,380.1169400000000,payloads/seed_small.bin,intermediate/task_h_expand_1536mb_small_2.out,16,5235852,164.165263,29.458162,114.234123,307.857548,0.0000970000000000000,45.83439600000000,,,,,,,,,,
h_expand,small,1536,323.2567310000000,payloads/seed_small.bin,intermediate/task_h_expand_1536mb_small_3.out,16,5235852,86.52946,23.434048,149.266304,259.229812,0.0001850000000000,35.07725400000000,,,,,,,,,,
h_expand,small,1536,359.2617510000000,payloads/seed_small.bin,intermediate/task_h_expand_1536mb_small_4.out,16,5235852,97.723982,20.015904,173.290122,291.030008,0.0001640000000000,30.214371000000000,,,,,,,,,,
h_expand,small,1536,295.0913910000000,payloads/seed_small.bin,intermediate/task_h_expand_1536mb_small_5.out,16,5235852,88.814666,19.158886,123.82134,231.794892,0.0001800000000000,42.28553800000000,,,,,,,,,,
h_expand,small,2048,340.8849240000000,payloads/seed_small.bin,intermediate/task_h_expand_2048mb_small_1.out,16,5235852,110.313895,24.135709,141.646934,276.096538,0.0001450000000000,36.96410400000000,,,,,,,,,,
h_expand,small,2048,334.5203400000000,payloads/seed_small.bin,intermediate/task_h_expand_2048mb_small_2.out,16,5235852,96.598364,24.720311,150.586923,271.905598,0.0001660000000000,34.76963300000000,,,,,,,,,,
h_expand,small,2048,373.0177880000000,payloads/seed_small.bin,intermediate/task_h_expand_2048mb_small_3.out,16,5235852,112.101102,23.19249,163.815283,299.108875,0.0001430000000000,31.96192600000000,,,,,,,,,,
h_expand,small,2048,335.8612060000000,payloads/seed_small.bin,intermediate/task_h_expand_2048mb_small_4.out,16,5235852,98.229712,20.957693,150.797844,269.985249,0.0001630000000000,34.72100000000000,,,,,,,,,,
h_expand,small,2048,369.3957330000000,payloads/seed_small.bin,intermediate/task_h_expand_2048mb_small_5.out,16,5235852,97.93228,20.009048,179.374675,297.316003,0.0001630000000000,29.189471999999999,,,,,,,,,,
h_expand,medium,512,3195.198774000000,payloads/seed_medium.bin,intermediate/task_h_expand_512mb_medium_1.out,16,52387852,246.233645,715.39408,2163.468686,3125.096411,0.0000650000000000000,24.21474900000000,,,,,,,,,,
h_expand,medium,512,3192.129374000000,payloads/seed_medium.bin,intermediate/task_h_expand_512mb_medium_2.out,16,52387852,212.965057,756.31537,2158.484439,3127.764866,0.0000750000000000000,24.27066500000000,,,,,,,,,,
h_expand,medium,512,3298.4769339999998,payloads/seed_medium.bin,intermediate/task_h_expand_512mb_medium_3.out,16,52387852,210.866241,755.466328,2266.583355,3232.915924,0.0000760000000000000,23.11313700000000,,,,,,,,,,
h_expand,medium,512,3022.8042599999999,payloads/seed_medium.bin,intermediate/task_h_expand_512mb_medium_4.out,16,52387852,216.376081,754.348294,1985.123717,2955.848092,0.0000740000000000000,26.39022000000000,,,,,,,,,,
h_expand,medium,512,4508.10980800000,payloads/seed_medium.bin,intermediate/task_h_expand_512mb_medium_5.out,16,52387852,211.3973,739.200282,3491.316968,4441.91455,0.0000760000000000000,15.005184000000000,,,,,,,,,,
h_expand,medium,768,2082.726002000000,payloads/seed_medium.bin,intermediate/task_h_expand_768mb_medium_1.out,16,52387852,162.959761,455.201583,1398.607207,2016.768551,0.0000980000000000000,37.45715900000000,,,,,,,,,,
h_expand,medium,768,2007.429838000000,payloads/seed_medium.bin,intermediate/task_h_expand_768mb_medium_2.out,16,52387852,112.236066,455.904123,1376.136767,1944.276956,0.0001430000000000,38.06878300000000,,,,,,,,,,
h_expand,medium,768,4794.036388000000,payloads/seed_medium.bin,intermediate/task_h_expand_768mb_medium_3.out,16,52387852,98.265513,536.931854,4097.522938,4732.720305,0.0001630000000000,12.785249000000000,,,,,,,,,,
h_expand,medium,768,2681.491613000000,payloads/seed_medium.bin,intermediate/task_h_expand_768mb_medium_4.out,16,52387852,173.56096,459.175189,1981.188562,2613.924711,0.0000920000000000000,26.442637999999999,,,,,,,,,,
h_expand,medium,768,2036.0314850000000,payloads/seed_medium.bin,intermediate/task_h_expand_768mb_medium_5.out,16,52387852,124.758539,474.769346,1376.739095,1976.26698,0.0001280000000000,38.052128000000003,,,,,,,,,,
h_expand,medium,1024,1920.3639029999999,payloads/seed_medium.bin,intermediate/task_h_expand_1024mb_medium_0.out,16,52387852,145.813378,563.046292,1136.892299,1845.751969,0.0001100000000000,46.0798720000000,,,,,,,,,,
h_expand,medium,1024,8197.665929999999,payloads/seed_medium.bin,intermediate/task_h_expand_1024mb_medium_1.out,16,52387852,146.006964,575.117447,7419.582555,8140.706966,0.000110000000000,7.060755000000000,,,,,,,,,,
h_expand,medium,1024,2610.327244000000,payloads/seed_medium.bin,intermediate/task_h_expand_1024mb_medium_2.out,16,52387852,142.323074,554.298097,1846.448777,2543.069948,0.0001120000000000,28.372221000000000,,,,,,,,,,
h_expand,medium,1024,2240.9675120000002,payloads/seed_medium.bin,intermediate/task_h_expand_1024mb_medium_4.out,16,52387852,201.852058,483.004235,1477.924965,2162.781258,0.0000790000000000000,35.44689600000000,,,,,,,,,,
h_expand,medium,1024,1887.4897960000001,payloads/seed_medium.bin,intermediate/task_h_expand_1024mb_medium_5.out,16,52387852,120.774374,524.065356,1181.735053,1826.574783,0.0001320000000000,44.33130100000000,,,,,,,,,,
h_expand,medium,1536,7371.021032000000,payloads/seed_medium.bin,intermediate/task_h_expand_1536mb_medium_1.out,16,52387852,299.690541,234.271125,6776.214042,7310.175708,0.0000530000000000000,7.731139000000000,,,,,,,,,,
h_expand,medium,1536,1121.9017510000001,payloads/seed_medium.bin,intermediate/task_h_expand_1536mb_medium_2.out,16,52387852,95.790253,202.102139,760.246096,1058.138488,0.0001670000000000,68.90907100000000,,,,,,,,,,
h_expand,medium,1536,2543.104887000000,payloads/seed_medium.bin,intermediate/task_h_expand_1536mb_medium_3.out,16,52387852,98.106074,213.416023,2170.527033,2482.04913,0.000163000000000,24.136005000000001,,,,,,,,,,
h_expand,medium,1536,10770.642041999999,payloads/seed_medium.bin,intermediate/task_h_expand_1536mb_medium_4.out,16,52387852,129.124336,213.103203,10367.461637,10709.689176,0.0001240000000000,5.05310300000000,,,,,,,,,,
h_expand,medium,1536,63489.99071100000,payloads/seed_medium.bin,intermediate/task_h_expand_1536mb_medium_5.out,16,52387852,303.955972,239.203675,62875.046602,63418.206249,0.00005300000000000000,0.833206000000000,,,,,,,,,,
h_expand,medium,2048,1258.375883000000,payloads/seed_medium.bin,intermediate/task_h_expand_2048mb_medium_1.out,16,52387852,171.872132,286.582838,729.001799,1187.456769,0.0000930000000000000,71.86244499999999,,,,,,,,,,
h_expand,medium,2048,1245.788336000000,payloads/seed_medium.bin,intermediate/task_h_expand_2048mb_medium_2.out,16,52387852,113.736223,296.949988,766.296278,1176.982489,0.0001410000000000,68.36500900000000,,,,,,,,,,
h_expand,medium,2048,1174.2725370000001,payloads/seed_medium.bin,intermediate/task_h_expand_2048mb_medium_3.out,16,52387852,85.289658,220.45774,803.410847,1109.158245,0.0001880000000000,65.20680200000000,,,,,,,,,,
h_expand,medium,2048,1221.6625210000000,payloads/seed_medium.bin,intermediate/task_h_expand_2048mb_medium_4.out,16,52387852,103.582526,267.370204,783.618506,1154.571236,0.0001540000000000,66.85377099999999,,,,,,,,,,
h_expand,medium,2048,1188.2619860000000,payloads/seed_medium.bin,intermediate/task_h_expand_2048mb_medium_5.out,16,52387852,91.700065,271.455813,755.42278,1118.578658,0.0001740000000000,69.34905000000001,,,,,,,,,,
h_expand,large,1024,12914.286375000000,payloads/seed_large.bin,intermediate/task_h_expand_1024mb_large_1.out,16,262113412,125.32108,2865.993818,9856.390129,12847.705027,0.0001280000000000,26.593246000000001,,,,,,,,,,
h_expand,large,1024,8871.82903300000,payloads/seed_large.bin,intermediate/task_h_expand_1024mb_large_2.out,16,262113412,136.948294,2831.975566,5833.318711,8802.242571,0.0001170000000000,44.9338400000000,,,,,,,,,,
h_expand,large,1024,9931.58793400000,payloads/seed_large.bin,intermediate/task_h_expand_1024mb_large_3.out,16,262113412,137.635704,2845.696122,6889.374501,9872.706327,0.0001160000000000,38.04603900000000,,,,,,,,,,
h_expand,large,1024,9002.826691000000,payloads/seed_large.bin,intermediate/task_h_expand_1024mb_large_4.out,16,262113412,293.553044,2855.850079,5789.16991,8938.573033,0.0000550000000000000,45.27651000000000,,,,,,,,,,
h_expand,large,1024,9369.425058000001,payloads/seed_large.bin,intermediate/task_h_expand_1024mb_large_5.out,16,262113412,297.196542,2941.903817,6070.657492,9309.757851,0.0000540000000000000,43.17710400000000,,,,,,,,,,
h_expand,large,1536,5688.269854000000,payloads/seed_large.bin,intermediate/task_h_expand_1536mb_large_1.out,16,262113412,93.790492,1602.127512,3916.182267,5612.100271,0.0001710000000000,66.93085100000000,,,,,,,,,,
h_expand,large,1536,6075.740099000000,payloads/seed_large.bin,intermediate/task_h_expand_1536mb_large_2.out,16,262113412,85.643085,1518.753396,4394.086525,5998.483006,0.0001870000000000,59.65140000000000,,,,,,,,,,
h_expand,large,1536,5731.594801000000,payloads/seed_large.bin,intermediate/task_h_expand_1536mb_large_3.out,16,262113412,115.966482,1517.891932,4029.11176,5662.970174,0.0001380000000000,65.05488699999999,,,,,,,,,,
h_expand,large,1536,5857.555866000000,payloads/seed_large.bin,intermediate/task_h_expand_1536mb_large_4.out,16,262113412,119.075215,1581.085394,4097.775199,5797.935808,0.0001340000000000,63.96481000000000,,,,,,,,,,
h_expand,large,1536,5593.566656000000,payloads/seed_large.bin,intermediate/task_h_expand_1536mb_large_5.out,16,262113412,97.897274,1564.872492,3870.029835,5532.799601,0.0001630000000000,67.72904200000001,,,,,,,,,,
h_expand,large,2048,39542.29950900000,payloads/seed_large.bin,intermediate/task_h_expand_2048mb_large_1.out,16,262113412,400.128864,1283.939703,37784.294892,39468.363459,0.00004000000000000000,6.937099000000000,,,,,,,,,,
h_expand,large,2048,6551.788807000000,payloads/seed_large.bin,intermediate/task_h_expand_2048mb_large_2.out,16,262113412,124.321884,1266.674541,4516.574821,5907.571246,0.0001290000000000,58.03367000000000,,,,,,,,,,
h_expand,large,2048,7773.082972000000,payloads/seed_large.bin,intermediate/task_h_expand_2048mb_large_3.out,16,262113412,131.000036,1244.086398,6335.92348,7711.009914,0.0001220000000000,41.36940900000000,,,,,,,,,,
h_expand,large,2048,5456.933737000000,payloads/seed_large.bin,intermediate/task_h_expand_2048mb_large_4.out,16,262113412,100.487421,1280.140583,4002.972622,5383.600626,0.0001590000000000,65.47969100000000,,,,,,,,,,
h_expand,large,2048,5593.470812000000,payloads/seed_large.bin,intermediate/task_h_expand_2048mb_large_5.out,16,262113412,94.186268,1263.313387,4172.246833,5529.746488,0.0001700000000000,62.823084000000001
