order,function_provider,function_region,function_memory,function_memory_unit,storage_region,storage_provider,transfer_type,file_path,file_size_mb,transfer_time_ns
10,gcp,europe-west1,1536,MB,europe-west1,gcp,download,/function/fits.tbl,0.029537,54154038.5
10,gcp,europe-west1,1536,MB,europe-west1,gcp,download,/function/mBgModel,0.078616,121882825.5
10,gcp,europe-west1,1536,MB,europe-west1,gcp,download,/function/pimages.tbl,0.00511,68699553.5
10,gcp,europe-west1,1536,MB,europe-west1,gcp,upload,/function/corrections.tbl,0.001706,68752874.0
11,gcp,europe-west1,1536,MB,europe-west1,gcp,download,/function/pimages.tbl,0.00511,79601124.5
11,gcp,europe-west1,1536,MB,europe-west1,gcp,upload,/function/modpimages.tbl,0.00575,54799814.0
13,gcp,europe-west1,1536,MB,europe-west1,gcp,download,/function/corrections.tbl,0.001706,46418360.0
13,gcp,europe-west1,1536,MB,europe-west1,gcp,download,/function/mBackground,5.373736,132048631.5
13,gcp,europe-west1,1536,MB,europe-west1,gcp,download,/function/modpimages.tbl,0.00575,47914532.5
13,gcp,europe-west1,1536,MB,europe-west1,gcp,download,/function/p2mass-atlas-001020s-k0860033.fits,4.14432,168720254.0
13,gcp,europe-west1,1536,MB,europe-west1,gcp,download,/function/p2mass-atlas-001020s-k0860033_area.fits,4.14432,162495874.0
13,gcp,europe-west1,1536,MB,europe-west1,gcp,download,/function/p2mass-atlas-001020s-k0860044.fits,4.14432,138837125.5
13,gcp,europe-west1,1536,MB,europe-west1,gcp,download,/function/p2mass-atlas-001020s-k0860044_area.fits,4.14432,152499687.0
13,gcp,europe-west1,1536,MB,europe-west1,gcp,download,/function/p2mass-atlas-001020s-k0860056.fits,4.14432,207316656.0
13,gcp,europe-west1,1536,MB,europe-west1,gcp,download,/function/p2mass-atlas-001020s-k0860056_area.fits,4.14432,134389581.0
13,gcp,europe-west1,1536,MB,europe-west1,gcp,download,/function/p2mass-atlas-001020s-k0870221.fits,4.13568,251193744.0
13,gcp,europe-west1,1536,MB,europe-west1,gcp,download,/function/p2mass-atlas-001020s-k0870221_area.fits,4.13568,146057415.0
13,gcp,europe-west1,1536,MB,europe-west1,gcp,download,/function/p2mass-atlas-001020s-k0870233.fits,4.13568,228950832.0
13,gcp,europe-west1,1536,MB,europe-west1,gcp,download,/function/p2mass-atlas-001020s-k0870233_area.fits,4.13568,134965329.5
13,gcp,europe-west1,1536,MB,europe-west1,gcp,download,/function/p2mass-atlas-001020s-k0870245.fits,4.13568,248172054.0
13,gcp,europe-west1,1536,MB,europe-west1,gcp,download,/function/p2mass-atlas-001020s-k0870245_area.fits,4.13568,153588900.0
13,gcp,europe-west1,1536,MB,europe-west1,gcp,download,/function/p2mass-atlas-001021s-k0490221.fits,4.13568,387565278.0
13,gcp,europe-west1,1536,MB,europe-west1,gcp,download,/function/p2mass-atlas-001021s-k0490221_area.fits,4.13568,158782312.0
13,gcp,europe-west1,1536,MB,europe-west1,gcp,download,/function/p2mass-atlas-001021s-k0490233.fits,4.13568,650336241.0
13,gcp,europe-west1,1536,MB,europe-west1,gcp,download,/function/p2mass-atlas-001021s-k0490233_area.fits,4.13568,181807090.0
13,gcp,europe-west1,1536,MB,europe-west1,gcp,download,/function/p2mass-atlas-001021s-k0490245.fits,4.14432,206906056.0
13,gcp,europe-west1,1536,MB,europe-west1,gcp,download,/function/p2mass-atlas-001021s-k0490245_area.fits,4.14432,162985425.0
13,gcp,europe-west1,1536,MB,europe-west1,gcp,download,/function/p2mass-atlas-001021s-k0560033.fits,4.15296,226166778.5
13,gcp,europe-west1,1536,MB,europe-west1,gcp,download,/function/p2mass-atlas-001021s-k0560033_area.fits,4.15296,161038691.0
13,gcp,europe-west1,1536,MB,europe-west1,gcp,download,/function/p2mass-atlas-001021s-k0560044.fits,4.14432,170966600.0
13,gcp,europe-west1,1536,MB,europe-west1,gcp,download,/function/p2mass-atlas-001021s-k0560044_area.fits,4.14432,122413844.5
13,gcp,europe-west1,1536,MB,europe-west1,gcp,download,/function/p2mass-atlas-001021s-k0560056.fits,4.13568,186924896.0
13,gcp,europe-west1,1536,MB,europe-west1,gcp,download,/function/p2mass-atlas-001021s-k0560056_area.fits,4.13568,132452793.0
13,gcp,europe-west1,1536,MB,europe-west1,gcp,download,/function/p2mass-atlas-001021s-k0570221.fits,4.14432,184759270.5
13,gcp,europe-west1,1536,MB,europe-west1,gcp,download,/function/p2mass-atlas-001021s-k0570221_area.fits,4.14432,127327269.5
13,gcp,europe-west1,1536,MB,europe-west1,gcp,download,/function/p2mass-atlas-001021s-k0570233.fits,4.13568,151242871.5
13,gcp,europe-west1,1536,MB,europe-west1,gcp,download,/function/p2mass-atlas-001021s-k0570233_area.fits,4.13568,120795181.5
13,gcp,europe-west1,1536,MB,europe-west1,gcp,download,/function/p2mass-atlas-001021s-k0570245.fits,4.14432,165858568.0
13,gcp,europe-west1,1536,MB,europe-west1,gcp,download,/function/p2mass-atlas-001021s-k0570245_area.fits,4.14432,152749785.5
13,gcp,europe-west1,1536,MB,europe-west1,gcp,download,/function/p2mass-atlas-980914s-k0800033.fits,4.14432,151417279.0
13,gcp,europe-west1,1536,MB,europe-west1,gcp,download,/function/p2mass-atlas-980914s-k0800033_area.fits,4.14432,131720720.0
13,gcp,europe-west1,1536,MB,europe-west1,gcp,download,/function/p2mass-atlas-980914s-k0800044.fits,4.14432,149208419.0
13,gcp,europe-west1,1536,MB,europe-west1,gcp,download,/function/p2mass-atlas-980914s-k0800044_area.fits,4.14432,143162775.5
13,gcp,europe-west1,1536,MB,europe-west1,gcp,download,/function/p2mass-atlas-980914s-k0800056.fits,4.14432,171740531.5
13,gcp,europe-west1,1536,MB,europe-west1,gcp,download,/function/p2mass-atlas-980914s-k0800056_area.fits,4.14432,154400814.0
13,gcp,europe-west1,1536,MB,europe-west1,gcp,download,/function/p2mass-atlas-980914s-k0810221.fits,4.14432,148551354.5
13,gcp,europe-west1,1536,MB,europe-west1,gcp,download,/function/p2mass-atlas-980914s-k0810221_area.fits,4.14432,131768196.0
13,gcp,europe-west1,1536,MB,europe-west1,gcp,download,/function/p2mass-atlas-980914s-k0810233.fits,4.14432,186726025.5
13,gcp,europe-west1,1536,MB,europe-west1,gcp,download,/function/p2mass-atlas-980914s-k0810233_area.fits,4.14432,140486764.5
13,gcp,europe-west1,1536,MB,europe-west1,gcp,download,/function/p2mass-atlas-980914s-k0810245.fits,4.14432,159166920.0
13,gcp,europe-west1,1536,MB,europe-west1,gcp,download,/function/p2mass-atlas-980914s-k0810245_area.fits,4.14432,131893846.5
13,gcp,europe-west1,1536,MB,europe-west1,gcp,download,/function/p2mass-atlas-980914s-k0820033.fits,4.14432,165826455.5
13,gcp,europe-west1,1536,MB,europe-west1,gcp,download,/function/p2mass-atlas-980914s-k0820033_area.fits,4.14432,140387813.5
13,gcp,europe-west1,1536,MB,europe-west1,gcp,download,/function/p2mass-atlas-980914s-k0820044.fits,4.14432,184789513.0
13,gcp,europe-west1,1536,MB,europe-west1,gcp,download,/function/p2mass-atlas-980914s-k0820044_area.fits,4.14432,115250195.0
13,gcp,europe-west1,1536,MB,europe-west1,gcp,download,/function/p2mass-atlas-980914s-k0820056.fits,4.13568,152544847.5
13,gcp,europe-west1,1536,MB,europe-west1,gcp,download,/function/p2mass-atlas-980914s-k0820056_area.fits,4.13568,162298716.5
13,gcp,europe-west1,1536,MB,europe-west1,gcp,download,/function/p2mass-atlas-980914s-k0830221.fits,4.14432,174885874.5
13,gcp,europe-west1,1536,MB,europe-west1,gcp,download,/function/p2mass-atlas-980914s-k0830221_area.fits,4.14432,135068962.5
13,gcp,europe-west1,1536,MB,europe-west1,gcp,download,/function/p2mass-atlas-980914s-k0830233.fits,4.14432,178934195.0
13,gcp,europe-west1,1536,MB,europe-west1,gcp,download,/function/p2mass-atlas-980914s-k0830233_area.fits,4.14432,137986697.0
13,gcp,europe-west1,1536,MB,europe-west1,gcp,download,/function/p2mass-atlas-980914s-k0830245.fits,4.14432,220526249.0
13,gcp,europe-west1,1536,MB,europe-west1,gcp,download,/function/p2mass-atlas-980914s-k0830245_area.fits,4.14432,138723742.0
13,gcp,europe-west1,1536,MB,europe-west1,gcp,download,/function/p2mass-atlas-980914s-k0840033.fits,4.14432,149779998.5
13,gcp,europe-west1,1536,MB,europe-west1,gcp,download,/function/p2mass-atlas-980914s-k0840033_area.fits,4.14432,149181681.0
13,gcp,europe-west1,1536,MB,europe-west1,gcp,download,/function/p2mass-atlas-980914s-k0840044.fits,4.14432,166577994.5
13,gcp,europe-west1,1536,MB,europe-west1,gcp,download,/function/p2mass-atlas-980914s-k0840044_area.fits,4.14432,144639372.5
13,gcp,europe-west1,1536,MB,europe-west1,gcp,download,/function/p2mass-atlas-980914s-k0840056.fits,4.14432,168916221.0
13,gcp,europe-west1,1536,MB,europe-west1,gcp,download,/function/p2mass-atlas-980914s-k0840056_area.fits,4.14432,129508132.5
13,gcp,europe-west1,1536,MB,europe-west1,gcp,upload,/function/corrected/p2mass-atlas-001020s-k0860033_corrected.fits,4.14432,1050479789.5
13,gcp,europe-west1,1536,MB,europe-west1,gcp,upload,/function/corrected/p2mass-atlas-001020s-k0860033_corrected_area.fits,4.14432,185977097.0
13,gcp,europe-west1,1536,MB,europe-west1,gcp,upload,/function/corrected/p2mass-atlas-001020s-k0860044_corrected.fits,4.14432,1097956925.5
13,gcp,europe-west1,1536,MB,europe-west1,gcp,upload,/function/corrected/p2mass-atlas-001020s-k0860044_corrected_area.fits,4.14432,196107765.0
13,gcp,europe-west1,1536,MB,europe-west1,gcp,upload,/function/corrected/p2mass-atlas-001020s-k0860056_corrected.fits,4.14432,1052498923.0
13,gcp,europe-west1,1536,MB,europe-west1,gcp,upload,/function/corrected/p2mass-atlas-001020s-k0860056_corrected_area.fits,4.14432,137914921.5
13,gcp,europe-west1,1536,MB,europe-west1,gcp,upload,/function/corrected/p2mass-atlas-001020s-k0870221_corrected.fits,4.13568,1138135083.5
13,gcp,europe-west1,1536,MB,europe-west1,gcp,upload,/function/corrected/p2mass-atlas-001020s-k0870221_corrected_area.fits,4.13568,216958776.5
13,gcp,europe-west1,1536,MB,europe-west1,gcp,upload,/function/corrected/p2mass-atlas-001020s-k0870233_corrected.fits,4.13568,1081882654.0
13,gcp,europe-west1,1536,MB,europe-west1,gcp,upload,/function/corrected/p2mass-atlas-001020s-k0870233_corrected_area.fits,4.13568,217459541.0
13,gcp,europe-west1,1536,MB,europe-west1,gcp,upload,/function/corrected/p2mass-atlas-001020s-k0870245_corrected.fits,4.13568,1098751587.0
13,gcp,europe-west1,1536,MB,europe-west1,gcp,upload,/function/corrected/p2mass-atlas-001020s-k0870245_corrected_area.fits,4.13568,222759026.0
13,gcp,europe-west1,1536,MB,europe-west1,gcp,upload,/function/corrected/p2mass-atlas-001021s-k0490221_corrected.fits,4.13568,1110001581.0
13,gcp,europe-west1,1536,MB,europe-west1,gcp,upload,/function/corrected/p2mass-atlas-001021s-k0490221_corrected_area.fits,4.13568,306612947.0
13,gcp,europe-west1,1536,MB,europe-west1,gcp,upload,/function/corrected/p2mass-atlas-001021s-k0490233_corrected.fits,4.13568,1114124988.5
13,gcp,europe-west1,1536,MB,europe-west1,gcp,upload,/function/corrected/p2mass-atlas-001021s-k0490233_corrected_area.fits,4.13568,226099071.0
13,gcp,europe-west1,1536,MB,europe-west1,gcp,upload,/function/corrected/p2mass-atlas-001021s-k0490245_corrected.fits,4.14432,1068503263.5
13,gcp,europe-west1,1536,MB,europe-west1,gcp,upload,/function/corrected/p2mass-atlas-001021s-k0490245_corrected_area.fits,4.14432,246413882.5
13,gcp,europe-west1,1536,MB,europe-west1,gcp,upload,/function/corrected/p2mass-atlas-001021s-k0560033_corrected.fits,4.15296,1068198151.5
13,gcp,europe-west1,1536,MB,europe-west1,gcp,upload,/function/corrected/p2mass-atlas-001021s-k0560033_corrected_area.fits,4.15296,223408375.0
13,gcp,europe-west1,1536,MB,europe-west1,gcp,upload,/function/corrected/p2mass-atlas-001021s-k0560044_corrected.fits,4.14432,1004997329.0
13,gcp,europe-west1,1536,MB,europe-west1,gcp,upload,/function/corrected/p2mass-atlas-001021s-k0560044_corrected_area.fits,4.14432,224361617.5
13,gcp,europe-west1,1536,MB,europe-west1,gcp,upload,/function/corrected/p2mass-atlas-001021s-k0560056_corrected.fits,4.13568,998000536.5
13,gcp,europe-west1,1536,MB,europe-west1,gcp,upload,/function/corrected/p2mass-atlas-001021s-k0560056_corrected_area.fits,4.13568,221711985.0
13,gcp,europe-west1,1536,MB,europe-west1,gcp,upload,/function/corrected/p2mass-atlas-001021s-k0570221_corrected.fits,4.14432,1013225054.0
13,gcp,europe-west1,1536,MB,europe-west1,gcp,upload,/function/corrected/p2mass-atlas-001021s-k0570221_corrected_area.fits,4.14432,217164337.5
13,gcp,europe-west1,1536,MB,europe-west1,gcp,upload,/function/corrected/p2mass-atlas-001021s-k0570233_corrected.fits,4.13568,1057103778.0
13,gcp,europe-west1,1536,MB,europe-west1,gcp,upload,/function/corrected/p2mass-atlas-001021s-k0570233_corrected_area.fits,4.13568,237238706.0
13,gcp,europe-west1,1536,MB,europe-west1,gcp,upload,/function/corrected/p2mass-atlas-001021s-k0570245_corrected.fits,4.14432,1068517835.5
13,gcp,europe-west1,1536,MB,europe-west1,gcp,upload,/function/corrected/p2mass-atlas-001021s-k0570245_corrected_area.fits,4.14432,234011318.5
13,gcp,europe-west1,1536,MB,europe-west1,gcp,upload,/function/corrected/p2mass-atlas-980914s-k0800033_corrected.fits,4.14432,1154268754.0
13,gcp,europe-west1,1536,MB,europe-west1,gcp,upload,/function/corrected/p2mass-atlas-980914s-k0800033_corrected_area.fits,4.14432,195487465.5
13,gcp,europe-west1,1536,MB,europe-west1,gcp,upload,/function/corrected/p2mass-atlas-980914s-k0800044_corrected.fits,4.14432,1060872950.0
13,gcp,europe-west1,1536,MB,europe-west1,gcp,upload,/function/corrected/p2mass-atlas-980914s-k0800044_corrected_area.fits,4.14432,181312502.5
13,gcp,europe-west1,1536,MB,europe-west1,gcp,upload,/function/corrected/p2mass-atlas-980914s-k0800056_corrected.fits,4.14432,1040568697.5
13,gcp,europe-west1,1536,MB,europe-west1,gcp,upload,/function/corrected/p2mass-atlas-980914s-k0800056_corrected_area.fits,4.14432,182033154.5
13,gcp,europe-west1,1536,MB,europe-west1,gcp,upload,/function/corrected/p2mass-atlas-980914s-k0810221_corrected.fits,4.14432,1044700471.0
13,gcp,europe-west1,1536,MB,europe-west1,gcp,upload,/function/corrected/p2mass-atlas-980914s-k0810221_corrected_area.fits,4.14432,185237503.5
13,gcp,europe-west1,1536,MB,europe-west1,gcp,upload,/function/corrected/p2mass-atlas-980914s-k0810233_corrected.fits,4.14432,1018643496.5
13,gcp,europe-west1,1536,MB,europe-west1,gcp,upload,/function/corrected/p2mass-atlas-980914s-k0810233_corrected_area.fits,4.14432,185933567.0
13,gcp,europe-west1,1536,MB,europe-west1,gcp,upload,/function/corrected/p2mass-atlas-980914s-k0810245_corrected.fits,4.14432,1114171363.5
13,gcp,europe-west1,1536,MB,europe-west1,gcp,upload,/function/corrected/p2mass-atlas-980914s-k0810245_corrected_area.fits,4.14432,208619536.0
13,gcp,europe-west1,1536,MB,europe-west1,gcp,upload,/function/corrected/p2mass-atlas-980914s-k0820033_corrected.fits,4.14432,1121439298.5
13,gcp,europe-west1,1536,MB,europe-west1,gcp,upload,/function/corrected/p2mass-atlas-980914s-k0820033_corrected_area.fits,4.14432,166301307.5
13,gcp,europe-west1,1536,MB,europe-west1,gcp,upload,/function/corrected/p2mass-atlas-980914s-k0820044_corrected.fits,4.14432,1110727005.0
13,gcp,europe-west1,1536,MB,europe-west1,gcp,upload,/function/corrected/p2mass-atlas-980914s-k0820044_corrected_area.fits,4.14432,158290358.5
13,gcp,europe-west1,1536,MB,europe-west1,gcp,upload,/function/corrected/p2mass-atlas-980914s-k0820056_corrected.fits,4.13568,1080326239.5
13,gcp,europe-west1,1536,MB,europe-west1,gcp,upload,/function/corrected/p2mass-atlas-980914s-k0820056_corrected_area.fits,4.13568,161598107.0
13,gcp,europe-west1,1536,MB,europe-west1,gcp,upload,/function/corrected/p2mass-atlas-980914s-k0830221_corrected.fits,4.14432,1054143556.5
13,gcp,europe-west1,1536,MB,europe-west1,gcp,upload,/function/corrected/p2mass-atlas-980914s-k0830221_corrected_area.fits,4.14432,147969285.0
13,gcp,europe-west1,1536,MB,europe-west1,gcp,upload,/function/corrected/p2mass-atlas-980914s-k0830233_corrected.fits,4.14432,1099723861.5
13,gcp,europe-west1,1536,MB,europe-west1,gcp,upload,/function/corrected/p2mass-atlas-980914s-k0830233_corrected_area.fits,4.14432,156111384.5
13,gcp,europe-west1,1536,MB,europe-west1,gcp,upload,/function/corrected/p2mass-atlas-980914s-k0830245_corrected.fits,4.14432,1020132104.5
13,gcp,europe-west1,1536,MB,europe-west1,gcp,upload,/function/corrected/p2mass-atlas-980914s-k0830245_corrected_area.fits,4.14432,162232109.5
13,gcp,europe-west1,1536,MB,europe-west1,gcp,upload,/function/corrected/p2mass-atlas-980914s-k0840033_corrected.fits,4.14432,1038251881.5
13,gcp,europe-west1,1536,MB,europe-west1,gcp,upload,/function/corrected/p2mass-atlas-980914s-k0840033_corrected_area.fits,4.14432,175991395.5
13,gcp,europe-west1,1536,MB,europe-west1,gcp,upload,/function/corrected/p2mass-atlas-980914s-k0840044_corrected.fits,4.14432,1084217995.5
13,gcp,europe-west1,1536,MB,europe-west1,gcp,upload,/function/corrected/p2mass-atlas-980914s-k0840044_corrected_area.fits,4.14432,197187400.5
13,gcp,europe-west1,1536,MB,europe-west1,gcp,upload,/function/corrected/p2mass-atlas-980914s-k0840056_corrected.fits,4.14432,1068858174.0
13,gcp,europe-west1,1536,MB,europe-west1,gcp,upload,/function/corrected/p2mass-atlas-980914s-k0840056_corrected_area.fits,4.14432,202605804.0
14,gcp,europe-west1,1536,MB,europe-west1,gcp,download,/function/cimages.tbl,0.00511,73850550.5
14,gcp,europe-west1,1536,MB,europe-west1,gcp,download,/function/corrected/p2mass-atlas-001020s-k0860033_corrected.fits,4.14432,135210643.0
14,gcp,europe-west1,1536,MB,europe-west1,gcp,download,/function/corrected/p2mass-atlas-001020s-k0860044_corrected.fits,4.14432,138259354.0
14,gcp,europe-west1,1536,MB,europe-west1,gcp,download,/function/corrected/p2mass-atlas-001020s-k0860056_corrected.fits,4.14432,166008222.0
14,gcp,europe-west1,1536,MB,europe-west1,gcp,download,/function/corrected/p2mass-atlas-001020s-k0870221_corrected.fits,4.13568,122200065.0
14,gcp,europe-west1,1536,MB,europe-west1,gcp,download,/function/corrected/p2mass-atlas-001020s-k0870233_corrected.fits,4.13568,125421421.0
14,gcp,europe-west1,1536,MB,europe-west1,gcp,download,/function/corrected/p2mass-atlas-001020s-k0870245_corrected.fits,4.13568,143054311.0
14,gcp,europe-west1,1536,MB,europe-west1,gcp,download,/function/corrected/p2mass-atlas-001021s-k0490221_corrected.fits,4.13568,132801859.0
14,gcp,europe-west1,1536,MB,europe-west1,gcp,download,/function/corrected/p2mass-atlas-001021s-k0490233_corrected.fits,4.13568,142716104.0
14,gcp,europe-west1,1536,MB,europe-west1,gcp,download,/function/corrected/p2mass-atlas-001021s-k0490245_corrected.fits,4.14432,136880316.5
14,gcp,europe-west1,1536,MB,europe-west1,gcp,download,/function/corrected/p2mass-atlas-001021s-k0560033_corrected.fits,4.15296,154704917.5
14,gcp,europe-west1,1536,MB,europe-west1,gcp,download,/function/corrected/p2mass-atlas-001021s-k0560044_corrected.fits,4.14432,149268595.0
14,gcp,europe-west1,1536,MB,europe-west1,gcp,download,/function/corrected/p2mass-atlas-001021s-k0560056_corrected.fits,4.13568,150823357.5
14,gcp,europe-west1,1536,MB,europe-west1,gcp,download,/function/corrected/p2mass-atlas-001021s-k0570221_corrected.fits,4.14432,142235040.5
14,gcp,europe-west1,1536,MB,europe-west1,gcp,download,/function/corrected/p2mass-atlas-001021s-k0570233_corrected.fits,4.13568,129713793.5
14,gcp,europe-west1,1536,MB,europe-west1,gcp,download,/function/corrected/p2mass-atlas-001021s-k0570245_corrected.fits,4.14432,151871599.5
14,gcp,europe-west1,1536,MB,europe-west1,gcp,download,/function/corrected/p2mass-atlas-980914s-k0800033_corrected.fits,4.14432,140409217.5
14,gcp,europe-west1,1536,MB,europe-west1,gcp,download,/function/corrected/p2mass-atlas-980914s-k0800044_corrected.fits,4.14432,137160609.0
14,gcp,europe-west1,1536,MB,europe-west1,gcp,download,/function/corrected/p2mass-atlas-980914s-k0800056_corrected.fits,4.14432,130127545.0
14,gcp,europe-west1,1536,MB,europe-west1,gcp,download,/function/corrected/p2mass-atlas-980914s-k0810221_corrected.fits,4.14432,124583176.5
14,gcp,europe-west1,1536,MB,europe-west1,gcp,download,/function/corrected/p2mass-atlas-980914s-k0810233_corrected.fits,4.14432,118818949.0
14,gcp,europe-west1,1536,MB,europe-west1,gcp,download,/function/corrected/p2mass-atlas-980914s-k0810245_corrected.fits,4.14432,115323809.5
14,gcp,europe-west1,1536,MB,europe-west1,gcp,download,/function/corrected/p2mass-atlas-980914s-k0820033_corrected.fits,4.14432,117010834.5
14,gcp,europe-west1,1536,MB,europe-west1,gcp,download,/function/corrected/p2mass-atlas-980914s-k0820044_corrected.fits,4.14432,102549408.5
14,gcp,europe-west1,1536,MB,europe-west1,gcp,download,/function/corrected/p2mass-atlas-980914s-k0820056_corrected.fits,4.13568,131008077.5
14,gcp,europe-west1,1536,MB,europe-west1,gcp,download,/function/corrected/p2mass-atlas-980914s-k0830221_corrected.fits,4.14432,111418710.0
14,gcp,europe-west1,1536,MB,europe-west1,gcp,download,/function/corrected/p2mass-atlas-980914s-k0830233_corrected.fits,4.14432,116869083.0
14,gcp,europe-west1,1536,MB,europe-west1,gcp,download,/function/corrected/p2mass-atlas-980914s-k0830245_corrected.fits,4.14432,146755504.0
14,gcp,europe-west1,1536,MB,europe-west1,gcp,download,/function/corrected/p2mass-atlas-980914s-k0840033_corrected.fits,4.14432,113255787.5
14,gcp,europe-west1,1536,MB,europe-west1,gcp,download,/function/corrected/p2mass-atlas-980914s-k0840044_corrected.fits,4.14432,169917355.5
14,gcp,europe-west1,1536,MB,europe-west1,gcp,download,/function/corrected/p2mass-atlas-980914s-k0840056_corrected.fits,4.14432,111848310.5
14,gcp,europe-west1,1536,MB,europe-west1,gcp,download,/function/mImgtbl,5.496352,112846550.0
14,gcp,europe-west1,1536,MB,europe-west1,gcp,upload,/function/cimages.tbl,0.015252,55743269.5
15,gcp,europe-west1,1536,MB,europe-west1,gcp,download,/function/cimages.tbl,0.015252,53317680.5
15,gcp,europe-west1,1536,MB,europe-west1,gcp,download,/function/corrected/p2mass-atlas-001020s-k0860033_corrected.fits,4.14432,105430341.5
15,gcp,europe-west1,1536,MB,europe-west1,gcp,download,/function/corrected/p2mass-atlas-001020s-k0860033_corrected_area.fits,4.14432,117866134.5
15,gcp,europe-west1,1536,MB,europe-west1,gcp,download,/function/corrected/p2mass-atlas-001020s-k0860044_corrected.fits,4.14432,106591694.0
15,gcp,europe-west1,1536,MB,europe-west1,gcp,download,/function/corrected/p2mass-atlas-001020s-k0860044_corrected_area.fits,4.14432,120192660.5
15,gcp,europe-west1,1536,MB,europe-west1,gcp,download,/function/corrected/p2mass-atlas-001020s-k0860056_corrected.fits,4.14432,115974279.0
15,gcp,europe-west1,1536,MB,europe-west1,gcp,download,/function/corrected/p2mass-atlas-001020s-k0860056_corrected_area.fits,4.14432,122543721.0
15,gcp,europe-west1,1536,MB,europe-west1,gcp,download,/function/corrected/p2mass-atlas-001020s-k0870221_corrected.fits,4.13568,183620592.5
15,gcp,europe-west1,1536,MB,europe-west1,gcp,download,/function/corrected/p2mass-atlas-001020s-k0870221_corrected_area.fits,4.13568,121792412.5
15,gcp,europe-west1,1536,MB,europe-west1,gcp,download,/function/corrected/p2mass-atlas-001020s-k0870233_corrected.fits,4.13568,123614588.0
15,gcp,europe-west1,1536,MB,europe-west1,gcp,download,/function/corrected/p2mass-atlas-001020s-k0870233_corrected_area.fits,4.13568,121049920.0
15,gcp,europe-west1,1536,MB,europe-west1,gcp,download,/function/corrected/p2mass-atlas-001020s-k0870245_corrected.fits,4.13568,127680547.5
15,gcp,europe-west1,1536,MB,europe-west1,gcp,download,/function/corrected/p2mass-atlas-001020s-k0870245_corrected_area.fits,4.13568,131027429.5
15,gcp,europe-west1,1536,MB,europe-west1,gcp,download,/function/corrected/p2mass-atlas-001021s-k0490221_corrected.fits,4.13568,132860553.5
15,gcp,europe-west1,1536,MB,europe-west1,gcp,download,/function/corrected/p2mass-atlas-001021s-k0490221_corrected_area.fits,4.13568,122245135.5
15,gcp,europe-west1,1536,MB,europe-west1,gcp,download,/function/corrected/p2mass-atlas-001021s-k0490233_corrected.fits,4.13568,143848189.0
15,gcp,europe-west1,1536,MB,europe-west1,gcp,download,/function/corrected/p2mass-atlas-001021s-k0490233_corrected_area.fits,4.13568,136107497.0
15,gcp,europe-west1,1536,MB,europe-west1,gcp,download,/function/corrected/p2mass-atlas-001021s-k0490245_corrected.fits,4.14432,145182065.0
15,gcp,europe-west1,1536,MB,europe-west1,gcp,download,/function/corrected/p2mass-atlas-001021s-k0490245_corrected_area.fits,4.14432,125898554.5
15,gcp,europe-west1,1536,MB,europe-west1,gcp,download,/function/corrected/p2mass-atlas-001021s-k0560033_corrected.fits,4.15296,124596117.5
15,gcp,europe-west1,1536,MB,europe-west1,gcp,download,/function/corrected/p2mass-atlas-001021s-k0560033_corrected_area.fits,4.15296,123508829.0
15,gcp,europe-west1,1536,MB,europe-west1,gcp,download,/function/corrected/p2mass-atlas-001021s-k0560044_corrected.fits,4.14432,128323567.5
15,gcp,europe-west1,1536,MB,europe-west1,gcp,download,/function/corrected/p2mass-atlas-001021s-k0560044_corrected_area.fits,4.14432,113209001.0
15,gcp,europe-west1,1536,MB,europe-west1,gcp,download,/function/corrected/p2mass-atlas-001021s-k0560056_corrected.fits,4.13568,102709440.5
15,gcp,europe-west1,1536,MB,europe-west1,gcp,download,/function/corrected/p2mass-atlas-001021s-k0560056_corrected_area.fits,4.13568,118228103.5
15,gcp,europe-west1,1536,MB,europe-west1,gcp,download,/function/corrected/p2mass-atlas-001021s-k0570221_corrected.fits,4.14432,114671531.5
15,gcp,europe-west1,1536,MB,europe-west1,gcp,download,/function/corrected/p2mass-atlas-001021s-k0570221_corrected_area.fits,4.14432,114470435.5
15,gcp,europe-west1,1536,MB,europe-west1,gcp,download,/function/corrected/p2mass-atlas-001021s-k0570233_corrected.fits,4.13568,114414334.0
15,gcp,europe-west1,1536,MB,europe-west1,gcp,download,/function/corrected/p2mass-atlas-001021s-k0570233_corrected_area.fits,4.13568,135018606.5
15,gcp,europe-west1,1536,MB,europe-west1,gcp,download,/function/corrected/p2mass-atlas-001021s-k0570245_corrected.fits,4.14432,106013667.0
15,gcp,europe-west1,1536,MB,europe-west1,gcp,download,/function/corrected/p2mass-atlas-001021s-k0570245_corrected_area.fits,4.14432,136248333.5
15,gcp,europe-west1,1536,MB,europe-west1,gcp,download,/function/corrected/p2mass-atlas-980914s-k0800033_corrected.fits,4.14432,116994432.0
15,gcp,europe-west1,1536,MB,europe-west1,gcp,download,/function/corrected/p2mass-atlas-980914s-k0800033_corrected_area.fits,4.14432,122450119.0
15,gcp,europe-west1,1536,MB,europe-west1,gcp,download,/function/corrected/p2mass-atlas-980914s-k0800044_corrected.fits,4.14432,96643136.0
15,gcp,europe-west1,1536,MB,europe-west1,gcp,download,/function/corrected/p2mass-atlas-980914s-k0800044_corrected_area.fits,4.14432,102584945.5
15,gcp,europe-west1,1536,MB,europe-west1,gcp,download,/function/corrected/p2mass-atlas-980914s-k0800056_corrected.fits,4.14432,118158620.5
15,gcp,europe-west1,1536,MB,europe-west1,gcp,download,/function/corrected/p2mass-atlas-980914s-k0800056_corrected_area.fits,4.14432,110517516.5
15,gcp,europe-west1,1536,MB,europe-west1,gcp,download,/function/corrected/p2mass-atlas-980914s-k0810221_corrected.fits,4.14432,127697586.5
15,gcp,europe-west1,1536,MB,europe-west1,gcp,download,/function/corrected/p2mass-atlas-980914s-k0810221_corrected_area.fits,4.14432,108504184.0
15,gcp,europe-west1,1536,MB,europe-west1,gcp,download,/function/corrected/p2mass-atlas-980914s-k0810233_corrected.fits,4.14432,102313413.5
15,gcp,europe-west1,1536,MB,europe-west1,gcp,download,/function/corrected/p2mass-atlas-980914s-k0810233_corrected_area.fits,4.14432,124594786.0
15,gcp,europe-west1,1536,MB,europe-west1,gcp,download,/function/corrected/p2mass-atlas-980914s-k0810245_corrected.fits,4.14432,100557505.5
15,gcp,europe-west1,1536,MB,europe-west1,gcp,download,/function/corrected/p2mass-atlas-980914s-k0810245_corrected_area.fits,4.14432,109027470.0
15,gcp,europe-west1,1536,MB,europe-west1,gcp,download,/function/corrected/p2mass-atlas-980914s-k0820033_corrected.fits,4.14432,112940468.0
15,gcp,europe-west1,1536,MB,europe-west1,gcp,download,/function/corrected/p2mass-atlas-980914s-k0820033_corrected_area.fits,4.14432,108574672.5
15,gcp,europe-west1,1536,MB,europe-west1,gcp,download,/function/corrected/p2mass-atlas-980914s-k0820044_corrected.fits,4.14432,119147374.5
15,gcp,europe-west1,1536,MB,europe-west1,gcp,download,/function/corrected/p2mass-atlas-980914s-k0820044_corrected_area.fits,4.14432,109894516.5
15,gcp,europe-west1,1536,MB,europe-west1,gcp,download,/function/corrected/p2mass-atlas-980914s-k0820056_corrected.fits,4.13568,111132929.5
15,gcp,europe-west1,1536,MB,europe-west1,gcp,download,/function/corrected/p2mass-atlas-980914s-k0820056_corrected_area.fits,4.13568,99941581.0
15,gcp,europe-west1,1536,MB,europe-west1,gcp,download,/function/corrected/p2mass-atlas-980914s-k0830221_corrected.fits,4.14432,131305213.0
15,gcp,europe-west1,1536,MB,europe-west1,gcp,download,/function/corrected/p2mass-atlas-980914s-k0830221_corrected_area.fits,4.14432,127472505.5
15,gcp,europe-west1,1536,MB,europe-west1,gcp,download,/function/corrected/p2mass-atlas-980914s-k0830233_corrected.fits,4.14432,123294982.5
15,gcp,europe-west1,1536,MB,europe-west1,gcp,download,/function/corrected/p2mass-atlas-980914s-k0830233_corrected_area.fits,4.14432,122584835.5
15,gcp,europe-west1,1536,MB,europe-west1,gcp,download,/function/corrected/p2mass-atlas-980914s-k0830245_corrected.fits,4.14432,138915987.0
15,gcp,europe-west1,1536,MB,europe-west1,gcp,download,/function/corrected/p2mass-atlas-980914s-k0830245_corrected_area.fits,4.14432,119378755.5
15,gcp,europe-west1,1536,MB,europe-west1,gcp,download,/function/corrected/p2mass-atlas-980914s-k0840033_corrected.fits,4.14432,93158986.5
15,gcp,europe-west1,1536,MB,europe-west1,gcp,download,/function/corrected/p2mass-atlas-980914s-k0840033_corrected_area.fits,4.14432,112877354.5
15,gcp,europe-west1,1536,MB,europe-west1,gcp,download,/function/corrected/p2mass-atlas-980914s-k0840044_corrected.fits,4.14432,136367007.0
15,gcp,europe-west1,1536,MB,europe-west1,gcp,download,/function/corrected/p2mass-atlas-980914s-k0840044_corrected_area.fits,4.14432,135748359.0
15,gcp,europe-west1,1536,MB,europe-west1,gcp,download,/function/corrected/p2mass-atlas-980914s-k0840056_corrected.fits,4.14432,112376599.5
15,gcp,europe-west1,1536,MB,europe-west1,gcp,download,/function/corrected/p2mass-atlas-980914s-k0840056_corrected_area.fits,4.14432,115754101.5
15,gcp,europe-west1,1536,MB,europe-west1,gcp,download,/function/mAdd,5.411176,131906644.0
15,gcp,europe-west1,1536,MB,europe-west1,gcp,download,/function/region.hdr,0.000277,43168970.5
15,gcp,europe-west1,1536,MB,europe-west1,gcp,upload,/function/mosaic.fits,57.21408,13909052296.5
15,gcp,europe-west1,1536,MB,europe-west1,gcp,upload,/function/mosaic_area.fits,57.21408,938869479.5
16,gcp,europe-west1,1536,MB,europe-west1,gcp,download,/function/mShrink,5.374048,165763101.0
16,gcp,europe-west1,1536,MB,europe-west1,gcp,download,/function/mosaic.fits,57.21408,993906927.0
16,gcp,europe-west1,1536,MB,europe-west1,gcp,upload,/function/mosaic_shrinked.fits,25.42176,6049174951.5
17,gcp,europe-west1,1536,MB,europe-west1,gcp,download,/function/mViewer,6.537816,166792280.5
17,gcp,europe-west1,1536,MB,europe-west1,gcp,download,/function/mosaic_shrinked.fits,25.42176,436562265.5
17,gcp,europe-west1,1536,MB,europe-west1,gcp,upload,/function/final.png,2.387093,276946709.5
2,gcp,europe-west1,1536,MB,europe-west1,gcp,download,/function/input/2mass-atlas-001020s-k0860033.fits,1.430932,98857639.0
2,gcp,europe-west1,1536,MB,europe-west1,gcp,download,/function/input/2mass-atlas-001020s-k0860044.fits,1.431122,84937308.0
2,gcp,europe-west1,1536,MB,europe-west1,gcp,download,/function/input/2mass-atlas-001020s-k0860056.fits,1.431548,79420933.5
2,gcp,europe-west1,1536,MB,europe-west1,gcp,download,/function/input/2mass-atlas-001020s-k0870221.fits,1.415237,89942059.0
2,gcp,europe-west1,1536,MB,europe-west1,gcp,download,/function/input/2mass-atlas-001020s-k0870233.fits,1.417782,83707003.5
2,gcp,europe-west1,1536,MB,europe-west1,gcp,download,/function/input/2mass-atlas-001020s-k0870245.fits,1.428497,80763743.0
2,gcp,europe-west1,1536,MB,europe-west1,gcp,download,/function/input/2mass-atlas-001021s-k0490221.fits,1.474539,102230364.0
2,gcp,europe-west1,1536,MB,europe-west1,gcp,download,/function/input/2mass-atlas-001021s-k0490233.fits,1.473388,81137164.0
2,gcp,europe-west1,1536,MB,europe-west1,gcp,download,/function/input/2mass-atlas-001021s-k0490245.fits,1.475153,98778285.0
2,gcp,europe-west1,1536,MB,europe-west1,gcp,download,/function/input/2mass-atlas-001021s-k0560033.fits,1.475337,93883563.0
2,gcp,europe-west1,1536,MB,europe-west1,gcp,download,/function/input/2mass-atlas-001021s-k0560044.fits,1.475774,70712189.5
2,gcp,europe-west1,1536,MB,europe-west1,gcp,download,/function/input/2mass-atlas-001021s-k0560056.fits,1.477972,68007019.5
2,gcp,europe-west1,1536,MB,europe-west1,gcp,download,/function/input/2mass-atlas-001021s-k0570221.fits,1.474794,71090674.0
2,gcp,europe-west1,1536,MB,europe-west1,gcp,download,/function/input/2mass-atlas-001021s-k0570233.fits,1.472843,89670639.5
2,gcp,europe-west1,1536,MB,europe-west1,gcp,download,/function/input/2mass-atlas-001021s-k0570245.fits,1.474299,96308980.5
2,gcp,europe-west1,1536,MB,europe-west1,gcp,download,/function/input/2mass-atlas-980914s-k0800033.fits,1.466856,103319503.5
2,gcp,europe-west1,1536,MB,europe-west1,gcp,download,/function/input/2mass-atlas-980914s-k0800044.fits,1.46705,85861795.5
2,gcp,europe-west1,1536,MB,europe-west1,gcp,download,/function/input/2mass-atlas-980914s-k0800056.fits,1.467462,86486013.0
2,gcp,europe-west1,1536,MB,europe-west1,gcp,download,/function/input/2mass-atlas-980914s-k0810221.fits,1.467205,87084612.0
2,gcp,europe-west1,1536,MB,europe-west1,gcp,download,/function/input/2mass-atlas-980914s-k0810233.fits,1.468091,86437961.0
2,gcp,europe-west1,1536,MB,europe-west1,gcp,download,/function/input/2mass-atlas-980914s-k0810245.fits,1.468524,86691828.5
2,gcp,europe-west1,1536,MB,europe-west1,gcp,download,/function/input/2mass-atlas-980914s-k0820033.fits,1.468069,87414268.0
2,gcp,europe-west1,1536,MB,europe-west1,gcp,download,/function/input/2mass-atlas-980914s-k0820044.fits,1.465354,79816174.0
2,gcp,europe-west1,1536,MB,europe-west1,gcp,download,/function/input/2mass-atlas-980914s-k0820056.fits,1.467195,82527748.0
2,gcp,europe-west1,1536,MB,europe-west1,gcp,download,/function/input/2mass-atlas-980914s-k0830221.fits,1.471563,81098942.5
2,gcp,europe-west1,1536,MB,europe-west1,gcp,download,/function/input/2mass-atlas-980914s-k0830233.fits,1.468954,76824289.0
2,gcp,europe-west1,1536,MB,europe-west1,gcp,download,/function/input/2mass-atlas-980914s-k0830245.fits,1.46679,87118768.0
2,gcp,europe-west1,1536,MB,europe-west1,gcp,download,/function/input/2mass-atlas-980914s-k0840033.fits,1.467584,77350402.0
2,gcp,europe-west1,1536,MB,europe-west1,gcp,download,/function/input/2mass-atlas-980914s-k0840044.fits,1.466204,80084274.5
2,gcp,europe-west1,1536,MB,europe-west1,gcp,download,/function/input/2mass-atlas-980914s-k0840056.fits,1.46731,74432777.5
2,gcp,europe-west1,1536,MB,europe-west1,gcp,download,/function/mProjectPP,5.457288,151664411.0
2,gcp,europe-west1,1536,MB,europe-west1,gcp,download,/function/region.hdr,0.000277,49063239.5
2,gcp,europe-west1,1536,MB,europe-west1,gcp,upload,/function/p2mass-atlas-001020s-k0860033.fits,4.14432,1113601178.5
2,gcp,europe-west1,1536,MB,europe-west1,gcp,upload,/function/p2mass-atlas-001020s-k0860033_area.fits,4.14432,201248045.0
2,gcp,europe-west1,1536,MB,europe-west1,gcp,upload,/function/p2mass-atlas-001020s-k0860044.fits,4.14432,1212082628.0
2,gcp,europe-west1,1536,MB,europe-west1,gcp,upload,/function/p2mass-atlas-001020s-k0860044_area.fits,4.14432,177243494.0
2,gcp,europe-west1,1536,MB,europe-west1,gcp,upload,/function/p2mass-atlas-001020s-k0860056.fits,4.14432,1174899494.0
2,gcp,europe-west1,1536,MB,europe-west1,gcp,upload,/function/p2mass-atlas-001020s-k0860056_area.fits,4.14432,211054969.5
2,gcp,europe-west1,1536,MB,europe-west1,gcp,upload,/function/p2mass-atlas-001020s-k0870221.fits,4.13568,1176633167.0
2,gcp,europe-west1,1536,MB,europe-west1,gcp,upload,/function/p2mass-atlas-001020s-k0870221_area.fits,4.13568,218308519.0
2,gcp,europe-west1,1536,MB,europe-west1,gcp,upload,/function/p2mass-atlas-001020s-k0870233.fits,4.13568,1167108231.0
2,gcp,europe-west1,1536,MB,europe-west1,gcp,upload,/function/p2mass-atlas-001020s-k0870233_area.fits,4.13568,210083942.5
2,gcp,europe-west1,1536,MB,europe-west1,gcp,upload,/function/p2mass-atlas-001020s-k0870245.fits,4.13568,1231253787.0
2,gcp,europe-west1,1536,MB,europe-west1,gcp,upload,/function/p2mass-atlas-001020s-k0870245_area.fits,4.13568,210265463.0
2,gcp,europe-west1,1536,MB,europe-west1,gcp,upload,/function/p2mass-atlas-001021s-k0490221.fits,4.13568,1061533153.0
2,gcp,europe-west1,1536,MB,europe-west1,gcp,upload,/function/p2mass-atlas-001021s-k0490221_area.fits,4.13568,222827324.0
2,gcp,europe-west1,1536,MB,europe-west1,gcp,upload,/function/p2mass-atlas-001021s-k0490233.fits,4.13568,1081440991.0
2,gcp,europe-west1,1536,MB,europe-west1,gcp,upload,/function/p2mass-atlas-001021s-k0490233_area.fits,4.13568,219190328.5
2,gcp,europe-west1,1536,MB,europe-west1,gcp,upload,/function/p2mass-atlas-001021s-k0490245.fits,4.14432,1068422664.0
2,gcp,europe-west1,1536,MB,europe-west1,gcp,upload,/function/p2mass-atlas-001021s-k0490245_area.fits,4.14432,251396220.0
2,gcp,europe-west1,1536,MB,europe-west1,gcp,upload,/function/p2mass-atlas-001021s-k0560033.fits,4.15296,1132703131.0
2,gcp,europe-west1,1536,MB,europe-west1,gcp,upload,/function/p2mass-atlas-001021s-k0560033_area.fits,4.15296,206191943.0
2,gcp,europe-west1,1536,MB,europe-west1,gcp,upload,/function/p2mass-atlas-001021s-k0560044.fits,4.14432,977999803.5
2,gcp,europe-west1,1536,MB,europe-west1,gcp,upload,/function/p2mass-atlas-001021s-k0560044_area.fits,4.14432,233329772.5
2,gcp,europe-west1,1536,MB,europe-west1,gcp,upload,/function/p2mass-atlas-001021s-k0560056.fits,4.13568,992887903.5
2,gcp,europe-west1,1536,MB,europe-west1,gcp,upload,/function/p2mass-atlas-001021s-k0560056_area.fits,4.13568,213921990.0
2,gcp,europe-west1,1536,MB,europe-west1,gcp,upload,/function/p2mass-atlas-001021s-k0570221.fits,4.14432,1006932676.0
2,gcp,europe-west1,1536,MB,europe-west1,gcp,upload,/function/p2mass-atlas-001021s-k0570221_area.fits,4.14432,222170569.5
2,gcp,europe-west1,1536,MB,europe-west1,gcp,upload,/function/p2mass-atlas-001021s-k0570233.fits,4.13568,1048344473.0
2,gcp,europe-west1,1536,MB,europe-west1,gcp,upload,/function/p2mass-atlas-001021s-k0570233_area.fits,4.13568,206466544.5
2,gcp,europe-west1,1536,MB,europe-west1,gcp,upload,/function/p2mass-atlas-001021s-k0570245.fits,4.14432,1075998309.0
2,gcp,europe-west1,1536,MB,europe-west1,gcp,upload,/function/p2mass-atlas-001021s-k0570245_area.fits,4.14432,224025622.0
2,gcp,europe-west1,1536,MB,europe-west1,gcp,upload,/function/p2mass-atlas-980914s-k0800033.fits,4.14432,1074395132.5
2,gcp,europe-west1,1536,MB,europe-west1,gcp,upload,/function/p2mass-atlas-980914s-k0800033_area.fits,4.14432,182511673.0
2,gcp,europe-west1,1536,MB,europe-west1,gcp,upload,/function/p2mass-atlas-980914s-k0800044.fits,4.14432,1094896513.0
2,gcp,europe-west1,1536,MB,europe-west1,gcp,upload,/function/p2mass-atlas-980914s-k0800044_area.fits,4.14432,180678377.5
2,gcp,europe-west1,1536,MB,europe-west1,gcp,upload,/function/p2mass-atlas-980914s-k0800056.fits,4.14432,1097069274.5
2,gcp,europe-west1,1536,MB,europe-west1,gcp,upload,/function/p2mass-atlas-980914s-k0800056_area.fits,4.14432,172476078.5
2,gcp,europe-west1,1536,MB,europe-west1,gcp,upload,/function/p2mass-atlas-980914s-k0810221.fits,4.14432,1105887101.5
2,gcp,europe-west1,1536,MB,europe-west1,gcp,upload,/function/p2mass-atlas-980914s-k0810221_area.fits,4.14432,169294160.0
2,gcp,europe-west1,1536,MB,europe-west1,gcp,upload,/function/p2mass-atlas-980914s-k0810233.fits,4.14432,1058204348.0
2,gcp,europe-west1,1536,MB,europe-west1,gcp,upload,/function/p2mass-atlas-980914s-k0810233_area.fits,4.14432,174905974.0
2,gcp,europe-west1,1536,MB,europe-west1,gcp,upload,/function/p2mass-atlas-980914s-k0810245.fits,4.14432,1040726847.5
2,gcp,europe-west1,1536,MB,europe-west1,gcp,upload,/function/p2mass-atlas-980914s-k0810245_area.fits,4.14432,194255114.0
2,gcp,europe-west1,1536,MB,europe-west1,gcp,upload,/function/p2mass-atlas-980914s-k0820033.fits,4.14432,1044935712.5
2,gcp,europe-west1,1536,MB,europe-west1,gcp,upload,/function/p2mass-atlas-980914s-k0820033_area.fits,4.14432,155884242.0
2,gcp,europe-west1,1536,MB,europe-west1,gcp,upload,/function/p2mass-atlas-980914s-k0820044.fits,4.14432,1063312369.5
2,gcp,europe-west1,1536,MB,europe-west1,gcp,upload,/function/p2mass-atlas-980914s-k0820044_area.fits,4.14432,153773564.5
2,gcp,europe-west1,1536,MB,europe-west1,gcp,upload,/function/p2mass-atlas-980914s-k0820056.fits,4.13568,1107148575.0
2,gcp,europe-west1,1536,MB,europe-west1,gcp,upload,/function/p2mass-atlas-980914s-k0820056_area.fits,4.13568,154527454.5
2,gcp,europe-west1,1536,MB,europe-west1,gcp,upload,/function/p2mass-atlas-980914s-k0830221.fits,4.14432,1090773437.5
2,gcp,europe-west1,1536,MB,europe-west1,gcp,upload,/function/p2mass-atlas-980914s-k0830221_area.fits,4.14432,147580924.5
2,gcp,europe-west1,1536,MB,europe-west1,gcp,upload,/function/p2mass-atlas-980914s-k0830233.fits,4.14432,1125742904.0
2,gcp,europe-west1,1536,MB,europe-west1,gcp,upload,/function/p2mass-atlas-980914s-k0830233_area.fits,4.14432,151113313.5
2,gcp,europe-west1,1536,MB,europe-west1,gcp,upload,/function/p2mass-atlas-980914s-k0830245.fits,4.14432,1124539622.0
2,gcp,europe-west1,1536,MB,europe-west1,gcp,upload,/function/p2mass-atlas-980914s-k0830245_area.fits,4.14432,148332457.0
2,gcp,europe-west1,1536,MB,europe-west1,gcp,upload,/function/p2mass-atlas-980914s-k0840033.fits,4.14432,1022846136.0
2,gcp,europe-west1,1536,MB,europe-west1,gcp,upload,/function/p2mass-atlas-980914s-k0840033_area.fits,4.14432,175242397.0
2,gcp,europe-west1,1536,MB,europe-west1,gcp,upload,/function/p2mass-atlas-980914s-k0840044.fits,4.14432,856748687.5
2,gcp,europe-west1,1536,MB,europe-west1,gcp,upload,/function/p2mass-atlas-980914s-k0840044_area.fits,4.14432,191158812.0
2,gcp,europe-west1,1536,MB,europe-west1,gcp,upload,/function/p2mass-atlas-980914s-k0840056.fits,4.14432,879160714.0
2,gcp,europe-west1,1536,MB,europe-west1,gcp,upload,/function/p2mass-atlas-980914s-k0840056_area.fits,4.14432,186787716.0
3,gcp,europe-west1,1536,MB,europe-west1,gcp,download,/function/input.imglist,0.001123,61917447.5
3,gcp,europe-west1,1536,MB,europe-west1,gcp,download,/function/input/2mass-atlas-001020s-k0860033.fits,1.430932,68388086.5
3,gcp,europe-west1,1536,MB,europe-west1,gcp,download,/function/input/2mass-atlas-001020s-k0860044.fits,1.431122,85962856.0
3,gcp,europe-west1,1536,MB,europe-west1,gcp,download,/function/input/2mass-atlas-001020s-k0860056.fits,1.431548,76530183.5
3,gcp,europe-west1,1536,MB,europe-west1,gcp,download,/function/input/2mass-atlas-001020s-k0870221.fits,1.415237,73334207.5
3,gcp,europe-west1,1536,MB,europe-west1,gcp,download,/function/input/2mass-atlas-001020s-k0870233.fits,1.417782,120798421.5
3,gcp,europe-west1,1536,MB,europe-west1,gcp,download,/function/input/2mass-atlas-001020s-k0870245.fits,1.428497,67596987.0
3,gcp,europe-west1,1536,MB,europe-west1,gcp,download,/function/input/2mass-atlas-001021s-k0490221.fits,1.474539,73219570.0
3,gcp,europe-west1,1536,MB,europe-west1,gcp,download,/function/input/2mass-atlas-001021s-k0490233.fits,1.473388,83122064.5
3,gcp,europe-west1,1536,MB,europe-west1,gcp,download,/function/input/2mass-atlas-001021s-k0490245.fits,1.475153,82754998.0
3,gcp,europe-west1,1536,MB,europe-west1,gcp,download,/function/input/2mass-atlas-001021s-k0560033.fits,1.475337,111767681.5
3,gcp,europe-west1,1536,MB,europe-west1,gcp,download,/function/input/2mass-atlas-001021s-k0560044.fits,1.475774,88645540.5
3,gcp,europe-west1,1536,MB,europe-west1,gcp,download,/function/input/2mass-atlas-001021s-k0560056.fits,1.477972,86823606.0
3,gcp,europe-west1,1536,MB,europe-west1,gcp,download,/function/input/2mass-atlas-001021s-k0570221.fits,1.474794,72730060.0
3,gcp,europe-west1,1536,MB,europe-west1,gcp,download,/function/input/2mass-atlas-001021s-k0570233.fits,1.472843,71762640.0
3,gcp,europe-west1,1536,MB,europe-west1,gcp,download,/function/input/2mass-atlas-001021s-k0570245.fits,1.474299,73029642.0
3,gcp,europe-west1,1536,MB,europe-west1,gcp,download,/function/input/2mass-atlas-980914s-k0800033.fits,1.466856,67326830.5
3,gcp,europe-west1,1536,MB,europe-west1,gcp,download,/function/input/2mass-atlas-980914s-k0800044.fits,1.46705,70187429.0
3,gcp,europe-west1,1536,MB,europe-west1,gcp,download,/function/input/2mass-atlas-980914s-k0800056.fits,1.467462,70321538.0
3,gcp,europe-west1,1536,MB,europe-west1,gcp,download,/function/input/2mass-atlas-980914s-k0810221.fits,1.467205,66738386.5
3,gcp,europe-west1,1536,MB,europe-west1,gcp,download,/function/input/2mass-atlas-980914s-k0810233.fits,1.468091,82579740.5
3,gcp,europe-west1,1536,MB,europe-west1,gcp,download,/function/input/2mass-atlas-980914s-k0810245.fits,1.468524,78450481.5
3,gcp,europe-west1,1536,MB,europe-west1,gcp,download,/function/input/2mass-atlas-980914s-k0820033.fits,1.468069,83077589.5
3,gcp,europe-west1,1536,MB,europe-west1,gcp,download,/function/input/2mass-atlas-980914s-k0820044.fits,1.465354,75610342.0
3,gcp,europe-west1,1536,MB,europe-west1,gcp,download,/function/input/2mass-atlas-980914s-k0820056.fits,1.467195,69250533.0
3,gcp,europe-west1,1536,MB,europe-west1,gcp,download,/function/input/2mass-atlas-980914s-k0830221.fits,1.471563,88690321.5
3,gcp,europe-west1,1536,MB,europe-west1,gcp,download,/function/input/2mass-atlas-980914s-k0830233.fits,1.468954,72059861.5
3,gcp,europe-west1,1536,MB,europe-west1,gcp,download,/function/input/2mass-atlas-980914s-k0830245.fits,1.46679,75584724.5
3,gcp,europe-west1,1536,MB,europe-west1,gcp,download,/function/input/2mass-atlas-980914s-k0840033.fits,1.467584,77722102.5
3,gcp,europe-west1,1536,MB,europe-west1,gcp,download,/function/input/2mass-atlas-980914s-k0840044.fits,1.466204,77725777.5
3,gcp,europe-west1,1536,MB,europe-west1,gcp,download,/function/input/2mass-atlas-980914s-k0840056.fits,1.46731,82102907.5
3,gcp,europe-west1,1536,MB,europe-west1,gcp,download,/function/mImgtbl,5.496352,139077430.0
3,gcp,europe-west1,1536,MB,europe-west1,gcp,upload,/function/images.tbl,0.01394,55296316.0
4,gcp,europe-west1,1536,MB,europe-west1,gcp,download,/function/images.tbl,0.01394,76078098.0
4,gcp,europe-west1,1536,MB,europe-west1,gcp,download,/function/mDAGTbls,5.47904,226900744.5
4,gcp,europe-west1,1536,MB,europe-west1,gcp,download,/function/region.hdr,0.000277,45658794.5
4,gcp,europe-west1,1536,MB,europe-west1,gcp,upload,/function/cimages.tbl,0.00511,53475371.0
4,gcp,europe-west1,1536,MB,europe-west1,gcp,upload,/function/pimages.tbl,0.00511,51451441.0
4,gcp,europe-west1,1536,MB,europe-west1,gcp,upload,/function/rimages.tbl,0.00508,67720954.0
5,gcp,europe-west1,1536,MB,europe-west1,gcp,download,/function/mOverlaps,0.504048,98682188.0
5,gcp,europe-west1,1536,MB,europe-west1,gcp,download,/function/pimages.tbl,0.00511,71332622.0
5,gcp,europe-west1,1536,MB,europe-west1,gcp,upload,/function/diffs.tbl,0.016167,61717897.0
6,gcp,europe-west1,1536,MB,europe-west1,gcp,download,/function/diffs.tbl,0.016167,78550353.0
7,gcp,europe-west1,1536,MB,europe-west1,gcp,download,/function/mDiff,5.373008,102515940.0
7,gcp,europe-west1,1536,MB,europe-west1,gcp,download,/function/mFitplane,5.372232,101926202.0
7,gcp,europe-west1,1536,MB,europe-west1,gcp,download,/function/p2mass-atlas-001020s-k0860033.fits,4.14432,118977238.0
7,gcp,europe-west1,1536,MB,europe-west1,gcp,download,/function/p2mass-atlas-001020s-k0860033_area.fits,4.14432,93431909.0
7,gcp,europe-west1,1536,MB,europe-west1,gcp,download,/function/p2mass-atlas-001020s-k0860044.fits,4.14432,100034101.5
7,gcp,europe-west1,1536,MB,europe-west1,gcp,download,/function/p2mass-atlas-001020s-k0860044_area.fits,4.14432,86033404.0
7,gcp,europe-west1,1536,MB,europe-west1,gcp,download,/function/p2mass-atlas-001020s-k0860056.fits,4.14432,90637489.0
7,gcp,europe-west1,1536,MB,europe-west1,gcp,download,/function/p2mass-atlas-001020s-k0860056_area.fits,4.14432,90606336.0
7,gcp,europe-west1,1536,MB,europe-west1,gcp,download,/function/p2mass-atlas-001020s-k0870221.fits,4.13568,98963689.0
7,gcp,europe-west1,1536,MB,europe-west1,gcp,download,/function/p2mass-atlas-001020s-k0870221_area.fits,4.13568,88704319.5
7,gcp,europe-west1,1536,MB,europe-west1,gcp,download,/function/p2mass-atlas-001020s-k0870233.fits,4.13568,98611931.0
7,gcp,europe-west1,1536,MB,europe-west1,gcp,download,/function/p2mass-atlas-001020s-k0870233_area.fits,4.13568,84546972.5
7,gcp,europe-west1,1536,MB,europe-west1,gcp,download,/function/p2mass-atlas-001020s-k0870245.fits,4.13568,95376872.0
7,gcp,europe-west1,1536,MB,europe-west1,gcp,download,/function/p2mass-atlas-001020s-k0870245_area.fits,4.13568,92373428.5
7,gcp,europe-west1,1536,MB,europe-west1,gcp,download,/function/p2mass-atlas-001021s-k0490221.fits,4.13568,93052560.0
7,gcp,europe-west1,1536,MB,europe-west1,gcp,download,/function/p2mass-atlas-001021s-k0490221_area.fits,4.13568,93268282.5
7,gcp,europe-west1,1536,MB,europe-west1,gcp,download,/function/p2mass-atlas-001021s-k0490233.fits,4.13568,92396584.5
7,gcp,europe-west1,1536,MB,europe-west1,gcp,download,/function/p2mass-atlas-001021s-k0490233_area.fits,4.13568,84522793.0
7,gcp,europe-west1,1536,MB,europe-west1,gcp,download,/function/p2mass-atlas-001021s-k0490245.fits,4.14432,97895877.5
7,gcp,europe-west1,1536,MB,europe-west1,gcp,download,/function/p2mass-atlas-001021s-k0490245_area.fits,4.14432,91156751.0
7,gcp,europe-west1,1536,MB,europe-west1,gcp,download,/function/p2mass-atlas-001021s-k0560033.fits,4.15296,103617738.5
7,gcp,europe-west1,1536,MB,europe-west1,gcp,download,/function/p2mass-atlas-001021s-k0560033_area.fits,4.15296,88597046.5
7,gcp,europe-west1,1536,MB,europe-west1,gcp,download,/function/p2mass-atlas-001021s-k0560044.fits,4.14432,96015386.5
7,gcp,europe-west1,1536,MB,europe-west1,gcp,download,/function/p2mass-atlas-001021s-k0560044_area.fits,4.14432,90689558.0
7,gcp,europe-west1,1536,MB,europe-west1,gcp,download,/function/p2mass-atlas-001021s-k0560056.fits,4.13568,90921324.5
7,gcp,europe-west1,1536,MB,europe-west1,gcp,download,/function/p2mass-atlas-001021s-k0560056_area.fits,4.13568,89934559.5
7,gcp,europe-west1,1536,MB,europe-west1,gcp,download,/function/p2mass-atlas-001021s-k0570221.fits,4.14432,102662200.0
7,gcp,europe-west1,1536,MB,europe-west1,gcp,download,/function/p2mass-atlas-001021s-k0570221_area.fits,4.14432,88150450.5
7,gcp,europe-west1,1536,MB,europe-west1,gcp,download,/function/p2mass-atlas-001021s-k0570233.fits,4.13568,100016466.5
7,gcp,europe-west1,1536,MB,europe-west1,gcp,download,/function/p2mass-atlas-001021s-k0570233_area.fits,4.13568,93697915.0
7,gcp,europe-west1,1536,MB,europe-west1,gcp,download,/function/p2mass-atlas-001021s-k0570245.fits,4.14432,111777790.0
7,gcp,europe-west1,1536,MB,europe-west1,gcp,download,/function/p2mass-atlas-001021s-k0570245_area.fits,4.14432,101275194.5
7,gcp,europe-west1,1536,MB,europe-west1,gcp,download,/function/p2mass-atlas-980914s-k0800033.fits,4.14432,99541738.0
7,gcp,europe-west1,1536,MB,europe-west1,gcp,download,/function/p2mass-atlas-980914s-k0800033_area.fits,4.14432,88852761.5
7,gcp,europe-west1,1536,MB,europe-west1,gcp,download,/function/p2mass-atlas-980914s-k0800044.fits,4.14432,100793626.5
7,gcp,europe-west1,1536,MB,europe-west1,gcp,download,/function/p2mass-atlas-980914s-k0800044_area.fits,4.14432,94363743.5
7,gcp,europe-west1,1536,MB,europe-west1,gcp,download,/function/p2mass-atlas-980914s-k0800056.fits,4.14432,100544599.5
7,gcp,europe-west1,1536,MB,europe-west1,gcp,download,/function/p2mass-atlas-980914s-k0800056_area.fits,4.14432,94047323.5
7,gcp,europe-west1,1536,MB,europe-west1,gcp,download,/function/p2mass-atlas-980914s-k0810221.fits,4.14432,97843259.0
7,gcp,europe-west1,1536,MB,europe-west1,gcp,download,/function/p2mass-atlas-980914s-k0810221_area.fits,4.14432,83750425.5
7,gcp,europe-west1,1536,MB,europe-west1,gcp,download,/function/p2mass-atlas-980914s-k0810233.fits,4.14432,95582144.0
7,gcp,europe-west1,1536,MB,europe-west1,gcp,download,/function/p2mass-atlas-980914s-k0810233_area.fits,4.14432,88715462.5
7,gcp,europe-west1,1536,MB,europe-west1,gcp,download,/function/p2mass-atlas-980914s-k0810245.fits,4.14432,97659738.5
7,gcp,europe-west1,1536,MB,europe-west1,gcp,download,/function/p2mass-atlas-980914s-k0810245_area.fits,4.14432,91001872.0
7,gcp,europe-west1,1536,MB,europe-west1,gcp,download,/function/p2mass-atlas-980914s-k0820033.fits,4.14432,104538468.0
7,gcp,europe-west1,1536,MB,europe-west1,gcp,download,/function/p2mass-atlas-980914s-k0820033_area.fits,4.14432,100727851.5
7,gcp,europe-west1,1536,MB,europe-west1,gcp,download,/function/p2mass-atlas-980914s-k0820044.fits,4.14432,95318091.0
7,gcp,europe-west1,1536,MB,europe-west1,gcp,download,/function/p2mass-atlas-980914s-k0820044_area.fits,4.14432,81896893.0
7,gcp,europe-west1,1536,MB,europe-west1,gcp,download,/function/p2mass-atlas-980914s-k0820056.fits,4.13568,99737572.5
7,gcp,europe-west1,1536,MB,europe-west1,gcp,download,/function/p2mass-atlas-980914s-k0820056_area.fits,4.13568,86093870.5
7,gcp,europe-west1,1536,MB,europe-west1,gcp,download,/function/p2mass-atlas-980914s-k0830221.fits,4.14432,90785398.0
7,gcp,europe-west1,1536,MB,europe-west1,gcp,download,/function/p2mass-atlas-980914s-k0830221_area.fits,4.14432,84672798.0
7,gcp,europe-west1,1536,MB,europe-west1,gcp,download,/function/p2mass-atlas-980914s-k0830233.fits,4.14432,94189673.5
7,gcp,europe-west1,1536,MB,europe-west1,gcp,download,/function/p2mass-atlas-980914s-k0830233_area.fits,4.14432,85257612.0
7,gcp,europe-west1,1536,MB,europe-west1,gcp,download,/function/p2mass-atlas-980914s-k0830245.fits,4.14432,106514077.5
7,gcp,europe-west1,1536,MB,europe-west1,gcp,download,/function/p2mass-atlas-980914s-k0830245_area.fits,4.14432,91166665.5
7,gcp,europe-west1,1536,MB,europe-west1,gcp,download,/function/p2mass-atlas-980914s-k0840033.fits,4.14432,136012655.0
7,gcp,europe-west1,1536,MB,europe-west1,gcp,download,/function/p2mass-atlas-980914s-k0840033_area.fits,4.14432,125261818.0
7,gcp,europe-west1,1536,MB,europe-west1,gcp,download,/function/p2mass-atlas-980914s-k0840044.fits,4.14432,98965167.5
7,gcp,europe-west1,1536,MB,europe-west1,gcp,download,/function/p2mass-atlas-980914s-k0840044_area.fits,4.14432,96615055.5
7,gcp,europe-west1,1536,MB,europe-west1,gcp,download,/function/p2mass-atlas-980914s-k0840056.fits,4.14432,96910127.5
7,gcp,europe-west1,1536,MB,europe-west1,gcp,download,/function/p2mass-atlas-980914s-k0840056_area.fits,4.14432,90122138.5
7,gcp,europe-west1,1536,MB,europe-west1,gcp,download,/function/region.hdr,0.000277,39369041.0
7,gcp,europe-west1,1536,MB,europe-west1,gcp,upload,/function/diff.000001.000007.fits,1.02528,190988261.0
7,gcp,europe-west1,1536,MB,europe-west1,gcp,upload,/function/diff.000001.000007_area.fits,1.02528,71767072.5
7,gcp,europe-west1,1536,MB,europe-west1,gcp,upload,/function/diff.000001.000011.fits,3.31776,576006317.0
7,gcp,europe-west1,1536,MB,europe-west1,gcp,upload,/function/diff.000001.000011_area.fits,3.31776,139800111.0
7,gcp,europe-west1,1536,MB,europe-west1,gcp,upload,/function/diff.000001.000012.fits,0.22176,90322138.0
7,gcp,europe-west1,1536,MB,europe-west1,gcp,upload,/function/diff.000001.000012_area.fits,0.22176,56846288.0
7,gcp,europe-west1,1536,MB,europe-west1,gcp,upload,/function/diff.000001.000020.fits,0.14112,64670786.0
7,gcp,europe-west1,1536,MB,europe-west1,gcp,upload,/function/diff.000001.000020_area.fits,0.14112,56697880.0
7,gcp,europe-west1,1536,MB,europe-west1,gcp,upload,/function/diff.000001.000025.fits,0.03744,55448862.0
7,gcp,europe-west1,1536,MB,europe-west1,gcp,upload,/function/diff.000001.000025_area.fits,0.03744,57898281.0
7,gcp,europe-west1,1536,MB,europe-west1,gcp,upload,/function/diff.000001.000026.fits,0.59328,129791380.5
7,gcp,europe-west1,1536,MB,europe-west1,gcp,upload,/function/diff.000001.000026_area.fits,0.59328,60718088.0
7,gcp,europe-west1,1536,MB,europe-west1,gcp,upload,/function/diff.000001.000028.fits,0.4464,86861244.0
7,gcp,europe-west1,1536,MB,europe-west1,gcp,upload,/function/diff.000001.000028_area.fits,0.4464,61995766.0
7,gcp,europe-west1,1536,MB,europe-west1,gcp,upload,/function/diff.000002.000006.fits,0.4464,87799020.5
7,gcp,europe-west1,1536,MB,europe-west1,gcp,upload,/function/diff.000002.000006_area.fits,0.4464,59337934.5
7,gcp,europe-west1,1536,MB,europe-west1,gcp,upload,/function/diff.000002.000009.fits,3.33792,556241069.0
7,gcp,europe-west1,1536,MB,europe-west1,gcp,upload,/function/diff.000002.000009_area.fits,3.33792,128714800.5
7,gcp,europe-west1,1536,MB,europe-west1,gcp,upload,/function/diff.000002.000015.fits,0.22464,102296393.5
7,gcp,europe-west1,1536,MB,europe-west1,gcp,upload,/function/diff.000002.000015_area.fits,0.22464,55224160.0
7,gcp,europe-west1,1536,MB,europe-west1,gcp,upload,/function/diff.000002.000016.fits,0.14112,63754217.5
7,gcp,europe-west1,1536,MB,europe-west1,gcp,upload,/function/diff.000002.000016_area.fits,0.14112,52444071.0
7,gcp,europe-west1,1536,MB,europe-west1,gcp,upload,/function/diff.000002.000019.fits,0.12672,70452362.0
7,gcp,europe-west1,1536,MB,europe-west1,gcp,upload,/function/diff.000002.000019_area.fits,0.12672,54614877.0
7,gcp,europe-west1,1536,MB,europe-west1,gcp,upload,/function/diff.000002.000020.fits,0.14688,59409927.5
7,gcp,europe-west1,1536,MB,europe-west1,gcp,upload,/function/diff.000002.000020_area.fits,0.14688,53516810.0
7,gcp,europe-west1,1536,MB,europe-west1,gcp,upload,/function/diff.000002.000023.fits,0.40032,96148274.0
7,gcp,europe-west1,1536,MB,europe-west1,gcp,upload,/function/diff.000002.000023_area.fits,0.40032,57395437.5
7,gcp,europe-west1,1536,MB,europe-west1,gcp,upload,/function/diff.000002.000025.fits,0.03168,64255081.5
7,gcp,europe-west1,1536,MB,europe-west1,gcp,upload,/function/diff.000002.000025_area.fits,0.03168,52237951.5
7,gcp,europe-west1,1536,MB,europe-west1,gcp,upload,/function/diff.000002.000026.fits,0.52704,141690779.5
7,gcp,europe-west1,1536,MB,europe-west1,gcp,upload,/function/diff.000002.000026_area.fits,0.52704,63313944.0
7,gcp,europe-west1,1536,MB,europe-west1,gcp,upload,/function/diff.000002.000027.fits,1.01952,179456354.5
7,gcp,europe-west1,1536,MB,europe-west1,gcp,upload,/function/diff.000002.000027_area.fits,1.01952,70370635.5
7,gcp,europe-west1,1536,MB,europe-west1,gcp,upload,/function/diff.000002.000028.fits,0.46656,84757252.0
7,gcp,europe-west1,1536,MB,europe-west1,gcp,upload,/function/diff.000002.000028_area.fits,0.46656,59391447.5
7,gcp,europe-west1,1536,MB,europe-west1,gcp,upload,/function/diff.000003.000005.fits,4.06368,770235388.5
7,gcp,europe-west1,1536,MB,europe-west1,gcp,upload,/function/diff.000003.000005_area.fits,4.06368,139654108.0
7,gcp,europe-west1,1536,MB,europe-west1,gcp,upload,/function/diff.000003.000006.fits,0.42912,114048486.0
7,gcp,europe-west1,1536,MB,europe-west1,gcp,upload,/function/diff.000003.000006_area.fits,0.42912,61852824.5
7,gcp,europe-west1,1536,MB,europe-west1,gcp,upload,/function/diff.000003.000016.fits,0.13248,67862859.0
7,gcp,europe-west1,1536,MB,europe-west1,gcp,upload,/function/diff.000003.000016_area.fits,0.13248,55069731.5
7,gcp,europe-west1,1536,MB,europe-west1,gcp,upload,/function/diff.000003.000019.fits,0.14688,60640810.5
7,gcp,europe-west1,1536,MB,europe-west1,gcp,upload,/function/diff.000003.000019_area.fits,0.14688,55486336.5
7,gcp,europe-west1,1536,MB,europe-west1,gcp,upload,/function/diff.000003.000023.fits,0.46656,86373196.0
7,gcp,europe-west1,1536,MB,europe-west1,gcp,upload,/function/diff.000003.000023_area.fits,0.46656,55505216.0
7,gcp,europe-west1,1536,MB,europe-west1,gcp,upload,/function/diff.000003.000024.fits,0.22464,85647143.0
7,gcp,europe-west1,1536,MB,europe-west1,gcp,upload,/function/diff.000003.000024_area.fits,0.22464,56312525.5
7,gcp,europe-west1,1536,MB,europe-west1,gcp,upload,/function/diff.000003.000029.fits,0.20736,73177140.0
7,gcp,europe-west1,1536,MB,europe-west1,gcp,upload,/function/diff.000003.000029_area.fits,0.20736,54600041.0
7,gcp,europe-west1,1536,MB,europe-west1,gcp,upload,/function/diff.000004.000008.fits,0.576,120364129.0
7,gcp,europe-west1,1536,MB,europe-west1,gcp,upload,/function/diff.000004.000008_area.fits,0.576,63684505.5
7,gcp,europe-west1,1536,MB,europe-west1,gcp,upload,/function/diff.000004.000010.fits,0.55296,111170103.5
7,gcp,europe-west1,1536,MB,europe-west1,gcp,upload,/function/diff.000004.000010_area.fits,0.55296,56874107.5
7,gcp,europe-west1,1536,MB,europe-west1,gcp,upload,/function/diff.000004.000014.fits,0.42912,88759974.0
7,gcp,europe-west1,1536,MB,europe-west1,gcp,upload,/function/diff.000004.000014_area.fits,0.42912,55147725.5
7,gcp,europe-west1,1536,MB,europe-west1,gcp,upload,/function/diff.000004.000015.fits,1.01952,177984066.0
7,gcp,europe-west1,1536,MB,europe-west1,gcp,upload,/function/diff.000004.000015_area.fits,1.01952,68147463.0
7,gcp,europe-west1,1536,MB,europe-west1,gcp,upload,/function/diff.000004.000016.fits,0.03168,53490093.5
7,gcp,europe-west1,1536,MB,europe-west1,gcp,upload,/function/diff.000004.000016_area.fits,0.03168,49692090.5
7,gcp,europe-west1,1536,MB,europe-west1,gcp,upload,/function/diff.000004.000017.fits,3.33216,513272127.5
7,gcp,europe-west1,1536,MB,europe-west1,gcp,upload,/function/diff.000004.000017_area.fits,3.33216,133922366.0
7,gcp,europe-west1,1536,MB,europe-west1,gcp,upload,/function/diff.000004.000019.fits,0.0288,49382422.0
7,gcp,europe-west1,1536,MB,europe-west1,gcp,upload,/function/diff.000004.000019_area.fits,0.0288,50397048.5
7,gcp,europe-west1,1536,MB,europe-west1,gcp,upload,/function/diff.000004.000020.fits,0.03456,54097755.0
7,gcp,europe-west1,1536,MB,europe-west1,gcp,upload,/function/diff.000004.000020_area.fits,0.03456,51129915.5
7,gcp,europe-west1,1536,MB,europe-west1,gcp,upload,/function/diff.000004.000021.fits,0.49248,103376944.5
7,gcp,europe-west1,1536,MB,europe-west1,gcp,upload,/function/diff.000004.000021_area.fits,0.49248,62854497.5
7,gcp,europe-west1,1536,MB,europe-west1,gcp,upload,/function/diff.000004.000025.fits,0.13248,60421033.0
7,gcp,europe-west1,1536,MB,europe-west1,gcp,upload,/function/diff.000004.000025_area.fits,0.13248,52822247.5
7,gcp,europe-west1,1536,MB,europe-west1,gcp,upload,/function/diff.000004.000027.fits,0.22176,86717407.0
7,gcp,europe-west1,1536,MB,europe-west1,gcp,upload,/function/diff.000004.000027_area.fits,0.22176,53325136.5
7,gcp,europe-west1,1536,MB,europe-west1,gcp,upload,/function/diff.000005.000006.fits,0.47232,85214940.5
7,gcp,europe-west1,1536,MB,europe-west1,gcp,upload,/function/diff.000005.000006_area.fits,0.47232,61963273.0
7,gcp,europe-west1,1536,MB,europe-west1,gcp,upload,/function/diff.000005.000016.fits,0.14976,65459952.0
7,gcp,europe-west1,1536,MB,europe-west1,gcp,upload,/function/diff.000005.000016_area.fits,0.14976,48834441.5
7,gcp,europe-west1,1536,MB,europe-west1,gcp,upload,/function/diff.000005.000019.fits,0.16128,67468547.5
7,gcp,europe-west1,1536,MB,europe-west1,gcp,upload,/function/diff.000005.000019_area.fits,0.16128,55543767.5
7,gcp,europe-west1,1536,MB,europe-west1,gcp,upload,/function/diff.000005.000023.fits,0.50976,114782539.0
7,gcp,europe-west1,1536,MB,europe-west1,gcp,upload,/function/diff.000005.000023_area.fits,0.50976,59418630.5
7,gcp,europe-west1,1536,MB,europe-west1,gcp,upload,/function/diff.000005.000024.fits,0.23616,76628166.5
7,gcp,europe-west1,1536,MB,europe-west1,gcp,upload,/function/diff.000005.000024_area.fits,0.23616,49572660.5
7,gcp,europe-west1,1536,MB,europe-west1,gcp,upload,/function/diff.000005.000029.fits,0.22176,59523642.5
7,gcp,europe-west1,1536,MB,europe-west1,gcp,upload,/function/diff.000005.000029_area.fits,0.22176,55338850.5
7,gcp,europe-west1,1536,MB,europe-west1,gcp,upload,/function/diff.000006.000009.fits,0.54432,113134308.0
7,gcp,europe-west1,1536,MB,europe-west1,gcp,upload,/function/diff.000006.000009_area.fits,0.54432,65566145.0
7,gcp,europe-west1,1536,MB,europe-west1,gcp,upload,/function/diff.000006.000016.fits,0.22176,90087460.0
7,gcp,europe-west1,1536,MB,europe-west1,gcp,upload,/function/diff.000006.000016_area.fits,0.22176,52446361.0
7,gcp,europe-west1,1536,MB,europe-west1,gcp,upload,/function/diff.000006.000019.fits,0.22752,68036189.0
7,gcp,europe-west1,1536,MB,europe-west1,gcp,upload,/function/diff.000006.000019_area.fits,0.22752,53986948.0
7,gcp,europe-west1,1536,MB,europe-west1,gcp,upload,/function/diff.000006.000023.fits,4.06656,713352985.0
7,gcp,europe-west1,1536,MB,europe-west1,gcp,upload,/function/diff.000006.000023_area.fits,4.06656,147920975.5
7,gcp,europe-west1,1536,MB,europe-west1,gcp,upload,/function/diff.000006.000027.fits,0.03168,54634300.0
7,gcp,europe-west1,1536,MB,europe-west1,gcp,upload,/function/diff.000006.000027_area.fits,0.03168,50474673.0
7,gcp,europe-west1,1536,MB,europe-west1,gcp,upload,/function/diff.000007.000008.fits,0.03168,52979265.5
7,gcp,europe-west1,1536,MB,europe-west1,gcp,upload,/function/diff.000007.000008_area.fits,0.03168,46640864.0
7,gcp,europe-west1,1536,MB,europe-west1,gcp,upload,/function/diff.000007.000011.fits,0.22464,89611462.0
7,gcp,europe-west1,1536,MB,europe-west1,gcp,upload,/function/diff.000007.000011_area.fits,0.22464,58121034.5
7,gcp,europe-west1,1536,MB,europe-west1,gcp,upload,/function/diff.000007.000012.fits,3.31776,521595257.0
7,gcp,europe-west1,1536,MB,europe-west1,gcp,upload,/function/diff.000007.000012_area.fits,3.31776,136190238.5
7,gcp,europe-west1,1536,MB,europe-west1,gcp,upload,/function/diff.000007.000013.fits,0.22464,76226795.0
7,gcp,europe-west1,1536,MB,europe-west1,gcp,upload,/function/diff.000007.000013_area.fits,0.22464,54075717.5
7,gcp,europe-west1,1536,MB,europe-west1,gcp,upload,/function/diff.000007.000020.fits,0.53568,108398782.0
7,gcp,europe-west1,1536,MB,europe-west1,gcp,upload,/function/diff.000007.000020_area.fits,0.53568,60065533.5
7,gcp,europe-west1,1536,MB,europe-west1,gcp,upload,/function/diff.000007.000025.fits,0.46656,84790207.5
7,gcp,europe-west1,1536,MB,europe-west1,gcp,upload,/function/diff.000007.000025_area.fits,0.46656,62417883.5
7,gcp,europe-west1,1536,MB,europe-west1,gcp,upload,/function/diff.000007.000026.fits,0.144,58456592.0
7,gcp,europe-west1,1536,MB,europe-west1,gcp,upload,/function/diff.000007.000026_area.fits,0.144,50884455.0
7,gcp,europe-west1,1536,MB,europe-west1,gcp,upload,/function/diff.000007.000028.fits,0.03168,56499048.0
7,gcp,europe-west1,1536,MB,europe-west1,gcp,upload,/function/diff.000007.000028_area.fits,0.03168,48127088.5
7,gcp,europe-west1,1536,MB,europe-west1,gcp,upload,/function/diff.000008.000012.fits,0.14112,62861665.0
7,gcp,europe-west1,1536,MB,europe-west1,gcp,upload,/function/diff.000008.000012_area.fits,0.14112,53098871.0
7,gcp,europe-west1,1536,MB,europe-west1,gcp,upload,/function/diff.000008.000013.fits,0.53568,111589597.5
7,gcp,europe-west1,1536,MB,europe-west1,gcp,upload,/function/diff.000008.000013_area.fits,0.53568,59021819.5
7,gcp,europe-west1,1536,MB,europe-west1,gcp,upload,/function/diff.000008.000014.fits,3.30624,599038575.0
7,gcp,europe-west1,1536,MB,europe-west1,gcp,upload,/function/diff.000008.000014_area.fits,3.30624,123782998.0
7,gcp,europe-west1,1536,MB,europe-west1,gcp,upload,/function/diff.000008.000015.fits,0.144,54591815.5
7,gcp,europe-west1,1536,MB,europe-west1,gcp,upload,/function/diff.000008.000015_area.fits,0.144,49129535.5
7,gcp,europe-west1,1536,MB,europe-west1,gcp,upload,/function/diff.000008.000017.fits,0.4608,82536103.5
7,gcp,europe-west1,1536,MB,europe-west1,gcp,upload,/function/diff.000008.000017_area.fits,0.4608,60512370.5
7,gcp,europe-west1,1536,MB,europe-west1,gcp,upload,/function/diff.000008.000020.fits,0.22176,85939316.5
7,gcp,europe-west1,1536,MB,europe-west1,gcp,upload,/function/diff.000008.000020_area.fits,0.22176,49649698.5
7,gcp,europe-west1,1536,MB,europe-west1,gcp,upload,/function/diff.000008.000022.fits,0.4464,80258104.0
7,gcp,europe-west1,1536,MB,europe-west1,gcp,upload,/function/diff.000008.000022_area.fits,0.4464,56223250.5
7,gcp,europe-west1,1536,MB,europe-west1,gcp,upload,/function/diff.000008.000025.fits,1.00512,198179984.0
7,gcp,europe-west1,1536,MB,europe-west1,gcp,upload,/function/diff.000008.000025_area.fits,1.00512,67491431.0
7,gcp,europe-west1,1536,MB,europe-west1,gcp,upload,/function/diff.000008.000027.fits,0.03456,53662385.0
7,gcp,europe-west1,1536,MB,europe-west1,gcp,upload,/function/diff.000008.000027_area.fits,0.03456,51068680.5
7,gcp,europe-west1,1536,MB,europe-west1,gcp,upload,/function/diff.000009.000016.fits,0.03456,52761139.5
7,gcp,europe-west1,1536,MB,europe-west1,gcp,upload,/function/diff.000009.000016_area.fits,0.03456,50469273.0
7,gcp,europe-west1,1536,MB,europe-west1,gcp,upload,/function/diff.000009.000019.fits,0.03168,53803615.0
7,gcp,europe-west1,1536,MB,europe-west1,gcp,upload,/function/diff.000009.000019_area.fits,0.03168,49498435.5
7,gcp,europe-west1,1536,MB,europe-west1,gcp,upload,/function/diff.000009.000020.fits,0.03456,52570674.5
7,gcp,europe-west1,1536,MB,europe-west1,gcp,upload,/function/diff.000009.000020_area.fits,0.03456,48775515.5
7,gcp,europe-west1,1536,MB,europe-west1,gcp,upload,/function/diff.000009.000023.fits,0.48672,104066721.0
7,gcp,europe-west1,1536,MB,europe-west1,gcp,upload,/function/diff.000009.000023_area.fits,0.48672,56185583.5
7,gcp,europe-west1,1536,MB,europe-west1,gcp,upload,/function/diff.000009.000026.fits,0.43488,74464652.0
7,gcp,europe-west1,1536,MB,europe-west1,gcp,upload,/function/diff.000009.000026_area.fits,0.43488,58740703.5
7,gcp,europe-west1,1536,MB,europe-west1,gcp,upload,/function/diff.000009.000027.fits,0.22176,81799585.5
7,gcp,europe-west1,1536,MB,europe-west1,gcp,upload,/function/diff.000009.000027_area.fits,0.22176,50175591.5
7,gcp,europe-west1,1536,MB,europe-west1,gcp,upload,/function/diff.000009.000028.fits,0.58464,117754249.5
7,gcp,europe-west1,1536,MB,europe-west1,gcp,upload,/function/diff.000009.000028_area.fits,0.58464,58245517.5
7,gcp,europe-west1,1536,MB,europe-west1,gcp,upload,/function/diff.000010.000015.fits,0.14112,55520510.0
7,gcp,europe-west1,1536,MB,europe-west1,gcp,upload,/function/diff.000010.000015_area.fits,0.14112,51188752.5
7,gcp,europe-west1,1536,MB,europe-west1,gcp,upload,/function/diff.000010.000016.fits,0.22176,83523836.0
7,gcp,europe-west1,1536,MB,europe-west1,gcp,upload,/function/diff.000010.000016_area.fits,0.22176,54378511.5
7,gcp,europe-west1,1536,MB,europe-west1,gcp,upload,/function/diff.000010.000017.fits,0.45216,80488558.5
7,gcp,europe-west1,1536,MB,europe-west1,gcp,upload,/function/diff.000010.000017_area.fits,0.45216,57399865.0
7,gcp,europe-west1,1536,MB,europe-west1,gcp,upload,/function/diff.000010.000018.fits,0.47232,84466919.5
7,gcp,europe-west1,1536,MB,europe-west1,gcp,upload,/function/diff.000010.000018_area.fits,0.47232,53834200.5
7,gcp,europe-west1,1536,MB,europe-west1,gcp,upload,/function/diff.000010.000019.fits,0.21024,71270059.5
7,gcp,europe-west1,1536,MB,europe-west1,gcp,upload,/function/diff.000010.000019_area.fits,0.21024,47792505.5
7,gcp,europe-west1,1536,MB,europe-west1,gcp,upload,/function/diff.000010.000021.fits,4.0752,682883178.0
7,gcp,europe-west1,1536,MB,europe-west1,gcp,upload,/function/diff.000010.000021_area.fits,4.0752,144376877.5
7,gcp,europe-west1,1536,MB,europe-west1,gcp,upload,/function/diff.000010.000024.fits,0.1296,60179344.5
7,gcp,europe-west1,1536,MB,europe-west1,gcp,upload,/function/diff.000010.000024_area.fits,0.1296,48186537.5
7,gcp,europe-west1,1536,MB,europe-west1,gcp,upload,/function/diff.000010.000027.fits,0.03456,53437828.5
7,gcp,europe-west1,1536,MB,europe-west1,gcp,upload,/function/diff.000010.000027_area.fits,0.03456,49233433.5
7,gcp,europe-west1,1536,MB,europe-west1,gcp,upload,/function/diff.000010.000029.fits,0.14688,57676733.0
7,gcp,europe-west1,1536,MB,europe-west1,gcp,upload,/function/diff.000010.000029_area.fits,0.14688,49371993.0
7,gcp,europe-west1,1536,MB,europe-west1,gcp,upload,/function/diff.000010.000030.fits,0.42912,106059343.0
7,gcp,europe-west1,1536,MB,europe-west1,gcp,upload,/function/diff.000010.000030_area.fits,0.42912,59598092.0
7,gcp,europe-west1,1536,MB,europe-west1,gcp,upload,/function/diff.000011.000020.fits,0.03168,51276459.0
7,gcp,europe-west1,1536,MB,europe-west1,gcp,upload,/function/diff.000011.000020_area.fits,0.03168,52098250.0
7,gcp,europe-west1,1536,MB,europe-west1,gcp,upload,/function/diff.000011.000026.fits,0.46656,87019048.0
7,gcp,europe-west1,1536,MB,europe-west1,gcp,upload,/function/diff.000011.000026_area.fits,0.46656,58532106.0
7,gcp,europe-west1,1536,MB,europe-west1,gcp,upload,/function/diff.000011.000028.fits,0.53568,109576069.5
7,gcp,europe-west1,1536,MB,europe-west1,gcp,upload,/function/diff.000011.000028_area.fits,0.53568,62185380.0
7,gcp,europe-west1,1536,MB,europe-west1,gcp,upload,/function/diff.000012.000013.fits,1.02528,178900941.0
7,gcp,europe-west1,1536,MB,europe-west1,gcp,upload,/function/diff.000012.000013_area.fits,1.02528,66648963.5
7,gcp,europe-west1,1536,MB,europe-west1,gcp,upload,/function/diff.000012.000014.fits,0.03744,50857085.5
7,gcp,europe-west1,1536,MB,europe-west1,gcp,upload,/function/diff.000012.000014_area.fits,0.03744,47947206.5
7,gcp,europe-west1,1536,MB,europe-west1,gcp,upload,/function/diff.000012.000020.fits,0.4464,81268309.0
7,gcp,europe-west1,1536,MB,europe-west1,gcp,upload,/function/diff.000012.000020_area.fits,0.4464,61008311.0
7,gcp,europe-west1,1536,MB,europe-west1,gcp,upload,/function/diff.000012.000022.fits,0.22176,84867497.5
7,gcp,europe-west1,1536,MB,europe-west1,gcp,upload,/function/diff.000012.000022_area.fits,0.22176,55247084.0
7,gcp,europe-west1,1536,MB,europe-west1,gcp,upload,/function/diff.000012.000025.fits,0.59328,138395250.0
7,gcp,europe-west1,1536,MB,europe-west1,gcp,upload,/function/diff.000012.000025_area.fits,0.59328,55838031.5
7,gcp,europe-west1,1536,MB,europe-west1,gcp,upload,/function/diff.000012.000026.fits,0.03456,51490004.5
7,gcp,europe-west1,1536,MB,europe-west1,gcp,upload,/function/diff.000012.000026_area.fits,0.03456,47389484.0
7,gcp,europe-west1,1536,MB,europe-west1,gcp,upload,/function/diff.000013.000014.fits,0.4608,85342690.5
7,gcp,europe-west1,1536,MB,europe-west1,gcp,upload,/function/diff.000013.000014_area.fits,0.4608,60252926.0
7,gcp,europe-west1,1536,MB,europe-west1,gcp,upload,/function/diff.000013.000020.fits,0.03168,54198761.5
7,gcp,europe-west1,1536,MB,europe-west1,gcp,upload,/function/diff.000013.000020_area.fits,0.03168,47284550.5
7,gcp,europe-west1,1536,MB,europe-west1,gcp,upload,/function/diff.000013.000022.fits,3.31776,515444185.5
7,gcp,europe-west1,1536,MB,europe-west1,gcp,upload,/function/diff.000013.000022_area.fits,3.31776,130006827.5
7,gcp,europe-west1,1536,MB,europe-west1,gcp,upload,/function/diff.000013.000025.fits,0.144,62736220.5
7,gcp,europe-west1,1536,MB,europe-west1,gcp,upload,/function/diff.000013.000025_area.fits,0.144,47416586.5
7,gcp,europe-west1,1536,MB,europe-west1,gcp,upload,/function/diff.000014.000015.fits,0.03168,48363283.0
7,gcp,europe-west1,1536,MB,europe-west1,gcp,upload,/function/diff.000014.000015_area.fits,0.03168,49913701.5
7,gcp,europe-west1,1536,MB,europe-west1,gcp,upload,/function/diff.000014.000017.fits,0.52128,125534576.0
7,gcp,europe-west1,1536,MB,europe-west1,gcp,upload,/function/diff.000014.000017_area.fits,0.52128,55884580.5
7,gcp,europe-west1,1536,MB,europe-west1,gcp,upload,/function/diff.000014.000022.fits,0.58464,135626877.5
7,gcp,europe-west1,1536,MB,europe-west1,gcp,upload,/function/diff.000014.000022_area.fits,0.58464,62608977.5
7,gcp,europe-west1,1536,MB,europe-west1,gcp,upload,/function/diff.000014.000025.fits,0.22176,75909748.5
7,gcp,europe-west1,1536,MB,europe-west1,gcp,upload,/function/diff.000014.000025_area.fits,0.22176,52887911.0
7,gcp,europe-west1,1536,MB,europe-west1,gcp,upload,/function/diff.000015.000016.fits,0.4464,79213424.5
7,gcp,europe-west1,1536,MB,europe-west1,gcp,upload,/function/diff.000015.000016_area.fits,0.4464,57825981.0
7,gcp,europe-west1,1536,MB,europe-west1,gcp,upload,/function/diff.000015.000017.fits,0.22464,80482992.0
7,gcp,europe-west1,1536,MB,europe-west1,gcp,upload,/function/diff.000015.000017_area.fits,0.22464,45738246.5
7,gcp,europe-west1,1536,MB,europe-west1,gcp,upload,/function/diff.000015.000019.fits,0.40608,90846499.0
7,gcp,europe-west1,1536,MB,europe-west1,gcp,upload,/function/diff.000015.000019_area.fits,0.40608,51002203.5
7,gcp,europe-west1,1536,MB,europe-west1,gcp,upload,/function/diff.000015.000020.fits,0.46656,81216961.0
7,gcp,europe-west1,1536,MB,europe-west1,gcp,upload,/function/diff.000015.000020_area.fits,0.46656,57304031.5
7,gcp,europe-west1,1536,MB,europe-west1,gcp,upload,/function/diff.000015.000021.fits,0.1296,57725396.5
7,gcp,europe-west1,1536,MB,europe-west1,gcp,upload,/function/diff.000015.000021_area.fits,0.1296,49759824.5
7,gcp,europe-west1,1536,MB,europe-west1,gcp,upload,/function/diff.000015.000025.fits,0.52704,121145426.0
7,gcp,europe-west1,1536,MB,europe-west1,gcp,upload,/function/diff.000015.000025_area.fits,0.52704,56988295.5
7,gcp,europe-west1,1536,MB,europe-west1,gcp,upload,/function/diff.000015.000026.fits,0.03168,52189148.5
7,gcp,europe-west1,1536,MB,europe-west1,gcp,upload,/function/diff.000015.000026_area.fits,0.03168,50321883.5
7,gcp,europe-west1,1536,MB,europe-west1,gcp,upload,/function/diff.000015.000027.fits,3.33216,515420135.5
7,gcp,europe-west1,1536,MB,europe-west1,gcp,upload,/function/diff.000015.000027_area.fits,3.33216,124467276.5
7,gcp,europe-west1,1536,MB,europe-west1,gcp,upload,/function/diff.000016.000019.fits,4.0752,770115277.0
7,gcp,europe-west1,1536,MB,europe-west1,gcp,upload,/function/diff.000016.000019_area.fits,4.0752,142309580.5
7,gcp,europe-west1,1536,MB,europe-west1,gcp,upload,/function/diff.000016.000021.fits,0.22752,68999521.5
7,gcp,europe-west1,1536,MB,europe-west1,gcp,upload,/function/diff.000016.000021_area.fits,0.22752,50315268.5
7,gcp,europe-west1,1536,MB,europe-west1,gcp,upload,/function/diff.000016.000023.fits,0.21024,74061260.0
7,gcp,europe-west1,1536,MB,europe-west1,gcp,upload,/function/diff.000016.000023_area.fits,0.21024,53162472.0
7,gcp,europe-west1,1536,MB,europe-west1,gcp,upload,/function/diff.000016.000024.fits,0.42912,105529940.0
7,gcp,europe-west1,1536,MB,europe-west1,gcp,upload,/function/diff.000016.000024_area.fits,0.42912,56047973.0
7,gcp,europe-west1,1536,MB,europe-west1,gcp,upload,/function/diff.000016.000027.fits,0.54432,112524360.5
7,gcp,europe-west1,1536,MB,europe-west1,gcp,upload,/function/diff.000016.000027_area.fits,0.54432,63688140.5
7,gcp,europe-west1,1536,MB,europe-west1,gcp,upload,/function/diff.000016.000029.fits,0.47232,91105365.5
7,gcp,europe-west1,1536,MB,europe-west1,gcp,upload,/function/diff.000016.000029_area.fits,0.47232,55844527.5
7,gcp,europe-west1,1536,MB,europe-west1,gcp,upload,/function/diff.000017.000021.fits,0.40608,100127961.5
7,gcp,europe-west1,1536,MB,europe-west1,gcp,upload,/function/diff.000017.000021_area.fits,0.40608,58487572.5
7,gcp,europe-west1,1536,MB,europe-west1,gcp,upload,/function/diff.000017.000025.fits,0.03168,47504369.0
7,gcp,europe-west1,1536,MB,europe-west1,gcp,upload,/function/diff.000017.000025_area.fits,0.03168,48245210.5
7,gcp,europe-west1,1536,MB,europe-west1,gcp,upload,/function/diff.000018.000021.fits,0.50976,117582809.0
7,gcp,europe-west1,1536,MB,europe-west1,gcp,upload,/function/diff.000018.000021_area.fits,0.50976,61143609.0
7,gcp,europe-west1,1536,MB,europe-west1,gcp,upload,/function/diff.000018.000024.fits,0.20736,67815644.0
7,gcp,europe-west1,1536,MB,europe-west1,gcp,upload,/function/diff.000018.000024_area.fits,0.20736,55432121.0
7,gcp,europe-west1,1536,MB,europe-west1,gcp,upload,/function/diff.000018.000029.fits,0.22176,78674652.5
7,gcp,europe-west1,1536,MB,europe-west1,gcp,upload,/function/diff.000018.000029_area.fits,0.22176,57680619.0
7,gcp,europe-west1,1536,MB,europe-west1,gcp,upload,/function/diff.000018.000030.fits,4.06368,800791267.5
7,gcp,europe-west1,1536,MB,europe-west1,gcp,upload,/function/diff.000018.000030_area.fits,4.06368,146360628.0
7,gcp,europe-west1,1536,MB,europe-west1,gcp,upload,/function/diff.000019.000021.fits,0.22176,87790836.0
7,gcp,europe-west1,1536,MB,europe-west1,gcp,upload,/function/diff.000019.000021_area.fits,0.22176,46631704.0
7,gcp,europe-west1,1536,MB,europe-west1,gcp,upload,/function/diff.000019.000023.fits,0.22176,87794360.5
7,gcp,europe-west1,1536,MB,europe-west1,gcp,upload,/function/diff.000019.000023_area.fits,0.22176,52238910.5
7,gcp,europe-west1,1536,MB,europe-west1,gcp,upload,/function/diff.000019.000024.fits,0.46656,84113392.0
7,gcp,europe-west1,1536,MB,europe-west1,gcp,upload,/function/diff.000019.000024_area.fits,0.46656,58327646.0
7,gcp,europe-west1,1536,MB,europe-west1,gcp,upload,/function/diff.000019.000027.fits,0.49248,98008210.0
7,gcp,europe-west1,1536,MB,europe-west1,gcp,upload,/function/diff.000019.000027_area.fits,0.49248,58817041.0
7,gcp,europe-west1,1536,MB,europe-west1,gcp,upload,/function/diff.000019.000029.fits,0.50976,113116564.0
7,gcp,europe-west1,1536,MB,europe-west1,gcp,upload,/function/diff.000019.000029_area.fits,0.50976,57310842.5
7,gcp,europe-west1,1536,MB,europe-west1,gcp,upload,/function/diff.000020.000025.fits,3.30624,547005625.0
7,gcp,europe-west1,1536,MB,europe-west1,gcp,upload,/function/diff.000020.000025_area.fits,3.30624,127031819.0
7,gcp,europe-west1,1536,MB,europe-west1,gcp,upload,/function/diff.000020.000026.fits,1.00512,193592689.5
7,gcp,europe-west1,1536,MB,europe-west1,gcp,upload,/function/diff.000020.000026_area.fits,1.00512,66223366.0
7,gcp,europe-west1,1536,MB,europe-west1,gcp,upload,/function/diff.000020.000027.fits,0.576,118262902.0
7,gcp,europe-west1,1536,MB,europe-west1,gcp,upload,/function/diff.000020.000027_area.fits,0.576,59580217.5
7,gcp,europe-west1,1536,MB,europe-west1,gcp,upload,/function/diff.000020.000028.fits,0.22176,90692841.0
7,gcp,europe-west1,1536,MB,europe-west1,gcp,upload,/function/diff.000020.000028_area.fits,0.22176,49737038.0
7,gcp,europe-west1,1536,MB,europe-west1,gcp,upload,/function/diff.000021.000024.fits,0.144,62318882.0
7,gcp,europe-west1,1536,MB,europe-west1,gcp,upload,/function/diff.000021.000024_area.fits,0.144,48374263.0
7,gcp,europe-west1,1536,MB,europe-west1,gcp,upload,/function/diff.000021.000027.fits,0.03168,51597844.0
7,gcp,europe-west1,1536,MB,europe-west1,gcp,upload,/function/diff.000021.000027_area.fits,0.03168,48274762.0
7,gcp,europe-west1,1536,MB,europe-west1,gcp,upload,/function/diff.000021.000029.fits,0.16128,66580075.0
7,gcp,europe-west1,1536,MB,europe-west1,gcp,upload,/function/diff.000021.000029_area.fits,0.16128,48869624.0
7,gcp,europe-west1,1536,MB,europe-west1,gcp,upload,/function/diff.000021.000030.fits,0.46656,79800399.5
7,gcp,europe-west1,1536,MB,europe-west1,gcp,upload,/function/diff.000021.000030_area.fits,0.46656,54619041.5
7,gcp,europe-west1,1536,MB,europe-west1,gcp,upload,/function/diff.000022.000025.fits,0.03456,47459610.0
7,gcp,europe-west1,1536,MB,europe-west1,gcp,upload,/function/diff.000022.000025_area.fits,0.03456,47888512.0
7,gcp,europe-west1,1536,MB,europe-west1,gcp,upload,/function/diff.000023.000027.fits,0.0288,53761404.5
7,gcp,europe-west1,1536,MB,europe-west1,gcp,upload,/function/diff.000023.000027_area.fits,0.0288,49459515.0
7,gcp,europe-west1,1536,MB,europe-west1,gcp,upload,/function/diff.000024.000029.fits,4.06368,760554074.0
7,gcp,europe-west1,1536,MB,europe-west1,gcp,upload,/function/diff.000024.000029_area.fits,4.06368,134085882.5
7,gcp,europe-west1,1536,MB,europe-west1,gcp,upload,/function/diff.000024.000030.fits,0.22464,75174283.0
7,gcp,europe-west1,1536,MB,europe-west1,gcp,upload,/function/diff.000024.000030_area.fits,0.22464,47800805.5
7,gcp,europe-west1,1536,MB,europe-west1,gcp,upload,/function/diff.000025.000026.fits,0.22176,78555931.5
7,gcp,europe-west1,1536,MB,europe-west1,gcp,upload,/function/diff.000025.000026_area.fits,0.22176,50788262.0
7,gcp,europe-west1,1536,MB,europe-west1,gcp,upload,/function/diff.000025.000027.fits,0.42912,78374680.0
7,gcp,europe-west1,1536,MB,europe-west1,gcp,upload,/function/diff.000025.000027_area.fits,0.42912,56902819.5
7,gcp,europe-west1,1536,MB,europe-west1,gcp,upload,/function/diff.000026.000027.fits,0.13248,50672828.5
7,gcp,europe-west1,1536,MB,europe-west1,gcp,upload,/function/diff.000026.000027_area.fits,0.13248,47655310.0
7,gcp,europe-west1,1536,MB,europe-west1,gcp,upload,/function/diff.000026.000028.fits,3.30624,549222039.0
7,gcp,europe-west1,1536,MB,europe-west1,gcp,upload,/function/diff.000026.000028_area.fits,3.30624,122639993.5
7,gcp,europe-west1,1536,MB,europe-west1,gcp,upload,/function/diff.000027.000028.fits,0.03456,49178358.0
7,gcp,europe-west1,1536,MB,europe-west1,gcp,upload,/function/diff.000027.000028_area.fits,0.03456,47526684.5
7,gcp,europe-west1,1536,MB,europe-west1,gcp,upload,/function/diff.000029.000030.fits,0.23328,67845429.0
7,gcp,europe-west1,1536,MB,europe-west1,gcp,upload,/function/diff.000029.000030_area.fits,0.23328,50398788.0
7,gcp,europe-west1,1536,MB,europe-west1,gcp,upload,/function/fit.000001.000007.txt,0.000287,52832315.5
7,gcp,europe-west1,1536,MB,europe-west1,gcp,upload,/function/fit.000001.000011.txt,0.00029,51622047.5
7,gcp,europe-west1,1536,MB,europe-west1,gcp,upload,/function/fit.000001.000012.txt,0.000288,49919002.0
7,gcp,europe-west1,1536,MB,europe-west1,gcp,upload,/function/fit.000001.000020.txt,0.000284,52652721.0
7,gcp,europe-west1,1536,MB,europe-west1,gcp,upload,/function/fit.000001.000025.txt,0.000286,60549601.0
7,gcp,europe-west1,1536,MB,europe-west1,gcp,upload,/function/fit.000001.000026.txt,0.000287,58057046.5
7,gcp,europe-west1,1536,MB,europe-west1,gcp,upload,/function/fit.000001.000028.txt,0.000286,51087084.5
7,gcp,europe-west1,1536,MB,europe-west1,gcp,upload,/function/fit.000002.000006.txt,0.000282,57151103.0
7,gcp,europe-west1,1536,MB,europe-west1,gcp,upload,/function/fit.000002.000009.txt,0.000285,81353038.5
7,gcp,europe-west1,1536,MB,europe-west1,gcp,upload,/function/fit.000002.000015.txt,0.000288,55656325.0
7,gcp,europe-west1,1536,MB,europe-west1,gcp,upload,/function/fit.000002.000016.txt,0.000278,49394979.5
7,gcp,europe-west1,1536,MB,europe-west1,gcp,upload,/function/fit.000002.000019.txt,0.000281,47643212.5
7,gcp,europe-west1,1536,MB,europe-west1,gcp,upload,/function/fit.000002.000020.txt,0.000286,48835643.5
7,gcp,europe-west1,1536,MB,europe-west1,gcp,upload,/function/fit.000002.000023.txt,0.00028,52495044.5
7,gcp,europe-west1,1536,MB,europe-west1,gcp,upload,/function/fit.000002.000025.txt,0.000281,56342842.5
7,gcp,europe-west1,1536,MB,europe-west1,gcp,upload,/function/fit.000002.000026.txt,0.000286,57816829.5
7,gcp,europe-west1,1536,MB,europe-west1,gcp,upload,/function/fit.000002.000027.txt,0.000286,50187072.5
7,gcp,europe-west1,1536,MB,europe-west1,gcp,upload,/function/fit.000002.000028.txt,0.000283,51735253.0
7,gcp,europe-west1,1536,MB,europe-west1,gcp,upload,/function/fit.000003.000005.txt,0.000288,47315169.0
7,gcp,europe-west1,1536,MB,europe-west1,gcp,upload,/function/fit.000003.000006.txt,0.000279,51104635.0
7,gcp,europe-west1,1536,MB,europe-west1,gcp,upload,/function/fit.000003.000016.txt,0.000279,51151566.5
7,gcp,europe-west1,1536,MB,europe-west1,gcp,upload,/function/fit.000003.000019.txt,0.000282,51648881.0
7,gcp,europe-west1,1536,MB,europe-west1,gcp,upload,/function/fit.000003.000023.txt,0.000281,54052712.5
7,gcp,europe-west1,1536,MB,europe-west1,gcp,upload,/function/fit.000003.000024.txt,0.00029,50152710.5
7,gcp,europe-west1,1536,MB,europe-west1,gcp,upload,/function/fit.000003.000029.txt,0.000284,49896154.0
7,gcp,europe-west1,1536,MB,europe-west1,gcp,upload,/function/fit.000004.000008.txt,0.00029,50147729.5
7,gcp,europe-west1,1536,MB,europe-west1,gcp,upload,/function/fit.000004.000010.txt,0.000285,51573512.5
7,gcp,europe-west1,1536,MB,europe-west1,gcp,upload,/function/fit.000004.000014.txt,0.000288,52842984.5
7,gcp,europe-west1,1536,MB,europe-west1,gcp,upload,/function/fit.000004.000015.txt,0.000288,49370892.0
7,gcp,europe-west1,1536,MB,europe-west1,gcp,upload,/function/fit.000004.000016.txt,0.000278,50048032.5
7,gcp,europe-west1,1536,MB,europe-west1,gcp,upload,/function/fit.000004.000017.txt,0.000291,48332212.0
7,gcp,europe-west1,1536,MB,europe-west1,gcp,upload,/function/fit.000004.000019.txt,0.00028,48229597.0
7,gcp,europe-west1,1536,MB,europe-west1,gcp,upload,/function/fit.000004.000020.txt,0.000283,51248036.5
7,gcp,europe-west1,1536,MB,europe-west1,gcp,upload,/function/fit.000004.000021.txt,0.000286,48023588.5
7,gcp,europe-west1,1536,MB,europe-west1,gcp,upload,/function/fit.000004.000025.txt,0.000285,50275900.0
7,gcp,europe-west1,1536,MB,europe-west1,gcp,upload,/function/fit.000004.000027.txt,0.000287,49324454.0
7,gcp,europe-west1,1536,MB,europe-west1,gcp,upload,/function/fit.000005.000006.txt,0.000282,47401010.5
7,gcp,europe-west1,1536,MB,europe-west1,gcp,upload,/function/fit.000005.000016.txt,0.00028,48746324.5
7,gcp,europe-west1,1536,MB,europe-west1,gcp,upload,/function/fit.000005.000019.txt,0.000283,51998764.0
7,gcp,europe-west1,1536,MB,europe-west1,gcp,upload,/function/fit.000005.000023.txt,0.000282,51126763.0
7,gcp,europe-west1,1536,MB,europe-west1,gcp,upload,/function/fit.000005.000024.txt,0.000282,47329895.5
7,gcp,europe-west1,1536,MB,europe-west1,gcp,upload,/function/fit.000005.000029.txt,0.000288,46910300.5
7,gcp,europe-west1,1536,MB,europe-west1,gcp,upload,/function/fit.000006.000009.txt,0.000281,49249627.0
7,gcp,europe-west1,1536,MB,europe-west1,gcp,upload,/function/fit.000006.000016.txt,0.000282,47573325.5
7,gcp,europe-west1,1536,MB,europe-west1,gcp,upload,/function/fit.000006.000019.txt,0.000284,52508185.5
7,gcp,europe-west1,1536,MB,europe-west1,gcp,upload,/function/fit.000006.000023.txt,0.000286,45484398.5
7,gcp,europe-west1,1536,MB,europe-west1,gcp,upload,/function/fit.000006.000027.txt,0.000277,44590893.0
7,gcp,europe-west1,1536,MB,europe-west1,gcp,upload,/function/fit.000007.000008.txt,0.000286,57424345.0
7,gcp,europe-west1,1536,MB,europe-west1,gcp,upload,/function/fit.000007.000011.txt,0.000294,52953092.5
7,gcp,europe-west1,1536,MB,europe-west1,gcp,upload,/function/fit.000007.000012.txt,0.000291,56070735.5
7,gcp,europe-west1,1536,MB,europe-west1,gcp,upload,/function/fit.000007.000013.txt,0.000295,49300392.0
7,gcp,europe-west1,1536,MB,europe-west1,gcp,upload,/function/fit.000007.000020.txt,0.000285,46786016.5
7,gcp,europe-west1,1536,MB,europe-west1,gcp,upload,/function/fit.000007.000025.txt,0.000285,46670841.5
7,gcp,europe-west1,1536,MB,europe-west1,gcp,upload,/function/fit.000007.000026.txt,0.000286,48417412.0
7,gcp,europe-west1,1536,MB,europe-west1,gcp,upload,/function/fit.000007.000028.txt,0.000279,48983779.5
7,gcp,europe-west1,1536,MB,europe-west1,gcp,upload,/function/fit.000008.000012.txt,0.000285,46584693.0
7,gcp,europe-west1,1536,MB,europe-west1,gcp,upload,/function/fit.000008.000013.txt,0.000288,48785882.5
7,gcp,europe-west1,1536,MB,europe-west1,gcp,upload,/function/fit.000008.000014.txt,0.000294,51217183.0
7,gcp,europe-west1,1536,MB,europe-west1,gcp,upload,/function/fit.000008.000015.txt,0.000291,48975957.5
7,gcp,europe-west1,1536,MB,europe-west1,gcp,upload,/function/fit.000008.000017.txt,0.000289,48675866.0
7,gcp,europe-west1,1536,MB,europe-west1,gcp,upload,/function/fit.000008.000020.txt,0.000292,45189669.0
7,gcp,europe-west1,1536,MB,europe-west1,gcp,upload,/function/fit.000008.000022.txt,0.000291,46796195.5
7,gcp,europe-west1,1536,MB,europe-west1,gcp,upload,/function/fit.000008.000025.txt,0.000292,48156239.0
7,gcp,europe-west1,1536,MB,europe-west1,gcp,upload,/function/fit.000008.000027.txt,0.000285,49851091.0
7,gcp,europe-west1,1536,MB,europe-west1,gcp,upload,/function/fit.000009.000016.txt,0.000275,52341288.0
7,gcp,europe-west1,1536,MB,europe-west1,gcp,upload,/function/fit.000009.000019.txt,0.000278,50560128.0
7,gcp,europe-west1,1536,MB,europe-west1,gcp,upload,/function/fit.000009.000020.txt,0.000277,46836050.5
7,gcp,europe-west1,1536,MB,europe-west1,gcp,upload,/function/fit.000009.000023.txt,0.000284,45174299.0
7,gcp,europe-west1,1536,MB,europe-west1,gcp,upload,/function/fit.000009.000026.txt,0.000285,47466169.0
7,gcp,europe-west1,1536,MB,europe-west1,gcp,upload,/function/fit.000009.000027.txt,0.000285,49389735.0
7,gcp,europe-west1,1536,MB,europe-west1,gcp,upload,/function/fit.000009.000028.txt,0.000288,48318644.5
7,gcp,europe-west1,1536,MB,europe-west1,gcp,upload,/function/fit.000010.000015.txt,0.000284,46904102.0
7,gcp,europe-west1,1536,MB,europe-west1,gcp,upload,/function/fit.000010.000016.txt,0.000285,50285776.0
7,gcp,europe-west1,1536,MB,europe-west1,gcp,upload,/function/fit.000010.000017.txt,0.000287,51820440.0
7,gcp,europe-west1,1536,MB,europe-west1,gcp,upload,/function/fit.000010.000018.txt,0.000287,48526757.0
7,gcp,europe-west1,1536,MB,europe-west1,gcp,upload,/function/fit.000010.000019.txt,0.000281,46553652.5
7,gcp,europe-west1,1536,MB,europe-west1,gcp,upload,/function/fit.000010.000021.txt,0.000288,53569168.0
7,gcp,europe-west1,1536,MB,europe-west1,gcp,upload,/function/fit.000010.000024.txt,0.000288,46527000.5
7,gcp,europe-west1,1536,MB,europe-west1,gcp,upload,/function/fit.000010.000027.txt,0.000279,47525014.0
7,gcp,europe-west1,1536,MB,europe-west1,gcp,upload,/function/fit.000010.000029.txt,0.000283,43953958.0
7,gcp,europe-west1,1536,MB,europe-west1,gcp,upload,/function/fit.000010.000030.txt,0.000286,51123882.0
7,gcp,europe-west1,1536,MB,europe-west1,gcp,upload,/function/fit.000011.000020.txt,0.000283,50307045.0
7,gcp,europe-west1,1536,MB,europe-west1,gcp,upload,/function/fit.000011.000026.txt,0.000282,46384735.0
7,gcp,europe-west1,1536,MB,europe-west1,gcp,upload,/function/fit.000011.000028.txt,0.000288,46899812.5
7,gcp,europe-west1,1536,MB,europe-west1,gcp,upload,/function/fit.000012.000013.txt,0.000291,48074697.0
7,gcp,europe-west1,1536,MB,europe-west1,gcp,upload,/function/fit.000012.000014.txt,0.000287,45088408.0
7,gcp,europe-west1,1536,MB,europe-west1,gcp,upload,/function/fit.000012.000020.txt,0.000286,46688781.0
7,gcp,europe-west1,1536,MB,europe-west1,gcp,upload,/function/fit.000012.000022.txt,0.000292,47113008.0
7,gcp,europe-west1,1536,MB,europe-west1,gcp,upload,/function/fit.000012.000025.txt,0.000289,46538578.5
7,gcp,europe-west1,1536,MB,europe-west1,gcp,upload,/function/fit.000012.000026.txt,0.000284,44863215.5
7,gcp,europe-west1,1536,MB,europe-west1,gcp,upload,/function/fit.000013.000014.txt,0.000289,48761558.5
7,gcp,europe-west1,1536,MB,europe-west1,gcp,upload,/function/fit.000013.000020.txt,0.000285,44145776.0
7,gcp,europe-west1,1536,MB,europe-west1,gcp,upload,/function/fit.000013.000022.txt,0.000295,44134865.5
7,gcp,europe-west1,1536,MB,europe-west1,gcp,upload,/function/fit.000013.000025.txt,0.00029,47687789.5
7,gcp,europe-west1,1536,MB,europe-west1,gcp,upload,/function/fit.000014.000015.txt,0.000283,44846658.0
7,gcp,europe-west1,1536,MB,europe-west1,gcp,upload,/function/fit.000014.000017.txt,0.000295,48321738.5
7,gcp,europe-west1,1536,MB,europe-west1,gcp,upload,/function/fit.000014.000022.txt,0.000293,46805921.0
7,gcp,europe-west1,1536,MB,europe-west1,gcp,upload,/function/fit.000014.000025.txt,0.000292,45300222.5
7,gcp,europe-west1,1536,MB,europe-west1,gcp,upload,/function/fit.000015.000016.txt,0.000284,43641204.5
7,gcp,europe-west1,1536,MB,europe-west1,gcp,upload,/function/fit.000015.000017.txt,0.00029,48698986.0
7,gcp,europe-west1,1536,MB,europe-west1,gcp,upload,/function/fit.000015.000019.txt,0.000285,48046210.5
7,gcp,europe-west1,1536,MB,europe-west1,gcp,upload,/function/fit.000015.000020.txt,0.000285,49871837.0
7,gcp,europe-west1,1536,MB,europe-west1,gcp,upload,/function/fit.000015.000021.txt,0.000283,43549382.5
7,gcp,europe-west1,1536,MB,europe-west1,gcp,upload,/function/fit.000015.000025.txt,0.000287,45090573.5
7,gcp,europe-west1,1536,MB,europe-west1,gcp,upload,/function/fit.000015.000026.txt,0.000283,47856574.5
7,gcp,europe-west1,1536,MB,europe-west1,gcp,upload,/function/fit.000015.000027.txt,0.000289,46302551.0
7,gcp,europe-west1,1536,MB,europe-west1,gcp,upload,/function/fit.000016.000019.txt,0.000283,56692466.0
7,gcp,europe-west1,1536,MB,europe-west1,gcp,upload,/function/fit.000016.000021.txt,0.000282,45442961.0
7,gcp,europe-west1,1536,MB,europe-west1,gcp,upload,/function/fit.000016.000023.txt,0.000282,46610793.5
7,gcp,europe-west1,1536,MB,europe-west1,gcp,upload,/function/fit.000016.000024.txt,0.000279,48512574.5
7,gcp,europe-west1,1536,MB,europe-west1,gcp,upload,/function/fit.000016.000027.txt,0.000279,50970989.5
7,gcp,europe-west1,1536,MB,europe-west1,gcp,upload,/function/fit.000016.000029.txt,0.000282,46572315.5
7,gcp,europe-west1,1536,MB,europe-west1,gcp,upload,/function/fit.000017.000021.txt,0.000288,45547886.5
7,gcp,europe-west1,1536,MB,europe-west1,gcp,upload,/function/fit.000017.000025.txt,0.000287,46115822.5
7,gcp,europe-west1,1536,MB,europe-west1,gcp,upload,/function/fit.000018.000021.txt,0.000288,52100523.5
7,gcp,europe-west1,1536,MB,europe-west1,gcp,upload,/function/fit.000018.000024.txt,0.000286,47802287.5
7,gcp,europe-west1,1536,MB,europe-west1,gcp,upload,/function/fit.000018.000029.txt,0.000288,46509127.0
7,gcp,europe-west1,1536,MB,europe-west1,gcp,upload,/function/fit.000018.000030.txt,0.000294,51252723.0
7,gcp,europe-west1,1536,MB,europe-west1,gcp,upload,/function/fit.000019.000021.txt,0.000288,50254586.5
7,gcp,europe-west1,1536,MB,europe-west1,gcp,upload,/function/fit.000019.000023.txt,0.000287,50059950.0
7,gcp,europe-west1,1536,MB,europe-west1,gcp,upload,/function/fit.000019.000024.txt,0.000281,49268868.0
7,gcp,europe-west1,1536,MB,europe-west1,gcp,upload,/function/fit.000019.000027.txt,0.000279,44563583.5
7,gcp,europe-west1,1536,MB,europe-west1,gcp,upload,/function/fit.000019.000029.txt,0.000283,44933818.0
7,gcp,europe-west1,1536,MB,europe-west1,gcp,upload,/function/fit.000020.000025.txt,0.000289,49527906.0
7,gcp,europe-west1,1536,MB,europe-west1,gcp,upload,/function/fit.000020.000026.txt,0.000286,51146645.0
7,gcp,europe-west1,1536,MB,europe-west1,gcp,upload,/function/fit.000020.000027.txt,0.000286,42346445.5
7,gcp,europe-west1,1536,MB,europe-west1,gcp,upload,/function/fit.000020.000028.txt,0.000289,44442471.0
7,gcp,europe-west1,1536,MB,europe-west1,gcp,upload,/function/fit.000021.000024.txt,0.000285,46944039.5
7,gcp,europe-west1,1536,MB,europe-west1,gcp,upload,/function/fit.000021.000027.txt,0.000277,51702297.0
7,gcp,europe-west1,1536,MB,europe-west1,gcp,upload,/function/fit.000021.000029.txt,0.000281,42909145.0
7,gcp,europe-west1,1536,MB,europe-west1,gcp,upload,/function/fit.000021.000030.txt,0.000284,44099140.0
7,gcp,europe-west1,1536,MB,europe-west1,gcp,upload,/function/fit.000022.000025.txt,0.000286,45899387.5
7,gcp,europe-west1,1536,MB,europe-west1,gcp,upload,/function/fit.000023.000027.txt,0.00028,45516479.5
7,gcp,europe-west1,1536,MB,europe-west1,gcp,upload,/function/fit.000024.000029.txt,0.00029,43611311.5
7,gcp,europe-west1,1536,MB,europe-west1,gcp,upload,/function/fit.000024.000030.txt,0.000289,49367758.5
7,gcp,europe-west1,1536,MB,europe-west1,gcp,upload,/function/fit.000025.000026.txt,0.00029,43948504.0
7,gcp,europe-west1,1536,MB,europe-west1,gcp,upload,/function/fit.000025.000027.txt,0.000282,46521087.5
7,gcp,europe-west1,1536,MB,europe-west1,gcp,upload,/function/fit.000026.000027.txt,0.000283,49000626.5
7,gcp,europe-west1,1536,MB,europe-west1,gcp,upload,/function/fit.000026.000028.txt,0.00029,44387668.5
7,gcp,europe-west1,1536,MB,europe-west1,gcp,upload,/function/fit.000027.000028.txt,0.000278,51078426.5
7,gcp,europe-west1,1536,MB,europe-west1,gcp,upload,/function/fit.000029.000030.txt,0.000283,48001076.0
8,gcp,europe-west1,1536,MB,europe-west1,gcp,download,/function/diffs.tbl,0.016167,96303302.0
8,gcp,europe-west1,1536,MB,europe-west1,gcp,download,/function/mStatFile,0.039792,66171693.5
8,gcp,europe-west1,1536,MB,europe-west1,gcp,upload,/function/statfile.tbl,0.005863,54961308.5
9,gcp,europe-west1,1536,MB,europe-west1,gcp,download,/function/fit.000001.000007.txt,0.000287,59645635.5
9,gcp,europe-west1,1536,MB,europe-west1,gcp,download,/function/fit.000001.000011.txt,0.00029,58730557.0
9,gcp,europe-west1,1536,MB,europe-west1,gcp,download,/function/fit.000001.000012.txt,0.000288,51771058.5
9,gcp,europe-west1,1536,MB,europe-west1,gcp,download,/function/fit.000001.000020.txt,0.000284,59528193.5
9,gcp,europe-west1,1536,MB,europe-west1,gcp,download,/function/fit.000001.000025.txt,0.000286,66229981.0
9,gcp,europe-west1,1536,MB,europe-west1,gcp,download,/function/fit.000001.000026.txt,0.000287,58601961.0
9,gcp,europe-west1,1536,MB,europe-west1,gcp,download,/function/fit.000001.000028.txt,0.000286,77603901.0
9,gcp,europe-west1,1536,MB,europe-west1,gcp,download,/function/fit.000002.000006.txt,0.000282,59030497.0
9,gcp,europe-west1,1536,MB,europe-west1,gcp,download,/function/fit.000002.000009.txt,0.000285,53969145.0
9,gcp,europe-west1,1536,MB,europe-west1,gcp,download,/function/fit.000002.000015.txt,0.000288,53439253.5
9,gcp,europe-west1,1536,MB,europe-west1,gcp,download,/function/fit.000002.000016.txt,0.000278,58868288.5
9,gcp,europe-west1,1536,MB,europe-west1,gcp,download,/function/fit.000002.000019.txt,0.000281,60242627.5
9,gcp,europe-west1,1536,MB,europe-west1,gcp,download,/function/fit.000002.000020.txt,0.000286,62021986.5
9,gcp,europe-west1,1536,MB,europe-west1,gcp,download,/function/fit.000002.000023.txt,0.00028,66143736.0
9,gcp,europe-west1,1536,MB,europe-west1,gcp,download,/function/fit.000002.000025.txt,0.000281,58437180.5
9,gcp,europe-west1,1536,MB,europe-west1,gcp,download,/function/fit.000002.000026.txt,0.000286,51659783.5
9,gcp,europe-west1,1536,MB,europe-west1,gcp,download,/function/fit.000002.000027.txt,0.000286,73404665.5
9,gcp,europe-west1,1536,MB,europe-west1,gcp,download,/function/fit.000002.000028.txt,0.000283,66889416.5
9,gcp,europe-west1,1536,MB,europe-west1,gcp,download,/function/fit.000003.000005.txt,0.000288,55073971.5
9,gcp,europe-west1,1536,MB,europe-west1,gcp,download,/function/fit.000003.000006.txt,0.000279,52004428.0
9,gcp,europe-west1,1536,MB,europe-west1,gcp,download,/function/fit.000003.000016.txt,0.000279,64514907.0
9,gcp,europe-west1,1536,MB,europe-west1,gcp,download,/function/fit.000003.000019.txt,0.000282,59945538.5
9,gcp,europe-west1,1536,MB,europe-west1,gcp,download,/function/fit.000003.000023.txt,0.000281,56313788.0
9,gcp,europe-west1,1536,MB,europe-west1,gcp,download,/function/fit.000003.000024.txt,0.00029,61829760.5
9,gcp,europe-west1,1536,MB,europe-west1,gcp,download,/function/fit.000003.000029.txt,0.000284,71379673.0
9,gcp,europe-west1,1536,MB,europe-west1,gcp,download,/function/fit.000004.000008.txt,0.00029,52858823.5
9,gcp,europe-west1,1536,MB,europe-west1,gcp,download,/function/fit.000004.000010.txt,0.000285,55496852.0
9,gcp,europe-west1,1536,MB,europe-west1,gcp,download,/function/fit.000004.000014.txt,0.000288,59846275.0
9,gcp,europe-west1,1536,MB,europe-west1,gcp,download,/function/fit.000004.000015.txt,0.000288,63593580.5
9,gcp,europe-west1,1536,MB,europe-west1,gcp,download,/function/fit.000004.000016.txt,0.000278,48531957.0
9,gcp,europe-west1,1536,MB,europe-west1,gcp,download,/function/fit.000004.000017.txt,0.000291,63150782.0
9,gcp,europe-west1,1536,MB,europe-west1,gcp,download,/function/fit.000004.000019.txt,0.00028,63368877.5
9,gcp,europe-west1,1536,MB,europe-west1,gcp,download,/function/fit.000004.000020.txt,0.000283,64302804.5
9,gcp,europe-west1,1536,MB,europe-west1,gcp,download,/function/fit.000004.000021.txt,0.000286,53999610.0
9,gcp,europe-west1,1536,MB,europe-west1,gcp,download,/function/fit.000004.000025.txt,0.000285,59669476.0
9,gcp,europe-west1,1536,MB,europe-west1,gcp,download,/function/fit.000004.000027.txt,0.000287,62269837.0
9,gcp,europe-west1,1536,MB,europe-west1,gcp,download,/function/fit.000005.000006.txt,0.000282,60909664.5
9,gcp,europe-west1,1536,MB,europe-west1,gcp,download,/function/fit.000005.000016.txt,0.00028,59119856.5
9,gcp,europe-west1,1536,MB,europe-west1,gcp,download,/function/fit.000005.000019.txt,0.000283,53205289.0
9,gcp,europe-west1,1536,MB,europe-west1,gcp,download,/function/fit.000005.000023.txt,0.000282,56264469.5
9,gcp,europe-west1,1536,MB,europe-west1,gcp,download,/function/fit.000005.000024.txt,0.000282,58825057.5
9,gcp,europe-west1,1536,MB,europe-west1,gcp,download,/function/fit.000005.000029.txt,0.000288,61471014.0
9,gcp,europe-west1,1536,MB,europe-west1,gcp,download,/function/fit.000006.000009.txt,0.000281,54858629.0
9,gcp,europe-west1,1536,MB,europe-west1,gcp,download,/function/fit.000006.000016.txt,0.000282,58173991.0
9,gcp,europe-west1,1536,MB,europe-west1,gcp,download,/function/fit.000006.000019.txt,0.000284,63383252.0
9,gcp,europe-west1,1536,MB,europe-west1,gcp,download,/function/fit.000006.000023.txt,0.000286,66265640.5
9,gcp,europe-west1,1536,MB,europe-west1,gcp,download,/function/fit.000006.000027.txt,0.000277,55091900.0
9,gcp,europe-west1,1536,MB,europe-west1,gcp,download,/function/fit.000007.000008.txt,0.000286,61549191.5
9,gcp,europe-west1,1536,MB,europe-west1,gcp,download,/function/fit.000007.000011.txt,0.000294,51550244.0
9,gcp,europe-west1,1536,MB,europe-west1,gcp,download,/function/fit.000007.000012.txt,0.000291,55767374.5
9,gcp,europe-west1,1536,MB,europe-west1,gcp,download,/function/fit.000007.000013.txt,0.000295,64204709.0
9,gcp,europe-west1,1536,MB,europe-west1,gcp,download,/function/fit.000007.000020.txt,0.000285,53137042.0
9,gcp,europe-west1,1536,MB,europe-west1,gcp,download,/function/fit.000007.000025.txt,0.000285,57509665.5
9,gcp,europe-west1,1536,MB,europe-west1,gcp,download,/function/fit.000007.000026.txt,0.000286,67358036.0
9,gcp,europe-west1,1536,MB,europe-west1,gcp,download,/function/fit.000007.000028.txt,0.000279,54569088.0
9,gcp,europe-west1,1536,MB,europe-west1,gcp,download,/function/fit.000008.000012.txt,0.000285,62098627.5
9,gcp,europe-west1,1536,MB,europe-west1,gcp,download,/function/fit.000008.000013.txt,0.000288,66706305.0
9,gcp,europe-west1,1536,MB,europe-west1,gcp,download,/function/fit.000008.000014.txt,0.000294,51056379.0
9,gcp,europe-west1,1536,MB,europe-west1,gcp,download,/function/fit.000008.000015.txt,0.000291,50799289.5
9,gcp,europe-west1,1536,MB,europe-west1,gcp,download,/function/fit.000008.000017.txt,0.000289,59174154.5
9,gcp,europe-west1,1536,MB,europe-west1,gcp,download,/function/fit.000008.000020.txt,0.000292,74905650.0
9,gcp,europe-west1,1536,MB,europe-west1,gcp,download,/function/fit.000008.000022.txt,0.000291,62111574.0
9,gcp,europe-west1,1536,MB,europe-west1,gcp,download,/function/fit.000008.000025.txt,0.000292,66324066.0
9,gcp,europe-west1,1536,MB,europe-west1,gcp,download,/function/fit.000008.000027.txt,0.000285,50592869.5
9,gcp,europe-west1,1536,MB,europe-west1,gcp,download,/function/fit.000009.000016.txt,0.000275,64021418.0
9,gcp,europe-west1,1536,MB,europe-west1,gcp,download,/function/fit.000009.000019.txt,0.000278,65781685.5
9,gcp,europe-west1,1536,MB,europe-west1,gcp,download,/function/fit.000009.000020.txt,0.000277,54779308.0
9,gcp,europe-west1,1536,MB,europe-west1,gcp,download,/function/fit.000009.000023.txt,0.000284,61374173.5
9,gcp,europe-west1,1536,MB,europe-west1,gcp,download,/function/fit.000009.000026.txt,0.000285,62132059.0
9,gcp,europe-west1,1536,MB,europe-west1,gcp,download,/function/fit.000009.000027.txt,0.000285,58867767.5
9,gcp,europe-west1,1536,MB,europe-west1,gcp,download,/function/fit.000009.000028.txt,0.000288,56486528.0
9,gcp,europe-west1,1536,MB,europe-west1,gcp,download,/function/fit.000010.000015.txt,0.000284,59511623.0
9,gcp,europe-west1,1536,MB,europe-west1,gcp,download,/function/fit.000010.000016.txt,0.000285,60411093.5
9,gcp,europe-west1,1536,MB,europe-west1,gcp,download,/function/fit.000010.000017.txt,0.000287,52601312.5
9,gcp,europe-west1,1536,MB,europe-west1,gcp,download,/function/fit.000010.000018.txt,0.000287,63515316.5
9,gcp,europe-west1,1536,MB,europe-west1,gcp,download,/function/fit.000010.000019.txt,0.000281,66987615.0
9,gcp,europe-west1,1536,MB,europe-west1,gcp,download,/function/fit.000010.000021.txt,0.000288,58142156.5
9,gcp,europe-west1,1536,MB,europe-west1,gcp,download,/function/fit.000010.000024.txt,0.000288,56864044.0
9,gcp,europe-west1,1536,MB,europe-west1,gcp,download,/function/fit.000010.000027.txt,0.000279,56722357.5
9,gcp,europe-west1,1536,MB,europe-west1,gcp,download,/function/fit.000010.000029.txt,0.000283,63260286.0
9,gcp,europe-west1,1536,MB,europe-west1,gcp,download,/function/fit.000010.000030.txt,0.000286,55529772.0
9,gcp,europe-west1,1536,MB,europe-west1,gcp,download,/function/fit.000011.000020.txt,0.000283,54842265.5
9,gcp,europe-west1,1536,MB,europe-west1,gcp,download,/function/fit.000011.000026.txt,0.000282,52958471.0
9,gcp,europe-west1,1536,MB,europe-west1,gcp,download,/function/fit.000011.000028.txt,0.000288,67206166.5
9,gcp,europe-west1,1536,MB,europe-west1,gcp,download,/function/fit.000012.000013.txt,0.000291,63655653.0
9,gcp,europe-west1,1536,MB,europe-west1,gcp,download,/function/fit.000012.000014.txt,0.000287,55963331.0
9,gcp,europe-west1,1536,MB,europe-west1,gcp,download,/function/fit.000012.000020.txt,0.000286,67035884.0
9,gcp,europe-west1,1536,MB,europe-west1,gcp,download,/function/fit.000012.000022.txt,0.000292,59153647.5
9,gcp,europe-west1,1536,MB,europe-west1,gcp,download,/function/fit.000012.000025.txt,0.000289,59282090.5
9,gcp,europe-west1,1536,MB,europe-west1,gcp,download,/function/fit.000012.000026.txt,0.000284,49774774.5
9,gcp,europe-west1,1536,MB,europe-west1,gcp,download,/function/fit.000013.000014.txt,0.000289,63441148.5
9,gcp,europe-west1,1536,MB,europe-west1,gcp,download,/function/fit.000013.000020.txt,0.000285,55029621.0
9,gcp,europe-west1,1536,MB,europe-west1,gcp,download,/function/fit.000013.000022.txt,0.000295,59893514.5
9,gcp,europe-west1,1536,MB,europe-west1,gcp,download,/function/fit.000013.000025.txt,0.00029,58162144.5
9,gcp,europe-west1,1536,MB,europe-west1,gcp,download,/function/fit.000014.000015.txt,0.000283,48211653.0
9,gcp,europe-west1,1536,MB,europe-west1,gcp,download,/function/fit.000014.000017.txt,0.000295,88673417.0
9,gcp,europe-west1,1536,MB,europe-west1,gcp,download,/function/fit.000014.000022.txt,0.000293,57883299.0
9,gcp,europe-west1,1536,MB,europe-west1,gcp,download,/function/fit.000014.000025.txt,0.000292,60510230.5
9,gcp,europe-west1,1536,MB,europe-west1,gcp,download,/function/fit.000015.000016.txt,0.000284,63976283.5
9,gcp,europe-west1,1536,MB,europe-west1,gcp,download,/function/fit.000015.000017.txt,0.00029,53385827.5
9,gcp,europe-west1,1536,MB,europe-west1,gcp,download,/function/fit.000015.000019.txt,0.000285,52319367.5
9,gcp,europe-west1,1536,MB,europe-west1,gcp,download,/function/fit.000015.000020.txt,0.000285,59666076.0
9,gcp,europe-west1,1536,MB,europe-west1,gcp,download,/function/fit.000015.000021.txt,0.000283,52643405.0
9,gcp,europe-west1,1536,MB,europe-west1,gcp,download,/function/fit.000015.000025.txt,0.000287,51494783.0
9,gcp,europe-west1,1536,MB,europe-west1,gcp,download,/function/fit.000015.000026.txt,0.000283,60785272.5
9,gcp,europe-west1,1536,MB,europe-west1,gcp,download,/function/fit.000015.000027.txt,0.000289,65555033.0
9,gcp,europe-west1,1536,MB,europe-west1,gcp,download,/function/fit.000016.000019.txt,0.000283,52163006.5
9,gcp,europe-west1,1536,MB,europe-west1,gcp,download,/function/fit.000016.000021.txt,0.000282,46266608.0
9,gcp,europe-west1,1536,MB,europe-west1,gcp,download,/function/fit.000016.000023.txt,0.000282,58146252.5
9,gcp,europe-west1,1536,MB,europe-west1,gcp,download,/function/fit.000016.000024.txt,0.000279,63339826.5
9,gcp,europe-west1,1536,MB,europe-west1,gcp,download,/function/fit.000016.000027.txt,0.000279,56766368.5
9,gcp,europe-west1,1536,MB,europe-west1,gcp,download,/function/fit.000016.000029.txt,0.000282,55736367.5
9,gcp,europe-west1,1536,MB,europe-west1,gcp,download,/function/fit.000017.000021.txt,0.000288,56476904.5
9,gcp,europe-west1,1536,MB,europe-west1,gcp,download,/function/fit.000017.000025.txt,0.000287,59663855.0
9,gcp,europe-west1,1536,MB,europe-west1,gcp,download,/function/fit.000018.000021.txt,0.000288,66659686.0
9,gcp,europe-west1,1536,MB,europe-west1,gcp,download,/function/fit.000018.000024.txt,0.000286,50699185.5
9,gcp,europe-west1,1536,MB,europe-west1,gcp,download,/function/fit.000018.000029.txt,0.000288,55148496.5
9,gcp,europe-west1,1536,MB,europe-west1,gcp,download,/function/fit.000018.000030.txt,0.000294,58092025.0
9,gcp,europe-west1,1536,MB,europe-west1,gcp,download,/function/fit.000019.000021.txt,0.000288,64152507.0
9,gcp,europe-west1,1536,MB,europe-west1,gcp,download,/function/fit.000019.000023.txt,0.000287,44240817.0
9,gcp,europe-west1,1536,MB,europe-west1,gcp,download,/function/fit.000019.000024.txt,0.000281,53631542.0
9,gcp,europe-west1,1536,MB,europe-west1,gcp,download,/function/fit.000019.000027.txt,0.000279,58323069.5
9,gcp,europe-west1,1536,MB,europe-west1,gcp,download,/function/fit.000019.000029.txt,0.000283,60385027.0
9,gcp,europe-west1,1536,MB,europe-west1,gcp,download,/function/fit.000020.000025.txt,0.000289,55605918.5
9,gcp,europe-west1,1536,MB,europe-west1,gcp,download,/function/fit.000020.000026.txt,0.000286,60379031.0
9,gcp,europe-west1,1536,MB,europe-west1,gcp,download,/function/fit.000020.000027.txt,0.000286,52389481.0
9,gcp,europe-west1,1536,MB,europe-west1,gcp,download,/function/fit.000020.000028.txt,0.000289,59230521.5
9,gcp,europe-west1,1536,MB,europe-west1,gcp,download,/function/fit.000021.000024.txt,0.000285,70144882.5
9,gcp,europe-west1,1536,MB,europe-west1,gcp,download,/function/fit.000021.000027.txt,0.000277,49157769.0
9,gcp,europe-west1,1536,MB,europe-west1,gcp,download,/function/fit.000021.000029.txt,0.000281,59674582.5
9,gcp,europe-west1,1536,MB,europe-west1,gcp,download,/function/fit.000021.000030.txt,0.000284,47946550.5
9,gcp,europe-west1,1536,MB,europe-west1,gcp,download,/function/fit.000022.000025.txt,0.000286,47373387.5
9,gcp,europe-west1,1536,MB,europe-west1,gcp,download,/function/fit.000023.000027.txt,0.00028,49557172.0
9,gcp,europe-west1,1536,MB,europe-west1,gcp,download,/function/fit.000024.000029.txt,0.00029,59888860.0
9,gcp,europe-west1,1536,MB,europe-west1,gcp,download,/function/fit.000024.000030.txt,0.000289,48599363.5
9,gcp,europe-west1,1536,MB,europe-west1,gcp,download,/function/fit.000025.000026.txt,0.00029,53945217.0
9,gcp,europe-west1,1536,MB,europe-west1,gcp,download,/function/fit.000025.000027.txt,0.000282,48868413.5
9,gcp,europe-west1,1536,MB,europe-west1,gcp,download,/function/fit.000026.000027.txt,0.000283,51657872.0
9,gcp,europe-west1,1536,MB,europe-west1,gcp,download,/function/fit.000026.000028.txt,0.00029,67264677.5
9,gcp,europe-west1,1536,MB,europe-west1,gcp,download,/function/fit.000027.000028.txt,0.000278,50840533.0
9,gcp,europe-west1,1536,MB,europe-west1,gcp,download,/function/fit.000029.000030.txt,0.000283,48119334.0
9,gcp,europe-west1,1536,MB,europe-west1,gcp,download,/function/mConcatFit,0.048384,49672511.5
9,gcp,europe-west1,1536,MB,europe-west1,gcp,download,/function/statfile.tbl,0.005863,47181961.5
9,gcp,europe-west1,1536,MB,europe-west1,gcp,upload,/function/fits.tbl,0.029537,57231873.0
