order,function_provider,function_region,function_memory,function_memory_unit,storage_region,storage_provider,transfer_type,file_path,file_size_mb,transfer_time_ns
10,gcp,europe-west1,768,MB,europe-west1,gcp,download,/function/fits.tbl,0.029537,54780460.0
10,gcp,europe-west1,768,MB,europe-west1,gcp,download,/function/mBgModel,0.078616,169891127.0
10,gcp,europe-west1,768,MB,europe-west1,gcp,download,/function/pimages.tbl,0.00511,80099277.0
10,gcp,europe-west1,768,MB,europe-west1,gcp,upload,/function/corrections.tbl,0.001706,117786911.0
11,gcp,europe-west1,768,MB,europe-west1,gcp,download,/function/pimages.tbl,0.00511,149515330.5
11,gcp,europe-west1,768,MB,europe-west1,gcp,upload,/function/modpimages.tbl,0.00575,86559707.0
13,gcp,europe-west1,768,MB,europe-west1,gcp,download,/function/corrections.tbl,0.001706,52525652.0
13,gcp,europe-west1,768,MB,europe-west1,gcp,download,/function/mBackground,5.373736,197419781.5
13,gcp,europe-west1,768,MB,europe-west1,gcp,download,/function/modpimages.tbl,0.00575,50346871.0
13,gcp,europe-west1,768,MB,europe-west1,gcp,download,/function/p2mass-atlas-001020s-k0860033.fits,4.14432,172284666.0
13,gcp,europe-west1,768,MB,europe-west1,gcp,download,/function/p2mass-atlas-001020s-k0860033_area.fits,4.14432,150744398.5
13,gcp,europe-west1,768,MB,europe-west1,gcp,download,/function/p2mass-atlas-001020s-k0860044.fits,4.14432,193170321.0
13,gcp,europe-west1,768,MB,europe-west1,gcp,download,/function/p2mass-atlas-001020s-k0860044_area.fits,4.14432,367709340.0
13,gcp,europe-west1,768,MB,europe-west1,gcp,download,/function/p2mass-atlas-001020s-k0860056.fits,4.14432,258517116.0
13,gcp,europe-west1,768,MB,europe-west1,gcp,download,/function/p2mass-atlas-001020s-k0860056_area.fits,4.14432,170978173.0
13,gcp,europe-west1,768,MB,europe-west1,gcp,download,/function/p2mass-atlas-001020s-k0870221.fits,4.13568,236446583.5
13,gcp,europe-west1,768,MB,europe-west1,gcp,download,/function/p2mass-atlas-001020s-k0870221_area.fits,4.13568,168271587.5
13,gcp,europe-west1,768,MB,europe-west1,gcp,download,/function/p2mass-atlas-001020s-k0870233.fits,4.13568,428395887.5
13,gcp,europe-west1,768,MB,europe-west1,gcp,download,/function/p2mass-atlas-001020s-k0870233_area.fits,4.13568,163602862.0
13,gcp,europe-west1,768,MB,europe-west1,gcp,download,/function/p2mass-atlas-001020s-k0870245.fits,4.13568,168675351.5
13,gcp,europe-west1,768,MB,europe-west1,gcp,download,/function/p2mass-atlas-001020s-k0870245_area.fits,4.13568,185516307.0
13,gcp,europe-west1,768,MB,europe-west1,gcp,download,/function/p2mass-atlas-001021s-k0490221.fits,4.13568,188892792.5
13,gcp,europe-west1,768,MB,europe-west1,gcp,download,/function/p2mass-atlas-001021s-k0490221_area.fits,4.13568,191231507.0
13,gcp,europe-west1,768,MB,europe-west1,gcp,download,/function/p2mass-atlas-001021s-k0490233.fits,4.13568,162537848.5
13,gcp,europe-west1,768,MB,europe-west1,gcp,download,/function/p2mass-atlas-001021s-k0490233_area.fits,4.13568,472618268.5
13,gcp,europe-west1,768,MB,europe-west1,gcp,download,/function/p2mass-atlas-001021s-k0490245.fits,4.14432,197815739.0
13,gcp,europe-west1,768,MB,europe-west1,gcp,download,/function/p2mass-atlas-001021s-k0490245_area.fits,4.14432,737098883.0
13,gcp,europe-west1,768,MB,europe-west1,gcp,download,/function/p2mass-atlas-001021s-k0560033.fits,4.15296,857443462.5
13,gcp,europe-west1,768,MB,europe-west1,gcp,download,/function/p2mass-atlas-001021s-k0560033_area.fits,4.15296,186682003.0
13,gcp,europe-west1,768,MB,europe-west1,gcp,download,/function/p2mass-atlas-001021s-k0560044.fits,4.14432,139408579.0
13,gcp,europe-west1,768,MB,europe-west1,gcp,download,/function/p2mass-atlas-001021s-k0560044_area.fits,4.14432,171992424.5
13,gcp,europe-west1,768,MB,europe-west1,gcp,download,/function/p2mass-atlas-001021s-k0560056.fits,4.13568,227449617.5
13,gcp,europe-west1,768,MB,europe-west1,gcp,download,/function/p2mass-atlas-001021s-k0560056_area.fits,4.13568,153635074.0
13,gcp,europe-west1,768,MB,europe-west1,gcp,download,/function/p2mass-atlas-001021s-k0570221.fits,4.14432,229479583.5
13,gcp,europe-west1,768,MB,europe-west1,gcp,download,/function/p2mass-atlas-001021s-k0570221_area.fits,4.14432,199027742.5
13,gcp,europe-west1,768,MB,europe-west1,gcp,download,/function/p2mass-atlas-001021s-k0570233.fits,4.13568,231660809.5
13,gcp,europe-west1,768,MB,europe-west1,gcp,download,/function/p2mass-atlas-001021s-k0570233_area.fits,4.13568,151180174.5
13,gcp,europe-west1,768,MB,europe-west1,gcp,download,/function/p2mass-atlas-001021s-k0570245.fits,4.14432,236563459.5
13,gcp,europe-west1,768,MB,europe-west1,gcp,download,/function/p2mass-atlas-001021s-k0570245_area.fits,4.14432,155396917.0
13,gcp,europe-west1,768,MB,europe-west1,gcp,download,/function/p2mass-atlas-980914s-k0800033.fits,4.14432,187269933.5
13,gcp,europe-west1,768,MB,europe-west1,gcp,download,/function/p2mass-atlas-980914s-k0800033_area.fits,4.14432,139484239.5
13,gcp,europe-west1,768,MB,europe-west1,gcp,download,/function/p2mass-atlas-980914s-k0800044.fits,4.14432,150409244.0
13,gcp,europe-west1,768,MB,europe-west1,gcp,download,/function/p2mass-atlas-980914s-k0800044_area.fits,4.14432,156267171.5
13,gcp,europe-west1,768,MB,europe-west1,gcp,download,/function/p2mass-atlas-980914s-k0800056.fits,4.14432,184969894.5
13,gcp,europe-west1,768,MB,europe-west1,gcp,download,/function/p2mass-atlas-980914s-k0800056_area.fits,4.14432,164010354.5
13,gcp,europe-west1,768,MB,europe-west1,gcp,download,/function/p2mass-atlas-980914s-k0810221.fits,4.14432,153868736.5
13,gcp,europe-west1,768,MB,europe-west1,gcp,download,/function/p2mass-atlas-980914s-k0810221_area.fits,4.14432,181650606.0
13,gcp,europe-west1,768,MB,europe-west1,gcp,download,/function/p2mass-atlas-980914s-k0810233.fits,4.14432,162689228.5
13,gcp,europe-west1,768,MB,europe-west1,gcp,download,/function/p2mass-atlas-980914s-k0810233_area.fits,4.14432,173354653.0
13,gcp,europe-west1,768,MB,europe-west1,gcp,download,/function/p2mass-atlas-980914s-k0810245.fits,4.14432,160654766.0
13,gcp,europe-west1,768,MB,europe-west1,gcp,download,/function/p2mass-atlas-980914s-k0810245_area.fits,4.14432,188882623.0
13,gcp,europe-west1,768,MB,europe-west1,gcp,download,/function/p2mass-atlas-980914s-k0820033.fits,4.14432,207851626.5
13,gcp,europe-west1,768,MB,europe-west1,gcp,download,/function/p2mass-atlas-980914s-k0820033_area.fits,4.14432,201201085.5
13,gcp,europe-west1,768,MB,europe-west1,gcp,download,/function/p2mass-atlas-980914s-k0820044.fits,4.14432,179003433.5
13,gcp,europe-west1,768,MB,europe-west1,gcp,download,/function/p2mass-atlas-980914s-k0820044_area.fits,4.14432,137306548.5
13,gcp,europe-west1,768,MB,europe-west1,gcp,download,/function/p2mass-atlas-980914s-k0820056.fits,4.13568,204086737.0
13,gcp,europe-west1,768,MB,europe-west1,gcp,download,/function/p2mass-atlas-980914s-k0820056_area.fits,4.13568,140625670.0
13,gcp,europe-west1,768,MB,europe-west1,gcp,download,/function/p2mass-atlas-980914s-k0830221.fits,4.14432,178329286.0
13,gcp,europe-west1,768,MB,europe-west1,gcp,download,/function/p2mass-atlas-980914s-k0830221_area.fits,4.14432,147466994.5
13,gcp,europe-west1,768,MB,europe-west1,gcp,download,/function/p2mass-atlas-980914s-k0830233.fits,4.14432,228243790.0
13,gcp,europe-west1,768,MB,europe-west1,gcp,download,/function/p2mass-atlas-980914s-k0830233_area.fits,4.14432,135544055.5
13,gcp,europe-west1,768,MB,europe-west1,gcp,download,/function/p2mass-atlas-980914s-k0830245.fits,4.14432,165365098.5
13,gcp,europe-west1,768,MB,europe-west1,gcp,download,/function/p2mass-atlas-980914s-k0830245_area.fits,4.14432,123272999.0
13,gcp,europe-west1,768,MB,europe-west1,gcp,download,/function/p2mass-atlas-980914s-k0840033.fits,4.14432,212942795.0
13,gcp,europe-west1,768,MB,europe-west1,gcp,download,/function/p2mass-atlas-980914s-k0840033_area.fits,4.14432,171078923.0
13,gcp,europe-west1,768,MB,europe-west1,gcp,download,/function/p2mass-atlas-980914s-k0840044.fits,4.14432,226256376.5
13,gcp,europe-west1,768,MB,europe-west1,gcp,download,/function/p2mass-atlas-980914s-k0840044_area.fits,4.14432,184091466.5
13,gcp,europe-west1,768,MB,europe-west1,gcp,download,/function/p2mass-atlas-980914s-k0840056.fits,4.14432,195840621.5
13,gcp,europe-west1,768,MB,europe-west1,gcp,download,/function/p2mass-atlas-980914s-k0840056_area.fits,4.14432,213053207.0
13,gcp,europe-west1,768,MB,europe-west1,gcp,upload,/function/corrected/p2mass-atlas-001020s-k0860033_corrected.fits,4.14432,1265573388.5
13,gcp,europe-west1,768,MB,europe-west1,gcp,upload,/function/corrected/p2mass-atlas-001020s-k0860033_corrected_area.fits,4.14432,277762475.5
13,gcp,europe-west1,768,MB,europe-west1,gcp,upload,/function/corrected/p2mass-atlas-001020s-k0860044_corrected.fits,4.14432,1460423106.0
13,gcp,europe-west1,768,MB,europe-west1,gcp,upload,/function/corrected/p2mass-atlas-001020s-k0860044_corrected_area.fits,4.14432,189916078.5
13,gcp,europe-west1,768,MB,europe-west1,gcp,upload,/function/corrected/p2mass-atlas-001020s-k0860056_corrected.fits,4.14432,1817010039.5
13,gcp,europe-west1,768,MB,europe-west1,gcp,upload,/function/corrected/p2mass-atlas-001020s-k0860056_corrected_area.fits,4.14432,153542024.5
13,gcp,europe-west1,768,MB,europe-west1,gcp,upload,/function/corrected/p2mass-atlas-001020s-k0870221_corrected.fits,4.13568,1730141194.0
13,gcp,europe-west1,768,MB,europe-west1,gcp,upload,/function/corrected/p2mass-atlas-001020s-k0870221_corrected_area.fits,4.13568,242064625.5
13,gcp,europe-west1,768,MB,europe-west1,gcp,upload,/function/corrected/p2mass-atlas-001020s-k0870233_corrected.fits,4.13568,1827733964.0
13,gcp,europe-west1,768,MB,europe-west1,gcp,upload,/function/corrected/p2mass-atlas-001020s-k0870233_corrected_area.fits,4.13568,282469347.0
13,gcp,europe-west1,768,MB,europe-west1,gcp,upload,/function/corrected/p2mass-atlas-001020s-k0870245_corrected.fits,4.13568,1330827989.5
13,gcp,europe-west1,768,MB,europe-west1,gcp,upload,/function/corrected/p2mass-atlas-001020s-k0870245_corrected_area.fits,4.13568,245358067.0
13,gcp,europe-west1,768,MB,europe-west1,gcp,upload,/function/corrected/p2mass-atlas-001021s-k0490221_corrected.fits,4.13568,1703026280.5
13,gcp,europe-west1,768,MB,europe-west1,gcp,upload,/function/corrected/p2mass-atlas-001021s-k0490221_corrected_area.fits,4.13568,246141790.0
13,gcp,europe-west1,768,MB,europe-west1,gcp,upload,/function/corrected/p2mass-atlas-001021s-k0490233_corrected.fits,4.13568,1439121444.0
13,gcp,europe-west1,768,MB,europe-west1,gcp,upload,/function/corrected/p2mass-atlas-001021s-k0490233_corrected_area.fits,4.13568,271780100.0
13,gcp,europe-west1,768,MB,europe-west1,gcp,upload,/function/corrected/p2mass-atlas-001021s-k0490245_corrected.fits,4.14432,1644342275.0
13,gcp,europe-west1,768,MB,europe-west1,gcp,upload,/function/corrected/p2mass-atlas-001021s-k0490245_corrected_area.fits,4.14432,294968576.0
13,gcp,europe-west1,768,MB,europe-west1,gcp,upload,/function/corrected/p2mass-atlas-001021s-k0560033_corrected.fits,4.15296,1235191550.0
13,gcp,europe-west1,768,MB,europe-west1,gcp,upload,/function/corrected/p2mass-atlas-001021s-k0560033_corrected_area.fits,4.15296,373467041.0
13,gcp,europe-west1,768,MB,europe-west1,gcp,upload,/function/corrected/p2mass-atlas-001021s-k0560044_corrected.fits,4.14432,1358412288.0
13,gcp,europe-west1,768,MB,europe-west1,gcp,upload,/function/corrected/p2mass-atlas-001021s-k0560044_corrected_area.fits,4.14432,284319855.5
13,gcp,europe-west1,768,MB,europe-west1,gcp,upload,/function/corrected/p2mass-atlas-001021s-k0560056_corrected.fits,4.13568,1408343267.0
13,gcp,europe-west1,768,MB,europe-west1,gcp,upload,/function/corrected/p2mass-atlas-001021s-k0560056_corrected_area.fits,4.13568,306475656.5
13,gcp,europe-west1,768,MB,europe-west1,gcp,upload,/function/corrected/p2mass-atlas-001021s-k0570221_corrected.fits,4.14432,1679329155.5
13,gcp,europe-west1,768,MB,europe-west1,gcp,upload,/function/corrected/p2mass-atlas-001021s-k0570221_corrected_area.fits,4.14432,287229219.5
13,gcp,europe-west1,768,MB,europe-west1,gcp,upload,/function/corrected/p2mass-atlas-001021s-k0570233_corrected.fits,4.13568,1564892691.0
13,gcp,europe-west1,768,MB,europe-west1,gcp,upload,/function/corrected/p2mass-atlas-001021s-k0570233_corrected_area.fits,4.13568,302564526.0
13,gcp,europe-west1,768,MB,europe-west1,gcp,upload,/function/corrected/p2mass-atlas-001021s-k0570245_corrected.fits,4.14432,1458785535.0
13,gcp,europe-west1,768,MB,europe-west1,gcp,upload,/function/corrected/p2mass-atlas-001021s-k0570245_corrected_area.fits,4.14432,303503558.0
13,gcp,europe-west1,768,MB,europe-west1,gcp,upload,/function/corrected/p2mass-atlas-980914s-k0800033_corrected.fits,4.14432,1406154067.0
13,gcp,europe-west1,768,MB,europe-west1,gcp,upload,/function/corrected/p2mass-atlas-980914s-k0800033_corrected_area.fits,4.14432,237177203.5
13,gcp,europe-west1,768,MB,europe-west1,gcp,upload,/function/corrected/p2mass-atlas-980914s-k0800044_corrected.fits,4.14432,1337288800.5
13,gcp,europe-west1,768,MB,europe-west1,gcp,upload,/function/corrected/p2mass-atlas-980914s-k0800044_corrected_area.fits,4.14432,214214719.0
13,gcp,europe-west1,768,MB,europe-west1,gcp,upload,/function/corrected/p2mass-atlas-980914s-k0800056_corrected.fits,4.14432,1134279858.5
13,gcp,europe-west1,768,MB,europe-west1,gcp,upload,/function/corrected/p2mass-atlas-980914s-k0800056_corrected_area.fits,4.14432,235059238.5
13,gcp,europe-west1,768,MB,europe-west1,gcp,upload,/function/corrected/p2mass-atlas-980914s-k0810221_corrected.fits,4.14432,1335990779.0
13,gcp,europe-west1,768,MB,europe-west1,gcp,upload,/function/corrected/p2mass-atlas-980914s-k0810221_corrected_area.fits,4.14432,211890946.0
13,gcp,europe-west1,768,MB,europe-west1,gcp,upload,/function/corrected/p2mass-atlas-980914s-k0810233_corrected.fits,4.14432,1551375492.5
13,gcp,europe-west1,768,MB,europe-west1,gcp,upload,/function/corrected/p2mass-atlas-980914s-k0810233_corrected_area.fits,4.14432,218845800.5
13,gcp,europe-west1,768,MB,europe-west1,gcp,upload,/function/corrected/p2mass-atlas-980914s-k0810245_corrected.fits,4.14432,1495904910.5
13,gcp,europe-west1,768,MB,europe-west1,gcp,upload,/function/corrected/p2mass-atlas-980914s-k0810245_corrected_area.fits,4.14432,270908509.5
13,gcp,europe-west1,768,MB,europe-west1,gcp,upload,/function/corrected/p2mass-atlas-980914s-k0820033_corrected.fits,4.14432,1847867374.0
13,gcp,europe-west1,768,MB,europe-west1,gcp,upload,/function/corrected/p2mass-atlas-980914s-k0820033_corrected_area.fits,4.14432,231074400.5
13,gcp,europe-west1,768,MB,europe-west1,gcp,upload,/function/corrected/p2mass-atlas-980914s-k0820044_corrected.fits,4.14432,1876565895.0
13,gcp,europe-west1,768,MB,europe-west1,gcp,upload,/function/corrected/p2mass-atlas-980914s-k0820044_corrected_area.fits,4.14432,209424095.5
13,gcp,europe-west1,768,MB,europe-west1,gcp,upload,/function/corrected/p2mass-atlas-980914s-k0820056_corrected.fits,4.13568,1896321357.5
13,gcp,europe-west1,768,MB,europe-west1,gcp,upload,/function/corrected/p2mass-atlas-980914s-k0820056_corrected_area.fits,4.13568,236027181.0
13,gcp,europe-west1,768,MB,europe-west1,gcp,upload,/function/corrected/p2mass-atlas-980914s-k0830221_corrected.fits,4.14432,2231617185.0
13,gcp,europe-west1,768,MB,europe-west1,gcp,upload,/function/corrected/p2mass-atlas-980914s-k0830221_corrected_area.fits,4.14432,250445354.5
13,gcp,europe-west1,768,MB,europe-west1,gcp,upload,/function/corrected/p2mass-atlas-980914s-k0830233_corrected.fits,4.14432,1838441504.5
13,gcp,europe-west1,768,MB,europe-west1,gcp,upload,/function/corrected/p2mass-atlas-980914s-k0830233_corrected_area.fits,4.14432,214718303.0
13,gcp,europe-west1,768,MB,europe-west1,gcp,upload,/function/corrected/p2mass-atlas-980914s-k0830245_corrected.fits,4.14432,1748282261.5
13,gcp,europe-west1,768,MB,europe-west1,gcp,upload,/function/corrected/p2mass-atlas-980914s-k0830245_corrected_area.fits,4.14432,221746539.5
13,gcp,europe-west1,768,MB,europe-west1,gcp,upload,/function/corrected/p2mass-atlas-980914s-k0840033_corrected.fits,4.14432,1678320785.5
13,gcp,europe-west1,768,MB,europe-west1,gcp,upload,/function/corrected/p2mass-atlas-980914s-k0840033_corrected_area.fits,4.14432,262472408.0
13,gcp,europe-west1,768,MB,europe-west1,gcp,upload,/function/corrected/p2mass-atlas-980914s-k0840044_corrected.fits,4.14432,1408917749.5
13,gcp,europe-west1,768,MB,europe-west1,gcp,upload,/function/corrected/p2mass-atlas-980914s-k0840044_corrected_area.fits,4.14432,253415918.0
13,gcp,europe-west1,768,MB,europe-west1,gcp,upload,/function/corrected/p2mass-atlas-980914s-k0840056_corrected.fits,4.14432,1720695371.0
13,gcp,europe-west1,768,MB,europe-west1,gcp,upload,/function/corrected/p2mass-atlas-980914s-k0840056_corrected_area.fits,4.14432,259643233.0
14,gcp,europe-west1,768,MB,europe-west1,gcp,download,/function/cimages.tbl,0.00511,73751897.0
14,gcp,europe-west1,768,MB,europe-west1,gcp,download,/function/corrected/p2mass-atlas-001020s-k0860033_corrected.fits,4.14432,147544146.5
14,gcp,europe-west1,768,MB,europe-west1,gcp,download,/function/corrected/p2mass-atlas-001020s-k0860044_corrected.fits,4.14432,153730139.5
14,gcp,europe-west1,768,MB,europe-west1,gcp,download,/function/corrected/p2mass-atlas-001020s-k0860056_corrected.fits,4.14432,166406145.0
14,gcp,europe-west1,768,MB,europe-west1,gcp,download,/function/corrected/p2mass-atlas-001020s-k0870221_corrected.fits,4.13568,188269046.5
14,gcp,europe-west1,768,MB,europe-west1,gcp,download,/function/corrected/p2mass-atlas-001020s-k0870233_corrected.fits,4.13568,144283055.0
14,gcp,europe-west1,768,MB,europe-west1,gcp,download,/function/corrected/p2mass-atlas-001020s-k0870245_corrected.fits,4.13568,181258857.5
14,gcp,europe-west1,768,MB,europe-west1,gcp,download,/function/corrected/p2mass-atlas-001021s-k0490221_corrected.fits,4.13568,151206518.5
14,gcp,europe-west1,768,MB,europe-west1,gcp,download,/function/corrected/p2mass-atlas-001021s-k0490233_corrected.fits,4.13568,170580288.5
14,gcp,europe-west1,768,MB,europe-west1,gcp,download,/function/corrected/p2mass-atlas-001021s-k0490245_corrected.fits,4.14432,179522484.5
14,gcp,europe-west1,768,MB,europe-west1,gcp,download,/function/corrected/p2mass-atlas-001021s-k0560033_corrected.fits,4.15296,190978591.0
14,gcp,europe-west1,768,MB,europe-west1,gcp,download,/function/corrected/p2mass-atlas-001021s-k0560044_corrected.fits,4.14432,178076841.5
14,gcp,europe-west1,768,MB,europe-west1,gcp,download,/function/corrected/p2mass-atlas-001021s-k0560056_corrected.fits,4.13568,173865431.5
14,gcp,europe-west1,768,MB,europe-west1,gcp,download,/function/corrected/p2mass-atlas-001021s-k0570221_corrected.fits,4.14432,148304993.0
14,gcp,europe-west1,768,MB,europe-west1,gcp,download,/function/corrected/p2mass-atlas-001021s-k0570233_corrected.fits,4.13568,173714371.5
14,gcp,europe-west1,768,MB,europe-west1,gcp,download,/function/corrected/p2mass-atlas-001021s-k0570245_corrected.fits,4.14432,196229463.5
14,gcp,europe-west1,768,MB,europe-west1,gcp,download,/function/corrected/p2mass-atlas-980914s-k0800033_corrected.fits,4.14432,181379540.5
14,gcp,europe-west1,768,MB,europe-west1,gcp,download,/function/corrected/p2mass-atlas-980914s-k0800044_corrected.fits,4.14432,164481425.5
14,gcp,europe-west1,768,MB,europe-west1,gcp,download,/function/corrected/p2mass-atlas-980914s-k0800056_corrected.fits,4.14432,164726230.0
14,gcp,europe-west1,768,MB,europe-west1,gcp,download,/function/corrected/p2mass-atlas-980914s-k0810221_corrected.fits,4.14432,161253419.5
14,gcp,europe-west1,768,MB,europe-west1,gcp,download,/function/corrected/p2mass-atlas-980914s-k0810233_corrected.fits,4.14432,159919325.5
14,gcp,europe-west1,768,MB,europe-west1,gcp,download,/function/corrected/p2mass-atlas-980914s-k0810245_corrected.fits,4.14432,173318957.5
14,gcp,europe-west1,768,MB,europe-west1,gcp,download,/function/corrected/p2mass-atlas-980914s-k0820033_corrected.fits,4.14432,148296885.5
14,gcp,europe-west1,768,MB,europe-west1,gcp,download,/function/corrected/p2mass-atlas-980914s-k0820044_corrected.fits,4.14432,181289895.5
14,gcp,europe-west1,768,MB,europe-west1,gcp,download,/function/corrected/p2mass-atlas-980914s-k0820056_corrected.fits,4.13568,169353910.0
14,gcp,europe-west1,768,MB,europe-west1,gcp,download,/function/corrected/p2mass-atlas-980914s-k0830221_corrected.fits,4.14432,140210385.5
14,gcp,europe-west1,768,MB,europe-west1,gcp,download,/function/corrected/p2mass-atlas-980914s-k0830233_corrected.fits,4.14432,131194393.5
14,gcp,europe-west1,768,MB,europe-west1,gcp,download,/function/corrected/p2mass-atlas-980914s-k0830245_corrected.fits,4.14432,171263131.5
14,gcp,europe-west1,768,MB,europe-west1,gcp,download,/function/corrected/p2mass-atlas-980914s-k0840033_corrected.fits,4.14432,120600873.0
14,gcp,europe-west1,768,MB,europe-west1,gcp,download,/function/corrected/p2mass-atlas-980914s-k0840044_corrected.fits,4.14432,284558177.5
14,gcp,europe-west1,768,MB,europe-west1,gcp,download,/function/corrected/p2mass-atlas-980914s-k0840056_corrected.fits,4.14432,122885145.5
14,gcp,europe-west1,768,MB,europe-west1,gcp,download,/function/mImgtbl,5.496352,160062353.0
14,gcp,europe-west1,768,MB,europe-west1,gcp,upload,/function/cimages.tbl,0.015252,61706715.0
16,gcp,europe-west1,768,MB,europe-west1,gcp,download,/function/mShrink,5.374048,193407141.5
16,gcp,europe-west1,768,MB,europe-west1,gcp,download,/function/mosaic.fits,57.21408,1608385876.5
16,gcp,europe-west1,768,MB,europe-west1,gcp,upload,/function/mosaic_shrinked.fits,25.42176,10139299732.5
17,gcp,europe-west1,768,MB,europe-west1,gcp,download,/function/mViewer,6.537816,419056828.0
17,gcp,europe-west1,768,MB,europe-west1,gcp,download,/function/mosaic_shrinked.fits,25.42176,755184604.5
17,gcp,europe-west1,768,MB,europe-west1,gcp,upload,/function/final.png,2.387093,468459865.5
2,gcp,europe-west1,768,MB,europe-west1,gcp,download,/function/input/2mass-atlas-001020s-k0860033.fits,1.430932,92006248.0
2,gcp,europe-west1,768,MB,europe-west1,gcp,download,/function/input/2mass-atlas-001020s-k0860044.fits,1.431122,100649537.0
2,gcp,europe-west1,768,MB,europe-west1,gcp,download,/function/input/2mass-atlas-001020s-k0860056.fits,1.431548,225932299.5
2,gcp,europe-west1,768,MB,europe-west1,gcp,download,/function/input/2mass-atlas-001020s-k0870221.fits,1.415237,89464912.0
2,gcp,europe-west1,768,MB,europe-west1,gcp,download,/function/input/2mass-atlas-001020s-k0870233.fits,1.417782,115262731.5
2,gcp,europe-west1,768,MB,europe-west1,gcp,download,/function/input/2mass-atlas-001020s-k0870245.fits,1.428497,209361556.0
2,gcp,europe-west1,768,MB,europe-west1,gcp,download,/function/input/2mass-atlas-001021s-k0490221.fits,1.474539,107477138.5
2,gcp,europe-west1,768,MB,europe-west1,gcp,download,/function/input/2mass-atlas-001021s-k0490233.fits,1.473388,82274639.5
2,gcp,europe-west1,768,MB,europe-west1,gcp,download,/function/input/2mass-atlas-001021s-k0490245.fits,1.475153,621318227.5
2,gcp,europe-west1,768,MB,europe-west1,gcp,download,/function/input/2mass-atlas-001021s-k0560033.fits,1.475337,94202924.0
2,gcp,europe-west1,768,MB,europe-west1,gcp,download,/function/input/2mass-atlas-001021s-k0560044.fits,1.475774,100601353.5
2,gcp,europe-west1,768,MB,europe-west1,gcp,download,/function/input/2mass-atlas-001021s-k0560056.fits,1.477972,107715060.5
2,gcp,europe-west1,768,MB,europe-west1,gcp,download,/function/input/2mass-atlas-001021s-k0570221.fits,1.474794,102168412.5
2,gcp,europe-west1,768,MB,europe-west1,gcp,download,/function/input/2mass-atlas-001021s-k0570233.fits,1.472843,99710336.5
2,gcp,europe-west1,768,MB,europe-west1,gcp,download,/function/input/2mass-atlas-001021s-k0570245.fits,1.474299,132507983.0
2,gcp,europe-west1,768,MB,europe-west1,gcp,download,/function/input/2mass-atlas-980914s-k0800033.fits,1.466856,100698100.5
2,gcp,europe-west1,768,MB,europe-west1,gcp,download,/function/input/2mass-atlas-980914s-k0800044.fits,1.46705,138518835.5
2,gcp,europe-west1,768,MB,europe-west1,gcp,download,/function/input/2mass-atlas-980914s-k0800056.fits,1.467462,93180916.0
2,gcp,europe-west1,768,MB,europe-west1,gcp,download,/function/input/2mass-atlas-980914s-k0810221.fits,1.467205,87493066.5
2,gcp,europe-west1,768,MB,europe-west1,gcp,download,/function/input/2mass-atlas-980914s-k0810233.fits,1.468091,92214105.5
2,gcp,europe-west1,768,MB,europe-west1,gcp,download,/function/input/2mass-atlas-980914s-k0810245.fits,1.468524,100203447.0
2,gcp,europe-west1,768,MB,europe-west1,gcp,download,/function/input/2mass-atlas-980914s-k0820033.fits,1.468069,104192029.5
2,gcp,europe-west1,768,MB,europe-west1,gcp,download,/function/input/2mass-atlas-980914s-k0820044.fits,1.465354,109112503.0
2,gcp,europe-west1,768,MB,europe-west1,gcp,download,/function/input/2mass-atlas-980914s-k0820056.fits,1.467195,91289077.5
2,gcp,europe-west1,768,MB,europe-west1,gcp,download,/function/input/2mass-atlas-980914s-k0830221.fits,1.471563,107694359.5
2,gcp,europe-west1,768,MB,europe-west1,gcp,download,/function/input/2mass-atlas-980914s-k0830233.fits,1.468954,99973738.0
2,gcp,europe-west1,768,MB,europe-west1,gcp,download,/function/input/2mass-atlas-980914s-k0830245.fits,1.46679,152298455.0
2,gcp,europe-west1,768,MB,europe-west1,gcp,download,/function/input/2mass-atlas-980914s-k0840033.fits,1.467584,100184100.5
2,gcp,europe-west1,768,MB,europe-west1,gcp,download,/function/input/2mass-atlas-980914s-k0840044.fits,1.466204,77739554.0
2,gcp,europe-west1,768,MB,europe-west1,gcp,download,/function/input/2mass-atlas-980914s-k0840056.fits,1.46731,88042414.0
2,gcp,europe-west1,768,MB,europe-west1,gcp,download,/function/mProjectPP,5.457288,208430525.5
2,gcp,europe-west1,768,MB,europe-west1,gcp,download,/function/region.hdr,0.000277,55535325.5
2,gcp,europe-west1,768,MB,europe-west1,gcp,upload,/function/p2mass-atlas-001020s-k0860033.fits,4.14432,1810599406.5
2,gcp,europe-west1,768,MB,europe-west1,gcp,upload,/function/p2mass-atlas-001020s-k0860033_area.fits,4.14432,269090611.0
2,gcp,europe-west1,768,MB,europe-west1,gcp,upload,/function/p2mass-atlas-001020s-k0860044.fits,4.14432,1359117079.5
2,gcp,europe-west1,768,MB,europe-west1,gcp,upload,/function/p2mass-atlas-001020s-k0860044_area.fits,4.14432,275344784.0
2,gcp,europe-west1,768,MB,europe-west1,gcp,upload,/function/p2mass-atlas-001020s-k0860056.fits,4.14432,1619547056.5
2,gcp,europe-west1,768,MB,europe-west1,gcp,upload,/function/p2mass-atlas-001020s-k0860056_area.fits,4.14432,183285420.0
2,gcp,europe-west1,768,MB,europe-west1,gcp,upload,/function/p2mass-atlas-001020s-k0870221.fits,4.13568,1448208026.0
2,gcp,europe-west1,768,MB,europe-west1,gcp,upload,/function/p2mass-atlas-001020s-k0870221_area.fits,4.13568,330207790.0
2,gcp,europe-west1,768,MB,europe-west1,gcp,upload,/function/p2mass-atlas-001020s-k0870233.fits,4.13568,1085192225.5
2,gcp,europe-west1,768,MB,europe-west1,gcp,upload,/function/p2mass-atlas-001020s-k0870233_area.fits,4.13568,339093410.0
2,gcp,europe-west1,768,MB,europe-west1,gcp,upload,/function/p2mass-atlas-001020s-k0870245.fits,4.13568,1591022025.5
2,gcp,europe-west1,768,MB,europe-west1,gcp,upload,/function/p2mass-atlas-001020s-k0870245_area.fits,4.13568,342401509.5
2,gcp,europe-west1,768,MB,europe-west1,gcp,upload,/function/p2mass-atlas-001021s-k0490221.fits,4.13568,1547391891.5
2,gcp,europe-west1,768,MB,europe-west1,gcp,upload,/function/p2mass-atlas-001021s-k0490221_area.fits,4.13568,273025580.0
2,gcp,europe-west1,768,MB,europe-west1,gcp,upload,/function/p2mass-atlas-001021s-k0490233.fits,4.13568,1370140523.0
2,gcp,europe-west1,768,MB,europe-west1,gcp,upload,/function/p2mass-atlas-001021s-k0490233_area.fits,4.13568,245559456.0
2,gcp,europe-west1,768,MB,europe-west1,gcp,upload,/function/p2mass-atlas-001021s-k0490245.fits,4.14432,1185535217.0
2,gcp,europe-west1,768,MB,europe-west1,gcp,upload,/function/p2mass-atlas-001021s-k0490245_area.fits,4.14432,346644779.5
2,gcp,europe-west1,768,MB,europe-west1,gcp,upload,/function/p2mass-atlas-001021s-k0560033.fits,4.15296,1393285283.5
2,gcp,europe-west1,768,MB,europe-west1,gcp,upload,/function/p2mass-atlas-001021s-k0560033_area.fits,4.15296,343963969.5
2,gcp,europe-west1,768,MB,europe-west1,gcp,upload,/function/p2mass-atlas-001021s-k0560044.fits,4.14432,1704166780.5
2,gcp,europe-west1,768,MB,europe-west1,gcp,upload,/function/p2mass-atlas-001021s-k0560044_area.fits,4.14432,262869413.5
2,gcp,europe-west1,768,MB,europe-west1,gcp,upload,/function/p2mass-atlas-001021s-k0560056.fits,4.13568,1634349685.0
2,gcp,europe-west1,768,MB,europe-west1,gcp,upload,/function/p2mass-atlas-001021s-k0560056_area.fits,4.13568,272860861.0
2,gcp,europe-west1,768,MB,europe-west1,gcp,upload,/function/p2mass-atlas-001021s-k0570221.fits,4.14432,1899296428.0
2,gcp,europe-west1,768,MB,europe-west1,gcp,upload,/function/p2mass-atlas-001021s-k0570221_area.fits,4.14432,354990941.0
2,gcp,europe-west1,768,MB,europe-west1,gcp,upload,/function/p2mass-atlas-001021s-k0570233.fits,4.13568,1405676463.0
2,gcp,europe-west1,768,MB,europe-west1,gcp,upload,/function/p2mass-atlas-001021s-k0570233_area.fits,4.13568,328198123.0
2,gcp,europe-west1,768,MB,europe-west1,gcp,upload,/function/p2mass-atlas-001021s-k0570245.fits,4.14432,1634977331.0
2,gcp,europe-west1,768,MB,europe-west1,gcp,upload,/function/p2mass-atlas-001021s-k0570245_area.fits,4.14432,286413766.0
2,gcp,europe-west1,768,MB,europe-west1,gcp,upload,/function/p2mass-atlas-980914s-k0800033.fits,4.14432,1562863273.5
2,gcp,europe-west1,768,MB,europe-west1,gcp,upload,/function/p2mass-atlas-980914s-k0800033_area.fits,4.14432,245269159.0
2,gcp,europe-west1,768,MB,europe-west1,gcp,upload,/function/p2mass-atlas-980914s-k0800044.fits,4.14432,1132257364.5
2,gcp,europe-west1,768,MB,europe-west1,gcp,upload,/function/p2mass-atlas-980914s-k0800044_area.fits,4.14432,208617024.5
2,gcp,europe-west1,768,MB,europe-west1,gcp,upload,/function/p2mass-atlas-980914s-k0800056.fits,4.14432,932611581.5
2,gcp,europe-west1,768,MB,europe-west1,gcp,upload,/function/p2mass-atlas-980914s-k0800056_area.fits,4.14432,182696516.0
2,gcp,europe-west1,768,MB,europe-west1,gcp,upload,/function/p2mass-atlas-980914s-k0810221.fits,4.14432,1046815676.5
2,gcp,europe-west1,768,MB,europe-west1,gcp,upload,/function/p2mass-atlas-980914s-k0810221_area.fits,4.14432,180610263.0
2,gcp,europe-west1,768,MB,europe-west1,gcp,upload,/function/p2mass-atlas-980914s-k0810233.fits,4.14432,971261177.0
2,gcp,europe-west1,768,MB,europe-west1,gcp,upload,/function/p2mass-atlas-980914s-k0810233_area.fits,4.14432,190011156.5
2,gcp,europe-west1,768,MB,europe-west1,gcp,upload,/function/p2mass-atlas-980914s-k0810245.fits,4.14432,1592386894.5
2,gcp,europe-west1,768,MB,europe-west1,gcp,upload,/function/p2mass-atlas-980914s-k0810245_area.fits,4.14432,273784540.0
2,gcp,europe-west1,768,MB,europe-west1,gcp,upload,/function/p2mass-atlas-980914s-k0820033.fits,4.14432,1727759262.0
2,gcp,europe-west1,768,MB,europe-west1,gcp,upload,/function/p2mass-atlas-980914s-k0820033_area.fits,4.14432,172068711.5
2,gcp,europe-west1,768,MB,europe-west1,gcp,upload,/function/p2mass-atlas-980914s-k0820044.fits,4.14432,1949257584.0
2,gcp,europe-west1,768,MB,europe-west1,gcp,upload,/function/p2mass-atlas-980914s-k0820044_area.fits,4.14432,200332574.0
2,gcp,europe-west1,768,MB,europe-west1,gcp,upload,/function/p2mass-atlas-980914s-k0820056.fits,4.13568,1941120219.0
2,gcp,europe-west1,768,MB,europe-west1,gcp,upload,/function/p2mass-atlas-980914s-k0820056_area.fits,4.13568,182891311.5
2,gcp,europe-west1,768,MB,europe-west1,gcp,upload,/function/p2mass-atlas-980914s-k0830221.fits,4.14432,1620535761.0
2,gcp,europe-west1,768,MB,europe-west1,gcp,upload,/function/p2mass-atlas-980914s-k0830221_area.fits,4.14432,179857609.0
2,gcp,europe-west1,768,MB,europe-west1,gcp,upload,/function/p2mass-atlas-980914s-k0830233.fits,4.14432,1570386184.0
2,gcp,europe-west1,768,MB,europe-west1,gcp,upload,/function/p2mass-atlas-980914s-k0830233_area.fits,4.14432,158623784.5
2,gcp,europe-west1,768,MB,europe-west1,gcp,upload,/function/p2mass-atlas-980914s-k0830245.fits,4.14432,1830846935.0
2,gcp,europe-west1,768,MB,europe-west1,gcp,upload,/function/p2mass-atlas-980914s-k0830245_area.fits,4.14432,230195882.5
2,gcp,europe-west1,768,MB,europe-west1,gcp,upload,/function/p2mass-atlas-980914s-k0840033.fits,4.14432,1455316241.5
2,gcp,europe-west1,768,MB,europe-west1,gcp,upload,/function/p2mass-atlas-980914s-k0840033_area.fits,4.14432,261486607.0
2,gcp,europe-west1,768,MB,europe-west1,gcp,upload,/function/p2mass-atlas-980914s-k0840044.fits,4.14432,1295243933.0
2,gcp,europe-west1,768,MB,europe-west1,gcp,upload,/function/p2mass-atlas-980914s-k0840044_area.fits,4.14432,239239063.5
2,gcp,europe-west1,768,MB,europe-west1,gcp,upload,/function/p2mass-atlas-980914s-k0840056.fits,4.14432,1568184178.5
2,gcp,europe-west1,768,MB,europe-west1,gcp,upload,/function/p2mass-atlas-980914s-k0840056_area.fits,4.14432,302337789.5
3,gcp,europe-west1,768,MB,europe-west1,gcp,download,/function/input.imglist,0.001123,48022359.5
3,gcp,europe-west1,768,MB,europe-west1,gcp,download,/function/input/2mass-atlas-001020s-k0860033.fits,1.430932,66950886.5
3,gcp,europe-west1,768,MB,europe-west1,gcp,download,/function/input/2mass-atlas-001020s-k0860044.fits,1.431122,65725121.5
3,gcp,europe-west1,768,MB,europe-west1,gcp,download,/function/input/2mass-atlas-001020s-k0860056.fits,1.431548,63832038.5
3,gcp,europe-west1,768,MB,europe-west1,gcp,download,/function/input/2mass-atlas-001020s-k0870221.fits,1.415237,80721921.0
3,gcp,europe-west1,768,MB,europe-west1,gcp,download,/function/input/2mass-atlas-001020s-k0870233.fits,1.417782,170759431.5
3,gcp,europe-west1,768,MB,europe-west1,gcp,download,/function/input/2mass-atlas-001020s-k0870245.fits,1.428497,83439451.5
3,gcp,europe-west1,768,MB,europe-west1,gcp,download,/function/input/2mass-atlas-001021s-k0490221.fits,1.474539,72353372.0
3,gcp,europe-west1,768,MB,europe-west1,gcp,download,/function/input/2mass-atlas-001021s-k0490233.fits,1.473388,71134963.5
3,gcp,europe-west1,768,MB,europe-west1,gcp,download,/function/input/2mass-atlas-001021s-k0490245.fits,1.475153,86182433.5
3,gcp,europe-west1,768,MB,europe-west1,gcp,download,/function/input/2mass-atlas-001021s-k0560033.fits,1.475337,97272573.0
3,gcp,europe-west1,768,MB,europe-west1,gcp,download,/function/input/2mass-atlas-001021s-k0560044.fits,1.475774,83457681.0
3,gcp,europe-west1,768,MB,europe-west1,gcp,download,/function/input/2mass-atlas-001021s-k0560056.fits,1.477972,69615037.0
3,gcp,europe-west1,768,MB,europe-west1,gcp,download,/function/input/2mass-atlas-001021s-k0570221.fits,1.474794,81093396.5
3,gcp,europe-west1,768,MB,europe-west1,gcp,download,/function/input/2mass-atlas-001021s-k0570233.fits,1.472843,70445776.5
3,gcp,europe-west1,768,MB,europe-west1,gcp,download,/function/input/2mass-atlas-001021s-k0570245.fits,1.474299,77760048.0
3,gcp,europe-west1,768,MB,europe-west1,gcp,download,/function/input/2mass-atlas-980914s-k0800033.fits,1.466856,70946936.0
3,gcp,europe-west1,768,MB,europe-west1,gcp,download,/function/input/2mass-atlas-980914s-k0800044.fits,1.46705,70664471.0
3,gcp,europe-west1,768,MB,europe-west1,gcp,download,/function/input/2mass-atlas-980914s-k0800056.fits,1.467462,80665580.0
3,gcp,europe-west1,768,MB,europe-west1,gcp,download,/function/input/2mass-atlas-980914s-k0810221.fits,1.467205,75466892.0
3,gcp,europe-west1,768,MB,europe-west1,gcp,download,/function/input/2mass-atlas-980914s-k0810233.fits,1.468091,70257169.5
3,gcp,europe-west1,768,MB,europe-west1,gcp,download,/function/input/2mass-atlas-980914s-k0810245.fits,1.468524,84417201.5
3,gcp,europe-west1,768,MB,europe-west1,gcp,download,/function/input/2mass-atlas-980914s-k0820033.fits,1.468069,80114521.0
3,gcp,europe-west1,768,MB,europe-west1,gcp,download,/function/input/2mass-atlas-980914s-k0820044.fits,1.465354,77054434.0
3,gcp,europe-west1,768,MB,europe-west1,gcp,download,/function/input/2mass-atlas-980914s-k0820056.fits,1.467195,78678805.5
3,gcp,europe-west1,768,MB,europe-west1,gcp,download,/function/input/2mass-atlas-980914s-k0830221.fits,1.471563,83316423.5
3,gcp,europe-west1,768,MB,europe-west1,gcp,download,/function/input/2mass-atlas-980914s-k0830233.fits,1.468954,72458459.5
3,gcp,europe-west1,768,MB,europe-west1,gcp,download,/function/input/2mass-atlas-980914s-k0830245.fits,1.46679,73180431.0
3,gcp,europe-west1,768,MB,europe-west1,gcp,download,/function/input/2mass-atlas-980914s-k0840033.fits,1.467584,71414972.5
3,gcp,europe-west1,768,MB,europe-west1,gcp,download,/function/input/2mass-atlas-980914s-k0840044.fits,1.466204,85221871.0
3,gcp,europe-west1,768,MB,europe-west1,gcp,download,/function/input/2mass-atlas-980914s-k0840056.fits,1.46731,73902609.5
3,gcp,europe-west1,768,MB,europe-west1,gcp,download,/function/mImgtbl,5.496352,129848615.5
3,gcp,europe-west1,768,MB,europe-west1,gcp,upload,/function/images.tbl,0.01394,67767940.5
4,gcp,europe-west1,768,MB,europe-west1,gcp,download,/function/images.tbl,0.01394,124403480.5
4,gcp,europe-west1,768,MB,europe-west1,gcp,download,/function/mDAGTbls,5.47904,341735337.0
4,gcp,europe-west1,768,MB,europe-west1,gcp,download,/function/region.hdr,0.000277,71387405.5
4,gcp,europe-west1,768,MB,europe-west1,gcp,upload,/function/cimages.tbl,0.00511,56150782.0
4,gcp,europe-west1,768,MB,europe-west1,gcp,upload,/function/pimages.tbl,0.00511,61468813.5
4,gcp,europe-west1,768,MB,europe-west1,gcp,upload,/function/rimages.tbl,0.00508,79462142.0
5,gcp,europe-west1,768,MB,europe-west1,gcp,download,/function/mOverlaps,0.504048,124807528.5
5,gcp,europe-west1,768,MB,europe-west1,gcp,download,/function/pimages.tbl,0.00511,111171725.0
5,gcp,europe-west1,768,MB,europe-west1,gcp,upload,/function/diffs.tbl,0.016167,108911239.5
6,gcp,europe-west1,768,MB,europe-west1,gcp,download,/function/diffs.tbl,0.016167,172927090.0
7,gcp,europe-west1,768,MB,europe-west1,gcp,download,/function/mDiff,5.373008,171480436.0
7,gcp,europe-west1,768,MB,europe-west1,gcp,download,/function/mFitplane,5.372232,152043843.5
7,gcp,europe-west1,768,MB,europe-west1,gcp,download,/function/p2mass-atlas-001020s-k0860033.fits,4.14432,146701236.0
7,gcp,europe-west1,768,MB,europe-west1,gcp,download,/function/p2mass-atlas-001020s-k0860033_area.fits,4.14432,119235242.0
7,gcp,europe-west1,768,MB,europe-west1,gcp,download,/function/p2mass-atlas-001020s-k0860044.fits,4.14432,150686194.0
7,gcp,europe-west1,768,MB,europe-west1,gcp,download,/function/p2mass-atlas-001020s-k0860044_area.fits,4.14432,139869706.0
7,gcp,europe-west1,768,MB,europe-west1,gcp,download,/function/p2mass-atlas-001020s-k0860056.fits,4.14432,153136855.0
7,gcp,europe-west1,768,MB,europe-west1,gcp,download,/function/p2mass-atlas-001020s-k0860056_area.fits,4.14432,115166901.5
7,gcp,europe-west1,768,MB,europe-west1,gcp,download,/function/p2mass-atlas-001020s-k0870221.fits,4.13568,134605101.0
7,gcp,europe-west1,768,MB,europe-west1,gcp,download,/function/p2mass-atlas-001020s-k0870221_area.fits,4.13568,138925176.0
7,gcp,europe-west1,768,MB,europe-west1,gcp,download,/function/p2mass-atlas-001020s-k0870233.fits,4.13568,159886398.0
7,gcp,europe-west1,768,MB,europe-west1,gcp,download,/function/p2mass-atlas-001020s-k0870233_area.fits,4.13568,129826990.0
7,gcp,europe-west1,768,MB,europe-west1,gcp,download,/function/p2mass-atlas-001020s-k0870245.fits,4.13568,154709959.5
7,gcp,europe-west1,768,MB,europe-west1,gcp,download,/function/p2mass-atlas-001020s-k0870245_area.fits,4.13568,127380018.0
7,gcp,europe-west1,768,MB,europe-west1,gcp,download,/function/p2mass-atlas-001021s-k0490221.fits,4.13568,131588211.5
7,gcp,europe-west1,768,MB,europe-west1,gcp,download,/function/p2mass-atlas-001021s-k0490221_area.fits,4.13568,128777408.0
7,gcp,europe-west1,768,MB,europe-west1,gcp,download,/function/p2mass-atlas-001021s-k0490233.fits,4.13568,141164781.5
7,gcp,europe-west1,768,MB,europe-west1,gcp,download,/function/p2mass-atlas-001021s-k0490233_area.fits,4.13568,135153673.5
7,gcp,europe-west1,768,MB,europe-west1,gcp,download,/function/p2mass-atlas-001021s-k0490245.fits,4.14432,160410637.5
7,gcp,europe-west1,768,MB,europe-west1,gcp,download,/function/p2mass-atlas-001021s-k0490245_area.fits,4.14432,154591044.5
7,gcp,europe-west1,768,MB,europe-west1,gcp,download,/function/p2mass-atlas-001021s-k0560033.fits,4.15296,153933535.0
7,gcp,europe-west1,768,MB,europe-west1,gcp,download,/function/p2mass-atlas-001021s-k0560033_area.fits,4.15296,125620189.5
7,gcp,europe-west1,768,MB,europe-west1,gcp,download,/function/p2mass-atlas-001021s-k0560044.fits,4.14432,146288787.5
7,gcp,europe-west1,768,MB,europe-west1,gcp,download,/function/p2mass-atlas-001021s-k0560044_area.fits,4.14432,113971726.5
7,gcp,europe-west1,768,MB,europe-west1,gcp,download,/function/p2mass-atlas-001021s-k0560056.fits,4.13568,154994743.5
7,gcp,europe-west1,768,MB,europe-west1,gcp,download,/function/p2mass-atlas-001021s-k0560056_area.fits,4.13568,118860164.0
7,gcp,europe-west1,768,MB,europe-west1,gcp,download,/function/p2mass-atlas-001021s-k0570221.fits,4.14432,149763103.0
7,gcp,europe-west1,768,MB,europe-west1,gcp,download,/function/p2mass-atlas-001021s-k0570221_area.fits,4.14432,133834566.5
7,gcp,europe-west1,768,MB,europe-west1,gcp,download,/function/p2mass-atlas-001021s-k0570233.fits,4.13568,149788765.5
7,gcp,europe-west1,768,MB,europe-west1,gcp,download,/function/p2mass-atlas-001021s-k0570233_area.fits,4.13568,125443280.5
7,gcp,europe-west1,768,MB,europe-west1,gcp,download,/function/p2mass-atlas-001021s-k0570245.fits,4.14432,164615805.5
7,gcp,europe-west1,768,MB,europe-west1,gcp,download,/function/p2mass-atlas-001021s-k0570245_area.fits,4.14432,162903135.5
7,gcp,europe-west1,768,MB,europe-west1,gcp,download,/function/p2mass-atlas-980914s-k0800033.fits,4.14432,124244799.0
7,gcp,europe-west1,768,MB,europe-west1,gcp,download,/function/p2mass-atlas-980914s-k0800033_area.fits,4.14432,131262311.0
7,gcp,europe-west1,768,MB,europe-west1,gcp,download,/function/p2mass-atlas-980914s-k0800044.fits,4.14432,157172592.5
7,gcp,europe-west1,768,MB,europe-west1,gcp,download,/function/p2mass-atlas-980914s-k0800044_area.fits,4.14432,146710161.0
7,gcp,europe-west1,768,MB,europe-west1,gcp,download,/function/p2mass-atlas-980914s-k0800056.fits,4.14432,169402572.0
7,gcp,europe-west1,768,MB,europe-west1,gcp,download,/function/p2mass-atlas-980914s-k0800056_area.fits,4.14432,124076960.0
7,gcp,europe-west1,768,MB,europe-west1,gcp,download,/function/p2mass-atlas-980914s-k0810221.fits,4.14432,149276988.0
7,gcp,europe-west1,768,MB,europe-west1,gcp,download,/function/p2mass-atlas-980914s-k0810221_area.fits,4.14432,136149830.5
7,gcp,europe-west1,768,MB,europe-west1,gcp,download,/function/p2mass-atlas-980914s-k0810233.fits,4.14432,139597523.0
7,gcp,europe-west1,768,MB,europe-west1,gcp,download,/function/p2mass-atlas-980914s-k0810233_area.fits,4.14432,135973811.5
7,gcp,europe-west1,768,MB,europe-west1,gcp,download,/function/p2mass-atlas-980914s-k0810245.fits,4.14432,148303008.5
7,gcp,europe-west1,768,MB,europe-west1,gcp,download,/function/p2mass-atlas-980914s-k0810245_area.fits,4.14432,162265147.0
7,gcp,europe-west1,768,MB,europe-west1,gcp,download,/function/p2mass-atlas-980914s-k0820033.fits,4.14432,128319739.0
7,gcp,europe-west1,768,MB,europe-west1,gcp,download,/function/p2mass-atlas-980914s-k0820033_area.fits,4.14432,133506640.0
7,gcp,europe-west1,768,MB,europe-west1,gcp,download,/function/p2mass-atlas-980914s-k0820044.fits,4.14432,142102423.0
7,gcp,europe-west1,768,MB,europe-west1,gcp,download,/function/p2mass-atlas-980914s-k0820044_area.fits,4.14432,119058799.5
7,gcp,europe-west1,768,MB,europe-west1,gcp,download,/function/p2mass-atlas-980914s-k0820056.fits,4.13568,150479528.5
7,gcp,europe-west1,768,MB,europe-west1,gcp,download,/function/p2mass-atlas-980914s-k0820056_area.fits,4.13568,125047144.5
7,gcp,europe-west1,768,MB,europe-west1,gcp,download,/function/p2mass-atlas-980914s-k0830221.fits,4.14432,150322201.0
7,gcp,europe-west1,768,MB,europe-west1,gcp,download,/function/p2mass-atlas-980914s-k0830221_area.fits,4.14432,125613675.5
7,gcp,europe-west1,768,MB,europe-west1,gcp,download,/function/p2mass-atlas-980914s-k0830233.fits,4.14432,156066821.5
7,gcp,europe-west1,768,MB,europe-west1,gcp,download,/function/p2mass-atlas-980914s-k0830233_area.fits,4.14432,129552502.5
7,gcp,europe-west1,768,MB,europe-west1,gcp,download,/function/p2mass-atlas-980914s-k0830245.fits,4.14432,176661248.0
7,gcp,europe-west1,768,MB,europe-west1,gcp,download,/function/p2mass-atlas-980914s-k0830245_area.fits,4.14432,133775605.5
7,gcp,europe-west1,768,MB,europe-west1,gcp,download,/function/p2mass-atlas-980914s-k0840033.fits,4.14432,237282052.0
7,gcp,europe-west1,768,MB,europe-west1,gcp,download,/function/p2mass-atlas-980914s-k0840033_area.fits,4.14432,158102742.0
7,gcp,europe-west1,768,MB,europe-west1,gcp,download,/function/p2mass-atlas-980914s-k0840044.fits,4.14432,164627322.0
7,gcp,europe-west1,768,MB,europe-west1,gcp,download,/function/p2mass-atlas-980914s-k0840044_area.fits,4.14432,118817316.5
7,gcp,europe-west1,768,MB,europe-west1,gcp,download,/function/p2mass-atlas-980914s-k0840056.fits,4.14432,170993952.0
7,gcp,europe-west1,768,MB,europe-west1,gcp,download,/function/p2mass-atlas-980914s-k0840056_area.fits,4.14432,136051858.5
7,gcp,europe-west1,768,MB,europe-west1,gcp,download,/function/region.hdr,0.000277,44383704.0
7,gcp,europe-west1,768,MB,europe-west1,gcp,upload,/function/diff.000001.000007.fits,1.02528,250927379.5
7,gcp,europe-west1,768,MB,europe-west1,gcp,upload,/function/diff.000001.000007_area.fits,1.02528,81200137.5
7,gcp,europe-west1,768,MB,europe-west1,gcp,upload,/function/diff.000001.000011.fits,3.31776,894483672.5
7,gcp,europe-west1,768,MB,europe-west1,gcp,upload,/function/diff.000001.000011_area.fits,3.31776,202663544.5
7,gcp,europe-west1,768,MB,europe-west1,gcp,upload,/function/diff.000001.000012.fits,0.22176,105662445.0
7,gcp,europe-west1,768,MB,europe-west1,gcp,upload,/function/diff.000001.000012_area.fits,0.22176,114482038.5
7,gcp,europe-west1,768,MB,europe-west1,gcp,upload,/function/diff.000001.000020.fits,0.14112,87953353.0
7,gcp,europe-west1,768,MB,europe-west1,gcp,upload,/function/diff.000001.000020_area.fits,0.14112,62117538.0
7,gcp,europe-west1,768,MB,europe-west1,gcp,upload,/function/diff.000001.000025.fits,0.03744,91232341.0
7,gcp,europe-west1,768,MB,europe-west1,gcp,upload,/function/diff.000001.000025_area.fits,0.03744,58819142.0
7,gcp,europe-west1,768,MB,europe-west1,gcp,upload,/function/diff.000001.000026.fits,0.59328,230045924.0
7,gcp,europe-west1,768,MB,europe-west1,gcp,upload,/function/diff.000001.000026_area.fits,0.59328,76921129.0
7,gcp,europe-west1,768,MB,europe-west1,gcp,upload,/function/diff.000001.000028.fits,0.4464,98272247.0
7,gcp,europe-west1,768,MB,europe-west1,gcp,upload,/function/diff.000001.000028_area.fits,0.4464,124510481.0
7,gcp,europe-west1,768,MB,europe-west1,gcp,upload,/function/diff.000002.000006.fits,0.4464,86075800.0
7,gcp,europe-west1,768,MB,europe-west1,gcp,upload,/function/diff.000002.000006_area.fits,0.4464,66074317.5
7,gcp,europe-west1,768,MB,europe-west1,gcp,upload,/function/diff.000002.000009.fits,3.33792,689977476.5
7,gcp,europe-west1,768,MB,europe-west1,gcp,upload,/function/diff.000002.000009_area.fits,3.33792,130006367.5
7,gcp,europe-west1,768,MB,europe-west1,gcp,upload,/function/diff.000002.000015.fits,0.22464,82672020.5
7,gcp,europe-west1,768,MB,europe-west1,gcp,upload,/function/diff.000002.000015_area.fits,0.22464,67637989.0
7,gcp,europe-west1,768,MB,europe-west1,gcp,upload,/function/diff.000002.000016.fits,0.14112,61229828.5
7,gcp,europe-west1,768,MB,europe-west1,gcp,upload,/function/diff.000002.000016_area.fits,0.14112,60902619.5
7,gcp,europe-west1,768,MB,europe-west1,gcp,upload,/function/diff.000002.000019.fits,0.12672,67080000.0
7,gcp,europe-west1,768,MB,europe-west1,gcp,upload,/function/diff.000002.000019_area.fits,0.12672,57703482.5
7,gcp,europe-west1,768,MB,europe-west1,gcp,upload,/function/diff.000002.000020.fits,0.14688,68035140.0
7,gcp,europe-west1,768,MB,europe-west1,gcp,upload,/function/diff.000002.000020_area.fits,0.14688,50466219.5
7,gcp,europe-west1,768,MB,europe-west1,gcp,upload,/function/diff.000002.000023.fits,0.40032,130360172.5
7,gcp,europe-west1,768,MB,europe-west1,gcp,upload,/function/diff.000002.000023_area.fits,0.40032,59621110.5
7,gcp,europe-west1,768,MB,europe-west1,gcp,upload,/function/diff.000002.000025.fits,0.03168,55314686.0
7,gcp,europe-west1,768,MB,europe-west1,gcp,upload,/function/diff.000002.000025_area.fits,0.03168,54262657.5
7,gcp,europe-west1,768,MB,europe-west1,gcp,upload,/function/diff.000002.000026.fits,0.52704,125510120.0
7,gcp,europe-west1,768,MB,europe-west1,gcp,upload,/function/diff.000002.000026_area.fits,0.52704,69101409.5
7,gcp,europe-west1,768,MB,europe-west1,gcp,upload,/function/diff.000002.000027.fits,1.01952,280767184.0
7,gcp,europe-west1,768,MB,europe-west1,gcp,upload,/function/diff.000002.000027_area.fits,1.01952,71355611.5
7,gcp,europe-west1,768,MB,europe-west1,gcp,upload,/function/diff.000002.000028.fits,0.46656,91648683.0
7,gcp,europe-west1,768,MB,europe-west1,gcp,upload,/function/diff.000002.000028_area.fits,0.46656,64376707.0
7,gcp,europe-west1,768,MB,europe-west1,gcp,upload,/function/diff.000003.000005.fits,4.06368,1247777339.0
7,gcp,europe-west1,768,MB,europe-west1,gcp,upload,/function/diff.000003.000005_area.fits,4.06368,190280204.0
7,gcp,europe-west1,768,MB,europe-west1,gcp,upload,/function/diff.000003.000006.fits,0.42912,132252929.5
7,gcp,europe-west1,768,MB,europe-west1,gcp,upload,/function/diff.000003.000006_area.fits,0.42912,64473469.0
7,gcp,europe-west1,768,MB,europe-west1,gcp,upload,/function/diff.000003.000016.fits,0.13248,67173129.5
7,gcp,europe-west1,768,MB,europe-west1,gcp,upload,/function/diff.000003.000016_area.fits,0.13248,57884897.5
7,gcp,europe-west1,768,MB,europe-west1,gcp,upload,/function/diff.000003.000019.fits,0.14688,66983938.0
7,gcp,europe-west1,768,MB,europe-west1,gcp,upload,/function/diff.000003.000019_area.fits,0.14688,56598017.0
7,gcp,europe-west1,768,MB,europe-west1,gcp,upload,/function/diff.000003.000023.fits,0.46656,112942076.0
7,gcp,europe-west1,768,MB,europe-west1,gcp,upload,/function/diff.000003.000023_area.fits,0.46656,59212130.0
7,gcp,europe-west1,768,MB,europe-west1,gcp,upload,/function/diff.000003.000024.fits,0.22464,107916027.5
7,gcp,europe-west1,768,MB,europe-west1,gcp,upload,/function/diff.000003.000024_area.fits,0.22464,58014121.5
7,gcp,europe-west1,768,MB,europe-west1,gcp,upload,/function/diff.000003.000029.fits,0.20736,97559820.0
7,gcp,europe-west1,768,MB,europe-west1,gcp,upload,/function/diff.000003.000029_area.fits,0.20736,56682264.0
7,gcp,europe-west1,768,MB,europe-west1,gcp,upload,/function/diff.000004.000008.fits,0.576,136620524.0
7,gcp,europe-west1,768,MB,europe-west1,gcp,upload,/function/diff.000004.000008_area.fits,0.576,59628397.0
7,gcp,europe-west1,768,MB,europe-west1,gcp,upload,/function/diff.000004.000010.fits,0.55296,132356312.5
7,gcp,europe-west1,768,MB,europe-west1,gcp,upload,/function/diff.000004.000010_area.fits,0.55296,65772956.0
7,gcp,europe-west1,768,MB,europe-west1,gcp,upload,/function/diff.000004.000014.fits,0.42912,86520750.0
7,gcp,europe-west1,768,MB,europe-west1,gcp,upload,/function/diff.000004.000014_area.fits,0.42912,63648383.5
7,gcp,europe-west1,768,MB,europe-west1,gcp,upload,/function/diff.000004.000015.fits,1.01952,229587719.0
7,gcp,europe-west1,768,MB,europe-west1,gcp,upload,/function/diff.000004.000015_area.fits,1.01952,87806497.0
7,gcp,europe-west1,768,MB,europe-west1,gcp,upload,/function/diff.000004.000016.fits,0.03168,53800718.5
7,gcp,europe-west1,768,MB,europe-west1,gcp,upload,/function/diff.000004.000016_area.fits,0.03168,56796604.5
7,gcp,europe-west1,768,MB,europe-west1,gcp,upload,/function/diff.000004.000017.fits,3.33216,844691127.5
7,gcp,europe-west1,768,MB,europe-west1,gcp,upload,/function/diff.000004.000017_area.fits,3.33216,133276294.0
7,gcp,europe-west1,768,MB,europe-west1,gcp,upload,/function/diff.000004.000019.fits,0.0288,62166014.5
7,gcp,europe-west1,768,MB,europe-west1,gcp,upload,/function/diff.000004.000019_area.fits,0.0288,59253600.5
7,gcp,europe-west1,768,MB,europe-west1,gcp,upload,/function/diff.000004.000020.fits,0.03456,54904388.0
7,gcp,europe-west1,768,MB,europe-west1,gcp,upload,/function/diff.000004.000020_area.fits,0.03456,50946890.5
7,gcp,europe-west1,768,MB,europe-west1,gcp,upload,/function/diff.000004.000021.fits,0.49248,122792737.5
7,gcp,europe-west1,768,MB,europe-west1,gcp,upload,/function/diff.000004.000021_area.fits,0.49248,62104536.0
7,gcp,europe-west1,768,MB,europe-west1,gcp,upload,/function/diff.000004.000025.fits,0.13248,66479206.5
7,gcp,europe-west1,768,MB,europe-west1,gcp,upload,/function/diff.000004.000025_area.fits,0.13248,54930096.0
7,gcp,europe-west1,768,MB,europe-west1,gcp,upload,/function/diff.000004.000027.fits,0.22176,91360886.5
7,gcp,europe-west1,768,MB,europe-west1,gcp,upload,/function/diff.000004.000027_area.fits,0.22176,55771370.5
7,gcp,europe-west1,768,MB,europe-west1,gcp,upload,/function/diff.000005.000006.fits,0.47232,95187145.0
7,gcp,europe-west1,768,MB,europe-west1,gcp,upload,/function/diff.000005.000006_area.fits,0.47232,63396632.5
7,gcp,europe-west1,768,MB,europe-west1,gcp,upload,/function/diff.000005.000016.fits,0.14976,64802376.5
7,gcp,europe-west1,768,MB,europe-west1,gcp,upload,/function/diff.000005.000016_area.fits,0.14976,55695038.5
7,gcp,europe-west1,768,MB,europe-west1,gcp,upload,/function/diff.000005.000019.fits,0.16128,75615376.0
7,gcp,europe-west1,768,MB,europe-west1,gcp,upload,/function/diff.000005.000019_area.fits,0.16128,57482354.0
7,gcp,europe-west1,768,MB,europe-west1,gcp,upload,/function/diff.000005.000023.fits,0.50976,151583853.5
7,gcp,europe-west1,768,MB,europe-west1,gcp,upload,/function/diff.000005.000023_area.fits,0.50976,59895923.0
7,gcp,europe-west1,768,MB,europe-west1,gcp,upload,/function/diff.000005.000024.fits,0.23616,80171994.0
7,gcp,europe-west1,768,MB,europe-west1,gcp,upload,/function/diff.000005.000024_area.fits,0.23616,60779077.5
7,gcp,europe-west1,768,MB,europe-west1,gcp,upload,/function/diff.000005.000029.fits,0.22176,105437014.5
7,gcp,europe-west1,768,MB,europe-west1,gcp,upload,/function/diff.000005.000029_area.fits,0.22176,58188258.0
7,gcp,europe-west1,768,MB,europe-west1,gcp,upload,/function/diff.000006.000009.fits,0.54432,116055298.0
7,gcp,europe-west1,768,MB,europe-west1,gcp,upload,/function/diff.000006.000009_area.fits,0.54432,69680287.0
7,gcp,europe-west1,768,MB,europe-west1,gcp,upload,/function/diff.000006.000016.fits,0.22176,100815990.5
7,gcp,europe-west1,768,MB,europe-west1,gcp,upload,/function/diff.000006.000016_area.fits,0.22176,67407422.5
7,gcp,europe-west1,768,MB,europe-west1,gcp,upload,/function/diff.000006.000019.fits,0.22752,78846354.0
7,gcp,europe-west1,768,MB,europe-west1,gcp,upload,/function/diff.000006.000019_area.fits,0.22752,86724273.0
7,gcp,europe-west1,768,MB,europe-west1,gcp,upload,/function/diff.000006.000023.fits,4.06656,1237483786.0
7,gcp,europe-west1,768,MB,europe-west1,gcp,upload,/function/diff.000006.000023_area.fits,4.06656,151350389.5
7,gcp,europe-west1,768,MB,europe-west1,gcp,upload,/function/diff.000006.000027.fits,0.03168,61898697.5
7,gcp,europe-west1,768,MB,europe-west1,gcp,upload,/function/diff.000006.000027_area.fits,0.03168,52078163.0
7,gcp,europe-west1,768,MB,europe-west1,gcp,upload,/function/diff.000007.000008.fits,0.03168,57115685.5
7,gcp,europe-west1,768,MB,europe-west1,gcp,upload,/function/diff.000007.000008_area.fits,0.03168,52525355.0
7,gcp,europe-west1,768,MB,europe-west1,gcp,upload,/function/diff.000007.000011.fits,0.22464,89761143.0
7,gcp,europe-west1,768,MB,europe-west1,gcp,upload,/function/diff.000007.000011_area.fits,0.22464,57856974.0
7,gcp,europe-west1,768,MB,europe-west1,gcp,upload,/function/diff.000007.000012.fits,3.31776,873045881.5
7,gcp,europe-west1,768,MB,europe-west1,gcp,upload,/function/diff.000007.000012_area.fits,3.31776,177502932.0
7,gcp,europe-west1,768,MB,europe-west1,gcp,upload,/function/diff.000007.000013.fits,0.22464,131554633.5
7,gcp,europe-west1,768,MB,europe-west1,gcp,upload,/function/diff.000007.000013_area.fits,0.22464,58626985.5
7,gcp,europe-west1,768,MB,europe-west1,gcp,upload,/function/diff.000007.000020.fits,0.53568,166872249.0
7,gcp,europe-west1,768,MB,europe-west1,gcp,upload,/function/diff.000007.000020_area.fits,0.53568,67465784.5
7,gcp,europe-west1,768,MB,europe-west1,gcp,upload,/function/diff.000007.000025.fits,0.46656,142666347.0
7,gcp,europe-west1,768,MB,europe-west1,gcp,upload,/function/diff.000007.000025_area.fits,0.46656,66143994.5
7,gcp,europe-west1,768,MB,europe-west1,gcp,upload,/function/diff.000007.000026.fits,0.144,57467398.0
7,gcp,europe-west1,768,MB,europe-west1,gcp,upload,/function/diff.000007.000026_area.fits,0.144,55191921.0
7,gcp,europe-west1,768,MB,europe-west1,gcp,upload,/function/diff.000007.000028.fits,0.03168,55028856.5
7,gcp,europe-west1,768,MB,europe-west1,gcp,upload,/function/diff.000007.000028_area.fits,0.03168,59692803.0
7,gcp,europe-west1,768,MB,europe-west1,gcp,upload,/function/diff.000008.000012.fits,0.14112,99293126.5
7,gcp,europe-west1,768,MB,europe-west1,gcp,upload,/function/diff.000008.000012_area.fits,0.14112,54345930.5
7,gcp,europe-west1,768,MB,europe-west1,gcp,upload,/function/diff.000008.000013.fits,0.53568,142995727.0
7,gcp,europe-west1,768,MB,europe-west1,gcp,upload,/function/diff.000008.000013_area.fits,0.53568,62386920.5
7,gcp,europe-west1,768,MB,europe-west1,gcp,upload,/function/diff.000008.000014.fits,3.30624,1047082319.0
7,gcp,europe-west1,768,MB,europe-west1,gcp,upload,/function/diff.000008.000014_area.fits,3.30624,130916897.0
7,gcp,europe-west1,768,MB,europe-west1,gcp,upload,/function/diff.000008.000015.fits,0.144,63617321.0
7,gcp,europe-west1,768,MB,europe-west1,gcp,upload,/function/diff.000008.000015_area.fits,0.144,54998081.0
7,gcp,europe-west1,768,MB,europe-west1,gcp,upload,/function/diff.000008.000017.fits,0.4608,93685732.5
7,gcp,europe-west1,768,MB,europe-west1,gcp,upload,/function/diff.000008.000017_area.fits,0.4608,61264906.5
7,gcp,europe-west1,768,MB,europe-west1,gcp,upload,/function/diff.000008.000020.fits,0.22176,89225948.5
7,gcp,europe-west1,768,MB,europe-west1,gcp,upload,/function/diff.000008.000020_area.fits,0.22176,52378938.5
7,gcp,europe-west1,768,MB,europe-west1,gcp,upload,/function/diff.000008.000022.fits,0.4464,93288288.5
7,gcp,europe-west1,768,MB,europe-west1,gcp,upload,/function/diff.000008.000022_area.fits,0.4464,64312963.0
7,gcp,europe-west1,768,MB,europe-west1,gcp,upload,/function/diff.000008.000025.fits,1.00512,287871511.5
7,gcp,europe-west1,768,MB,europe-west1,gcp,upload,/function/diff.000008.000025_area.fits,1.00512,69744641.0
7,gcp,europe-west1,768,MB,europe-west1,gcp,upload,/function/diff.000008.000027.fits,0.03456,55811609.5
7,gcp,europe-west1,768,MB,europe-west1,gcp,upload,/function/diff.000008.000027_area.fits,0.03456,54284493.5
7,gcp,europe-west1,768,MB,europe-west1,gcp,upload,/function/diff.000009.000016.fits,0.03456,51266532.0
7,gcp,europe-west1,768,MB,europe-west1,gcp,upload,/function/diff.000009.000016_area.fits,0.03456,55141410.5
7,gcp,europe-west1,768,MB,europe-west1,gcp,upload,/function/diff.000009.000019.fits,0.03168,80162180.0
7,gcp,europe-west1,768,MB,europe-west1,gcp,upload,/function/diff.000009.000019_area.fits,0.03168,51905375.5
7,gcp,europe-west1,768,MB,europe-west1,gcp,upload,/function/diff.000009.000020.fits,0.03456,59776010.5
7,gcp,europe-west1,768,MB,europe-west1,gcp,upload,/function/diff.000009.000020_area.fits,0.03456,58423724.5
7,gcp,europe-west1,768,MB,europe-west1,gcp,upload,/function/diff.000009.000023.fits,0.48672,118278576.5
7,gcp,europe-west1,768,MB,europe-west1,gcp,upload,/function/diff.000009.000023_area.fits,0.48672,63529070.0
7,gcp,europe-west1,768,MB,europe-west1,gcp,upload,/function/diff.000009.000026.fits,0.43488,85609759.5
7,gcp,europe-west1,768,MB,europe-west1,gcp,upload,/function/diff.000009.000026_area.fits,0.43488,57026560.5
7,gcp,europe-west1,768,MB,europe-west1,gcp,upload,/function/diff.000009.000027.fits,0.22176,83423874.0
7,gcp,europe-west1,768,MB,europe-west1,gcp,upload,/function/diff.000009.000027_area.fits,0.22176,56827677.5
7,gcp,europe-west1,768,MB,europe-west1,gcp,upload,/function/diff.000009.000028.fits,0.58464,176188638.5
7,gcp,europe-west1,768,MB,europe-west1,gcp,upload,/function/diff.000009.000028_area.fits,0.58464,70443399.5
7,gcp,europe-west1,768,MB,europe-west1,gcp,upload,/function/diff.000010.000015.fits,0.14112,65404592.0
7,gcp,europe-west1,768,MB,europe-west1,gcp,upload,/function/diff.000010.000015_area.fits,0.14112,54747015.0
7,gcp,europe-west1,768,MB,europe-west1,gcp,upload,/function/diff.000010.000016.fits,0.22176,87683592.0
7,gcp,europe-west1,768,MB,europe-west1,gcp,upload,/function/diff.000010.000016_area.fits,0.22176,61562369.0
7,gcp,europe-west1,768,MB,europe-west1,gcp,upload,/function/diff.000010.000017.fits,0.45216,94208945.0
7,gcp,europe-west1,768,MB,europe-west1,gcp,upload,/function/diff.000010.000017_area.fits,0.45216,65272913.5
7,gcp,europe-west1,768,MB,europe-west1,gcp,upload,/function/diff.000010.000018.fits,0.47232,85227844.5
7,gcp,europe-west1,768,MB,europe-west1,gcp,upload,/function/diff.000010.000018_area.fits,0.47232,60253593.5
7,gcp,europe-west1,768,MB,europe-west1,gcp,upload,/function/diff.000010.000019.fits,0.21024,80140176.5
7,gcp,europe-west1,768,MB,europe-west1,gcp,upload,/function/diff.000010.000019_area.fits,0.21024,54122705.5
7,gcp,europe-west1,768,MB,europe-west1,gcp,upload,/function/diff.000010.000021.fits,4.0752,1203927586.5
7,gcp,europe-west1,768,MB,europe-west1,gcp,upload,/function/diff.000010.000021_area.fits,4.0752,174725644.0
7,gcp,europe-west1,768,MB,europe-west1,gcp,upload,/function/diff.000010.000024.fits,0.1296,62414172.5
7,gcp,europe-west1,768,MB,europe-west1,gcp,upload,/function/diff.000010.000024_area.fits,0.1296,51343632.5
7,gcp,europe-west1,768,MB,europe-west1,gcp,upload,/function/diff.000010.000027.fits,0.03456,59148093.0
7,gcp,europe-west1,768,MB,europe-west1,gcp,upload,/function/diff.000010.000027_area.fits,0.03456,52494148.0
7,gcp,europe-west1,768,MB,europe-west1,gcp,upload,/function/diff.000010.000029.fits,0.14688,55492997.5
7,gcp,europe-west1,768,MB,europe-west1,gcp,upload,/function/diff.000010.000029_area.fits,0.14688,53153687.5
7,gcp,europe-west1,768,MB,europe-west1,gcp,upload,/function/diff.000010.000030.fits,0.42912,108948337.0
7,gcp,europe-west1,768,MB,europe-west1,gcp,upload,/function/diff.000010.000030_area.fits,0.42912,75897995.5
7,gcp,europe-west1,768,MB,europe-west1,gcp,upload,/function/diff.000011.000020.fits,0.03168,63986506.0
7,gcp,europe-west1,768,MB,europe-west1,gcp,upload,/function/diff.000011.000020_area.fits,0.03168,55122817.5
7,gcp,europe-west1,768,MB,europe-west1,gcp,upload,/function/diff.000011.000026.fits,0.46656,142608039.5
7,gcp,europe-west1,768,MB,europe-west1,gcp,upload,/function/diff.000011.000026_area.fits,0.46656,69786420.0
7,gcp,europe-west1,768,MB,europe-west1,gcp,upload,/function/diff.000011.000028.fits,0.53568,172310798.0
7,gcp,europe-west1,768,MB,europe-west1,gcp,upload,/function/diff.000011.000028_area.fits,0.53568,62059714.0
7,gcp,europe-west1,768,MB,europe-west1,gcp,upload,/function/diff.000012.000013.fits,1.02528,281552819.5
7,gcp,europe-west1,768,MB,europe-west1,gcp,upload,/function/diff.000012.000013_area.fits,1.02528,109577729.0
7,gcp,europe-west1,768,MB,europe-west1,gcp,upload,/function/diff.000012.000014.fits,0.03744,56539562.0
7,gcp,europe-west1,768,MB,europe-west1,gcp,upload,/function/diff.000012.000014_area.fits,0.03744,53954454.0
7,gcp,europe-west1,768,MB,europe-west1,gcp,upload,/function/diff.000012.000020.fits,0.4464,82699933.0
7,gcp,europe-west1,768,MB,europe-west1,gcp,upload,/function/diff.000012.000020_area.fits,0.4464,58925783.5
7,gcp,europe-west1,768,MB,europe-west1,gcp,upload,/function/diff.000012.000022.fits,0.22176,99263983.5
7,gcp,europe-west1,768,MB,europe-west1,gcp,upload,/function/diff.000012.000022_area.fits,0.22176,57583024.5
7,gcp,europe-west1,768,MB,europe-west1,gcp,upload,/function/diff.000012.000025.fits,0.59328,158007440.5
7,gcp,europe-west1,768,MB,europe-west1,gcp,upload,/function/diff.000012.000025_area.fits,0.59328,66431086.0
7,gcp,europe-west1,768,MB,europe-west1,gcp,upload,/function/diff.000012.000026.fits,0.03456,54499800.5
7,gcp,europe-west1,768,MB,europe-west1,gcp,upload,/function/diff.000012.000026_area.fits,0.03456,51762836.0
7,gcp,europe-west1,768,MB,europe-west1,gcp,upload,/function/diff.000013.000014.fits,0.4608,130048917.0
7,gcp,europe-west1,768,MB,europe-west1,gcp,upload,/function/diff.000013.000014_area.fits,0.4608,59738172.0
7,gcp,europe-west1,768,MB,europe-west1,gcp,upload,/function/diff.000013.000020.fits,0.03168,53226651.5
7,gcp,europe-west1,768,MB,europe-west1,gcp,upload,/function/diff.000013.000020_area.fits,0.03168,64590933.0
7,gcp,europe-west1,768,MB,europe-west1,gcp,upload,/function/diff.000013.000022.fits,3.31776,804730513.5
7,gcp,europe-west1,768,MB,europe-west1,gcp,upload,/function/diff.000013.000022_area.fits,3.31776,141644842.5
7,gcp,europe-west1,768,MB,europe-west1,gcp,upload,/function/diff.000013.000025.fits,0.144,66911902.0
7,gcp,europe-west1,768,MB,europe-west1,gcp,upload,/function/diff.000013.000025_area.fits,0.144,53763943.0
7,gcp,europe-west1,768,MB,europe-west1,gcp,upload,/function/diff.000014.000015.fits,0.03168,55624127.5
7,gcp,europe-west1,768,MB,europe-west1,gcp,upload,/function/diff.000014.000015_area.fits,0.03168,48152377.0
7,gcp,europe-west1,768,MB,europe-west1,gcp,upload,/function/diff.000014.000017.fits,0.52128,145181252.0
7,gcp,europe-west1,768,MB,europe-west1,gcp,upload,/function/diff.000014.000017_area.fits,0.52128,59052263.5
7,gcp,europe-west1,768,MB,europe-west1,gcp,upload,/function/diff.000014.000022.fits,0.58464,168718830.5
7,gcp,europe-west1,768,MB,europe-west1,gcp,upload,/function/diff.000014.000022_area.fits,0.58464,68479233.0
7,gcp,europe-west1,768,MB,europe-west1,gcp,upload,/function/diff.000014.000025.fits,0.22176,83024773.0
7,gcp,europe-west1,768,MB,europe-west1,gcp,upload,/function/diff.000014.000025_area.fits,0.22176,57012869.0
7,gcp,europe-west1,768,MB,europe-west1,gcp,upload,/function/diff.000015.000016.fits,0.4464,88754257.0
7,gcp,europe-west1,768,MB,europe-west1,gcp,upload,/function/diff.000015.000016_area.fits,0.4464,60137918.0
7,gcp,europe-west1,768,MB,europe-west1,gcp,upload,/function/diff.000015.000017.fits,0.22464,77375011.0
7,gcp,europe-west1,768,MB,europe-west1,gcp,upload,/function/diff.000015.000017_area.fits,0.22464,51652852.0
7,gcp,europe-west1,768,MB,europe-west1,gcp,upload,/function/diff.000015.000019.fits,0.40608,102063579.5
7,gcp,europe-west1,768,MB,europe-west1,gcp,upload,/function/diff.000015.000019_area.fits,0.40608,64875990.0
7,gcp,europe-west1,768,MB,europe-west1,gcp,upload,/function/diff.000015.000020.fits,0.46656,88325447.5
7,gcp,europe-west1,768,MB,europe-west1,gcp,upload,/function/diff.000015.000020_area.fits,0.46656,65462591.0
7,gcp,europe-west1,768,MB,europe-west1,gcp,upload,/function/diff.000015.000021.fits,0.1296,61863382.5
7,gcp,europe-west1,768,MB,europe-west1,gcp,upload,/function/diff.000015.000021_area.fits,0.1296,59060662.5
7,gcp,europe-west1,768,MB,europe-west1,gcp,upload,/function/diff.000015.000025.fits,0.52704,184239111.0
7,gcp,europe-west1,768,MB,europe-west1,gcp,upload,/function/diff.000015.000025_area.fits,0.52704,59906233.5
7,gcp,europe-west1,768,MB,europe-west1,gcp,upload,/function/diff.000015.000026.fits,0.03168,56327539.5
7,gcp,europe-west1,768,MB,europe-west1,gcp,upload,/function/diff.000015.000026_area.fits,0.03168,49853868.5
7,gcp,europe-west1,768,MB,europe-west1,gcp,upload,/function/diff.000015.000027.fits,3.33216,901073460.0
7,gcp,europe-west1,768,MB,europe-west1,gcp,upload,/function/diff.000015.000027_area.fits,3.33216,144020738.0
7,gcp,europe-west1,768,MB,europe-west1,gcp,upload,/function/diff.000016.000019.fits,4.0752,1426560998.5
7,gcp,europe-west1,768,MB,europe-west1,gcp,upload,/function/diff.000016.000019_area.fits,4.0752,159516761.0
7,gcp,europe-west1,768,MB,europe-west1,gcp,upload,/function/diff.000016.000021.fits,0.22752,80620987.5
7,gcp,europe-west1,768,MB,europe-west1,gcp,upload,/function/diff.000016.000021_area.fits,0.22752,56013337.0
7,gcp,europe-west1,768,MB,europe-west1,gcp,upload,/function/diff.000016.000023.fits,0.21024,73520786.5
7,gcp,europe-west1,768,MB,europe-west1,gcp,upload,/function/diff.000016.000023_area.fits,0.21024,64300123.0
7,gcp,europe-west1,768,MB,europe-west1,gcp,upload,/function/diff.000016.000024.fits,0.42912,145018939.0
7,gcp,europe-west1,768,MB,europe-west1,gcp,upload,/function/diff.000016.000024_area.fits,0.42912,61741810.0
7,gcp,europe-west1,768,MB,europe-west1,gcp,upload,/function/diff.000016.000027.fits,0.54432,158583855.0
7,gcp,europe-west1,768,MB,europe-west1,gcp,upload,/function/diff.000016.000027_area.fits,0.54432,63924717.0
7,gcp,europe-west1,768,MB,europe-west1,gcp,upload,/function/diff.000016.000029.fits,0.47232,132423476.0
7,gcp,europe-west1,768,MB,europe-west1,gcp,upload,/function/diff.000016.000029_area.fits,0.47232,60859937.5
7,gcp,europe-west1,768,MB,europe-west1,gcp,upload,/function/diff.000017.000021.fits,0.40608,146654782.5
7,gcp,europe-west1,768,MB,europe-west1,gcp,upload,/function/diff.000017.000021_area.fits,0.40608,59575318.5
7,gcp,europe-west1,768,MB,europe-west1,gcp,upload,/function/diff.000017.000025.fits,0.03168,54194015.5
7,gcp,europe-west1,768,MB,europe-west1,gcp,upload,/function/diff.000017.000025_area.fits,0.03168,53758306.5
7,gcp,europe-west1,768,MB,europe-west1,gcp,upload,/function/diff.000018.000021.fits,0.50976,153944586.0
7,gcp,europe-west1,768,MB,europe-west1,gcp,upload,/function/diff.000018.000021_area.fits,0.50976,64744007.0
7,gcp,europe-west1,768,MB,europe-west1,gcp,upload,/function/diff.000018.000024.fits,0.20736,73417908.5
7,gcp,europe-west1,768,MB,europe-west1,gcp,upload,/function/diff.000018.000024_area.fits,0.20736,49033104.5
7,gcp,europe-west1,768,MB,europe-west1,gcp,upload,/function/diff.000018.000029.fits,0.22176,118957724.0
7,gcp,europe-west1,768,MB,europe-west1,gcp,upload,/function/diff.000018.000029_area.fits,0.22176,53012125.5
7,gcp,europe-west1,768,MB,europe-west1,gcp,upload,/function/diff.000018.000030.fits,4.06368,1311369550.5
7,gcp,europe-west1,768,MB,europe-west1,gcp,upload,/function/diff.000018.000030_area.fits,4.06368,134076839.0
7,gcp,europe-west1,768,MB,europe-west1,gcp,upload,/function/diff.000019.000021.fits,0.22176,138260804.5
7,gcp,europe-west1,768,MB,europe-west1,gcp,upload,/function/diff.000019.000021_area.fits,0.22176,61597596.5
7,gcp,europe-west1,768,MB,europe-west1,gcp,upload,/function/diff.000019.000023.fits,0.22176,88489491.5
7,gcp,europe-west1,768,MB,europe-west1,gcp,upload,/function/diff.000019.000023_area.fits,0.22176,52217443.0
7,gcp,europe-west1,768,MB,europe-west1,gcp,upload,/function/diff.000019.000024.fits,0.46656,123768959.5
7,gcp,europe-west1,768,MB,europe-west1,gcp,upload,/function/diff.000019.000024_area.fits,0.46656,65552443.5
7,gcp,europe-west1,768,MB,europe-west1,gcp,upload,/function/diff.000019.000027.fits,0.49248,109509881.0
7,gcp,europe-west1,768,MB,europe-west1,gcp,upload,/function/diff.000019.000027_area.fits,0.49248,58407907.5
7,gcp,europe-west1,768,MB,europe-west1,gcp,upload,/function/diff.000019.000029.fits,0.50976,164415848.0
7,gcp,europe-west1,768,MB,europe-west1,gcp,upload,/function/diff.000019.000029_area.fits,0.50976,56071342.5
7,gcp,europe-west1,768,MB,europe-west1,gcp,upload,/function/diff.000020.000025.fits,3.30624,932015759.0
7,gcp,europe-west1,768,MB,europe-west1,gcp,upload,/function/diff.000020.000025_area.fits,3.30624,181434726.0
7,gcp,europe-west1,768,MB,europe-west1,gcp,upload,/function/diff.000020.000026.fits,1.00512,231478795.0
7,gcp,europe-west1,768,MB,europe-west1,gcp,upload,/function/diff.000020.000026_area.fits,1.00512,73683824.5
7,gcp,europe-west1,768,MB,europe-west1,gcp,upload,/function/diff.000020.000027.fits,0.576,146109605.0
7,gcp,europe-west1,768,MB,europe-west1,gcp,upload,/function/diff.000020.000027_area.fits,0.576,64423871.5
7,gcp,europe-west1,768,MB,europe-west1,gcp,upload,/function/diff.000020.000028.fits,0.22176,131592738.5
7,gcp,europe-west1,768,MB,europe-west1,gcp,upload,/function/diff.000020.000028_area.fits,0.22176,54421796.0
7,gcp,europe-west1,768,MB,europe-west1,gcp,upload,/function/diff.000021.000024.fits,0.144,63664852.5
7,gcp,europe-west1,768,MB,europe-west1,gcp,upload,/function/diff.000021.000024_area.fits,0.144,56820522.0
7,gcp,europe-west1,768,MB,europe-west1,gcp,upload,/function/diff.000021.000027.fits,0.03168,51307379.5
7,gcp,europe-west1,768,MB,europe-west1,gcp,upload,/function/diff.000021.000027_area.fits,0.03168,49508957.0
7,gcp,europe-west1,768,MB,europe-west1,gcp,upload,/function/diff.000021.000029.fits,0.16128,68057040.5
7,gcp,europe-west1,768,MB,europe-west1,gcp,upload,/function/diff.000021.000029_area.fits,0.16128,60774951.0
7,gcp,europe-west1,768,MB,europe-west1,gcp,upload,/function/diff.000021.000030.fits,0.46656,87254509.5
7,gcp,europe-west1,768,MB,europe-west1,gcp,upload,/function/diff.000021.000030_area.fits,0.46656,60492237.0
7,gcp,europe-west1,768,MB,europe-west1,gcp,upload,/function/diff.000022.000025.fits,0.03456,57933412.0
7,gcp,europe-west1,768,MB,europe-west1,gcp,upload,/function/diff.000022.000025_area.fits,0.03456,50759447.0
7,gcp,europe-west1,768,MB,europe-west1,gcp,upload,/function/diff.000023.000027.fits,0.0288,51240037.5
7,gcp,europe-west1,768,MB,europe-west1,gcp,upload,/function/diff.000023.000027_area.fits,0.0288,58304646.0
7,gcp,europe-west1,768,MB,europe-west1,gcp,upload,/function/diff.000024.000029.fits,4.06368,1238013290.0
7,gcp,europe-west1,768,MB,europe-west1,gcp,upload,/function/diff.000024.000029_area.fits,4.06368,189476821.0
7,gcp,europe-west1,768,MB,europe-west1,gcp,upload,/function/diff.000024.000030.fits,0.22464,80379651.0
7,gcp,europe-west1,768,MB,europe-west1,gcp,upload,/function/diff.000024.000030_area.fits,0.22464,53862878.5
7,gcp,europe-west1,768,MB,europe-west1,gcp,upload,/function/diff.000025.000026.fits,0.22176,114924271.0
7,gcp,europe-west1,768,MB,europe-west1,gcp,upload,/function/diff.000025.000026_area.fits,0.22176,54167513.5
7,gcp,europe-west1,768,MB,europe-west1,gcp,upload,/function/diff.000025.000027.fits,0.42912,102104425.5
7,gcp,europe-west1,768,MB,europe-west1,gcp,upload,/function/diff.000025.000027_area.fits,0.42912,59609799.5
7,gcp,europe-west1,768,MB,europe-west1,gcp,upload,/function/diff.000026.000027.fits,0.13248,57090911.5
7,gcp,europe-west1,768,MB,europe-west1,gcp,upload,/function/diff.000026.000027_area.fits,0.13248,52802387.5
7,gcp,europe-west1,768,MB,europe-west1,gcp,upload,/function/diff.000026.000028.fits,3.30624,847609515.5
7,gcp,europe-west1,768,MB,europe-west1,gcp,upload,/function/diff.000026.000028_area.fits,3.30624,134403007.5
7,gcp,europe-west1,768,MB,europe-west1,gcp,upload,/function/diff.000027.000028.fits,0.03456,50160131.0
7,gcp,europe-west1,768,MB,europe-west1,gcp,upload,/function/diff.000027.000028_area.fits,0.03456,50363082.5
7,gcp,europe-west1,768,MB,europe-west1,gcp,upload,/function/diff.000029.000030.fits,0.23328,120757299.5
7,gcp,europe-west1,768,MB,europe-west1,gcp,upload,/function/diff.000029.000030_area.fits,0.23328,48743733.5
7,gcp,europe-west1,768,MB,europe-west1,gcp,upload,/function/fit.000001.000007.txt,0.000287,56601210.0
7,gcp,europe-west1,768,MB,europe-west1,gcp,upload,/function/fit.000001.000011.txt,0.00029,52413926.0
7,gcp,europe-west1,768,MB,europe-west1,gcp,upload,/function/fit.000001.000012.txt,0.000288,58531155.0
7,gcp,europe-west1,768,MB,europe-west1,gcp,upload,/function/fit.000001.000020.txt,0.000284,58959371.0
7,gcp,europe-west1,768,MB,europe-west1,gcp,upload,/function/fit.000001.000025.txt,0.000286,53887657.5
7,gcp,europe-west1,768,MB,europe-west1,gcp,upload,/function/fit.000001.000026.txt,0.000287,65406137.0
7,gcp,europe-west1,768,MB,europe-west1,gcp,upload,/function/fit.000001.000028.txt,0.000286,57212871.0
7,gcp,europe-west1,768,MB,europe-west1,gcp,upload,/function/fit.000002.000006.txt,0.000282,56984832.0
7,gcp,europe-west1,768,MB,europe-west1,gcp,upload,/function/fit.000002.000009.txt,0.000285,54035597.0
7,gcp,europe-west1,768,MB,europe-west1,gcp,upload,/function/fit.000002.000015.txt,0.000288,56094793.5
7,gcp,europe-west1,768,MB,europe-west1,gcp,upload,/function/fit.000002.000016.txt,0.000278,57893679.0
7,gcp,europe-west1,768,MB,europe-west1,gcp,upload,/function/fit.000002.000019.txt,0.000281,52084165.0
7,gcp,europe-west1,768,MB,europe-west1,gcp,upload,/function/fit.000002.000020.txt,0.000286,53642707.5
7,gcp,europe-west1,768,MB,europe-west1,gcp,upload,/function/fit.000002.000023.txt,0.00028,57579730.0
7,gcp,europe-west1,768,MB,europe-west1,gcp,upload,/function/fit.000002.000025.txt,0.000281,49611277.5
7,gcp,europe-west1,768,MB,europe-west1,gcp,upload,/function/fit.000002.000026.txt,0.000286,55285293.5
7,gcp,europe-west1,768,MB,europe-west1,gcp,upload,/function/fit.000002.000027.txt,0.000286,53928036.5
7,gcp,europe-west1,768,MB,europe-west1,gcp,upload,/function/fit.000002.000028.txt,0.000283,50572296.5
7,gcp,europe-west1,768,MB,europe-west1,gcp,upload,/function/fit.000003.000005.txt,0.000288,50963839.5
7,gcp,europe-west1,768,MB,europe-west1,gcp,upload,/function/fit.000003.000006.txt,0.000279,53317736.0
7,gcp,europe-west1,768,MB,europe-west1,gcp,upload,/function/fit.000003.000016.txt,0.000279,53453139.5
7,gcp,europe-west1,768,MB,europe-west1,gcp,upload,/function/fit.000003.000019.txt,0.000282,52756982.0
7,gcp,europe-west1,768,MB,europe-west1,gcp,upload,/function/fit.000003.000023.txt,0.000281,55532611.0
7,gcp,europe-west1,768,MB,europe-west1,gcp,upload,/function/fit.000003.000024.txt,0.00029,50983584.5
7,gcp,europe-west1,768,MB,europe-west1,gcp,upload,/function/fit.000003.000029.txt,0.000284,52439330.5
7,gcp,europe-west1,768,MB,europe-west1,gcp,upload,/function/fit.000004.000008.txt,0.00029,51041445.5
7,gcp,europe-west1,768,MB,europe-west1,gcp,upload,/function/fit.000004.000010.txt,0.000285,53025426.5
7,gcp,europe-west1,768,MB,europe-west1,gcp,upload,/function/fit.000004.000014.txt,0.000288,51056364.0
7,gcp,europe-west1,768,MB,europe-west1,gcp,upload,/function/fit.000004.000015.txt,0.000288,54886251.0
7,gcp,europe-west1,768,MB,europe-west1,gcp,upload,/function/fit.000004.000016.txt,0.000278,56113035.5
7,gcp,europe-west1,768,MB,europe-west1,gcp,upload,/function/fit.000004.000017.txt,0.000291,53928286.0
7,gcp,europe-west1,768,MB,europe-west1,gcp,upload,/function/fit.000004.000019.txt,0.00028,57365773.5
7,gcp,europe-west1,768,MB,europe-west1,gcp,upload,/function/fit.000004.000020.txt,0.000283,52645490.0
7,gcp,europe-west1,768,MB,europe-west1,gcp,upload,/function/fit.000004.000021.txt,0.000286,54586282.0
7,gcp,europe-west1,768,MB,europe-west1,gcp,upload,/function/fit.000004.000025.txt,0.000285,50933428.5
7,gcp,europe-west1,768,MB,europe-west1,gcp,upload,/function/fit.000004.000027.txt,0.000287,51758384.5
7,gcp,europe-west1,768,MB,europe-west1,gcp,upload,/function/fit.000005.000006.txt,0.000282,49793340.0
7,gcp,europe-west1,768,MB,europe-west1,gcp,upload,/function/fit.000005.000016.txt,0.00028,53856116.0
7,gcp,europe-west1,768,MB,europe-west1,gcp,upload,/function/fit.000005.000019.txt,0.000283,53466617.0
7,gcp,europe-west1,768,MB,europe-west1,gcp,upload,/function/fit.000005.000023.txt,0.000282,55964125.5
7,gcp,europe-west1,768,MB,europe-west1,gcp,upload,/function/fit.000005.000024.txt,0.000282,60100211.0
7,gcp,europe-west1,768,MB,europe-west1,gcp,upload,/function/fit.000005.000029.txt,0.000288,52591060.5
7,gcp,europe-west1,768,MB,europe-west1,gcp,upload,/function/fit.000006.000009.txt,0.000281,55110276.5
7,gcp,europe-west1,768,MB,europe-west1,gcp,upload,/function/fit.000006.000016.txt,0.000282,52219305.5
7,gcp,europe-west1,768,MB,europe-west1,gcp,upload,/function/fit.000006.000019.txt,0.000284,51810858.0
7,gcp,europe-west1,768,MB,europe-west1,gcp,upload,/function/fit.000006.000023.txt,0.000286,47283610.5
7,gcp,europe-west1,768,MB,europe-west1,gcp,upload,/function/fit.000006.000027.txt,0.000277,56879634.5
7,gcp,europe-west1,768,MB,europe-west1,gcp,upload,/function/fit.000007.000008.txt,0.000286,54652942.0
7,gcp,europe-west1,768,MB,europe-west1,gcp,upload,/function/fit.000007.000011.txt,0.000294,48477705.0
7,gcp,europe-west1,768,MB,europe-west1,gcp,upload,/function/fit.000007.000012.txt,0.000291,52322449.0
7,gcp,europe-west1,768,MB,europe-west1,gcp,upload,/function/fit.000007.000013.txt,0.000295,56929750.5
7,gcp,europe-west1,768,MB,europe-west1,gcp,upload,/function/fit.000007.000020.txt,0.000285,52830277.5
7,gcp,europe-west1,768,MB,europe-west1,gcp,upload,/function/fit.000007.000025.txt,0.000285,49390195.5
7,gcp,europe-west1,768,MB,europe-west1,gcp,upload,/function/fit.000007.000026.txt,0.000286,53380105.0
7,gcp,europe-west1,768,MB,europe-west1,gcp,upload,/function/fit.000007.000028.txt,0.000279,54591480.5
7,gcp,europe-west1,768,MB,europe-west1,gcp,upload,/function/fit.000008.000012.txt,0.000285,51463879.0
7,gcp,europe-west1,768,MB,europe-west1,gcp,upload,/function/fit.000008.000013.txt,0.000288,61758342.5
7,gcp,europe-west1,768,MB,europe-west1,gcp,upload,/function/fit.000008.000014.txt,0.000294,52311729.0
7,gcp,europe-west1,768,MB,europe-west1,gcp,upload,/function/fit.000008.000015.txt,0.000291,58402347.5
7,gcp,europe-west1,768,MB,europe-west1,gcp,upload,/function/fit.000008.000017.txt,0.000289,52958314.5
7,gcp,europe-west1,768,MB,europe-west1,gcp,upload,/function/fit.000008.000020.txt,0.000292,57041604.0
7,gcp,europe-west1,768,MB,europe-west1,gcp,upload,/function/fit.000008.000022.txt,0.000291,54905807.0
7,gcp,europe-west1,768,MB,europe-west1,gcp,upload,/function/fit.000008.000025.txt,0.000292,50831298.5
7,gcp,europe-west1,768,MB,europe-west1,gcp,upload,/function/fit.000008.000027.txt,0.000285,49291974.0
7,gcp,europe-west1,768,MB,europe-west1,gcp,upload,/function/fit.000009.000016.txt,0.000275,48215307.5
7,gcp,europe-west1,768,MB,europe-west1,gcp,upload,/function/fit.000009.000019.txt,0.000278,49295978.0
7,gcp,europe-west1,768,MB,europe-west1,gcp,upload,/function/fit.000009.000020.txt,0.000277,49864241.5
7,gcp,europe-west1,768,MB,europe-west1,gcp,upload,/function/fit.000009.000023.txt,0.000284,49955944.0
7,gcp,europe-west1,768,MB,europe-west1,gcp,upload,/function/fit.000009.000026.txt,0.000285,54853518.5
7,gcp,europe-west1,768,MB,europe-west1,gcp,upload,/function/fit.000009.000027.txt,0.000285,49265590.0
7,gcp,europe-west1,768,MB,europe-west1,gcp,upload,/function/fit.000009.000028.txt,0.000288,50272273.0
7,gcp,europe-west1,768,MB,europe-west1,gcp,upload,/function/fit.000010.000015.txt,0.000284,57261010.5
7,gcp,europe-west1,768,MB,europe-west1,gcp,upload,/function/fit.000010.000016.txt,0.000285,51041356.0
7,gcp,europe-west1,768,MB,europe-west1,gcp,upload,/function/fit.000010.000017.txt,0.000287,52932077.0
7,gcp,europe-west1,768,MB,europe-west1,gcp,upload,/function/fit.000010.000018.txt,0.000287,56203997.5
7,gcp,europe-west1,768,MB,europe-west1,gcp,upload,/function/fit.000010.000019.txt,0.000281,53944472.5
7,gcp,europe-west1,768,MB,europe-west1,gcp,upload,/function/fit.000010.000021.txt,0.000288,50253811.0
7,gcp,europe-west1,768,MB,europe-west1,gcp,upload,/function/fit.000010.000024.txt,0.000288,53047425.5
7,gcp,europe-west1,768,MB,europe-west1,gcp,upload,/function/fit.000010.000027.txt,0.000279,51094158.0
7,gcp,europe-west1,768,MB,europe-west1,gcp,upload,/function/fit.000010.000029.txt,0.000283,57871345.0
7,gcp,europe-west1,768,MB,europe-west1,gcp,upload,/function/fit.000010.000030.txt,0.000286,49912689.5
7,gcp,europe-west1,768,MB,europe-west1,gcp,upload,/function/fit.000011.000020.txt,0.000283,56896383.5
7,gcp,europe-west1,768,MB,europe-west1,gcp,upload,/function/fit.000011.000026.txt,0.000282,50062375.0
7,gcp,europe-west1,768,MB,europe-west1,gcp,upload,/function/fit.000011.000028.txt,0.000288,48003578.0
7,gcp,europe-west1,768,MB,europe-west1,gcp,upload,/function/fit.000012.000013.txt,0.000291,49981442.5
7,gcp,europe-west1,768,MB,europe-west1,gcp,upload,/function/fit.000012.000014.txt,0.000287,55028777.5
7,gcp,europe-west1,768,MB,europe-west1,gcp,upload,/function/fit.000012.000020.txt,0.000286,48456793.0
7,gcp,europe-west1,768,MB,europe-west1,gcp,upload,/function/fit.000012.000022.txt,0.000292,60245140.0
7,gcp,europe-west1,768,MB,europe-west1,gcp,upload,/function/fit.000012.000025.txt,0.000289,52383367.0
7,gcp,europe-west1,768,MB,europe-west1,gcp,upload,/function/fit.000012.000026.txt,0.000284,51555966.0
7,gcp,europe-west1,768,MB,europe-west1,gcp,upload,/function/fit.000013.000014.txt,0.000289,52117079.0
7,gcp,europe-west1,768,MB,europe-west1,gcp,upload,/function/fit.000013.000020.txt,0.000285,55609285.0
7,gcp,europe-west1,768,MB,europe-west1,gcp,upload,/function/fit.000013.000022.txt,0.000295,48910896.0
7,gcp,europe-west1,768,MB,europe-west1,gcp,upload,/function/fit.000013.000025.txt,0.00029,46524149.0
7,gcp,europe-west1,768,MB,europe-west1,gcp,upload,/function/fit.000014.000015.txt,0.000283,51188492.5
7,gcp,europe-west1,768,MB,europe-west1,gcp,upload,/function/fit.000014.000017.txt,0.000295,48139937.0
7,gcp,europe-west1,768,MB,europe-west1,gcp,upload,/function/fit.000014.000022.txt,0.000293,57342871.5
7,gcp,europe-west1,768,MB,europe-west1,gcp,upload,/function/fit.000014.000025.txt,0.000292,51712880.5
7,gcp,europe-west1,768,MB,europe-west1,gcp,upload,/function/fit.000015.000016.txt,0.000284,47782623.5
7,gcp,europe-west1,768,MB,europe-west1,gcp,upload,/function/fit.000015.000017.txt,0.00029,57190477.0
7,gcp,europe-west1,768,MB,europe-west1,gcp,upload,/function/fit.000015.000019.txt,0.000285,48338483.5
7,gcp,europe-west1,768,MB,europe-west1,gcp,upload,/function/fit.000015.000020.txt,0.000285,49947541.0
7,gcp,europe-west1,768,MB,europe-west1,gcp,upload,/function/fit.000015.000021.txt,0.000283,51607730.5
7,gcp,europe-west1,768,MB,europe-west1,gcp,upload,/function/fit.000015.000025.txt,0.000287,48360165.5
7,gcp,europe-west1,768,MB,europe-west1,gcp,upload,/function/fit.000015.000026.txt,0.000283,51856724.5
7,gcp,europe-west1,768,MB,europe-west1,gcp,upload,/function/fit.000015.000027.txt,0.000289,52852786.5
7,gcp,europe-west1,768,MB,europe-west1,gcp,upload,/function/fit.000016.000019.txt,0.000283,49544518.0
7,gcp,europe-west1,768,MB,europe-west1,gcp,upload,/function/fit.000016.000021.txt,0.000282,51086677.5
7,gcp,europe-west1,768,MB,europe-west1,gcp,upload,/function/fit.000016.000023.txt,0.000282,51043678.0
7,gcp,europe-west1,768,MB,europe-west1,gcp,upload,/function/fit.000016.000024.txt,0.000279,50324723.5
7,gcp,europe-west1,768,MB,europe-west1,gcp,upload,/function/fit.000016.000027.txt,0.000279,49200876.5
7,gcp,europe-west1,768,MB,europe-west1,gcp,upload,/function/fit.000016.000029.txt,0.000282,51267240.5
7,gcp,europe-west1,768,MB,europe-west1,gcp,upload,/function/fit.000017.000021.txt,0.000288,47999458.0
7,gcp,europe-west1,768,MB,europe-west1,gcp,upload,/function/fit.000017.000025.txt,0.000287,57973541.0
7,gcp,europe-west1,768,MB,europe-west1,gcp,upload,/function/fit.000018.000021.txt,0.000288,53362561.5
7,gcp,europe-west1,768,MB,europe-west1,gcp,upload,/function/fit.000018.000024.txt,0.000286,47405046.5
7,gcp,europe-west1,768,MB,europe-west1,gcp,upload,/function/fit.000018.000029.txt,0.000288,50897603.5
7,gcp,europe-west1,768,MB,europe-west1,gcp,upload,/function/fit.000018.000030.txt,0.000294,55157700.0
7,gcp,europe-west1,768,MB,europe-west1,gcp,upload,/function/fit.000019.000021.txt,0.000288,53138131.5
7,gcp,europe-west1,768,MB,europe-west1,gcp,upload,/function/fit.000019.000023.txt,0.000287,46465572.0
7,gcp,europe-west1,768,MB,europe-west1,gcp,upload,/function/fit.000019.000024.txt,0.000281,50230357.0
7,gcp,europe-west1,768,MB,europe-west1,gcp,upload,/function/fit.000019.000027.txt,0.000279,51272971.5
7,gcp,europe-west1,768,MB,europe-west1,gcp,upload,/function/fit.000019.000029.txt,0.000283,50012946.0
7,gcp,europe-west1,768,MB,europe-west1,gcp,upload,/function/fit.000020.000025.txt,0.000289,47064653.5
7,gcp,europe-west1,768,MB,europe-west1,gcp,upload,/function/fit.000020.000026.txt,0.000286,48385540.0
7,gcp,europe-west1,768,MB,europe-west1,gcp,upload,/function/fit.000020.000027.txt,0.000286,54438728.5
7,gcp,europe-west1,768,MB,europe-west1,gcp,upload,/function/fit.000020.000028.txt,0.000289,43651355.0
7,gcp,europe-west1,768,MB,europe-west1,gcp,upload,/function/fit.000021.000024.txt,0.000285,49262911.5
7,gcp,europe-west1,768,MB,europe-west1,gcp,upload,/function/fit.000021.000027.txt,0.000277,56060142.0
7,gcp,europe-west1,768,MB,europe-west1,gcp,upload,/function/fit.000021.000029.txt,0.000281,50224805.5
7,gcp,europe-west1,768,MB,europe-west1,gcp,upload,/function/fit.000021.000030.txt,0.000284,48706662.5
7,gcp,europe-west1,768,MB,europe-west1,gcp,upload,/function/fit.000022.000025.txt,0.000286,45211736.0
7,gcp,europe-west1,768,MB,europe-west1,gcp,upload,/function/fit.000023.000027.txt,0.00028,53014525.5
7,gcp,europe-west1,768,MB,europe-west1,gcp,upload,/function/fit.000024.000029.txt,0.00029,47892923.0
7,gcp,europe-west1,768,MB,europe-west1,gcp,upload,/function/fit.000024.000030.txt,0.000289,46123367.5
7,gcp,europe-west1,768,MB,europe-west1,gcp,upload,/function/fit.000025.000026.txt,0.00029,48683204.0
7,gcp,europe-west1,768,MB,europe-west1,gcp,upload,/function/fit.000025.000027.txt,0.000282,46286915.5
7,gcp,europe-west1,768,MB,europe-west1,gcp,upload,/function/fit.000026.000027.txt,0.000283,55487268.0
7,gcp,europe-west1,768,MB,europe-west1,gcp,upload,/function/fit.000026.000028.txt,0.00029,50299246.0
7,gcp,europe-west1,768,MB,europe-west1,gcp,upload,/function/fit.000027.000028.txt,0.000278,51271040.5
7,gcp,europe-west1,768,MB,europe-west1,gcp,upload,/function/fit.000029.000030.txt,0.000283,49565317.0
8,gcp,europe-west1,768,MB,europe-west1,gcp,download,/function/diffs.tbl,0.016167,184629792.0
8,gcp,europe-west1,768,MB,europe-west1,gcp,download,/function/mStatFile,0.039792,77985436.5
8,gcp,europe-west1,768,MB,europe-west1,gcp,upload,/function/statfile.tbl,0.005863,92193748.5
9,gcp,europe-west1,768,MB,europe-west1,gcp,download,/function/fit.000001.000007.txt,0.000287,63313806.5
9,gcp,europe-west1,768,MB,europe-west1,gcp,download,/function/fit.000001.000011.txt,0.00029,62137023.5
9,gcp,europe-west1,768,MB,europe-west1,gcp,download,/function/fit.000001.000012.txt,0.000288,60217010.0
9,gcp,europe-west1,768,MB,europe-west1,gcp,download,/function/fit.000001.000020.txt,0.000284,51441245.0
9,gcp,europe-west1,768,MB,europe-west1,gcp,download,/function/fit.000001.000025.txt,0.000286,60910806.0
9,gcp,europe-west1,768,MB,europe-west1,gcp,download,/function/fit.000001.000026.txt,0.000287,67772822.5
9,gcp,europe-west1,768,MB,europe-west1,gcp,download,/function/fit.000001.000028.txt,0.000286,63976563.5
9,gcp,europe-west1,768,MB,europe-west1,gcp,download,/function/fit.000002.000006.txt,0.000282,60838856.5
9,gcp,europe-west1,768,MB,europe-west1,gcp,download,/function/fit.000002.000009.txt,0.000285,59089699.5
9,gcp,europe-west1,768,MB,europe-west1,gcp,download,/function/fit.000002.000015.txt,0.000288,56261616.0
9,gcp,europe-west1,768,MB,europe-west1,gcp,download,/function/fit.000002.000016.txt,0.000278,57431893.5
9,gcp,europe-west1,768,MB,europe-west1,gcp,download,/function/fit.000002.000019.txt,0.000281,61357183.0
9,gcp,europe-west1,768,MB,europe-west1,gcp,download,/function/fit.000002.000020.txt,0.000286,55557041.0
9,gcp,europe-west1,768,MB,europe-west1,gcp,download,/function/fit.000002.000023.txt,0.00028,68064395.5
9,gcp,europe-west1,768,MB,europe-west1,gcp,download,/function/fit.000002.000025.txt,0.000281,54653946.0
9,gcp,europe-west1,768,MB,europe-west1,gcp,download,/function/fit.000002.000026.txt,0.000286,74723654.0
9,gcp,europe-west1,768,MB,europe-west1,gcp,download,/function/fit.000002.000027.txt,0.000286,67168729.5
9,gcp,europe-west1,768,MB,europe-west1,gcp,download,/function/fit.000002.000028.txt,0.000283,57695084.0
9,gcp,europe-west1,768,MB,europe-west1,gcp,download,/function/fit.000003.000005.txt,0.000288,58104075.5
9,gcp,europe-west1,768,MB,europe-west1,gcp,download,/function/fit.000003.000006.txt,0.000279,62305662.0
9,gcp,europe-west1,768,MB,europe-west1,gcp,download,/function/fit.000003.000016.txt,0.000279,63976819.0
9,gcp,europe-west1,768,MB,europe-west1,gcp,download,/function/fit.000003.000019.txt,0.000282,65126305.0
9,gcp,europe-west1,768,MB,europe-west1,gcp,download,/function/fit.000003.000023.txt,0.000281,65685200.5
9,gcp,europe-west1,768,MB,europe-west1,gcp,download,/function/fit.000003.000024.txt,0.00029,54341669.5
9,gcp,europe-west1,768,MB,europe-west1,gcp,download,/function/fit.000003.000029.txt,0.000284,59752173.0
9,gcp,europe-west1,768,MB,europe-west1,gcp,download,/function/fit.000004.000008.txt,0.00029,66418999.5
9,gcp,europe-west1,768,MB,europe-west1,gcp,download,/function/fit.000004.000010.txt,0.000285,64491798.5
9,gcp,europe-west1,768,MB,europe-west1,gcp,download,/function/fit.000004.000014.txt,0.000288,66552094.0
9,gcp,europe-west1,768,MB,europe-west1,gcp,download,/function/fit.000004.000015.txt,0.000288,62774103.0
9,gcp,europe-west1,768,MB,europe-west1,gcp,download,/function/fit.000004.000016.txt,0.000278,83117482.0
9,gcp,europe-west1,768,MB,europe-west1,gcp,download,/function/fit.000004.000017.txt,0.000291,62100665.5
9,gcp,europe-west1,768,MB,europe-west1,gcp,download,/function/fit.000004.000019.txt,0.00028,58192689.5
9,gcp,europe-west1,768,MB,europe-west1,gcp,download,/function/fit.000004.000020.txt,0.000283,57013647.0
9,gcp,europe-west1,768,MB,europe-west1,gcp,download,/function/fit.000004.000021.txt,0.000286,64096657.0
9,gcp,europe-west1,768,MB,europe-west1,gcp,download,/function/fit.000004.000025.txt,0.000285,56972602.0
9,gcp,europe-west1,768,MB,europe-west1,gcp,download,/function/fit.000004.000027.txt,0.000287,60870178.0
9,gcp,europe-west1,768,MB,europe-west1,gcp,download,/function/fit.000005.000006.txt,0.000282,64196915.0
9,gcp,europe-west1,768,MB,europe-west1,gcp,download,/function/fit.000005.000016.txt,0.00028,67960990.5
9,gcp,europe-west1,768,MB,europe-west1,gcp,download,/function/fit.000005.000019.txt,0.000283,60805342.5
9,gcp,europe-west1,768,MB,europe-west1,gcp,download,/function/fit.000005.000023.txt,0.000282,59099923.5
9,gcp,europe-west1,768,MB,europe-west1,gcp,download,/function/fit.000005.000024.txt,0.000282,59298386.5
9,gcp,europe-west1,768,MB,europe-west1,gcp,download,/function/fit.000005.000029.txt,0.000288,65128627.5
9,gcp,europe-west1,768,MB,europe-west1,gcp,download,/function/fit.000006.000009.txt,0.000281,56928598.5
9,gcp,europe-west1,768,MB,europe-west1,gcp,download,/function/fit.000006.000016.txt,0.000282,72338037.5
9,gcp,europe-west1,768,MB,europe-west1,gcp,download,/function/fit.000006.000019.txt,0.000284,70506325.0
9,gcp,europe-west1,768,MB,europe-west1,gcp,download,/function/fit.000006.000023.txt,0.000286,69590012.5
9,gcp,europe-west1,768,MB,europe-west1,gcp,download,/function/fit.000006.000027.txt,0.000277,58187351.5
9,gcp,europe-west1,768,MB,europe-west1,gcp,download,/function/fit.000007.000008.txt,0.000286,67514260.0
9,gcp,europe-west1,768,MB,europe-west1,gcp,download,/function/fit.000007.000011.txt,0.000294,64995159.0
9,gcp,europe-west1,768,MB,europe-west1,gcp,download,/function/fit.000007.000012.txt,0.000291,64866082.5
9,gcp,europe-west1,768,MB,europe-west1,gcp,download,/function/fit.000007.000013.txt,0.000295,65056515.5
9,gcp,europe-west1,768,MB,europe-west1,gcp,download,/function/fit.000007.000020.txt,0.000285,55587719.0
9,gcp,europe-west1,768,MB,europe-west1,gcp,download,/function/fit.000007.000025.txt,0.000285,69721814.5
9,gcp,europe-west1,768,MB,europe-west1,gcp,download,/function/fit.000007.000026.txt,0.000286,65012157.5
9,gcp,europe-west1,768,MB,europe-west1,gcp,download,/function/fit.000007.000028.txt,0.000279,64673810.5
9,gcp,europe-west1,768,MB,europe-west1,gcp,download,/function/fit.000008.000012.txt,0.000285,78638258.0
9,gcp,europe-west1,768,MB,europe-west1,gcp,download,/function/fit.000008.000013.txt,0.000288,55677370.5
9,gcp,europe-west1,768,MB,europe-west1,gcp,download,/function/fit.000008.000014.txt,0.000294,59784977.5
9,gcp,europe-west1,768,MB,europe-west1,gcp,download,/function/fit.000008.000015.txt,0.000291,64643711.0
9,gcp,europe-west1,768,MB,europe-west1,gcp,download,/function/fit.000008.000017.txt,0.000289,62507209.0
9,gcp,europe-west1,768,MB,europe-west1,gcp,download,/function/fit.000008.000020.txt,0.000292,61324277.0
9,gcp,europe-west1,768,MB,europe-west1,gcp,download,/function/fit.000008.000022.txt,0.000291,66463866.5
9,gcp,europe-west1,768,MB,europe-west1,gcp,download,/function/fit.000008.000025.txt,0.000292,67249628.5
9,gcp,europe-west1,768,MB,europe-west1,gcp,download,/function/fit.000008.000027.txt,0.000285,52817676.5
9,gcp,europe-west1,768,MB,europe-west1,gcp,download,/function/fit.000009.000016.txt,0.000275,55155405.5
9,gcp,europe-west1,768,MB,europe-west1,gcp,download,/function/fit.000009.000019.txt,0.000278,54442640.0
9,gcp,europe-west1,768,MB,europe-west1,gcp,download,/function/fit.000009.000020.txt,0.000277,65232517.5
9,gcp,europe-west1,768,MB,europe-west1,gcp,download,/function/fit.000009.000023.txt,0.000284,61807554.5
9,gcp,europe-west1,768,MB,europe-west1,gcp,download,/function/fit.000009.000026.txt,0.000285,67164065.5
9,gcp,europe-west1,768,MB,europe-west1,gcp,download,/function/fit.000009.000027.txt,0.000285,60062060.0
9,gcp,europe-west1,768,MB,europe-west1,gcp,download,/function/fit.000009.000028.txt,0.000288,59139142.0
9,gcp,europe-west1,768,MB,europe-west1,gcp,download,/function/fit.000010.000015.txt,0.000284,56486497.0
9,gcp,europe-west1,768,MB,europe-west1,gcp,download,/function/fit.000010.000016.txt,0.000285,69830788.5
9,gcp,europe-west1,768,MB,europe-west1,gcp,download,/function/fit.000010.000017.txt,0.000287,65782427.0
9,gcp,europe-west1,768,MB,europe-west1,gcp,download,/function/fit.000010.000018.txt,0.000287,66387764.5
9,gcp,europe-west1,768,MB,europe-west1,gcp,download,/function/fit.000010.000019.txt,0.000281,63443839.5
9,gcp,europe-west1,768,MB,europe-west1,gcp,download,/function/fit.000010.000021.txt,0.000288,59739419.5
9,gcp,europe-west1,768,MB,europe-west1,gcp,download,/function/fit.000010.000024.txt,0.000288,62678095.5
9,gcp,europe-west1,768,MB,europe-west1,gcp,download,/function/fit.000010.000027.txt,0.000279,60573003.5
9,gcp,europe-west1,768,MB,europe-west1,gcp,download,/function/fit.000010.000029.txt,0.000283,62383226.5
9,gcp,europe-west1,768,MB,europe-west1,gcp,download,/function/fit.000010.000030.txt,0.000286,62280973.5
9,gcp,europe-west1,768,MB,europe-west1,gcp,download,/function/fit.000011.000020.txt,0.000283,60468748.5
9,gcp,europe-west1,768,MB,europe-west1,gcp,download,/function/fit.000011.000026.txt,0.000282,61242682.5
9,gcp,europe-west1,768,MB,europe-west1,gcp,download,/function/fit.000011.000028.txt,0.000288,52475078.5
9,gcp,europe-west1,768,MB,europe-west1,gcp,download,/function/fit.000012.000013.txt,0.000291,63003381.0
9,gcp,europe-west1,768,MB,europe-west1,gcp,download,/function/fit.000012.000014.txt,0.000287,55107808.5
9,gcp,europe-west1,768,MB,europe-west1,gcp,download,/function/fit.000012.000020.txt,0.000286,57762545.0
9,gcp,europe-west1,768,MB,europe-west1,gcp,download,/function/fit.000012.000022.txt,0.000292,56070838.5
9,gcp,europe-west1,768,MB,europe-west1,gcp,download,/function/fit.000012.000025.txt,0.000289,65434343.0
9,gcp,europe-west1,768,MB,europe-west1,gcp,download,/function/fit.000012.000026.txt,0.000284,55601723.0
9,gcp,europe-west1,768,MB,europe-west1,gcp,download,/function/fit.000013.000014.txt,0.000289,78094939.0
9,gcp,europe-west1,768,MB,europe-west1,gcp,download,/function/fit.000013.000020.txt,0.000285,60904602.5
9,gcp,europe-west1,768,MB,europe-west1,gcp,download,/function/fit.000013.000022.txt,0.000295,67333180.5
9,gcp,europe-west1,768,MB,europe-west1,gcp,download,/function/fit.000013.000025.txt,0.00029,54408280.5
9,gcp,europe-west1,768,MB,europe-west1,gcp,download,/function/fit.000014.000015.txt,0.000283,60390359.0
9,gcp,europe-west1,768,MB,europe-west1,gcp,download,/function/fit.000014.000017.txt,0.000295,106709711.0
9,gcp,europe-west1,768,MB,europe-west1,gcp,download,/function/fit.000014.000022.txt,0.000293,53644926.5
9,gcp,europe-west1,768,MB,europe-west1,gcp,download,/function/fit.000014.000025.txt,0.000292,60858074.0
9,gcp,europe-west1,768,MB,europe-west1,gcp,download,/function/fit.000015.000016.txt,0.000284,68146345.0
9,gcp,europe-west1,768,MB,europe-west1,gcp,download,/function/fit.000015.000017.txt,0.00029,66670218.5
9,gcp,europe-west1,768,MB,europe-west1,gcp,download,/function/fit.000015.000019.txt,0.000285,69155943.0
9,gcp,europe-west1,768,MB,europe-west1,gcp,download,/function/fit.000015.000020.txt,0.000285,62020241.0
9,gcp,europe-west1,768,MB,europe-west1,gcp,download,/function/fit.000015.000021.txt,0.000283,68685781.0
9,gcp,europe-west1,768,MB,europe-west1,gcp,download,/function/fit.000015.000025.txt,0.000287,71922896.5
9,gcp,europe-west1,768,MB,europe-west1,gcp,download,/function/fit.000015.000026.txt,0.000283,51836384.0
9,gcp,europe-west1,768,MB,europe-west1,gcp,download,/function/fit.000015.000027.txt,0.000289,66629101.5
9,gcp,europe-west1,768,MB,europe-west1,gcp,download,/function/fit.000016.000019.txt,0.000283,66239795.5
9,gcp,europe-west1,768,MB,europe-west1,gcp,download,/function/fit.000016.000021.txt,0.000282,55227208.0
9,gcp,europe-west1,768,MB,europe-west1,gcp,download,/function/fit.000016.000023.txt,0.000282,55955071.5
9,gcp,europe-west1,768,MB,europe-west1,gcp,download,/function/fit.000016.000024.txt,0.000279,61702296.0
9,gcp,europe-west1,768,MB,europe-west1,gcp,download,/function/fit.000016.000027.txt,0.000279,60798954.5
9,gcp,europe-west1,768,MB,europe-west1,gcp,download,/function/fit.000016.000029.txt,0.000282,62609538.5
9,gcp,europe-west1,768,MB,europe-west1,gcp,download,/function/fit.000017.000021.txt,0.000288,64592057.0
9,gcp,europe-west1,768,MB,europe-west1,gcp,download,/function/fit.000017.000025.txt,0.000287,59665810.5
9,gcp,europe-west1,768,MB,europe-west1,gcp,download,/function/fit.000018.000021.txt,0.000288,52289030.0
9,gcp,europe-west1,768,MB,europe-west1,gcp,download,/function/fit.000018.000024.txt,0.000286,54213330.5
9,gcp,europe-west1,768,MB,europe-west1,gcp,download,/function/fit.000018.000029.txt,0.000288,57463443.0
9,gcp,europe-west1,768,MB,europe-west1,gcp,download,/function/fit.000018.000030.txt,0.000294,48662044.5
9,gcp,europe-west1,768,MB,europe-west1,gcp,download,/function/fit.000019.000021.txt,0.000288,56731995.5
9,gcp,europe-west1,768,MB,europe-west1,gcp,download,/function/fit.000019.000023.txt,0.000287,43651094.5
9,gcp,europe-west1,768,MB,europe-west1,gcp,download,/function/fit.000019.000024.txt,0.000281,53368081.0
9,gcp,europe-west1,768,MB,europe-west1,gcp,download,/function/fit.000019.000027.txt,0.000279,65702400.0
9,gcp,europe-west1,768,MB,europe-west1,gcp,download,/function/fit.000019.000029.txt,0.000283,57082567.0
9,gcp,europe-west1,768,MB,europe-west1,gcp,download,/function/fit.000020.000025.txt,0.000289,54189116.5
9,gcp,europe-west1,768,MB,europe-west1,gcp,download,/function/fit.000020.000026.txt,0.000286,58705377.0
9,gcp,europe-west1,768,MB,europe-west1,gcp,download,/function/fit.000020.000027.txt,0.000286,63580477.5
9,gcp,europe-west1,768,MB,europe-west1,gcp,download,/function/fit.000020.000028.txt,0.000289,56810684.5
9,gcp,europe-west1,768,MB,europe-west1,gcp,download,/function/fit.000021.000024.txt,0.000285,51098007.0
9,gcp,europe-west1,768,MB,europe-west1,gcp,download,/function/fit.000021.000027.txt,0.000277,64541202.0
9,gcp,europe-west1,768,MB,europe-west1,gcp,download,/function/fit.000021.000029.txt,0.000281,51987518.0
9,gcp,europe-west1,768,MB,europe-west1,gcp,download,/function/fit.000021.000030.txt,0.000284,57703278.5
9,gcp,europe-west1,768,MB,europe-west1,gcp,download,/function/fit.000022.000025.txt,0.000286,46778105.0
9,gcp,europe-west1,768,MB,europe-west1,gcp,download,/function/fit.000023.000027.txt,0.00028,63729997.0
9,gcp,europe-west1,768,MB,europe-west1,gcp,download,/function/fit.000024.000029.txt,0.00029,44918574.0
9,gcp,europe-west1,768,MB,europe-west1,gcp,download,/function/fit.000024.000030.txt,0.000289,48305941.0
9,gcp,europe-west1,768,MB,europe-west1,gcp,download,/function/fit.000025.000026.txt,0.00029,61954679.0
9,gcp,europe-west1,768,MB,europe-west1,gcp,download,/function/fit.000025.000027.txt,0.000282,53806162.5
9,gcp,europe-west1,768,MB,europe-west1,gcp,download,/function/fit.000026.000027.txt,0.000283,65987143.5
9,gcp,europe-west1,768,MB,europe-west1,gcp,download,/function/fit.000026.000028.txt,0.00029,57989711.0
9,gcp,europe-west1,768,MB,europe-west1,gcp,download,/function/fit.000027.000028.txt,0.000278,55727401.5
9,gcp,europe-west1,768,MB,europe-west1,gcp,download,/function/fit.000029.000030.txt,0.000283,51119634.5
9,gcp,europe-west1,768,MB,europe-west1,gcp,download,/function/mConcatFit,0.048384,45181527.0
9,gcp,europe-west1,768,MB,europe-west1,gcp,download,/function/statfile.tbl,0.005863,50448782.0
9,gcp,europe-west1,768,MB,europe-west1,gcp,upload,/function/fits.tbl,0.029537,139352849.0
