order,function_provider,function_region,function_memory,function_memory_unit,storage_region,storage_provider,transfer_type,file_path,file_size_mb,transfer_time_ns
10,gcp,europe-west1,512,MB,europe-west1,gcp,download,/function/fits.tbl,0.029537,99177287.5
10,gcp,europe-west1,512,MB,europe-west1,gcp,download,/function/mBgModel,0.078616,306544262.0
10,gcp,europe-west1,512,MB,europe-west1,gcp,download,/function/pimages.tbl,0.00511,108049518.0
10,gcp,europe-west1,512,MB,europe-west1,gcp,upload,/function/corrections.tbl,0.001706,121045055.0
11,gcp,europe-west1,512,MB,europe-west1,gcp,download,/function/pimages.tbl,0.00511,303752055.5
11,gcp,europe-west1,512,MB,europe-west1,gcp,upload,/function/modpimages.tbl,0.00575,150266889.0
13,gcp,europe-west1,512,MB,europe-west1,gcp,download,/function/corrections.tbl,0.001706,57976719.5
13,gcp,europe-west1,512,MB,europe-west1,gcp,download,/function/mBackground,5.373736,344495691.5
13,gcp,europe-west1,512,MB,europe-west1,gcp,download,/function/modpimages.tbl,0.00575,61287781.5
13,gcp,europe-west1,512,MB,europe-west1,gcp,download,/function/p2mass-atlas-001020s-k0860033.fits,4.14432,239955910.0
13,gcp,europe-west1,512,MB,europe-west1,gcp,download,/function/p2mass-atlas-001020s-k0860033_area.fits,4.14432,249224182.5
13,gcp,europe-west1,512,MB,europe-west1,gcp,download,/function/p2mass-atlas-001020s-k0860044.fits,4.14432,221323456.0
13,gcp,europe-west1,512,MB,europe-west1,gcp,download,/function/p2mass-atlas-001020s-k0860044_area.fits,4.14432,823552630.0
13,gcp,europe-west1,512,MB,europe-west1,gcp,download,/function/p2mass-atlas-001020s-k0860056.fits,4.14432,689563112.0
13,gcp,europe-west1,512,MB,europe-west1,gcp,download,/function/p2mass-atlas-001020s-k0860056_area.fits,4.14432,247021988.5
13,gcp,europe-west1,512,MB,europe-west1,gcp,download,/function/p2mass-atlas-001020s-k0870221.fits,4.13568,239073511.5
13,gcp,europe-west1,512,MB,europe-west1,gcp,download,/function/p2mass-atlas-001020s-k0870221_area.fits,4.13568,183545893.0
13,gcp,europe-west1,512,MB,europe-west1,gcp,download,/function/p2mass-atlas-001020s-k0870233.fits,4.13568,620092860.0
13,gcp,europe-west1,512,MB,europe-west1,gcp,download,/function/p2mass-atlas-001020s-k0870233_area.fits,4.13568,277248453.5
13,gcp,europe-west1,512,MB,europe-west1,gcp,download,/function/p2mass-atlas-001020s-k0870245.fits,4.13568,262874077.0
13,gcp,europe-west1,512,MB,europe-west1,gcp,download,/function/p2mass-atlas-001020s-k0870245_area.fits,4.13568,283591907.5
13,gcp,europe-west1,512,MB,europe-west1,gcp,download,/function/p2mass-atlas-001021s-k0490221.fits,4.13568,232591048.5
13,gcp,europe-west1,512,MB,europe-west1,gcp,download,/function/p2mass-atlas-001021s-k0490221_area.fits,4.13568,251520798.5
13,gcp,europe-west1,512,MB,europe-west1,gcp,download,/function/p2mass-atlas-001021s-k0490233.fits,4.13568,323638507.5
13,gcp,europe-west1,512,MB,europe-west1,gcp,download,/function/p2mass-atlas-001021s-k0490233_area.fits,4.13568,727254444.0
13,gcp,europe-west1,512,MB,europe-west1,gcp,download,/function/p2mass-atlas-001021s-k0490245.fits,4.14432,294880337.0
13,gcp,europe-west1,512,MB,europe-west1,gcp,download,/function/p2mass-atlas-001021s-k0490245_area.fits,4.14432,765540823.0
13,gcp,europe-west1,512,MB,europe-west1,gcp,download,/function/p2mass-atlas-001021s-k0560033.fits,4.15296,699225616.5
13,gcp,europe-west1,512,MB,europe-west1,gcp,download,/function/p2mass-atlas-001021s-k0560033_area.fits,4.15296,262620063.0
13,gcp,europe-west1,512,MB,europe-west1,gcp,download,/function/p2mass-atlas-001021s-k0560044.fits,4.14432,201021587.0
13,gcp,europe-west1,512,MB,europe-west1,gcp,download,/function/p2mass-atlas-001021s-k0560044_area.fits,4.14432,167386292.0
13,gcp,europe-west1,512,MB,europe-west1,gcp,download,/function/p2mass-atlas-001021s-k0560056.fits,4.13568,263894744.0
13,gcp,europe-west1,512,MB,europe-west1,gcp,download,/function/p2mass-atlas-001021s-k0560056_area.fits,4.13568,175708331.5
13,gcp,europe-west1,512,MB,europe-west1,gcp,download,/function/p2mass-atlas-001021s-k0570221.fits,4.14432,278728794.5
13,gcp,europe-west1,512,MB,europe-west1,gcp,download,/function/p2mass-atlas-001021s-k0570221_area.fits,4.14432,289170456.0
13,gcp,europe-west1,512,MB,europe-west1,gcp,download,/function/p2mass-atlas-001021s-k0570233.fits,4.13568,315628882.0
13,gcp,europe-west1,512,MB,europe-west1,gcp,download,/function/p2mass-atlas-001021s-k0570233_area.fits,4.13568,263985538.0
13,gcp,europe-west1,512,MB,europe-west1,gcp,download,/function/p2mass-atlas-001021s-k0570245.fits,4.14432,339290333.0
13,gcp,europe-west1,512,MB,europe-west1,gcp,download,/function/p2mass-atlas-001021s-k0570245_area.fits,4.14432,242021210.0
13,gcp,europe-west1,512,MB,europe-west1,gcp,download,/function/p2mass-atlas-980914s-k0800033.fits,4.14432,230884383.5
13,gcp,europe-west1,512,MB,europe-west1,gcp,download,/function/p2mass-atlas-980914s-k0800033_area.fits,4.14432,249421073.5
13,gcp,europe-west1,512,MB,europe-west1,gcp,download,/function/p2mass-atlas-980914s-k0800044.fits,4.14432,293362649.5
13,gcp,europe-west1,512,MB,europe-west1,gcp,download,/function/p2mass-atlas-980914s-k0800044_area.fits,4.14432,315551115.5
13,gcp,europe-west1,512,MB,europe-west1,gcp,download,/function/p2mass-atlas-980914s-k0800056.fits,4.14432,290152654.0
13,gcp,europe-west1,512,MB,europe-west1,gcp,download,/function/p2mass-atlas-980914s-k0800056_area.fits,4.14432,227897427.5
13,gcp,europe-west1,512,MB,europe-west1,gcp,download,/function/p2mass-atlas-980914s-k0810221.fits,4.14432,232710387.0
13,gcp,europe-west1,512,MB,europe-west1,gcp,download,/function/p2mass-atlas-980914s-k0810221_area.fits,4.14432,325253573.0
13,gcp,europe-west1,512,MB,europe-west1,gcp,download,/function/p2mass-atlas-980914s-k0810233.fits,4.14432,252557640.5
13,gcp,europe-west1,512,MB,europe-west1,gcp,download,/function/p2mass-atlas-980914s-k0810233_area.fits,4.14432,286326548.0
13,gcp,europe-west1,512,MB,europe-west1,gcp,download,/function/p2mass-atlas-980914s-k0810245.fits,4.14432,407872413.0
13,gcp,europe-west1,512,MB,europe-west1,gcp,download,/function/p2mass-atlas-980914s-k0810245_area.fits,4.14432,466323881.0
13,gcp,europe-west1,512,MB,europe-west1,gcp,download,/function/p2mass-atlas-980914s-k0820033.fits,4.14432,269787329.5
13,gcp,europe-west1,512,MB,europe-west1,gcp,download,/function/p2mass-atlas-980914s-k0820033_area.fits,4.14432,254873656.0
13,gcp,europe-west1,512,MB,europe-west1,gcp,download,/function/p2mass-atlas-980914s-k0820044.fits,4.14432,217035722.0
13,gcp,europe-west1,512,MB,europe-west1,gcp,download,/function/p2mass-atlas-980914s-k0820044_area.fits,4.14432,245168995.5
13,gcp,europe-west1,512,MB,europe-west1,gcp,download,/function/p2mass-atlas-980914s-k0820056.fits,4.13568,298232435.5
13,gcp,europe-west1,512,MB,europe-west1,gcp,download,/function/p2mass-atlas-980914s-k0820056_area.fits,4.13568,284425315.0
13,gcp,europe-west1,512,MB,europe-west1,gcp,download,/function/p2mass-atlas-980914s-k0830221.fits,4.14432,258548024.0
13,gcp,europe-west1,512,MB,europe-west1,gcp,download,/function/p2mass-atlas-980914s-k0830221_area.fits,4.14432,294812335.5
13,gcp,europe-west1,512,MB,europe-west1,gcp,download,/function/p2mass-atlas-980914s-k0830233.fits,4.14432,522163755.5
13,gcp,europe-west1,512,MB,europe-west1,gcp,download,/function/p2mass-atlas-980914s-k0830233_area.fits,4.14432,338461772.5
13,gcp,europe-west1,512,MB,europe-west1,gcp,download,/function/p2mass-atlas-980914s-k0830245.fits,4.14432,309117893.5
13,gcp,europe-west1,512,MB,europe-west1,gcp,download,/function/p2mass-atlas-980914s-k0830245_area.fits,4.14432,245840028.0
13,gcp,europe-west1,512,MB,europe-west1,gcp,download,/function/p2mass-atlas-980914s-k0840033.fits,4.14432,375354303.0
13,gcp,europe-west1,512,MB,europe-west1,gcp,download,/function/p2mass-atlas-980914s-k0840033_area.fits,4.14432,331169538.5
13,gcp,europe-west1,512,MB,europe-west1,gcp,download,/function/p2mass-atlas-980914s-k0840044.fits,4.14432,422983077.5
13,gcp,europe-west1,512,MB,europe-west1,gcp,download,/function/p2mass-atlas-980914s-k0840044_area.fits,4.14432,302387501.5
13,gcp,europe-west1,512,MB,europe-west1,gcp,download,/function/p2mass-atlas-980914s-k0840056.fits,4.14432,303297300.5
13,gcp,europe-west1,512,MB,europe-west1,gcp,download,/function/p2mass-atlas-980914s-k0840056_area.fits,4.14432,452356856.5
13,gcp,europe-west1,512,MB,europe-west1,gcp,upload,/function/corrected/p2mass-atlas-001020s-k0860033_corrected.fits,4.14432,2063899144.0
13,gcp,europe-west1,512,MB,europe-west1,gcp,upload,/function/corrected/p2mass-atlas-001020s-k0860033_corrected_area.fits,4.14432,350554654.0
13,gcp,europe-west1,512,MB,europe-west1,gcp,upload,/function/corrected/p2mass-atlas-001020s-k0860044_corrected.fits,4.14432,2252250828.5
13,gcp,europe-west1,512,MB,europe-west1,gcp,upload,/function/corrected/p2mass-atlas-001020s-k0860044_corrected_area.fits,4.14432,259503176.0
13,gcp,europe-west1,512,MB,europe-west1,gcp,upload,/function/corrected/p2mass-atlas-001020s-k0860056_corrected.fits,4.14432,3031509828.0
13,gcp,europe-west1,512,MB,europe-west1,gcp,upload,/function/corrected/p2mass-atlas-001020s-k0860056_corrected_area.fits,4.14432,223529396.5
13,gcp,europe-west1,512,MB,europe-west1,gcp,upload,/function/corrected/p2mass-atlas-001020s-k0870221_corrected.fits,4.13568,2086077950.5
13,gcp,europe-west1,512,MB,europe-west1,gcp,upload,/function/corrected/p2mass-atlas-001020s-k0870221_corrected_area.fits,4.13568,246678535.5
13,gcp,europe-west1,512,MB,europe-west1,gcp,upload,/function/corrected/p2mass-atlas-001020s-k0870233_corrected.fits,4.13568,2977193827.0
13,gcp,europe-west1,512,MB,europe-west1,gcp,upload,/function/corrected/p2mass-atlas-001020s-k0870233_corrected_area.fits,4.13568,510906591.0
13,gcp,europe-west1,512,MB,europe-west1,gcp,upload,/function/corrected/p2mass-atlas-001020s-k0870245_corrected.fits,4.13568,3028168908.0
13,gcp,europe-west1,512,MB,europe-west1,gcp,upload,/function/corrected/p2mass-atlas-001020s-k0870245_corrected_area.fits,4.13568,507636772.5
13,gcp,europe-west1,512,MB,europe-west1,gcp,upload,/function/corrected/p2mass-atlas-001021s-k0490221_corrected.fits,4.13568,2281855268.0
13,gcp,europe-west1,512,MB,europe-west1,gcp,upload,/function/corrected/p2mass-atlas-001021s-k0490221_corrected_area.fits,4.13568,378256657.0
13,gcp,europe-west1,512,MB,europe-west1,gcp,upload,/function/corrected/p2mass-atlas-001021s-k0490233_corrected.fits,4.13568,3043850845.5
13,gcp,europe-west1,512,MB,europe-west1,gcp,upload,/function/corrected/p2mass-atlas-001021s-k0490233_corrected_area.fits,4.13568,450841306.0
13,gcp,europe-west1,512,MB,europe-west1,gcp,upload,/function/corrected/p2mass-atlas-001021s-k0490245_corrected.fits,4.14432,3113701548.0
13,gcp,europe-west1,512,MB,europe-west1,gcp,upload,/function/corrected/p2mass-atlas-001021s-k0490245_corrected_area.fits,4.14432,401129236.0
13,gcp,europe-west1,512,MB,europe-west1,gcp,upload,/function/corrected/p2mass-atlas-001021s-k0560033_corrected.fits,4.15296,2103417387.5
13,gcp,europe-west1,512,MB,europe-west1,gcp,upload,/function/corrected/p2mass-atlas-001021s-k0560033_corrected_area.fits,4.15296,502201280.0
13,gcp,europe-west1,512,MB,europe-west1,gcp,upload,/function/corrected/p2mass-atlas-001021s-k0560044_corrected.fits,4.14432,2752428813.0
13,gcp,europe-west1,512,MB,europe-west1,gcp,upload,/function/corrected/p2mass-atlas-001021s-k0560044_corrected_area.fits,4.14432,390283948.5
13,gcp,europe-west1,512,MB,europe-west1,gcp,upload,/function/corrected/p2mass-atlas-001021s-k0560056_corrected.fits,4.13568,2941727913.0
13,gcp,europe-west1,512,MB,europe-west1,gcp,upload,/function/corrected/p2mass-atlas-001021s-k0560056_corrected_area.fits,4.13568,565569662.0
13,gcp,europe-west1,512,MB,europe-west1,gcp,upload,/function/corrected/p2mass-atlas-001021s-k0570221_corrected.fits,4.14432,3024536827.5
13,gcp,europe-west1,512,MB,europe-west1,gcp,upload,/function/corrected/p2mass-atlas-001021s-k0570221_corrected_area.fits,4.14432,509197954.5
13,gcp,europe-west1,512,MB,europe-west1,gcp,upload,/function/corrected/p2mass-atlas-001021s-k0570233_corrected.fits,4.13568,3121207996.5
13,gcp,europe-west1,512,MB,europe-west1,gcp,upload,/function/corrected/p2mass-atlas-001021s-k0570233_corrected_area.fits,4.13568,510806337.5
13,gcp,europe-west1,512,MB,europe-west1,gcp,upload,/function/corrected/p2mass-atlas-001021s-k0570245_corrected.fits,4.14432,3620821298.0
13,gcp,europe-west1,512,MB,europe-west1,gcp,upload,/function/corrected/p2mass-atlas-001021s-k0570245_corrected_area.fits,4.14432,617232007.5
13,gcp,europe-west1,512,MB,europe-west1,gcp,upload,/function/corrected/p2mass-atlas-980914s-k0800033_corrected.fits,4.14432,3485986612.5
13,gcp,europe-west1,512,MB,europe-west1,gcp,upload,/function/corrected/p2mass-atlas-980914s-k0800033_corrected_area.fits,4.14432,460198598.0
13,gcp,europe-west1,512,MB,europe-west1,gcp,upload,/function/corrected/p2mass-atlas-980914s-k0800044_corrected.fits,4.14432,3305493445.0
13,gcp,europe-west1,512,MB,europe-west1,gcp,upload,/function/corrected/p2mass-atlas-980914s-k0800044_corrected_area.fits,4.14432,472885413.0
13,gcp,europe-west1,512,MB,europe-west1,gcp,upload,/function/corrected/p2mass-atlas-980914s-k0800056_corrected.fits,4.14432,3202788107.5
13,gcp,europe-west1,512,MB,europe-west1,gcp,upload,/function/corrected/p2mass-atlas-980914s-k0800056_corrected_area.fits,4.14432,468703122.5
13,gcp,europe-west1,512,MB,europe-west1,gcp,upload,/function/corrected/p2mass-atlas-980914s-k0810221_corrected.fits,4.14432,3138194984.5
13,gcp,europe-west1,512,MB,europe-west1,gcp,upload,/function/corrected/p2mass-atlas-980914s-k0810221_corrected_area.fits,4.14432,396067422.5
13,gcp,europe-west1,512,MB,europe-west1,gcp,upload,/function/corrected/p2mass-atlas-980914s-k0810233_corrected.fits,4.14432,3227336512.0
13,gcp,europe-west1,512,MB,europe-west1,gcp,upload,/function/corrected/p2mass-atlas-980914s-k0810233_corrected_area.fits,4.14432,387017024.5
13,gcp,europe-west1,512,MB,europe-west1,gcp,upload,/function/corrected/p2mass-atlas-980914s-k0810245_corrected.fits,4.14432,3949967614.0
13,gcp,europe-west1,512,MB,europe-west1,gcp,upload,/function/corrected/p2mass-atlas-980914s-k0810245_corrected_area.fits,4.14432,572141221.0
13,gcp,europe-west1,512,MB,europe-west1,gcp,upload,/function/corrected/p2mass-atlas-980914s-k0820033_corrected.fits,4.14432,3110673200.0
13,gcp,europe-west1,512,MB,europe-west1,gcp,upload,/function/corrected/p2mass-atlas-980914s-k0820033_corrected_area.fits,4.14432,312592463.0
13,gcp,europe-west1,512,MB,europe-west1,gcp,upload,/function/corrected/p2mass-atlas-980914s-k0820044_corrected.fits,4.14432,3726765416.5
13,gcp,europe-west1,512,MB,europe-west1,gcp,upload,/function/corrected/p2mass-atlas-980914s-k0820044_corrected_area.fits,4.14432,306195600.5
13,gcp,europe-west1,512,MB,europe-west1,gcp,upload,/function/corrected/p2mass-atlas-980914s-k0820056_corrected.fits,4.13568,3579484068.0
13,gcp,europe-west1,512,MB,europe-west1,gcp,upload,/function/corrected/p2mass-atlas-980914s-k0820056_corrected_area.fits,4.13568,295761535.0
13,gcp,europe-west1,512,MB,europe-west1,gcp,upload,/function/corrected/p2mass-atlas-980914s-k0830221_corrected.fits,4.14432,3395530338.0
13,gcp,europe-west1,512,MB,europe-west1,gcp,upload,/function/corrected/p2mass-atlas-980914s-k0830221_corrected_area.fits,4.14432,301869197.5
13,gcp,europe-west1,512,MB,europe-west1,gcp,upload,/function/corrected/p2mass-atlas-980914s-k0830233_corrected.fits,4.14432,3423246683.5
13,gcp,europe-west1,512,MB,europe-west1,gcp,upload,/function/corrected/p2mass-atlas-980914s-k0830233_corrected_area.fits,4.14432,300899534.0
13,gcp,europe-west1,512,MB,europe-west1,gcp,upload,/function/corrected/p2mass-atlas-980914s-k0830245_corrected.fits,4.14432,3175601320.0
13,gcp,europe-west1,512,MB,europe-west1,gcp,upload,/function/corrected/p2mass-atlas-980914s-k0830245_corrected_area.fits,4.14432,323095473.5
13,gcp,europe-west1,512,MB,europe-west1,gcp,upload,/function/corrected/p2mass-atlas-980914s-k0840033_corrected.fits,4.14432,3467082514.0
13,gcp,europe-west1,512,MB,europe-west1,gcp,upload,/function/corrected/p2mass-atlas-980914s-k0840033_corrected_area.fits,4.14432,451515541.0
13,gcp,europe-west1,512,MB,europe-west1,gcp,upload,/function/corrected/p2mass-atlas-980914s-k0840044_corrected.fits,4.14432,3382290998.0
13,gcp,europe-west1,512,MB,europe-west1,gcp,upload,/function/corrected/p2mass-atlas-980914s-k0840044_corrected_area.fits,4.14432,506904058.0
13,gcp,europe-west1,512,MB,europe-west1,gcp,upload,/function/corrected/p2mass-atlas-980914s-k0840056_corrected.fits,4.14432,3367171007.5
13,gcp,europe-west1,512,MB,europe-west1,gcp,upload,/function/corrected/p2mass-atlas-980914s-k0840056_corrected_area.fits,4.14432,416347020.0
14,gcp,europe-west1,512,MB,europe-west1,gcp,download,/function/cimages.tbl,0.00511,86806920.5
14,gcp,europe-west1,512,MB,europe-west1,gcp,download,/function/corrected/p2mass-atlas-001020s-k0860033_corrected.fits,4.14432,219925156.0
14,gcp,europe-west1,512,MB,europe-west1,gcp,download,/function/corrected/p2mass-atlas-001020s-k0860044_corrected.fits,4.14432,250080011.0
14,gcp,europe-west1,512,MB,europe-west1,gcp,download,/function/corrected/p2mass-atlas-001020s-k0860056_corrected.fits,4.14432,218068377.5
14,gcp,europe-west1,512,MB,europe-west1,gcp,download,/function/corrected/p2mass-atlas-001020s-k0870221_corrected.fits,4.13568,291788307.0
14,gcp,europe-west1,512,MB,europe-west1,gcp,download,/function/corrected/p2mass-atlas-001020s-k0870233_corrected.fits,4.13568,205003557.5
14,gcp,europe-west1,512,MB,europe-west1,gcp,download,/function/corrected/p2mass-atlas-001020s-k0870245_corrected.fits,4.13568,217164828.0
14,gcp,europe-west1,512,MB,europe-west1,gcp,download,/function/corrected/p2mass-atlas-001021s-k0490221_corrected.fits,4.13568,246973994.5
14,gcp,europe-west1,512,MB,europe-west1,gcp,download,/function/corrected/p2mass-atlas-001021s-k0490233_corrected.fits,4.13568,295118326.5
14,gcp,europe-west1,512,MB,europe-west1,gcp,download,/function/corrected/p2mass-atlas-001021s-k0490245_corrected.fits,4.14432,231772554.5
14,gcp,europe-west1,512,MB,europe-west1,gcp,download,/function/corrected/p2mass-atlas-001021s-k0560033_corrected.fits,4.15296,217609677.5
14,gcp,europe-west1,512,MB,europe-west1,gcp,download,/function/corrected/p2mass-atlas-001021s-k0560044_corrected.fits,4.14432,282001470.0
14,gcp,europe-west1,512,MB,europe-west1,gcp,download,/function/corrected/p2mass-atlas-001021s-k0560056_corrected.fits,4.13568,211685958.0
14,gcp,europe-west1,512,MB,europe-west1,gcp,download,/function/corrected/p2mass-atlas-001021s-k0570221_corrected.fits,4.14432,287016730.5
14,gcp,europe-west1,512,MB,europe-west1,gcp,download,/function/corrected/p2mass-atlas-001021s-k0570233_corrected.fits,4.13568,302402849.5
14,gcp,europe-west1,512,MB,europe-west1,gcp,download,/function/corrected/p2mass-atlas-001021s-k0570245_corrected.fits,4.14432,289298358.0
14,gcp,europe-west1,512,MB,europe-west1,gcp,download,/function/corrected/p2mass-atlas-980914s-k0800033_corrected.fits,4.14432,287399709.5
14,gcp,europe-west1,512,MB,europe-west1,gcp,download,/function/corrected/p2mass-atlas-980914s-k0800044_corrected.fits,4.14432,222658198.0
14,gcp,europe-west1,512,MB,europe-west1,gcp,download,/function/corrected/p2mass-atlas-980914s-k0800056_corrected.fits,4.14432,294663269.0
14,gcp,europe-west1,512,MB,europe-west1,gcp,download,/function/corrected/p2mass-atlas-980914s-k0810221_corrected.fits,4.14432,287125952.5
14,gcp,europe-west1,512,MB,europe-west1,gcp,download,/function/corrected/p2mass-atlas-980914s-k0810233_corrected.fits,4.14432,289990358.5
14,gcp,europe-west1,512,MB,europe-west1,gcp,download,/function/corrected/p2mass-atlas-980914s-k0810245_corrected.fits,4.14432,257821370.5
14,gcp,europe-west1,512,MB,europe-west1,gcp,download,/function/corrected/p2mass-atlas-980914s-k0820033_corrected.fits,4.14432,280863159.0
14,gcp,europe-west1,512,MB,europe-west1,gcp,download,/function/corrected/p2mass-atlas-980914s-k0820044_corrected.fits,4.14432,282927171.5
14,gcp,europe-west1,512,MB,europe-west1,gcp,download,/function/corrected/p2mass-atlas-980914s-k0820056_corrected.fits,4.13568,212577225.0
14,gcp,europe-west1,512,MB,europe-west1,gcp,download,/function/corrected/p2mass-atlas-980914s-k0830221_corrected.fits,4.14432,244520096.5
14,gcp,europe-west1,512,MB,europe-west1,gcp,download,/function/corrected/p2mass-atlas-980914s-k0830233_corrected.fits,4.14432,251996972.0
14,gcp,europe-west1,512,MB,europe-west1,gcp,download,/function/corrected/p2mass-atlas-980914s-k0830245_corrected.fits,4.14432,264617466.0
14,gcp,europe-west1,512,MB,europe-west1,gcp,download,/function/corrected/p2mass-atlas-980914s-k0840033_corrected.fits,4.14432,245961198.5
14,gcp,europe-west1,512,MB,europe-west1,gcp,download,/function/corrected/p2mass-atlas-980914s-k0840044_corrected.fits,4.14432,570287106.0
14,gcp,europe-west1,512,MB,europe-west1,gcp,download,/function/corrected/p2mass-atlas-980914s-k0840056_corrected.fits,4.14432,289124988.0
14,gcp,europe-west1,512,MB,europe-west1,gcp,download,/function/mImgtbl,5.496352,294833276.0
14,gcp,europe-west1,512,MB,europe-west1,gcp,upload,/function/cimages.tbl,0.015252,120314110.0
16,gcp,europe-west1,512,MB,europe-west1,gcp,download,/function/mShrink,5.374048,294907397.0
16,gcp,europe-west1,512,MB,europe-west1,gcp,download,/function/mosaic.fits,57.21408,2811185090.0
16,gcp,europe-west1,512,MB,europe-west1,gcp,upload,/function/mosaic_shrinked.fits,25.42176,18344381109.5
17,gcp,europe-west1,512,MB,europe-west1,gcp,download,/function/mViewer,6.537816,692324417.0
17,gcp,europe-west1,512,MB,europe-west1,gcp,download,/function/mosaic_shrinked.fits,25.42176,1100581160.5
17,gcp,europe-west1,512,MB,europe-west1,gcp,upload,/function/final.png,2.387093,958783118.0
2,gcp,europe-west1,512,MB,europe-west1,gcp,download,/function/input/2mass-atlas-001020s-k0860033.fits,1.430932,108736425.5
2,gcp,europe-west1,512,MB,europe-west1,gcp,download,/function/input/2mass-atlas-001020s-k0860044.fits,1.431122,152069398.0
2,gcp,europe-west1,512,MB,europe-west1,gcp,download,/function/input/2mass-atlas-001020s-k0860056.fits,1.431548,910415715.5
2,gcp,europe-west1,512,MB,europe-west1,gcp,download,/function/input/2mass-atlas-001020s-k0870221.fits,1.415237,94324774.0
2,gcp,europe-west1,512,MB,europe-west1,gcp,download,/function/input/2mass-atlas-001020s-k0870233.fits,1.417782,141072499.5
2,gcp,europe-west1,512,MB,europe-west1,gcp,download,/function/input/2mass-atlas-001020s-k0870245.fits,1.428497,608925066.0
2,gcp,europe-west1,512,MB,europe-west1,gcp,download,/function/input/2mass-atlas-001021s-k0490221.fits,1.474539,99625449.5
2,gcp,europe-west1,512,MB,europe-west1,gcp,download,/function/input/2mass-atlas-001021s-k0490233.fits,1.473388,108694374.5
2,gcp,europe-west1,512,MB,europe-west1,gcp,download,/function/input/2mass-atlas-001021s-k0490245.fits,1.475153,897623793.5
2,gcp,europe-west1,512,MB,europe-west1,gcp,download,/function/input/2mass-atlas-001021s-k0560033.fits,1.475337,126284873.0
2,gcp,europe-west1,512,MB,europe-west1,gcp,download,/function/input/2mass-atlas-001021s-k0560044.fits,1.475774,86896101.5
2,gcp,europe-west1,512,MB,europe-west1,gcp,download,/function/input/2mass-atlas-001021s-k0560056.fits,1.477972,115021402.0
2,gcp,europe-west1,512,MB,europe-west1,gcp,download,/function/input/2mass-atlas-001021s-k0570221.fits,1.474794,90222289.5
2,gcp,europe-west1,512,MB,europe-west1,gcp,download,/function/input/2mass-atlas-001021s-k0570233.fits,1.472843,206810481.0
2,gcp,europe-west1,512,MB,europe-west1,gcp,download,/function/input/2mass-atlas-001021s-k0570245.fits,1.474299,165101983.0
2,gcp,europe-west1,512,MB,europe-west1,gcp,download,/function/input/2mass-atlas-980914s-k0800033.fits,1.466856,120113281.0
2,gcp,europe-west1,512,MB,europe-west1,gcp,download,/function/input/2mass-atlas-980914s-k0800044.fits,1.46705,205054349.5
2,gcp,europe-west1,512,MB,europe-west1,gcp,download,/function/input/2mass-atlas-980914s-k0800056.fits,1.467462,108661469.0
2,gcp,europe-west1,512,MB,europe-west1,gcp,download,/function/input/2mass-atlas-980914s-k0810221.fits,1.467205,140306246.5
2,gcp,europe-west1,512,MB,europe-west1,gcp,download,/function/input/2mass-atlas-980914s-k0810233.fits,1.468091,159251775.5
2,gcp,europe-west1,512,MB,europe-west1,gcp,download,/function/input/2mass-atlas-980914s-k0810245.fits,1.468524,100003917.0
2,gcp,europe-west1,512,MB,europe-west1,gcp,download,/function/input/2mass-atlas-980914s-k0820033.fits,1.468069,208976591.0
2,gcp,europe-west1,512,MB,europe-west1,gcp,download,/function/input/2mass-atlas-980914s-k0820044.fits,1.465354,105144364.5
2,gcp,europe-west1,512,MB,europe-west1,gcp,download,/function/input/2mass-atlas-980914s-k0820056.fits,1.467195,121587504.0
2,gcp,europe-west1,512,MB,europe-west1,gcp,download,/function/input/2mass-atlas-980914s-k0830221.fits,1.471563,106066041.5
2,gcp,europe-west1,512,MB,europe-west1,gcp,download,/function/input/2mass-atlas-980914s-k0830233.fits,1.468954,104335452.5
2,gcp,europe-west1,512,MB,europe-west1,gcp,download,/function/input/2mass-atlas-980914s-k0830245.fits,1.46679,223290373.5
2,gcp,europe-west1,512,MB,europe-west1,gcp,download,/function/input/2mass-atlas-980914s-k0840033.fits,1.467584,182257813.5
2,gcp,europe-west1,512,MB,europe-west1,gcp,download,/function/input/2mass-atlas-980914s-k0840044.fits,1.466204,124098625.5
2,gcp,europe-west1,512,MB,europe-west1,gcp,download,/function/input/2mass-atlas-980914s-k0840056.fits,1.46731,178342958.5
2,gcp,europe-west1,512,MB,europe-west1,gcp,download,/function/mProjectPP,5.457288,386992762.5
2,gcp,europe-west1,512,MB,europe-west1,gcp,download,/function/region.hdr,0.000277,68489876.0
2,gcp,europe-west1,512,MB,europe-west1,gcp,upload,/function/p2mass-atlas-001020s-k0860033.fits,4.14432,3272819125.5
2,gcp,europe-west1,512,MB,europe-west1,gcp,upload,/function/p2mass-atlas-001020s-k0860033_area.fits,4.14432,396644542.5
2,gcp,europe-west1,512,MB,europe-west1,gcp,upload,/function/p2mass-atlas-001020s-k0860044.fits,4.14432,3428333146.0
2,gcp,europe-west1,512,MB,europe-west1,gcp,upload,/function/p2mass-atlas-001020s-k0860044_area.fits,4.14432,389545431.0
2,gcp,europe-west1,512,MB,europe-west1,gcp,upload,/function/p2mass-atlas-001020s-k0860056.fits,4.14432,1359389098.5
2,gcp,europe-west1,512,MB,europe-west1,gcp,upload,/function/p2mass-atlas-001020s-k0860056_area.fits,4.14432,178328744.0
2,gcp,europe-west1,512,MB,europe-west1,gcp,upload,/function/p2mass-atlas-001020s-k0870221.fits,4.13568,2350931875.0
2,gcp,europe-west1,512,MB,europe-west1,gcp,upload,/function/p2mass-atlas-001020s-k0870221_area.fits,4.13568,399616197.5
2,gcp,europe-west1,512,MB,europe-west1,gcp,upload,/function/p2mass-atlas-001020s-k0870233.fits,4.13568,3426655291.0
2,gcp,europe-west1,512,MB,europe-west1,gcp,upload,/function/p2mass-atlas-001020s-k0870233_area.fits,4.13568,556297748.0
2,gcp,europe-west1,512,MB,europe-west1,gcp,upload,/function/p2mass-atlas-001020s-k0870245.fits,4.13568,2910534767.5
2,gcp,europe-west1,512,MB,europe-west1,gcp,upload,/function/p2mass-atlas-001020s-k0870245_area.fits,4.13568,455124574.0
2,gcp,europe-west1,512,MB,europe-west1,gcp,upload,/function/p2mass-atlas-001021s-k0490221.fits,4.13568,2103300268.5
2,gcp,europe-west1,512,MB,europe-west1,gcp,upload,/function/p2mass-atlas-001021s-k0490221_area.fits,4.13568,287737230.5
2,gcp,europe-west1,512,MB,europe-west1,gcp,upload,/function/p2mass-atlas-001021s-k0490233.fits,4.13568,3395625573.0
2,gcp,europe-west1,512,MB,europe-west1,gcp,upload,/function/p2mass-atlas-001021s-k0490233_area.fits,4.13568,498887121.5
2,gcp,europe-west1,512,MB,europe-west1,gcp,upload,/function/p2mass-atlas-001021s-k0490245.fits,4.14432,1244599098.0
2,gcp,europe-west1,512,MB,europe-west1,gcp,upload,/function/p2mass-atlas-001021s-k0490245_area.fits,4.14432,330236337.0
2,gcp,europe-west1,512,MB,europe-west1,gcp,upload,/function/p2mass-atlas-001021s-k0560033.fits,4.15296,3016345475.0
2,gcp,europe-west1,512,MB,europe-west1,gcp,upload,/function/p2mass-atlas-001021s-k0560033_area.fits,4.15296,510998024.0
2,gcp,europe-west1,512,MB,europe-west1,gcp,upload,/function/p2mass-atlas-001021s-k0560044.fits,4.14432,1141076834.5
2,gcp,europe-west1,512,MB,europe-west1,gcp,upload,/function/p2mass-atlas-001021s-k0560044_area.fits,4.14432,253013987.5
2,gcp,europe-west1,512,MB,europe-west1,gcp,upload,/function/p2mass-atlas-001021s-k0560056.fits,4.13568,1144280941.5
2,gcp,europe-west1,512,MB,europe-west1,gcp,upload,/function/p2mass-atlas-001021s-k0560056_area.fits,4.13568,235739606.5
2,gcp,europe-west1,512,MB,europe-west1,gcp,upload,/function/p2mass-atlas-001021s-k0570221.fits,4.14432,1127791557.5
2,gcp,europe-west1,512,MB,europe-west1,gcp,upload,/function/p2mass-atlas-001021s-k0570221_area.fits,4.14432,231334887.5
2,gcp,europe-west1,512,MB,europe-west1,gcp,upload,/function/p2mass-atlas-001021s-k0570233.fits,4.13568,3231182075.5
2,gcp,europe-west1,512,MB,europe-west1,gcp,upload,/function/p2mass-atlas-001021s-k0570233_area.fits,4.13568,561996217.5
2,gcp,europe-west1,512,MB,europe-west1,gcp,upload,/function/p2mass-atlas-001021s-k0570245.fits,4.14432,3267666083.0
2,gcp,europe-west1,512,MB,europe-west1,gcp,upload,/function/p2mass-atlas-001021s-k0570245_area.fits,4.14432,451344237.5
2,gcp,europe-west1,512,MB,europe-west1,gcp,upload,/function/p2mass-atlas-980914s-k0800033.fits,4.14432,3249346325.0
2,gcp,europe-west1,512,MB,europe-west1,gcp,upload,/function/p2mass-atlas-980914s-k0800033_area.fits,4.14432,383214709.5
2,gcp,europe-west1,512,MB,europe-west1,gcp,upload,/function/p2mass-atlas-980914s-k0800044.fits,4.14432,3403856566.0
2,gcp,europe-west1,512,MB,europe-west1,gcp,upload,/function/p2mass-atlas-980914s-k0800044_area.fits,4.14432,429194884.0
2,gcp,europe-west1,512,MB,europe-west1,gcp,upload,/function/p2mass-atlas-980914s-k0800056.fits,4.14432,3361212734.0
2,gcp,europe-west1,512,MB,europe-west1,gcp,upload,/function/p2mass-atlas-980914s-k0800056_area.fits,4.14432,402751513.0
2,gcp,europe-west1,512,MB,europe-west1,gcp,upload,/function/p2mass-atlas-980914s-k0810221.fits,4.14432,3710740607.0
2,gcp,europe-west1,512,MB,europe-west1,gcp,upload,/function/p2mass-atlas-980914s-k0810221_area.fits,4.14432,295208405.5
2,gcp,europe-west1,512,MB,europe-west1,gcp,upload,/function/p2mass-atlas-980914s-k0810233.fits,4.14432,3746393148.5
2,gcp,europe-west1,512,MB,europe-west1,gcp,upload,/function/p2mass-atlas-980914s-k0810233_area.fits,4.14432,346050721.0
2,gcp,europe-west1,512,MB,europe-west1,gcp,upload,/function/p2mass-atlas-980914s-k0810245.fits,4.14432,4139254785.5
2,gcp,europe-west1,512,MB,europe-west1,gcp,upload,/function/p2mass-atlas-980914s-k0810245_area.fits,4.14432,469307031.5
2,gcp,europe-west1,512,MB,europe-west1,gcp,upload,/function/p2mass-atlas-980914s-k0820033.fits,4.14432,3803621674.5
2,gcp,europe-west1,512,MB,europe-west1,gcp,upload,/function/p2mass-atlas-980914s-k0820033_area.fits,4.14432,369876863.5
2,gcp,europe-west1,512,MB,europe-west1,gcp,upload,/function/p2mass-atlas-980914s-k0820044.fits,4.14432,4195127012.0
2,gcp,europe-west1,512,MB,europe-west1,gcp,upload,/function/p2mass-atlas-980914s-k0820044_area.fits,4.14432,298413256.0
2,gcp,europe-west1,512,MB,europe-west1,gcp,upload,/function/p2mass-atlas-980914s-k0820056.fits,4.13568,3384188110.0
2,gcp,europe-west1,512,MB,europe-west1,gcp,upload,/function/p2mass-atlas-980914s-k0820056_area.fits,4.13568,315871812.0
2,gcp,europe-west1,512,MB,europe-west1,gcp,upload,/function/p2mass-atlas-980914s-k0830221.fits,4.14432,3446850763.5
2,gcp,europe-west1,512,MB,europe-west1,gcp,upload,/function/p2mass-atlas-980914s-k0830221_area.fits,4.14432,233635609.5
2,gcp,europe-west1,512,MB,europe-west1,gcp,upload,/function/p2mass-atlas-980914s-k0830233.fits,4.14432,3410432085.5
2,gcp,europe-west1,512,MB,europe-west1,gcp,upload,/function/p2mass-atlas-980914s-k0830233_area.fits,4.14432,341547261.0
2,gcp,europe-west1,512,MB,europe-west1,gcp,upload,/function/p2mass-atlas-980914s-k0830245.fits,4.14432,3382605443.5
2,gcp,europe-west1,512,MB,europe-west1,gcp,upload,/function/p2mass-atlas-980914s-k0830245_area.fits,4.14432,325074253.5
2,gcp,europe-west1,512,MB,europe-west1,gcp,upload,/function/p2mass-atlas-980914s-k0840033.fits,4.14432,3298711636.0
2,gcp,europe-west1,512,MB,europe-west1,gcp,upload,/function/p2mass-atlas-980914s-k0840033_area.fits,4.14432,386046030.5
2,gcp,europe-west1,512,MB,europe-west1,gcp,upload,/function/p2mass-atlas-980914s-k0840044.fits,4.14432,2964470741.0
2,gcp,europe-west1,512,MB,europe-west1,gcp,upload,/function/p2mass-atlas-980914s-k0840044_area.fits,4.14432,406401468.0
2,gcp,europe-west1,512,MB,europe-west1,gcp,upload,/function/p2mass-atlas-980914s-k0840056.fits,4.14432,2912627679.5
2,gcp,europe-west1,512,MB,europe-west1,gcp,upload,/function/p2mass-atlas-980914s-k0840056_area.fits,4.14432,498195849.0
3,gcp,europe-west1,512,MB,europe-west1,gcp,download,/function/input.imglist,0.001123,56229690.0
3,gcp,europe-west1,512,MB,europe-west1,gcp,download,/function/input/2mass-atlas-001020s-k0860033.fits,1.430932,114959698.5
3,gcp,europe-west1,512,MB,europe-west1,gcp,download,/function/input/2mass-atlas-001020s-k0860044.fits,1.431122,105682481.5
3,gcp,europe-west1,512,MB,europe-west1,gcp,download,/function/input/2mass-atlas-001020s-k0860056.fits,1.431548,98383212.5
3,gcp,europe-west1,512,MB,europe-west1,gcp,download,/function/input/2mass-atlas-001020s-k0870221.fits,1.415237,141025087.0
3,gcp,europe-west1,512,MB,europe-west1,gcp,download,/function/input/2mass-atlas-001020s-k0870233.fits,1.417782,388981062.0
3,gcp,europe-west1,512,MB,europe-west1,gcp,download,/function/input/2mass-atlas-001020s-k0870245.fits,1.428497,105594483.0
3,gcp,europe-west1,512,MB,europe-west1,gcp,download,/function/input/2mass-atlas-001021s-k0490221.fits,1.474539,143192444.0
3,gcp,europe-west1,512,MB,europe-west1,gcp,download,/function/input/2mass-atlas-001021s-k0490233.fits,1.473388,102869430.5
3,gcp,europe-west1,512,MB,europe-west1,gcp,download,/function/input/2mass-atlas-001021s-k0490245.fits,1.475153,113765179.0
3,gcp,europe-west1,512,MB,europe-west1,gcp,download,/function/input/2mass-atlas-001021s-k0560033.fits,1.475337,165147010.5
3,gcp,europe-west1,512,MB,europe-west1,gcp,download,/function/input/2mass-atlas-001021s-k0560044.fits,1.475774,98435038.5
3,gcp,europe-west1,512,MB,europe-west1,gcp,download,/function/input/2mass-atlas-001021s-k0560056.fits,1.477972,97767080.5
3,gcp,europe-west1,512,MB,europe-west1,gcp,download,/function/input/2mass-atlas-001021s-k0570221.fits,1.474794,113973573.0
3,gcp,europe-west1,512,MB,europe-west1,gcp,download,/function/input/2mass-atlas-001021s-k0570233.fits,1.472843,94092768.0
3,gcp,europe-west1,512,MB,europe-west1,gcp,download,/function/input/2mass-atlas-001021s-k0570245.fits,1.474299,99734561.0
3,gcp,europe-west1,512,MB,europe-west1,gcp,download,/function/input/2mass-atlas-980914s-k0800033.fits,1.466856,100090343.5
3,gcp,europe-west1,512,MB,europe-west1,gcp,download,/function/input/2mass-atlas-980914s-k0800044.fits,1.46705,100336416.5
3,gcp,europe-west1,512,MB,europe-west1,gcp,download,/function/input/2mass-atlas-980914s-k0800056.fits,1.467462,94176978.5
3,gcp,europe-west1,512,MB,europe-west1,gcp,download,/function/input/2mass-atlas-980914s-k0810221.fits,1.467205,111074255.0
3,gcp,europe-west1,512,MB,europe-west1,gcp,download,/function/input/2mass-atlas-980914s-k0810233.fits,1.468091,106731318.5
3,gcp,europe-west1,512,MB,europe-west1,gcp,download,/function/input/2mass-atlas-980914s-k0810245.fits,1.468524,114241987.5
3,gcp,europe-west1,512,MB,europe-west1,gcp,download,/function/input/2mass-atlas-980914s-k0820033.fits,1.468069,118147265.0
3,gcp,europe-west1,512,MB,europe-west1,gcp,download,/function/input/2mass-atlas-980914s-k0820044.fits,1.465354,101802068.0
3,gcp,europe-west1,512,MB,europe-west1,gcp,download,/function/input/2mass-atlas-980914s-k0820056.fits,1.467195,120742393.0
3,gcp,europe-west1,512,MB,europe-west1,gcp,download,/function/input/2mass-atlas-980914s-k0830221.fits,1.471563,105819080.0
3,gcp,europe-west1,512,MB,europe-west1,gcp,download,/function/input/2mass-atlas-980914s-k0830233.fits,1.468954,105869672.5
3,gcp,europe-west1,512,MB,europe-west1,gcp,download,/function/input/2mass-atlas-980914s-k0830245.fits,1.46679,103030942.0
3,gcp,europe-west1,512,MB,europe-west1,gcp,download,/function/input/2mass-atlas-980914s-k0840033.fits,1.467584,94296435.0
3,gcp,europe-west1,512,MB,europe-west1,gcp,download,/function/input/2mass-atlas-980914s-k0840044.fits,1.466204,104462088.0
3,gcp,europe-west1,512,MB,europe-west1,gcp,download,/function/input/2mass-atlas-980914s-k0840056.fits,1.46731,102841979.5
3,gcp,europe-west1,512,MB,europe-west1,gcp,download,/function/mImgtbl,5.496352,245811806.0
3,gcp,europe-west1,512,MB,europe-west1,gcp,upload,/function/images.tbl,0.01394,142627086.0
4,gcp,europe-west1,512,MB,europe-west1,gcp,download,/function/images.tbl,0.01394,270658326.5
4,gcp,europe-west1,512,MB,europe-west1,gcp,download,/function/mDAGTbls,5.47904,528627209.0
4,gcp,europe-west1,512,MB,europe-west1,gcp,download,/function/region.hdr,0.000277,119050038.5
4,gcp,europe-west1,512,MB,europe-west1,gcp,upload,/function/cimages.tbl,0.00511,62826488.0
4,gcp,europe-west1,512,MB,europe-west1,gcp,upload,/function/pimages.tbl,0.00511,81994766.0
4,gcp,europe-west1,512,MB,europe-west1,gcp,upload,/function/rimages.tbl,0.00508,128049609.0
5,gcp,europe-west1,512,MB,europe-west1,gcp,download,/function/mOverlaps,0.504048,202089823.0
5,gcp,europe-west1,512,MB,europe-west1,gcp,download,/function/pimages.tbl,0.00511,250626427.5
5,gcp,europe-west1,512,MB,europe-west1,gcp,upload,/function/diffs.tbl,0.016167,147003437.0
6,gcp,europe-west1,512,MB,europe-west1,gcp,download,/function/diffs.tbl,0.016167,291415027.5
7,gcp,europe-west1,512,MB,europe-west1,gcp,download,/function/mDiff,5.373008,295096706.5
7,gcp,europe-west1,512,MB,europe-west1,gcp,download,/function/mFitplane,5.372232,285598554.0
7,gcp,europe-west1,512,MB,europe-west1,gcp,download,/function/p2mass-atlas-001020s-k0860033.fits,4.14432,214099100.0
7,gcp,europe-west1,512,MB,europe-west1,gcp,download,/function/p2mass-atlas-001020s-k0860033_area.fits,4.14432,207944791.5
7,gcp,europe-west1,512,MB,europe-west1,gcp,download,/function/p2mass-atlas-001020s-k0860044.fits,4.14432,214115984.0
7,gcp,europe-west1,512,MB,europe-west1,gcp,download,/function/p2mass-atlas-001020s-k0860044_area.fits,4.14432,264111298.5
7,gcp,europe-west1,512,MB,europe-west1,gcp,download,/function/p2mass-atlas-001020s-k0860056.fits,4.14432,266611026.5
7,gcp,europe-west1,512,MB,europe-west1,gcp,download,/function/p2mass-atlas-001020s-k0860056_area.fits,4.14432,201903629.0
7,gcp,europe-west1,512,MB,europe-west1,gcp,download,/function/p2mass-atlas-001020s-k0870221.fits,4.13568,226319310.5
7,gcp,europe-west1,512,MB,europe-west1,gcp,download,/function/p2mass-atlas-001020s-k0870221_area.fits,4.13568,224672481.0
7,gcp,europe-west1,512,MB,europe-west1,gcp,download,/function/p2mass-atlas-001020s-k0870233.fits,4.13568,279278996.5
7,gcp,europe-west1,512,MB,europe-west1,gcp,download,/function/p2mass-atlas-001020s-k0870233_area.fits,4.13568,208767231.0
7,gcp,europe-west1,512,MB,europe-west1,gcp,download,/function/p2mass-atlas-001020s-k0870245.fits,4.13568,211448450.5
7,gcp,europe-west1,512,MB,europe-west1,gcp,download,/function/p2mass-atlas-001020s-k0870245_area.fits,4.13568,208661685.5
7,gcp,europe-west1,512,MB,europe-west1,gcp,download,/function/p2mass-atlas-001021s-k0490221.fits,4.13568,214419630.5
7,gcp,europe-west1,512,MB,europe-west1,gcp,download,/function/p2mass-atlas-001021s-k0490221_area.fits,4.13568,211459002.5
7,gcp,europe-west1,512,MB,europe-west1,gcp,download,/function/p2mass-atlas-001021s-k0490233.fits,4.13568,210357140.0
7,gcp,europe-west1,512,MB,europe-west1,gcp,download,/function/p2mass-atlas-001021s-k0490233_area.fits,4.13568,274574248.5
7,gcp,europe-west1,512,MB,europe-west1,gcp,download,/function/p2mass-atlas-001021s-k0490245.fits,4.14432,207031599.0
7,gcp,europe-west1,512,MB,europe-west1,gcp,download,/function/p2mass-atlas-001021s-k0490245_area.fits,4.14432,290881779.0
7,gcp,europe-west1,512,MB,europe-west1,gcp,download,/function/p2mass-atlas-001021s-k0560033.fits,4.15296,271534602.5
7,gcp,europe-west1,512,MB,europe-west1,gcp,download,/function/p2mass-atlas-001021s-k0560033_area.fits,4.15296,217248643.0
7,gcp,europe-west1,512,MB,europe-west1,gcp,download,/function/p2mass-atlas-001021s-k0560044.fits,4.14432,212197718.0
7,gcp,europe-west1,512,MB,europe-west1,gcp,download,/function/p2mass-atlas-001021s-k0560044_area.fits,4.14432,227866603.0
7,gcp,europe-west1,512,MB,europe-west1,gcp,download,/function/p2mass-atlas-001021s-k0560056.fits,4.13568,290443806.5
7,gcp,europe-west1,512,MB,europe-west1,gcp,download,/function/p2mass-atlas-001021s-k0560056_area.fits,4.13568,205961351.0
7,gcp,europe-west1,512,MB,europe-west1,gcp,download,/function/p2mass-atlas-001021s-k0570221.fits,4.14432,283323651.5
7,gcp,europe-west1,512,MB,europe-west1,gcp,download,/function/p2mass-atlas-001021s-k0570221_area.fits,4.14432,214419137.0
7,gcp,europe-west1,512,MB,europe-west1,gcp,download,/function/p2mass-atlas-001021s-k0570233.fits,4.13568,275985207.0
7,gcp,europe-west1,512,MB,europe-west1,gcp,download,/function/p2mass-atlas-001021s-k0570233_area.fits,4.13568,233273087.5
7,gcp,europe-west1,512,MB,europe-west1,gcp,download,/function/p2mass-atlas-001021s-k0570245.fits,4.14432,318698611.0
7,gcp,europe-west1,512,MB,europe-west1,gcp,download,/function/p2mass-atlas-001021s-k0570245_area.fits,4.14432,207748418.0
7,gcp,europe-west1,512,MB,europe-west1,gcp,download,/function/p2mass-atlas-980914s-k0800033.fits,4.14432,218390339.0
7,gcp,europe-west1,512,MB,europe-west1,gcp,download,/function/p2mass-atlas-980914s-k0800033_area.fits,4.14432,195782663.0
7,gcp,europe-west1,512,MB,europe-west1,gcp,download,/function/p2mass-atlas-980914s-k0800044.fits,4.14432,214903948.5
7,gcp,europe-west1,512,MB,europe-west1,gcp,download,/function/p2mass-atlas-980914s-k0800044_area.fits,4.14432,281268619.5
7,gcp,europe-west1,512,MB,europe-west1,gcp,download,/function/p2mass-atlas-980914s-k0800056.fits,4.14432,212876093.0
7,gcp,europe-west1,512,MB,europe-west1,gcp,download,/function/p2mass-atlas-980914s-k0800056_area.fits,4.14432,207998714.5
7,gcp,europe-west1,512,MB,europe-west1,gcp,download,/function/p2mass-atlas-980914s-k0810221.fits,4.14432,221567961.0
7,gcp,europe-west1,512,MB,europe-west1,gcp,download,/function/p2mass-atlas-980914s-k0810221_area.fits,4.14432,271167775.5
7,gcp,europe-west1,512,MB,europe-west1,gcp,download,/function/p2mass-atlas-980914s-k0810233.fits,4.14432,214302280.0
7,gcp,europe-west1,512,MB,europe-west1,gcp,download,/function/p2mass-atlas-980914s-k0810233_area.fits,4.14432,262350997.0
7,gcp,europe-west1,512,MB,europe-west1,gcp,download,/function/p2mass-atlas-980914s-k0810245.fits,4.14432,230040780.5
7,gcp,europe-west1,512,MB,europe-west1,gcp,download,/function/p2mass-atlas-980914s-k0810245_area.fits,4.14432,291591105.5
7,gcp,europe-west1,512,MB,europe-west1,gcp,download,/function/p2mass-atlas-980914s-k0820033.fits,4.14432,202840721.5
7,gcp,europe-west1,512,MB,europe-west1,gcp,download,/function/p2mass-atlas-980914s-k0820033_area.fits,4.14432,212124120.5
7,gcp,europe-west1,512,MB,europe-west1,gcp,download,/function/p2mass-atlas-980914s-k0820044.fits,4.14432,211923948.0
7,gcp,europe-west1,512,MB,europe-west1,gcp,download,/function/p2mass-atlas-980914s-k0820044_area.fits,4.14432,208695063.5
7,gcp,europe-west1,512,MB,europe-west1,gcp,download,/function/p2mass-atlas-980914s-k0820056.fits,4.13568,227796307.0
7,gcp,europe-west1,512,MB,europe-west1,gcp,download,/function/p2mass-atlas-980914s-k0820056_area.fits,4.13568,214735069.5
7,gcp,europe-west1,512,MB,europe-west1,gcp,download,/function/p2mass-atlas-980914s-k0830221.fits,4.14432,217065678.5
7,gcp,europe-west1,512,MB,europe-west1,gcp,download,/function/p2mass-atlas-980914s-k0830221_area.fits,4.14432,220063427.5
7,gcp,europe-west1,512,MB,europe-west1,gcp,download,/function/p2mass-atlas-980914s-k0830233.fits,4.14432,290432329.5
7,gcp,europe-west1,512,MB,europe-west1,gcp,download,/function/p2mass-atlas-980914s-k0830233_area.fits,4.14432,210133208.0
7,gcp,europe-west1,512,MB,europe-west1,gcp,download,/function/p2mass-atlas-980914s-k0830245.fits,4.14432,223268324.5
7,gcp,europe-west1,512,MB,europe-west1,gcp,download,/function/p2mass-atlas-980914s-k0830245_area.fits,4.14432,192092635.5
7,gcp,europe-west1,512,MB,europe-west1,gcp,download,/function/p2mass-atlas-980914s-k0840033.fits,4.14432,453221550.5
7,gcp,europe-west1,512,MB,europe-west1,gcp,download,/function/p2mass-atlas-980914s-k0840033_area.fits,4.14432,214087137.5
7,gcp,europe-west1,512,MB,europe-west1,gcp,download,/function/p2mass-atlas-980914s-k0840044.fits,4.14432,267190310.0
7,gcp,europe-west1,512,MB,europe-west1,gcp,download,/function/p2mass-atlas-980914s-k0840044_area.fits,4.14432,229653961.0
7,gcp,europe-west1,512,MB,europe-west1,gcp,download,/function/p2mass-atlas-980914s-k0840056.fits,4.14432,213079169.0
7,gcp,europe-west1,512,MB,europe-west1,gcp,download,/function/p2mass-atlas-980914s-k0840056_area.fits,4.14432,252913583.0
7,gcp,europe-west1,512,MB,europe-west1,gcp,download,/function/region.hdr,0.000277,49519621.0
7,gcp,europe-west1,512,MB,europe-west1,gcp,upload,/function/diff.000001.000007.fits,1.02528,539578514.5
7,gcp,europe-west1,512,MB,europe-west1,gcp,upload,/function/diff.000001.000007_area.fits,1.02528,95569109.0
7,gcp,europe-west1,512,MB,europe-west1,gcp,upload,/function/diff.000001.000011.fits,3.31776,1561309903.5
7,gcp,europe-west1,512,MB,europe-west1,gcp,upload,/function/diff.000001.000011_area.fits,3.31776,307718256.5
7,gcp,europe-west1,512,MB,europe-west1,gcp,upload,/function/diff.000001.000012.fits,0.22176,152528108.5
7,gcp,europe-west1,512,MB,europe-west1,gcp,upload,/function/diff.000001.000012_area.fits,0.22176,104748482.5
7,gcp,europe-west1,512,MB,europe-west1,gcp,upload,/function/diff.000001.000020.fits,0.14112,152064408.0
7,gcp,europe-west1,512,MB,europe-west1,gcp,upload,/function/diff.000001.000020_area.fits,0.14112,60795013.0
7,gcp,europe-west1,512,MB,europe-west1,gcp,upload,/function/diff.000001.000025.fits,0.03744,73132810.5
7,gcp,europe-west1,512,MB,europe-west1,gcp,upload,/function/diff.000001.000025_area.fits,0.03744,51956450.0
7,gcp,europe-west1,512,MB,europe-west1,gcp,upload,/function/diff.000001.000026.fits,0.59328,344744965.5
7,gcp,europe-west1,512,MB,europe-west1,gcp,upload,/function/diff.000001.000026_area.fits,0.59328,76738996.5
7,gcp,europe-west1,512,MB,europe-west1,gcp,upload,/function/diff.000001.000028.fits,0.4464,167963637.5
7,gcp,europe-west1,512,MB,europe-west1,gcp,upload,/function/diff.000001.000028_area.fits,0.4464,114992622.5
7,gcp,europe-west1,512,MB,europe-west1,gcp,upload,/function/diff.000002.000006.fits,0.4464,138238270.0
7,gcp,europe-west1,512,MB,europe-west1,gcp,upload,/function/diff.000002.000006_area.fits,0.4464,68841008.5
7,gcp,europe-west1,512,MB,europe-west1,gcp,upload,/function/diff.000002.000009.fits,3.33792,1553858783.0
7,gcp,europe-west1,512,MB,europe-west1,gcp,upload,/function/diff.000002.000009_area.fits,3.33792,186397361.5
7,gcp,europe-west1,512,MB,europe-west1,gcp,upload,/function/diff.000002.000015.fits,0.22464,182491500.5
7,gcp,europe-west1,512,MB,europe-west1,gcp,upload,/function/diff.000002.000015_area.fits,0.22464,95749017.5
7,gcp,europe-west1,512,MB,europe-west1,gcp,upload,/function/diff.000002.000016.fits,0.14112,66487000.0
7,gcp,europe-west1,512,MB,europe-west1,gcp,upload,/function/diff.000002.000016_area.fits,0.14112,68643068.0
7,gcp,europe-west1,512,MB,europe-west1,gcp,upload,/function/diff.000002.000019.fits,0.12672,80316560.0
7,gcp,europe-west1,512,MB,europe-west1,gcp,upload,/function/diff.000002.000019_area.fits,0.12672,63313802.0
7,gcp,europe-west1,512,MB,europe-west1,gcp,upload,/function/diff.000002.000020.fits,0.14688,79516659.0
7,gcp,europe-west1,512,MB,europe-west1,gcp,upload,/function/diff.000002.000020_area.fits,0.14688,62533191.0
7,gcp,europe-west1,512,MB,europe-west1,gcp,upload,/function/diff.000002.000023.fits,0.40032,234519677.5
7,gcp,europe-west1,512,MB,europe-west1,gcp,upload,/function/diff.000002.000023_area.fits,0.40032,73643692.0
7,gcp,europe-west1,512,MB,europe-west1,gcp,upload,/function/diff.000002.000025.fits,0.03168,59995520.0
7,gcp,europe-west1,512,MB,europe-west1,gcp,upload,/function/diff.000002.000025_area.fits,0.03168,59841814.5
7,gcp,europe-west1,512,MB,europe-west1,gcp,upload,/function/diff.000002.000026.fits,0.52704,264626172.5
7,gcp,europe-west1,512,MB,europe-west1,gcp,upload,/function/diff.000002.000026_area.fits,0.52704,70030886.0
7,gcp,europe-west1,512,MB,europe-west1,gcp,upload,/function/diff.000002.000027.fits,1.01952,505959370.5
7,gcp,europe-west1,512,MB,europe-west1,gcp,upload,/function/diff.000002.000027_area.fits,1.01952,76733581.5
7,gcp,europe-west1,512,MB,europe-west1,gcp,upload,/function/diff.000002.000028.fits,0.46656,103507881.0
7,gcp,europe-west1,512,MB,europe-west1,gcp,upload,/function/diff.000002.000028_area.fits,0.46656,98909687.5
7,gcp,europe-west1,512,MB,europe-west1,gcp,upload,/function/diff.000003.000005.fits,4.06368,2535420597.0
7,gcp,europe-west1,512,MB,europe-west1,gcp,upload,/function/diff.000003.000005_area.fits,4.06368,311368801.0
7,gcp,europe-west1,512,MB,europe-west1,gcp,upload,/function/diff.000003.000006.fits,0.42912,208738701.0
7,gcp,europe-west1,512,MB,europe-west1,gcp,upload,/function/diff.000003.000006_area.fits,0.42912,105683982.5
7,gcp,europe-west1,512,MB,europe-west1,gcp,upload,/function/diff.000003.000016.fits,0.13248,82707119.5
7,gcp,europe-west1,512,MB,europe-west1,gcp,upload,/function/diff.000003.000016_area.fits,0.13248,69944015.0
7,gcp,europe-west1,512,MB,europe-west1,gcp,upload,/function/diff.000003.000019.fits,0.14688,97471187.5
7,gcp,europe-west1,512,MB,europe-west1,gcp,upload,/function/diff.000003.000019_area.fits,0.14688,63388764.0
7,gcp,europe-west1,512,MB,europe-west1,gcp,upload,/function/diff.000003.000023.fits,0.46656,225341127.0
7,gcp,europe-west1,512,MB,europe-west1,gcp,upload,/function/diff.000003.000023_area.fits,0.46656,66675886.0
7,gcp,europe-west1,512,MB,europe-west1,gcp,upload,/function/diff.000003.000024.fits,0.22464,172024398.5
7,gcp,europe-west1,512,MB,europe-west1,gcp,upload,/function/diff.000003.000024_area.fits,0.22464,59627085.5
7,gcp,europe-west1,512,MB,europe-west1,gcp,upload,/function/diff.000003.000029.fits,0.20736,160798147.5
7,gcp,europe-west1,512,MB,europe-west1,gcp,upload,/function/diff.000003.000029_area.fits,0.20736,57059734.0
7,gcp,europe-west1,512,MB,europe-west1,gcp,upload,/function/diff.000004.000008.fits,0.576,230692706.0
7,gcp,europe-west1,512,MB,europe-west1,gcp,upload,/function/diff.000004.000008_area.fits,0.576,75155318.0
7,gcp,europe-west1,512,MB,europe-west1,gcp,upload,/function/diff.000004.000010.fits,0.55296,278565413.5
7,gcp,europe-west1,512,MB,europe-west1,gcp,upload,/function/diff.000004.000010_area.fits,0.55296,100809587.0
7,gcp,europe-west1,512,MB,europe-west1,gcp,upload,/function/diff.000004.000014.fits,0.42912,178618404.0
7,gcp,europe-west1,512,MB,europe-west1,gcp,upload,/function/diff.000004.000014_area.fits,0.42912,132583599.5
7,gcp,europe-west1,512,MB,europe-west1,gcp,upload,/function/diff.000004.000015.fits,1.01952,476350637.5
7,gcp,europe-west1,512,MB,europe-west1,gcp,upload,/function/diff.000004.000015_area.fits,1.01952,138444893.5
7,gcp,europe-west1,512,MB,europe-west1,gcp,upload,/function/diff.000004.000016.fits,0.03168,61062329.0
7,gcp,europe-west1,512,MB,europe-west1,gcp,upload,/function/diff.000004.000016_area.fits,0.03168,56462808.5
7,gcp,europe-west1,512,MB,europe-west1,gcp,upload,/function/diff.000004.000017.fits,3.33216,1609971918.5
7,gcp,europe-west1,512,MB,europe-west1,gcp,upload,/function/diff.000004.000017_area.fits,3.33216,236163656.5
7,gcp,europe-west1,512,MB,europe-west1,gcp,upload,/function/diff.000004.000019.fits,0.0288,55898624.5
7,gcp,europe-west1,512,MB,europe-west1,gcp,upload,/function/diff.000004.000019_area.fits,0.0288,70649116.5
7,gcp,europe-west1,512,MB,europe-west1,gcp,upload,/function/diff.000004.000020.fits,0.03456,69896152.5
7,gcp,europe-west1,512,MB,europe-west1,gcp,upload,/function/diff.000004.000020_area.fits,0.03456,58846888.0
7,gcp,europe-west1,512,MB,europe-west1,gcp,upload,/function/diff.000004.000021.fits,0.49248,199088590.0
7,gcp,europe-west1,512,MB,europe-west1,gcp,upload,/function/diff.000004.000021_area.fits,0.49248,82955304.0
7,gcp,europe-west1,512,MB,europe-west1,gcp,upload,/function/diff.000004.000025.fits,0.13248,85773605.0
7,gcp,europe-west1,512,MB,europe-west1,gcp,upload,/function/diff.000004.000025_area.fits,0.13248,60325193.5
7,gcp,europe-west1,512,MB,europe-west1,gcp,upload,/function/diff.000004.000027.fits,0.22176,180327186.5
7,gcp,europe-west1,512,MB,europe-west1,gcp,upload,/function/diff.000004.000027_area.fits,0.22176,60296937.5
7,gcp,europe-west1,512,MB,europe-west1,gcp,upload,/function/diff.000005.000006.fits,0.47232,190981907.5
7,gcp,europe-west1,512,MB,europe-west1,gcp,upload,/function/diff.000005.000006_area.fits,0.47232,103713795.0
7,gcp,europe-west1,512,MB,europe-west1,gcp,upload,/function/diff.000005.000016.fits,0.14976,86555118.0
7,gcp,europe-west1,512,MB,europe-west1,gcp,upload,/function/diff.000005.000016_area.fits,0.14976,64121244.0
7,gcp,europe-west1,512,MB,europe-west1,gcp,upload,/function/diff.000005.000019.fits,0.16128,140949735.5
7,gcp,europe-west1,512,MB,europe-west1,gcp,upload,/function/diff.000005.000019_area.fits,0.16128,75321699.0
7,gcp,europe-west1,512,MB,europe-west1,gcp,upload,/function/diff.000005.000023.fits,0.50976,282326958.0
7,gcp,europe-west1,512,MB,europe-west1,gcp,upload,/function/diff.000005.000023_area.fits,0.50976,72386024.0
7,gcp,europe-west1,512,MB,europe-west1,gcp,upload,/function/diff.000005.000024.fits,0.23616,135533264.5
7,gcp,europe-west1,512,MB,europe-west1,gcp,upload,/function/diff.000005.000024_area.fits,0.23616,65481534.0
7,gcp,europe-west1,512,MB,europe-west1,gcp,upload,/function/diff.000005.000029.fits,0.22176,146076628.5
7,gcp,europe-west1,512,MB,europe-west1,gcp,upload,/function/diff.000005.000029_area.fits,0.22176,58368185.0
7,gcp,europe-west1,512,MB,europe-west1,gcp,upload,/function/diff.000006.000009.fits,0.54432,244470742.5
7,gcp,europe-west1,512,MB,europe-west1,gcp,upload,/function/diff.000006.000009_area.fits,0.54432,78524450.5
7,gcp,europe-west1,512,MB,europe-west1,gcp,upload,/function/diff.000006.000016.fits,0.22176,185971960.0
7,gcp,europe-west1,512,MB,europe-west1,gcp,upload,/function/diff.000006.000016_area.fits,0.22176,93577236.0
7,gcp,europe-west1,512,MB,europe-west1,gcp,upload,/function/diff.000006.000019.fits,0.22752,115878311.5
7,gcp,europe-west1,512,MB,europe-west1,gcp,upload,/function/diff.000006.000019_area.fits,0.22752,58112323.0
7,gcp,europe-west1,512,MB,europe-west1,gcp,upload,/function/diff.000006.000023.fits,4.06656,2361377820.5
7,gcp,europe-west1,512,MB,europe-west1,gcp,upload,/function/diff.000006.000023_area.fits,4.06656,289050424.0
7,gcp,europe-west1,512,MB,europe-west1,gcp,upload,/function/diff.000006.000027.fits,0.03168,91725649.5
7,gcp,europe-west1,512,MB,europe-west1,gcp,upload,/function/diff.000006.000027_area.fits,0.03168,57519050.5
7,gcp,europe-west1,512,MB,europe-west1,gcp,upload,/function/diff.000007.000008.fits,0.03168,64552224.0
7,gcp,europe-west1,512,MB,europe-west1,gcp,upload,/function/diff.000007.000008_area.fits,0.03168,53719172.5
7,gcp,europe-west1,512,MB,europe-west1,gcp,upload,/function/diff.000007.000011.fits,0.22464,141039346.0
7,gcp,europe-west1,512,MB,europe-west1,gcp,upload,/function/diff.000007.000011_area.fits,0.22464,75517813.0
7,gcp,europe-west1,512,MB,europe-west1,gcp,upload,/function/diff.000007.000012.fits,3.31776,1622569526.0
7,gcp,europe-west1,512,MB,europe-west1,gcp,upload,/function/diff.000007.000012_area.fits,3.31776,289450934.5
7,gcp,europe-west1,512,MB,europe-west1,gcp,upload,/function/diff.000007.000013.fits,0.22464,221785761.5
7,gcp,europe-west1,512,MB,europe-west1,gcp,upload,/function/diff.000007.000013_area.fits,0.22464,70724383.0
7,gcp,europe-west1,512,MB,europe-west1,gcp,upload,/function/diff.000007.000020.fits,0.53568,261180073.5
7,gcp,europe-west1,512,MB,europe-west1,gcp,upload,/function/diff.000007.000020_area.fits,0.53568,64565307.0
7,gcp,europe-west1,512,MB,europe-west1,gcp,upload,/function/diff.000007.000025.fits,0.46656,231616908.0
7,gcp,europe-west1,512,MB,europe-west1,gcp,upload,/function/diff.000007.000025_area.fits,0.46656,81687355.0
7,gcp,europe-west1,512,MB,europe-west1,gcp,upload,/function/diff.000007.000026.fits,0.144,97375897.0
7,gcp,europe-west1,512,MB,europe-west1,gcp,upload,/function/diff.000007.000026_area.fits,0.144,62823671.0
7,gcp,europe-west1,512,MB,europe-west1,gcp,upload,/function/diff.000007.000028.fits,0.03168,61415779.0
7,gcp,europe-west1,512,MB,europe-west1,gcp,upload,/function/diff.000007.000028_area.fits,0.03168,73159554.0
7,gcp,europe-west1,512,MB,europe-west1,gcp,upload,/function/diff.000008.000012.fits,0.14112,139291230.0
7,gcp,europe-west1,512,MB,europe-west1,gcp,upload,/function/diff.000008.000012_area.fits,0.14112,54506287.5
7,gcp,europe-west1,512,MB,europe-west1,gcp,upload,/function/diff.000008.000013.fits,0.53568,277479728.5
7,gcp,europe-west1,512,MB,europe-west1,gcp,upload,/function/diff.000008.000013_area.fits,0.53568,80581700.5
7,gcp,europe-west1,512,MB,europe-west1,gcp,upload,/function/diff.000008.000014.fits,3.30624,1913796756.5
7,gcp,europe-west1,512,MB,europe-west1,gcp,upload,/function/diff.000008.000014_area.fits,3.30624,197607493.5
7,gcp,europe-west1,512,MB,europe-west1,gcp,upload,/function/diff.000008.000015.fits,0.144,95637242.5
7,gcp,europe-west1,512,MB,europe-west1,gcp,upload,/function/diff.000008.000015_area.fits,0.144,52728837.0
7,gcp,europe-west1,512,MB,europe-west1,gcp,upload,/function/diff.000008.000017.fits,0.4608,164077655.0
7,gcp,europe-west1,512,MB,europe-west1,gcp,upload,/function/diff.000008.000017_area.fits,0.4608,64761830.0
7,gcp,europe-west1,512,MB,europe-west1,gcp,upload,/function/diff.000008.000020.fits,0.22176,184356320.0
7,gcp,europe-west1,512,MB,europe-west1,gcp,upload,/function/diff.000008.000020_area.fits,0.22176,65359792.5
7,gcp,europe-west1,512,MB,europe-west1,gcp,upload,/function/diff.000008.000022.fits,0.4464,139898736.5
7,gcp,europe-west1,512,MB,europe-west1,gcp,upload,/function/diff.000008.000022_area.fits,0.4464,71753322.0
7,gcp,europe-west1,512,MB,europe-west1,gcp,upload,/function/diff.000008.000025.fits,1.00512,580223276.0
7,gcp,europe-west1,512,MB,europe-west1,gcp,upload,/function/diff.000008.000025_area.fits,1.00512,80122167.5
7,gcp,europe-west1,512,MB,europe-west1,gcp,upload,/function/diff.000008.000027.fits,0.03456,57177106.0
7,gcp,europe-west1,512,MB,europe-west1,gcp,upload,/function/diff.000008.000027_area.fits,0.03456,56715324.0
7,gcp,europe-west1,512,MB,europe-west1,gcp,upload,/function/diff.000009.000016.fits,0.03456,61271063.5
7,gcp,europe-west1,512,MB,europe-west1,gcp,upload,/function/diff.000009.000016_area.fits,0.03456,55007462.5
7,gcp,europe-west1,512,MB,europe-west1,gcp,upload,/function/diff.000009.000019.fits,0.03168,119349097.5
7,gcp,europe-west1,512,MB,europe-west1,gcp,upload,/function/diff.000009.000019_area.fits,0.03168,49192474.0
7,gcp,europe-west1,512,MB,europe-west1,gcp,upload,/function/diff.000009.000020.fits,0.03456,58390930.0
7,gcp,europe-west1,512,MB,europe-west1,gcp,upload,/function/diff.000009.000020_area.fits,0.03456,55796694.5
7,gcp,europe-west1,512,MB,europe-west1,gcp,upload,/function/diff.000009.000023.fits,0.48672,206035308.5
7,gcp,europe-west1,512,MB,europe-west1,gcp,upload,/function/diff.000009.000023_area.fits,0.48672,85465727.5
7,gcp,europe-west1,512,MB,europe-west1,gcp,upload,/function/diff.000009.000026.fits,0.43488,127477568.0
7,gcp,europe-west1,512,MB,europe-west1,gcp,upload,/function/diff.000009.000026_area.fits,0.43488,85125359.0
7,gcp,europe-west1,512,MB,europe-west1,gcp,upload,/function/diff.000009.000027.fits,0.22176,123010990.0
7,gcp,europe-west1,512,MB,europe-west1,gcp,upload,/function/diff.000009.000027_area.fits,0.22176,63589274.0
7,gcp,europe-west1,512,MB,europe-west1,gcp,upload,/function/diff.000009.000028.fits,0.58464,320479302.5
7,gcp,europe-west1,512,MB,europe-west1,gcp,upload,/function/diff.000009.000028_area.fits,0.58464,76319287.0
7,gcp,europe-west1,512,MB,europe-west1,gcp,upload,/function/diff.000010.000015.fits,0.14112,62974234.5
7,gcp,europe-west1,512,MB,europe-west1,gcp,upload,/function/diff.000010.000015_area.fits,0.14112,59244284.0
7,gcp,europe-west1,512,MB,europe-west1,gcp,upload,/function/diff.000010.000016.fits,0.22176,186580157.5
7,gcp,europe-west1,512,MB,europe-west1,gcp,upload,/function/diff.000010.000016_area.fits,0.22176,60240346.0
7,gcp,europe-west1,512,MB,europe-west1,gcp,upload,/function/diff.000010.000017.fits,0.45216,129574125.5
7,gcp,europe-west1,512,MB,europe-west1,gcp,upload,/function/diff.000010.000017_area.fits,0.45216,75879665.5
7,gcp,europe-west1,512,MB,europe-west1,gcp,upload,/function/diff.000010.000018.fits,0.47232,122931227.0
7,gcp,europe-west1,512,MB,europe-west1,gcp,upload,/function/diff.000010.000018_area.fits,0.47232,64988222.0
7,gcp,europe-west1,512,MB,europe-west1,gcp,upload,/function/diff.000010.000019.fits,0.21024,135137176.0
7,gcp,europe-west1,512,MB,europe-west1,gcp,upload,/function/diff.000010.000019_area.fits,0.21024,64274518.5
7,gcp,europe-west1,512,MB,europe-west1,gcp,upload,/function/diff.000010.000021.fits,4.0752,2345535225.5
7,gcp,europe-west1,512,MB,europe-west1,gcp,upload,/function/diff.000010.000021_area.fits,4.0752,281033188.5
7,gcp,europe-west1,512,MB,europe-west1,gcp,upload,/function/diff.000010.000024.fits,0.1296,74326512.5
7,gcp,europe-west1,512,MB,europe-west1,gcp,upload,/function/diff.000010.000024_area.fits,0.1296,51438991.0
7,gcp,europe-west1,512,MB,europe-west1,gcp,upload,/function/diff.000010.000027.fits,0.03456,60094124.0
7,gcp,europe-west1,512,MB,europe-west1,gcp,upload,/function/diff.000010.000027_area.fits,0.03456,50341756.5
7,gcp,europe-west1,512,MB,europe-west1,gcp,upload,/function/diff.000010.000029.fits,0.14688,74074170.5
7,gcp,europe-west1,512,MB,europe-west1,gcp,upload,/function/diff.000010.000029_area.fits,0.14688,53528417.5
7,gcp,europe-west1,512,MB,europe-west1,gcp,upload,/function/diff.000010.000030.fits,0.42912,251818478.5
7,gcp,europe-west1,512,MB,europe-west1,gcp,upload,/function/diff.000010.000030_area.fits,0.42912,98099615.5
7,gcp,europe-west1,512,MB,europe-west1,gcp,upload,/function/diff.000011.000020.fits,0.03168,55146122.5
7,gcp,europe-west1,512,MB,europe-west1,gcp,upload,/function/diff.000011.000020_area.fits,0.03168,48154016.5
7,gcp,europe-west1,512,MB,europe-west1,gcp,upload,/function/diff.000011.000026.fits,0.46656,230883136.5
7,gcp,europe-west1,512,MB,europe-west1,gcp,upload,/function/diff.000011.000026_area.fits,0.46656,67903725.5
7,gcp,europe-west1,512,MB,europe-west1,gcp,upload,/function/diff.000011.000028.fits,0.53568,318865296.0
7,gcp,europe-west1,512,MB,europe-west1,gcp,upload,/function/diff.000011.000028_area.fits,0.53568,63702985.5
7,gcp,europe-west1,512,MB,europe-west1,gcp,upload,/function/diff.000012.000013.fits,1.02528,472387476.0
7,gcp,europe-west1,512,MB,europe-west1,gcp,upload,/function/diff.000012.000013_area.fits,1.02528,148123174.0
7,gcp,europe-west1,512,MB,europe-west1,gcp,upload,/function/diff.000012.000014.fits,0.03744,55120740.0
7,gcp,europe-west1,512,MB,europe-west1,gcp,upload,/function/diff.000012.000014_area.fits,0.03744,53691202.0
7,gcp,europe-west1,512,MB,europe-west1,gcp,upload,/function/diff.000012.000020.fits,0.4464,128320884.0
7,gcp,europe-west1,512,MB,europe-west1,gcp,upload,/function/diff.000012.000020_area.fits,0.4464,117963839.0
7,gcp,europe-west1,512,MB,europe-west1,gcp,upload,/function/diff.000012.000022.fits,0.22176,134254752.5
7,gcp,europe-west1,512,MB,europe-west1,gcp,upload,/function/diff.000012.000022_area.fits,0.22176,58791505.0
7,gcp,europe-west1,512,MB,europe-west1,gcp,upload,/function/diff.000012.000025.fits,0.59328,323307850.5
7,gcp,europe-west1,512,MB,europe-west1,gcp,upload,/function/diff.000012.000025_area.fits,0.59328,80580459.0
7,gcp,europe-west1,512,MB,europe-west1,gcp,upload,/function/diff.000012.000026.fits,0.03456,54385951.0
7,gcp,europe-west1,512,MB,europe-west1,gcp,upload,/function/diff.000012.000026_area.fits,0.03456,60462917.5
7,gcp,europe-west1,512,MB,europe-west1,gcp,upload,/function/diff.000013.000014.fits,0.4608,219832447.0
7,gcp,europe-west1,512,MB,europe-west1,gcp,upload,/function/diff.000013.000014_area.fits,0.4608,65992467.0
7,gcp,europe-west1,512,MB,europe-west1,gcp,upload,/function/diff.000013.000020.fits,0.03168,60407706.5
7,gcp,europe-west1,512,MB,europe-west1,gcp,upload,/function/diff.000013.000020_area.fits,0.03168,51681301.5
7,gcp,europe-west1,512,MB,europe-west1,gcp,upload,/function/diff.000013.000022.fits,3.31776,1672020283.5
7,gcp,europe-west1,512,MB,europe-west1,gcp,upload,/function/diff.000013.000022_area.fits,3.31776,226161215.0
7,gcp,europe-west1,512,MB,europe-west1,gcp,upload,/function/diff.000013.000025.fits,0.144,130046585.5
7,gcp,europe-west1,512,MB,europe-west1,gcp,upload,/function/diff.000013.000025_area.fits,0.144,51094110.0
7,gcp,europe-west1,512,MB,europe-west1,gcp,upload,/function/diff.000014.000015.fits,0.03168,95324894.0
7,gcp,europe-west1,512,MB,europe-west1,gcp,upload,/function/diff.000014.000015_area.fits,0.03168,51042651.0
7,gcp,europe-west1,512,MB,europe-west1,gcp,upload,/function/diff.000014.000017.fits,0.52128,252306886.5
7,gcp,europe-west1,512,MB,europe-west1,gcp,upload,/function/diff.000014.000017_area.fits,0.52128,75871305.0
7,gcp,europe-west1,512,MB,europe-west1,gcp,upload,/function/diff.000014.000022.fits,0.58464,301698087.5
7,gcp,europe-west1,512,MB,europe-west1,gcp,upload,/function/diff.000014.000022_area.fits,0.58464,93275931.0
7,gcp,europe-west1,512,MB,europe-west1,gcp,upload,/function/diff.000014.000025.fits,0.22176,145472802.0
7,gcp,europe-west1,512,MB,europe-west1,gcp,upload,/function/diff.000014.000025_area.fits,0.22176,75626464.0
7,gcp,europe-west1,512,MB,europe-west1,gcp,upload,/function/diff.000015.000016.fits,0.4464,172960062.5
7,gcp,europe-west1,512,MB,europe-west1,gcp,upload,/function/diff.000015.000016_area.fits,0.4464,74677507.0
7,gcp,europe-west1,512,MB,europe-west1,gcp,upload,/function/diff.000015.000017.fits,0.22464,118335652.0
7,gcp,europe-west1,512,MB,europe-west1,gcp,upload,/function/diff.000015.000017_area.fits,0.22464,59553707.0
7,gcp,europe-west1,512,MB,europe-west1,gcp,upload,/function/diff.000015.000019.fits,0.40608,206715592.5
7,gcp,europe-west1,512,MB,europe-west1,gcp,upload,/function/diff.000015.000019_area.fits,0.40608,90539583.5
7,gcp,europe-west1,512,MB,europe-west1,gcp,upload,/function/diff.000015.000020.fits,0.46656,133274161.0
7,gcp,europe-west1,512,MB,europe-west1,gcp,upload,/function/diff.000015.000020_area.fits,0.46656,77493816.0
7,gcp,europe-west1,512,MB,europe-west1,gcp,upload,/function/diff.000015.000021.fits,0.1296,61477348.0
7,gcp,europe-west1,512,MB,europe-west1,gcp,upload,/function/diff.000015.000021_area.fits,0.1296,64020151.0
7,gcp,europe-west1,512,MB,europe-west1,gcp,upload,/function/diff.000015.000025.fits,0.52704,343280769.0
7,gcp,europe-west1,512,MB,europe-west1,gcp,upload,/function/diff.000015.000025_area.fits,0.52704,66538650.0
7,gcp,europe-west1,512,MB,europe-west1,gcp,upload,/function/diff.000015.000026.fits,0.03168,52886480.0
7,gcp,europe-west1,512,MB,europe-west1,gcp,upload,/function/diff.000015.000026_area.fits,0.03168,54603507.0
7,gcp,europe-west1,512,MB,europe-west1,gcp,upload,/function/diff.000015.000027.fits,3.33216,1671550185.5
7,gcp,europe-west1,512,MB,europe-west1,gcp,upload,/function/diff.000015.000027_area.fits,3.33216,196567940.5
7,gcp,europe-west1,512,MB,europe-west1,gcp,upload,/function/diff.000016.000019.fits,4.0752,2327657411.0
7,gcp,europe-west1,512,MB,europe-west1,gcp,upload,/function/diff.000016.000019_area.fits,4.0752,234135920.0
7,gcp,europe-west1,512,MB,europe-west1,gcp,upload,/function/diff.000016.000021.fits,0.22752,151221643.0
7,gcp,europe-west1,512,MB,europe-west1,gcp,upload,/function/diff.000016.000021_area.fits,0.22752,76173552.5
7,gcp,europe-west1,512,MB,europe-west1,gcp,upload,/function/diff.000016.000023.fits,0.21024,117402934.0
7,gcp,europe-west1,512,MB,europe-west1,gcp,upload,/function/diff.000016.000023_area.fits,0.21024,63642235.0
7,gcp,europe-west1,512,MB,europe-west1,gcp,upload,/function/diff.000016.000024.fits,0.42912,203656616.5
7,gcp,europe-west1,512,MB,europe-west1,gcp,upload,/function/diff.000016.000024_area.fits,0.42912,117690681.5
7,gcp,europe-west1,512,MB,europe-west1,gcp,upload,/function/diff.000016.000027.fits,0.54432,282526339.5
7,gcp,europe-west1,512,MB,europe-west1,gcp,upload,/function/diff.000016.000027_area.fits,0.54432,69681662.5
7,gcp,europe-west1,512,MB,europe-west1,gcp,upload,/function/diff.000016.000029.fits,0.47232,218961062.5
7,gcp,europe-west1,512,MB,europe-west1,gcp,upload,/function/diff.000016.000029_area.fits,0.47232,59632296.0
7,gcp,europe-west1,512,MB,europe-west1,gcp,upload,/function/diff.000017.000021.fits,0.40608,255950160.0
7,gcp,europe-west1,512,MB,europe-west1,gcp,upload,/function/diff.000017.000021_area.fits,0.40608,68626044.0
7,gcp,europe-west1,512,MB,europe-west1,gcp,upload,/function/diff.000017.000025.fits,0.03168,59976450.0
7,gcp,europe-west1,512,MB,europe-west1,gcp,upload,/function/diff.000017.000025_area.fits,0.03168,50361741.0
7,gcp,europe-west1,512,MB,europe-west1,gcp,upload,/function/diff.000018.000021.fits,0.50976,255940120.0
7,gcp,europe-west1,512,MB,europe-west1,gcp,upload,/function/diff.000018.000021_area.fits,0.50976,79804308.0
7,gcp,europe-west1,512,MB,europe-west1,gcp,upload,/function/diff.000018.000024.fits,0.20736,127747190.0
7,gcp,europe-west1,512,MB,europe-west1,gcp,upload,/function/diff.000018.000024_area.fits,0.20736,60272704.5
7,gcp,europe-west1,512,MB,europe-west1,gcp,upload,/function/diff.000018.000029.fits,0.22176,158275285.0
7,gcp,europe-west1,512,MB,europe-west1,gcp,upload,/function/diff.000018.000029_area.fits,0.22176,64449628.0
7,gcp,europe-west1,512,MB,europe-west1,gcp,upload,/function/diff.000018.000030.fits,4.06368,2331371743.5
7,gcp,europe-west1,512,MB,europe-west1,gcp,upload,/function/diff.000018.000030_area.fits,4.06368,197481137.5
7,gcp,europe-west1,512,MB,europe-west1,gcp,upload,/function/diff.000019.000021.fits,0.22176,186831953.0
7,gcp,europe-west1,512,MB,europe-west1,gcp,upload,/function/diff.000019.000021_area.fits,0.22176,53831918.0
7,gcp,europe-west1,512,MB,europe-west1,gcp,upload,/function/diff.000019.000023.fits,0.22176,147895822.0
7,gcp,europe-west1,512,MB,europe-west1,gcp,upload,/function/diff.000019.000023_area.fits,0.22176,50984829.5
7,gcp,europe-west1,512,MB,europe-west1,gcp,upload,/function/diff.000019.000024.fits,0.46656,206789790.0
7,gcp,europe-west1,512,MB,europe-west1,gcp,upload,/function/diff.000019.000024_area.fits,0.46656,63090242.0
7,gcp,europe-west1,512,MB,europe-west1,gcp,upload,/function/diff.000019.000027.fits,0.49248,215952808.0
7,gcp,europe-west1,512,MB,europe-west1,gcp,upload,/function/diff.000019.000027_area.fits,0.49248,79003196.0
7,gcp,europe-west1,512,MB,europe-west1,gcp,upload,/function/diff.000019.000029.fits,0.50976,313468531.0
7,gcp,europe-west1,512,MB,europe-west1,gcp,upload,/function/diff.000019.000029_area.fits,0.50976,80096857.0
7,gcp,europe-west1,512,MB,europe-west1,gcp,upload,/function/diff.000020.000025.fits,3.30624,1558049476.0
7,gcp,europe-west1,512,MB,europe-west1,gcp,upload,/function/diff.000020.000025_area.fits,3.30624,271582907.5
7,gcp,europe-west1,512,MB,europe-west1,gcp,upload,/function/diff.000020.000026.fits,1.00512,450309573.0
7,gcp,europe-west1,512,MB,europe-west1,gcp,upload,/function/diff.000020.000026_area.fits,1.00512,130828495.0
7,gcp,europe-west1,512,MB,europe-west1,gcp,upload,/function/diff.000020.000027.fits,0.576,281437992.5
7,gcp,europe-west1,512,MB,europe-west1,gcp,upload,/function/diff.000020.000027_area.fits,0.576,77369657.0
7,gcp,europe-west1,512,MB,europe-west1,gcp,upload,/function/diff.000020.000028.fits,0.22176,234286495.0
7,gcp,europe-west1,512,MB,europe-west1,gcp,upload,/function/diff.000020.000028_area.fits,0.22176,74801283.0
7,gcp,europe-west1,512,MB,europe-west1,gcp,upload,/function/diff.000021.000024.fits,0.144,69552760.5
7,gcp,europe-west1,512,MB,europe-west1,gcp,upload,/function/diff.000021.000024_area.fits,0.144,51212910.0
7,gcp,europe-west1,512,MB,europe-west1,gcp,upload,/function/diff.000021.000027.fits,0.03168,63975872.5
7,gcp,europe-west1,512,MB,europe-west1,gcp,upload,/function/diff.000021.000027_area.fits,0.03168,55138023.5
7,gcp,europe-west1,512,MB,europe-west1,gcp,upload,/function/diff.000021.000029.fits,0.16128,99151620.0
7,gcp,europe-west1,512,MB,europe-west1,gcp,upload,/function/diff.000021.000029_area.fits,0.16128,92922711.0
7,gcp,europe-west1,512,MB,europe-west1,gcp,upload,/function/diff.000021.000030.fits,0.46656,126121754.0
7,gcp,europe-west1,512,MB,europe-west1,gcp,upload,/function/diff.000021.000030_area.fits,0.46656,74421481.5
7,gcp,europe-west1,512,MB,europe-west1,gcp,upload,/function/diff.000022.000025.fits,0.03456,61570890.5
7,gcp,europe-west1,512,MB,europe-west1,gcp,upload,/function/diff.000022.000025_area.fits,0.03456,51749980.0
7,gcp,europe-west1,512,MB,europe-west1,gcp,upload,/function/diff.000023.000027.fits,0.0288,56918552.5
7,gcp,europe-west1,512,MB,europe-west1,gcp,upload,/function/diff.000023.000027_area.fits,0.0288,82737516.5
7,gcp,europe-west1,512,MB,europe-west1,gcp,upload,/function/diff.000024.000029.fits,4.06368,2480146509.5
7,gcp,europe-west1,512,MB,europe-west1,gcp,upload,/function/diff.000024.000029_area.fits,4.06368,289531918.0
7,gcp,europe-west1,512,MB,europe-west1,gcp,upload,/function/diff.000024.000030.fits,0.22464,167885910.0
7,gcp,europe-west1,512,MB,europe-west1,gcp,upload,/function/diff.000024.000030_area.fits,0.22464,55248225.0
7,gcp,europe-west1,512,MB,europe-west1,gcp,upload,/function/diff.000025.000026.fits,0.22176,206807980.0
7,gcp,europe-west1,512,MB,europe-west1,gcp,upload,/function/diff.000025.000026_area.fits,0.22176,63681989.0
7,gcp,europe-west1,512,MB,europe-west1,gcp,upload,/function/diff.000025.000027.fits,0.42912,215236838.5
7,gcp,europe-west1,512,MB,europe-west1,gcp,upload,/function/diff.000025.000027_area.fits,0.42912,61458700.0
7,gcp,europe-west1,512,MB,europe-west1,gcp,upload,/function/diff.000026.000027.fits,0.13248,70535108.5
7,gcp,europe-west1,512,MB,europe-west1,gcp,upload,/function/diff.000026.000027_area.fits,0.13248,55840993.0
7,gcp,europe-west1,512,MB,europe-west1,gcp,upload,/function/diff.000026.000028.fits,3.30624,1491697767.5
7,gcp,europe-west1,512,MB,europe-west1,gcp,upload,/function/diff.000026.000028_area.fits,3.30624,239786852.5
7,gcp,europe-west1,512,MB,europe-west1,gcp,upload,/function/diff.000027.000028.fits,0.03456,59505030.5
7,gcp,europe-west1,512,MB,europe-west1,gcp,upload,/function/diff.000027.000028_area.fits,0.03456,52783450.5
7,gcp,europe-west1,512,MB,europe-west1,gcp,upload,/function/diff.000029.000030.fits,0.23328,149948404.0
7,gcp,europe-west1,512,MB,europe-west1,gcp,upload,/function/diff.000029.000030_area.fits,0.23328,71071777.0
7,gcp,europe-west1,512,MB,europe-west1,gcp,upload,/function/fit.000001.000007.txt,0.000287,59942102.0
7,gcp,europe-west1,512,MB,europe-west1,gcp,upload,/function/fit.000001.000011.txt,0.00029,56581660.0
7,gcp,europe-west1,512,MB,europe-west1,gcp,upload,/function/fit.000001.000012.txt,0.000288,55455248.5
7,gcp,europe-west1,512,MB,europe-west1,gcp,upload,/function/fit.000001.000020.txt,0.000284,57915733.0
7,gcp,europe-west1,512,MB,europe-west1,gcp,upload,/function/fit.000001.000025.txt,0.000286,59071759.5
7,gcp,europe-west1,512,MB,europe-west1,gcp,upload,/function/fit.000001.000026.txt,0.000287,68583029.5
7,gcp,europe-west1,512,MB,europe-west1,gcp,upload,/function/fit.000001.000028.txt,0.000286,58532538.0
7,gcp,europe-west1,512,MB,europe-west1,gcp,upload,/function/fit.000002.000006.txt,0.000282,65889849.5
7,gcp,europe-west1,512,MB,europe-west1,gcp,upload,/function/fit.000002.000009.txt,0.000285,60242404.5
7,gcp,europe-west1,512,MB,europe-west1,gcp,upload,/function/fit.000002.000015.txt,0.000288,59027910.0
7,gcp,europe-west1,512,MB,europe-west1,gcp,upload,/function/fit.000002.000016.txt,0.000278,55909374.5
7,gcp,europe-west1,512,MB,europe-west1,gcp,upload,/function/fit.000002.000019.txt,0.000281,80000617.5
7,gcp,europe-west1,512,MB,europe-west1,gcp,upload,/function/fit.000002.000020.txt,0.000286,57861467.0
7,gcp,europe-west1,512,MB,europe-west1,gcp,upload,/function/fit.000002.000023.txt,0.00028,59587839.0
7,gcp,europe-west1,512,MB,europe-west1,gcp,upload,/function/fit.000002.000025.txt,0.000281,62496468.0
7,gcp,europe-west1,512,MB,europe-west1,gcp,upload,/function/fit.000002.000026.txt,0.000286,55695900.0
7,gcp,europe-west1,512,MB,europe-west1,gcp,upload,/function/fit.000002.000027.txt,0.000286,51952019.0
7,gcp,europe-west1,512,MB,europe-west1,gcp,upload,/function/fit.000002.000028.txt,0.000283,61401350.5
7,gcp,europe-west1,512,MB,europe-west1,gcp,upload,/function/fit.000003.000005.txt,0.000288,55634254.0
7,gcp,europe-west1,512,MB,europe-west1,gcp,upload,/function/fit.000003.000006.txt,0.000279,66436167.5
7,gcp,europe-west1,512,MB,europe-west1,gcp,upload,/function/fit.000003.000016.txt,0.000279,58709746.5
7,gcp,europe-west1,512,MB,europe-west1,gcp,upload,/function/fit.000003.000019.txt,0.000282,56727428.0
7,gcp,europe-west1,512,MB,europe-west1,gcp,upload,/function/fit.000003.000023.txt,0.000281,56060585.5
7,gcp,europe-west1,512,MB,europe-west1,gcp,upload,/function/fit.000003.000024.txt,0.00029,56154563.5
7,gcp,europe-west1,512,MB,europe-west1,gcp,upload,/function/fit.000003.000029.txt,0.000284,58380431.0
7,gcp,europe-west1,512,MB,europe-west1,gcp,upload,/function/fit.000004.000008.txt,0.00029,69181953.0
7,gcp,europe-west1,512,MB,europe-west1,gcp,upload,/function/fit.000004.000010.txt,0.000285,54005487.5
7,gcp,europe-west1,512,MB,europe-west1,gcp,upload,/function/fit.000004.000014.txt,0.000288,58298536.0
7,gcp,europe-west1,512,MB,europe-west1,gcp,upload,/function/fit.000004.000015.txt,0.000288,50982195.0
7,gcp,europe-west1,512,MB,europe-west1,gcp,upload,/function/fit.000004.000016.txt,0.000278,67974192.0
7,gcp,europe-west1,512,MB,europe-west1,gcp,upload,/function/fit.000004.000017.txt,0.000291,59394548.0
7,gcp,europe-west1,512,MB,europe-west1,gcp,upload,/function/fit.000004.000019.txt,0.00028,56550111.5
7,gcp,europe-west1,512,MB,europe-west1,gcp,upload,/function/fit.000004.000020.txt,0.000283,56397482.0
7,gcp,europe-west1,512,MB,europe-west1,gcp,upload,/function/fit.000004.000021.txt,0.000286,59524567.5
7,gcp,europe-west1,512,MB,europe-west1,gcp,upload,/function/fit.000004.000025.txt,0.000285,59776064.5
7,gcp,europe-west1,512,MB,europe-west1,gcp,upload,/function/fit.000004.000027.txt,0.000287,58502388.5
7,gcp,europe-west1,512,MB,europe-west1,gcp,upload,/function/fit.000005.000006.txt,0.000282,59887532.0
7,gcp,europe-west1,512,MB,europe-west1,gcp,upload,/function/fit.000005.000016.txt,0.00028,64607637.0
7,gcp,europe-west1,512,MB,europe-west1,gcp,upload,/function/fit.000005.000019.txt,0.000283,55500428.0
7,gcp,europe-west1,512,MB,europe-west1,gcp,upload,/function/fit.000005.000023.txt,0.000282,57078802.0
7,gcp,europe-west1,512,MB,europe-west1,gcp,upload,/function/fit.000005.000024.txt,0.000282,53195859.5
7,gcp,europe-west1,512,MB,europe-west1,gcp,upload,/function/fit.000005.000029.txt,0.000288,63063184.0
7,gcp,europe-west1,512,MB,europe-west1,gcp,upload,/function/fit.000006.000009.txt,0.000281,64121066.0
7,gcp,europe-west1,512,MB,europe-west1,gcp,upload,/function/fit.000006.000016.txt,0.000282,79505613.5
7,gcp,europe-west1,512,MB,europe-west1,gcp,upload,/function/fit.000006.000019.txt,0.000284,57341918.0
7,gcp,europe-west1,512,MB,europe-west1,gcp,upload,/function/fit.000006.000023.txt,0.000286,54991506.0
7,gcp,europe-west1,512,MB,europe-west1,gcp,upload,/function/fit.000006.000027.txt,0.000277,55315258.0
7,gcp,europe-west1,512,MB,europe-west1,gcp,upload,/function/fit.000007.000008.txt,0.000286,54402518.5
7,gcp,europe-west1,512,MB,europe-west1,gcp,upload,/function/fit.000007.000011.txt,0.000294,55414115.5
7,gcp,europe-west1,512,MB,europe-west1,gcp,upload,/function/fit.000007.000012.txt,0.000291,55228734.0
7,gcp,europe-west1,512,MB,europe-west1,gcp,upload,/function/fit.000007.000013.txt,0.000295,58036271.5
7,gcp,europe-west1,512,MB,europe-west1,gcp,upload,/function/fit.000007.000020.txt,0.000285,52884514.5
7,gcp,europe-west1,512,MB,europe-west1,gcp,upload,/function/fit.000007.000025.txt,0.000285,58010272.0
7,gcp,europe-west1,512,MB,europe-west1,gcp,upload,/function/fit.000007.000026.txt,0.000286,69002146.5
7,gcp,europe-west1,512,MB,europe-west1,gcp,upload,/function/fit.000007.000028.txt,0.000279,65861582.5
7,gcp,europe-west1,512,MB,europe-west1,gcp,upload,/function/fit.000008.000012.txt,0.000285,54122393.5
7,gcp,europe-west1,512,MB,europe-west1,gcp,upload,/function/fit.000008.000013.txt,0.000288,66498482.0
7,gcp,europe-west1,512,MB,europe-west1,gcp,upload,/function/fit.000008.000014.txt,0.000294,57362002.5
7,gcp,europe-west1,512,MB,europe-west1,gcp,upload,/function/fit.000008.000015.txt,0.000291,47546300.0
7,gcp,europe-west1,512,MB,europe-west1,gcp,upload,/function/fit.000008.000017.txt,0.000289,60243718.0
7,gcp,europe-west1,512,MB,europe-west1,gcp,upload,/function/fit.000008.000020.txt,0.000292,62128358.0
7,gcp,europe-west1,512,MB,europe-west1,gcp,upload,/function/fit.000008.000022.txt,0.000291,53504748.0
7,gcp,europe-west1,512,MB,europe-west1,gcp,upload,/function/fit.000008.000025.txt,0.000292,75994330.5
7,gcp,europe-west1,512,MB,europe-west1,gcp,upload,/function/fit.000008.000027.txt,0.000285,56205442.5
7,gcp,europe-west1,512,MB,europe-west1,gcp,upload,/function/fit.000009.000016.txt,0.000275,56046720.5
7,gcp,europe-west1,512,MB,europe-west1,gcp,upload,/function/fit.000009.000019.txt,0.000278,51159572.0
7,gcp,europe-west1,512,MB,europe-west1,gcp,upload,/function/fit.000009.000020.txt,0.000277,54246939.5
7,gcp,europe-west1,512,MB,europe-west1,gcp,upload,/function/fit.000009.000023.txt,0.000284,71138691.0
7,gcp,europe-west1,512,MB,europe-west1,gcp,upload,/function/fit.000009.000026.txt,0.000285,59568931.0
7,gcp,europe-west1,512,MB,europe-west1,gcp,upload,/function/fit.000009.000027.txt,0.000285,57266757.5
7,gcp,europe-west1,512,MB,europe-west1,gcp,upload,/function/fit.000009.000028.txt,0.000288,53808062.0
7,gcp,europe-west1,512,MB,europe-west1,gcp,upload,/function/fit.000010.000015.txt,0.000284,49183718.5
7,gcp,europe-west1,512,MB,europe-west1,gcp,upload,/function/fit.000010.000016.txt,0.000285,57305298.0
7,gcp,europe-west1,512,MB,europe-west1,gcp,upload,/function/fit.000010.000017.txt,0.000287,59988254.0
7,gcp,europe-west1,512,MB,europe-west1,gcp,upload,/function/fit.000010.000018.txt,0.000287,57976769.0
7,gcp,europe-west1,512,MB,europe-west1,gcp,upload,/function/fit.000010.000019.txt,0.000281,67302293.0
7,gcp,europe-west1,512,MB,europe-west1,gcp,upload,/function/fit.000010.000021.txt,0.000288,49711997.5
7,gcp,europe-west1,512,MB,europe-west1,gcp,upload,/function/fit.000010.000024.txt,0.000288,56528450.5
7,gcp,europe-west1,512,MB,europe-west1,gcp,upload,/function/fit.000010.000027.txt,0.000279,51749261.5
7,gcp,europe-west1,512,MB,europe-west1,gcp,upload,/function/fit.000010.000029.txt,0.000283,66545131.0
7,gcp,europe-west1,512,MB,europe-west1,gcp,upload,/function/fit.000010.000030.txt,0.000286,59378214.5
7,gcp,europe-west1,512,MB,europe-west1,gcp,upload,/function/fit.000011.000020.txt,0.000283,64900835.0
7,gcp,europe-west1,512,MB,europe-west1,gcp,upload,/function/fit.000011.000026.txt,0.000282,54277799.0
7,gcp,europe-west1,512,MB,europe-west1,gcp,upload,/function/fit.000011.000028.txt,0.000288,56054161.0
7,gcp,europe-west1,512,MB,europe-west1,gcp,upload,/function/fit.000012.000013.txt,0.000291,57367257.5
7,gcp,europe-west1,512,MB,europe-west1,gcp,upload,/function/fit.000012.000014.txt,0.000287,59053083.0
7,gcp,europe-west1,512,MB,europe-west1,gcp,upload,/function/fit.000012.000020.txt,0.000286,50125242.0
7,gcp,europe-west1,512,MB,europe-west1,gcp,upload,/function/fit.000012.000022.txt,0.000292,60668917.0
7,gcp,europe-west1,512,MB,europe-west1,gcp,upload,/function/fit.000012.000025.txt,0.000289,54012415.5
7,gcp,europe-west1,512,MB,europe-west1,gcp,upload,/function/fit.000012.000026.txt,0.000284,64456519.5
7,gcp,europe-west1,512,MB,europe-west1,gcp,upload,/function/fit.000013.000014.txt,0.000289,51667763.0
7,gcp,europe-west1,512,MB,europe-west1,gcp,upload,/function/fit.000013.000020.txt,0.000285,52292857.5
7,gcp,europe-west1,512,MB,europe-west1,gcp,upload,/function/fit.000013.000022.txt,0.000295,52034077.5
7,gcp,europe-west1,512,MB,europe-west1,gcp,upload,/function/fit.000013.000025.txt,0.00029,51592060.5
7,gcp,europe-west1,512,MB,europe-west1,gcp,upload,/function/fit.000014.000015.txt,0.000283,62700939.0
7,gcp,europe-west1,512,MB,europe-west1,gcp,upload,/function/fit.000014.000017.txt,0.000295,55846485.5
7,gcp,europe-west1,512,MB,europe-west1,gcp,upload,/function/fit.000014.000022.txt,0.000293,57105128.0
7,gcp,europe-west1,512,MB,europe-west1,gcp,upload,/function/fit.000014.000025.txt,0.000292,52284578.5
7,gcp,europe-west1,512,MB,europe-west1,gcp,upload,/function/fit.000015.000016.txt,0.000284,54736896.0
7,gcp,europe-west1,512,MB,europe-west1,gcp,upload,/function/fit.000015.000017.txt,0.00029,52002284.0
7,gcp,europe-west1,512,MB,europe-west1,gcp,upload,/function/fit.000015.000019.txt,0.000285,56608376.5
7,gcp,europe-west1,512,MB,europe-west1,gcp,upload,/function/fit.000015.000020.txt,0.000285,52395460.0
7,gcp,europe-west1,512,MB,europe-west1,gcp,upload,/function/fit.000015.000021.txt,0.000283,52260756.0
7,gcp,europe-west1,512,MB,europe-west1,gcp,upload,/function/fit.000015.000025.txt,0.000287,55466858.5
7,gcp,europe-west1,512,MB,europe-west1,gcp,upload,/function/fit.000015.000026.txt,0.000283,50633435.5
7,gcp,europe-west1,512,MB,europe-west1,gcp,upload,/function/fit.000015.000027.txt,0.000289,53238066.0
7,gcp,europe-west1,512,MB,europe-west1,gcp,upload,/function/fit.000016.000019.txt,0.000283,53572138.5
7,gcp,europe-west1,512,MB,europe-west1,gcp,upload,/function/fit.000016.000021.txt,0.000282,65403778.5
7,gcp,europe-west1,512,MB,europe-west1,gcp,upload,/function/fit.000016.000023.txt,0.000282,51248236.5
7,gcp,europe-west1,512,MB,europe-west1,gcp,upload,/function/fit.000016.000024.txt,0.000279,53231255.0
7,gcp,europe-west1,512,MB,europe-west1,gcp,upload,/function/fit.000016.000027.txt,0.000279,52239475.0
7,gcp,europe-west1,512,MB,europe-west1,gcp,upload,/function/fit.000016.000029.txt,0.000282,54855603.0
7,gcp,europe-west1,512,MB,europe-west1,gcp,upload,/function/fit.000017.000021.txt,0.000288,54186825.0
7,gcp,europe-west1,512,MB,europe-west1,gcp,upload,/function/fit.000017.000025.txt,0.000287,58203321.0
7,gcp,europe-west1,512,MB,europe-west1,gcp,upload,/function/fit.000018.000021.txt,0.000288,54947093.5
7,gcp,europe-west1,512,MB,europe-west1,gcp,upload,/function/fit.000018.000024.txt,0.000286,60281790.5
7,gcp,europe-west1,512,MB,europe-west1,gcp,upload,/function/fit.000018.000029.txt,0.000288,53175807.5
7,gcp,europe-west1,512,MB,europe-west1,gcp,upload,/function/fit.000018.000030.txt,0.000294,56389142.0
7,gcp,europe-west1,512,MB,europe-west1,gcp,upload,/function/fit.000019.000021.txt,0.000288,49788334.0
7,gcp,europe-west1,512,MB,europe-west1,gcp,upload,/function/fit.000019.000023.txt,0.000287,52237561.5
7,gcp,europe-west1,512,MB,europe-west1,gcp,upload,/function/fit.000019.000024.txt,0.000281,56266427.0
7,gcp,europe-west1,512,MB,europe-west1,gcp,upload,/function/fit.000019.000027.txt,0.000279,55285623.0
7,gcp,europe-west1,512,MB,europe-west1,gcp,upload,/function/fit.000019.000029.txt,0.000283,56171710.5
7,gcp,europe-west1,512,MB,europe-west1,gcp,upload,/function/fit.000020.000025.txt,0.000289,56878882.0
7,gcp,europe-west1,512,MB,europe-west1,gcp,upload,/function/fit.000020.000026.txt,0.000286,55729767.0
7,gcp,europe-west1,512,MB,europe-west1,gcp,upload,/function/fit.000020.000027.txt,0.000286,64031348.5
7,gcp,europe-west1,512,MB,europe-west1,gcp,upload,/function/fit.000020.000028.txt,0.000289,50761394.0
7,gcp,europe-west1,512,MB,europe-west1,gcp,upload,/function/fit.000021.000024.txt,0.000285,53096530.5
7,gcp,europe-west1,512,MB,europe-west1,gcp,upload,/function/fit.000021.000027.txt,0.000277,47215001.0
7,gcp,europe-west1,512,MB,europe-west1,gcp,upload,/function/fit.000021.000029.txt,0.000281,50689364.5
7,gcp,europe-west1,512,MB,europe-west1,gcp,upload,/function/fit.000021.000030.txt,0.000284,52667460.5
7,gcp,europe-west1,512,MB,europe-west1,gcp,upload,/function/fit.000022.000025.txt,0.000286,50964132.0
7,gcp,europe-west1,512,MB,europe-west1,gcp,upload,/function/fit.000023.000027.txt,0.00028,51204637.0
7,gcp,europe-west1,512,MB,europe-west1,gcp,upload,/function/fit.000024.000029.txt,0.00029,47816417.5
7,gcp,europe-west1,512,MB,europe-west1,gcp,upload,/function/fit.000024.000030.txt,0.000289,79396744.5
7,gcp,europe-west1,512,MB,europe-west1,gcp,upload,/function/fit.000025.000026.txt,0.00029,60139478.5
7,gcp,europe-west1,512,MB,europe-west1,gcp,upload,/function/fit.000025.000027.txt,0.000282,49813505.5
7,gcp,europe-west1,512,MB,europe-west1,gcp,upload,/function/fit.000026.000027.txt,0.000283,53569862.5
7,gcp,europe-west1,512,MB,europe-west1,gcp,upload,/function/fit.000026.000028.txt,0.00029,61955925.0
7,gcp,europe-west1,512,MB,europe-west1,gcp,upload,/function/fit.000027.000028.txt,0.000278,82035845.5
7,gcp,europe-west1,512,MB,europe-west1,gcp,upload,/function/fit.000029.000030.txt,0.000283,51301227.0
8,gcp,europe-west1,512,MB,europe-west1,gcp,download,/function/diffs.tbl,0.016167,305214404.0
8,gcp,europe-west1,512,MB,europe-west1,gcp,download,/function/mStatFile,0.039792,100816817.5
8,gcp,europe-west1,512,MB,europe-west1,gcp,upload,/function/statfile.tbl,0.005863,125280140.5
9,gcp,europe-west1,512,MB,europe-west1,gcp,download,/function/fit.000001.000007.txt,0.000287,83891492.0
9,gcp,europe-west1,512,MB,europe-west1,gcp,download,/function/fit.000001.000011.txt,0.00029,77722629.5
9,gcp,europe-west1,512,MB,europe-west1,gcp,download,/function/fit.000001.000012.txt,0.000288,60735156.5
9,gcp,europe-west1,512,MB,europe-west1,gcp,download,/function/fit.000001.000020.txt,0.000284,61022113.5
9,gcp,europe-west1,512,MB,europe-west1,gcp,download,/function/fit.000001.000025.txt,0.000286,66978511.0
9,gcp,europe-west1,512,MB,europe-west1,gcp,download,/function/fit.000001.000026.txt,0.000287,62788870.0
9,gcp,europe-west1,512,MB,europe-west1,gcp,download,/function/fit.000001.000028.txt,0.000286,63065422.0
9,gcp,europe-west1,512,MB,europe-west1,gcp,download,/function/fit.000002.000006.txt,0.000282,56013579.5
9,gcp,europe-west1,512,MB,europe-west1,gcp,download,/function/fit.000002.000009.txt,0.000285,65130230.5
9,gcp,europe-west1,512,MB,europe-west1,gcp,download,/function/fit.000002.000015.txt,0.000288,66867217.5
9,gcp,europe-west1,512,MB,europe-west1,gcp,download,/function/fit.000002.000016.txt,0.000278,64951079.0
9,gcp,europe-west1,512,MB,europe-west1,gcp,download,/function/fit.000002.000019.txt,0.000281,62137151.0
9,gcp,europe-west1,512,MB,europe-west1,gcp,download,/function/fit.000002.000020.txt,0.000286,62476556.5
9,gcp,europe-west1,512,MB,europe-west1,gcp,download,/function/fit.000002.000023.txt,0.00028,62244045.5
9,gcp,europe-west1,512,MB,europe-west1,gcp,download,/function/fit.000002.000025.txt,0.000281,58770541.0
9,gcp,europe-west1,512,MB,europe-west1,gcp,download,/function/fit.000002.000026.txt,0.000286,66954564.5
9,gcp,europe-west1,512,MB,europe-west1,gcp,download,/function/fit.000002.000027.txt,0.000286,64916673.5
9,gcp,europe-west1,512,MB,europe-west1,gcp,download,/function/fit.000002.000028.txt,0.000283,65523498.5
9,gcp,europe-west1,512,MB,europe-west1,gcp,download,/function/fit.000003.000005.txt,0.000288,65787666.0
9,gcp,europe-west1,512,MB,europe-west1,gcp,download,/function/fit.000003.000006.txt,0.000279,62771940.0
9,gcp,europe-west1,512,MB,europe-west1,gcp,download,/function/fit.000003.000016.txt,0.000279,64677441.0
9,gcp,europe-west1,512,MB,europe-west1,gcp,download,/function/fit.000003.000019.txt,0.000282,66035557.0
9,gcp,europe-west1,512,MB,europe-west1,gcp,download,/function/fit.000003.000023.txt,0.000281,65132092.0
9,gcp,europe-west1,512,MB,europe-west1,gcp,download,/function/fit.000003.000024.txt,0.00029,73446411.0
9,gcp,europe-west1,512,MB,europe-west1,gcp,download,/function/fit.000003.000029.txt,0.000284,71808097.0
9,gcp,europe-west1,512,MB,europe-west1,gcp,download,/function/fit.000004.000008.txt,0.00029,56056239.0
9,gcp,europe-west1,512,MB,europe-west1,gcp,download,/function/fit.000004.000010.txt,0.000285,64916525.5
9,gcp,europe-west1,512,MB,europe-west1,gcp,download,/function/fit.000004.000014.txt,0.000288,60192211.0
9,gcp,europe-west1,512,MB,europe-west1,gcp,download,/function/fit.000004.000015.txt,0.000288,63756614.5
9,gcp,europe-west1,512,MB,europe-west1,gcp,download,/function/fit.000004.000016.txt,0.000278,89294102.5
9,gcp,europe-west1,512,MB,europe-west1,gcp,download,/function/fit.000004.000017.txt,0.000291,73952193.5
9,gcp,europe-west1,512,MB,europe-west1,gcp,download,/function/fit.000004.000019.txt,0.00028,77067076.0
9,gcp,europe-west1,512,MB,europe-west1,gcp,download,/function/fit.000004.000020.txt,0.000283,66703115.5
9,gcp,europe-west1,512,MB,europe-west1,gcp,download,/function/fit.000004.000021.txt,0.000286,62941696.5
9,gcp,europe-west1,512,MB,europe-west1,gcp,download,/function/fit.000004.000025.txt,0.000285,58862897.5
9,gcp,europe-west1,512,MB,europe-west1,gcp,download,/function/fit.000004.000027.txt,0.000287,71596873.0
9,gcp,europe-west1,512,MB,europe-west1,gcp,download,/function/fit.000005.000006.txt,0.000282,67300152.0
9,gcp,europe-west1,512,MB,europe-west1,gcp,download,/function/fit.000005.000016.txt,0.00028,60446020.0
9,gcp,europe-west1,512,MB,europe-west1,gcp,download,/function/fit.000005.000019.txt,0.000283,66019627.0
9,gcp,europe-west1,512,MB,europe-west1,gcp,download,/function/fit.000005.000023.txt,0.000282,76579085.5
9,gcp,europe-west1,512,MB,europe-west1,gcp,download,/function/fit.000005.000024.txt,0.000282,63414394.5
9,gcp,europe-west1,512,MB,europe-west1,gcp,download,/function/fit.000005.000029.txt,0.000288,62439870.0
9,gcp,europe-west1,512,MB,europe-west1,gcp,download,/function/fit.000006.000009.txt,0.000281,62089879.5
9,gcp,europe-west1,512,MB,europe-west1,gcp,download,/function/fit.000006.000016.txt,0.000282,66600810.0
9,gcp,europe-west1,512,MB,europe-west1,gcp,download,/function/fit.000006.000019.txt,0.000284,68543767.5
9,gcp,europe-west1,512,MB,europe-west1,gcp,download,/function/fit.000006.000023.txt,0.000286,61236838.5
9,gcp,europe-west1,512,MB,europe-west1,gcp,download,/function/fit.000006.000027.txt,0.000277,64923248.5
9,gcp,europe-west1,512,MB,europe-west1,gcp,download,/function/fit.000007.000008.txt,0.000286,63380949.5
9,gcp,europe-west1,512,MB,europe-west1,gcp,download,/function/fit.000007.000011.txt,0.000294,68146208.5
9,gcp,europe-west1,512,MB,europe-west1,gcp,download,/function/fit.000007.000012.txt,0.000291,69670300.5
9,gcp,europe-west1,512,MB,europe-west1,gcp,download,/function/fit.000007.000013.txt,0.000295,60090051.5
9,gcp,europe-west1,512,MB,europe-west1,gcp,download,/function/fit.000007.000020.txt,0.000285,72063811.0
9,gcp,europe-west1,512,MB,europe-west1,gcp,download,/function/fit.000007.000025.txt,0.000285,68711147.5
9,gcp,europe-west1,512,MB,europe-west1,gcp,download,/function/fit.000007.000026.txt,0.000286,62640429.0
9,gcp,europe-west1,512,MB,europe-west1,gcp,download,/function/fit.000007.000028.txt,0.000279,60284960.0
9,gcp,europe-west1,512,MB,europe-west1,gcp,download,/function/fit.000008.000012.txt,0.000285,57065795.0
9,gcp,europe-west1,512,MB,europe-west1,gcp,download,/function/fit.000008.000013.txt,0.000288,56757302.5
9,gcp,europe-west1,512,MB,europe-west1,gcp,download,/function/fit.000008.000014.txt,0.000294,69139196.5
9,gcp,europe-west1,512,MB,europe-west1,gcp,download,/function/fit.000008.000015.txt,0.000291,73762985.5
9,gcp,europe-west1,512,MB,europe-west1,gcp,download,/function/fit.000008.000017.txt,0.000289,59032875.0
9,gcp,europe-west1,512,MB,europe-west1,gcp,download,/function/fit.000008.000020.txt,0.000292,64849023.0
9,gcp,europe-west1,512,MB,europe-west1,gcp,download,/function/fit.000008.000022.txt,0.000291,69917754.5
9,gcp,europe-west1,512,MB,europe-west1,gcp,download,/function/fit.000008.000025.txt,0.000292,61394158.0
9,gcp,europe-west1,512,MB,europe-west1,gcp,download,/function/fit.000008.000027.txt,0.000285,68790283.5
9,gcp,europe-west1,512,MB,europe-west1,gcp,download,/function/fit.000009.000016.txt,0.000275,71549831.0
9,gcp,europe-west1,512,MB,europe-west1,gcp,download,/function/fit.000009.000019.txt,0.000278,64156712.5
9,gcp,europe-west1,512,MB,europe-west1,gcp,download,/function/fit.000009.000020.txt,0.000277,68995137.0
9,gcp,europe-west1,512,MB,europe-west1,gcp,download,/function/fit.000009.000023.txt,0.000284,65791453.0
9,gcp,europe-west1,512,MB,europe-west1,gcp,download,/function/fit.000009.000026.txt,0.000285,61971864.5
9,gcp,europe-west1,512,MB,europe-west1,gcp,download,/function/fit.000009.000027.txt,0.000285,59241805.0
9,gcp,europe-west1,512,MB,europe-west1,gcp,download,/function/fit.000009.000028.txt,0.000288,78136165.5
9,gcp,europe-west1,512,MB,europe-west1,gcp,download,/function/fit.000010.000015.txt,0.000284,63503673.0
9,gcp,europe-west1,512,MB,europe-west1,gcp,download,/function/fit.000010.000016.txt,0.000285,58556733.5
9,gcp,europe-west1,512,MB,europe-west1,gcp,download,/function/fit.000010.000017.txt,0.000287,60721596.0
9,gcp,europe-west1,512,MB,europe-west1,gcp,download,/function/fit.000010.000018.txt,0.000287,57933042.0
9,gcp,europe-west1,512,MB,europe-west1,gcp,download,/function/fit.000010.000019.txt,0.000281,68858499.0
9,gcp,europe-west1,512,MB,europe-west1,gcp,download,/function/fit.000010.000021.txt,0.000288,63195360.0
9,gcp,europe-west1,512,MB,europe-west1,gcp,download,/function/fit.000010.000024.txt,0.000288,58986234.0
9,gcp,europe-west1,512,MB,europe-west1,gcp,download,/function/fit.000010.000027.txt,0.000279,58875063.0
9,gcp,europe-west1,512,MB,europe-west1,gcp,download,/function/fit.000010.000029.txt,0.000283,60078350.5
9,gcp,europe-west1,512,MB,europe-west1,gcp,download,/function/fit.000010.000030.txt,0.000286,58851961.0
9,gcp,europe-west1,512,MB,europe-west1,gcp,download,/function/fit.000011.000020.txt,0.000283,63439039.0
9,gcp,europe-west1,512,MB,europe-west1,gcp,download,/function/fit.000011.000026.txt,0.000282,62144369.0
9,gcp,europe-west1,512,MB,europe-west1,gcp,download,/function/fit.000011.000028.txt,0.000288,58581741.5
9,gcp,europe-west1,512,MB,europe-west1,gcp,download,/function/fit.000012.000013.txt,0.000291,76888887.5
9,gcp,europe-west1,512,MB,europe-west1,gcp,download,/function/fit.000012.000014.txt,0.000287,72503912.0
9,gcp,europe-west1,512,MB,europe-west1,gcp,download,/function/fit.000012.000020.txt,0.000286,67007372.5
9,gcp,europe-west1,512,MB,europe-west1,gcp,download,/function/fit.000012.000022.txt,0.000292,61921221.0
9,gcp,europe-west1,512,MB,europe-west1,gcp,download,/function/fit.000012.000025.txt,0.000289,60437680.5
9,gcp,europe-west1,512,MB,europe-west1,gcp,download,/function/fit.000012.000026.txt,0.000284,68220857.5
9,gcp,europe-west1,512,MB,europe-west1,gcp,download,/function/fit.000013.000014.txt,0.000289,64286683.5
9,gcp,europe-west1,512,MB,europe-west1,gcp,download,/function/fit.000013.000020.txt,0.000285,67778233.5
9,gcp,europe-west1,512,MB,europe-west1,gcp,download,/function/fit.000013.000022.txt,0.000295,65979900.5
9,gcp,europe-west1,512,MB,europe-west1,gcp,download,/function/fit.000013.000025.txt,0.00029,62295276.0
9,gcp,europe-west1,512,MB,europe-west1,gcp,download,/function/fit.000014.000015.txt,0.000283,61791119.5
9,gcp,europe-west1,512,MB,europe-west1,gcp,download,/function/fit.000014.000017.txt,0.000295,276046731.0
9,gcp,europe-west1,512,MB,europe-west1,gcp,download,/function/fit.000014.000022.txt,0.000293,66721979.0
9,gcp,europe-west1,512,MB,europe-west1,gcp,download,/function/fit.000014.000025.txt,0.000292,73479466.5
9,gcp,europe-west1,512,MB,europe-west1,gcp,download,/function/fit.000015.000016.txt,0.000284,58956305.5
9,gcp,europe-west1,512,MB,europe-west1,gcp,download,/function/fit.000015.000017.txt,0.00029,52877523.5
9,gcp,europe-west1,512,MB,europe-west1,gcp,download,/function/fit.000015.000019.txt,0.000285,66325032.0
9,gcp,europe-west1,512,MB,europe-west1,gcp,download,/function/fit.000015.000020.txt,0.000285,55313342.5
9,gcp,europe-west1,512,MB,europe-west1,gcp,download,/function/fit.000015.000021.txt,0.000283,66500619.5
9,gcp,europe-west1,512,MB,europe-west1,gcp,download,/function/fit.000015.000025.txt,0.000287,67999920.0
9,gcp,europe-west1,512,MB,europe-west1,gcp,download,/function/fit.000015.000026.txt,0.000283,62703222.0
9,gcp,europe-west1,512,MB,europe-west1,gcp,download,/function/fit.000015.000027.txt,0.000289,73224768.0
9,gcp,europe-west1,512,MB,europe-west1,gcp,download,/function/fit.000016.000019.txt,0.000283,58579816.0
9,gcp,europe-west1,512,MB,europe-west1,gcp,download,/function/fit.000016.000021.txt,0.000282,60046743.5
9,gcp,europe-west1,512,MB,europe-west1,gcp,download,/function/fit.000016.000023.txt,0.000282,79694724.5
9,gcp,europe-west1,512,MB,europe-west1,gcp,download,/function/fit.000016.000024.txt,0.000279,67712975.0
9,gcp,europe-west1,512,MB,europe-west1,gcp,download,/function/fit.000016.000027.txt,0.000279,59274601.5
9,gcp,europe-west1,512,MB,europe-west1,gcp,download,/function/fit.000016.000029.txt,0.000282,53699357.5
9,gcp,europe-west1,512,MB,europe-west1,gcp,download,/function/fit.000017.000021.txt,0.000288,69640792.5
9,gcp,europe-west1,512,MB,europe-west1,gcp,download,/function/fit.000017.000025.txt,0.000287,63363698.5
9,gcp,europe-west1,512,MB,europe-west1,gcp,download,/function/fit.000018.000021.txt,0.000288,64995070.0
9,gcp,europe-west1,512,MB,europe-west1,gcp,download,/function/fit.000018.000024.txt,0.000286,65132792.5
9,gcp,europe-west1,512,MB,europe-west1,gcp,download,/function/fit.000018.000029.txt,0.000288,59889673.5
9,gcp,europe-west1,512,MB,europe-west1,gcp,download,/function/fit.000018.000030.txt,0.000294,62574452.5
9,gcp,europe-west1,512,MB,europe-west1,gcp,download,/function/fit.000019.000021.txt,0.000288,62979765.0
9,gcp,europe-west1,512,MB,europe-west1,gcp,download,/function/fit.000019.000023.txt,0.000287,75148938.0
9,gcp,europe-west1,512,MB,europe-west1,gcp,download,/function/fit.000019.000024.txt,0.000281,58995908.0
9,gcp,europe-west1,512,MB,europe-west1,gcp,download,/function/fit.000019.000027.txt,0.000279,74841361.5
9,gcp,europe-west1,512,MB,europe-west1,gcp,download,/function/fit.000019.000029.txt,0.000283,72248379.0
9,gcp,europe-west1,512,MB,europe-west1,gcp,download,/function/fit.000020.000025.txt,0.000289,71407411.5
9,gcp,europe-west1,512,MB,europe-west1,gcp,download,/function/fit.000020.000026.txt,0.000286,62542077.5
9,gcp,europe-west1,512,MB,europe-west1,gcp,download,/function/fit.000020.000027.txt,0.000286,57657028.0
9,gcp,europe-west1,512,MB,europe-west1,gcp,download,/function/fit.000020.000028.txt,0.000289,71236479.5
9,gcp,europe-west1,512,MB,europe-west1,gcp,download,/function/fit.000021.000024.txt,0.000285,65316221.0
9,gcp,europe-west1,512,MB,europe-west1,gcp,download,/function/fit.000021.000027.txt,0.000277,71133688.5
9,gcp,europe-west1,512,MB,europe-west1,gcp,download,/function/fit.000021.000029.txt,0.000281,70894908.5
9,gcp,europe-west1,512,MB,europe-west1,gcp,download,/function/fit.000021.000030.txt,0.000284,61317858.0
9,gcp,europe-west1,512,MB,europe-west1,gcp,download,/function/fit.000022.000025.txt,0.000286,63074042.5
9,gcp,europe-west1,512,MB,europe-west1,gcp,download,/function/fit.000023.000027.txt,0.00028,62371088.0
9,gcp,europe-west1,512,MB,europe-west1,gcp,download,/function/fit.000024.000029.txt,0.00029,55772216.0
9,gcp,europe-west1,512,MB,europe-west1,gcp,download,/function/fit.000024.000030.txt,0.000289,60744313.5
9,gcp,europe-west1,512,MB,europe-west1,gcp,download,/function/fit.000025.000026.txt,0.00029,53311131.5
9,gcp,europe-west1,512,MB,europe-west1,gcp,download,/function/fit.000025.000027.txt,0.000282,61194889.0
9,gcp,europe-west1,512,MB,europe-west1,gcp,download,/function/fit.000026.000027.txt,0.000283,58668397.5
9,gcp,europe-west1,512,MB,europe-west1,gcp,download,/function/fit.000026.000028.txt,0.00029,47942281.5
9,gcp,europe-west1,512,MB,europe-west1,gcp,download,/function/fit.000027.000028.txt,0.000278,56099391.0
9,gcp,europe-west1,512,MB,europe-west1,gcp,download,/function/fit.000029.000030.txt,0.000283,76582133.5
9,gcp,europe-west1,512,MB,europe-west1,gcp,download,/function/mConcatFit,0.048384,67126713.0
9,gcp,europe-west1,512,MB,europe-west1,gcp,download,/function/statfile.tbl,0.005863,49204033.5
9,gcp,europe-west1,512,MB,europe-west1,gcp,upload,/function/fits.tbl,0.029537,300600680.0
