order,function_provider,function_region,function_memory,function_memory_unit,storage_region,storage_provider,transfer_type,file_path,file_size_mb,transfer_time_ns
10,gcp,europe-west1,2048,MB,europe-west1,gcp,download,/function/fits.tbl,0.029537,53366119.0
10,gcp,europe-west1,2048,MB,europe-west1,gcp,download,/function/mBgModel,0.078616,87341789.5
10,gcp,europe-west1,2048,MB,europe-west1,gcp,download,/function/pimages.tbl,0.00511,67145403.5
10,gcp,europe-west1,2048,MB,europe-west1,gcp,upload,/function/corrections.tbl,0.001706,59741625.0
11,gcp,europe-west1,2048,MB,europe-west1,gcp,download,/function/pimages.tbl,0.00511,88969018.5
11,gcp,europe-west1,2048,MB,europe-west1,gcp,upload,/function/modpimages.tbl,0.00575,55583295.0
13,gcp,europe-west1,2048,MB,europe-west1,gcp,download,/function/corrections.tbl,0.001706,47768099.5
13,gcp,europe-west1,2048,MB,europe-west1,gcp,download,/function/mBackground,5.373736,151523308.0
13,gcp,europe-west1,2048,MB,europe-west1,gcp,download,/function/modpimages.tbl,0.00575,46141516.5
13,gcp,europe-west1,2048,MB,europe-west1,gcp,download,/function/p2mass-atlas-001020s-k0860033.fits,4.14432,180948642.5
13,gcp,europe-west1,2048,MB,europe-west1,gcp,download,/function/p2mass-atlas-001020s-k0860033_area.fits,4.14432,145061070.0
13,gcp,europe-west1,2048,MB,europe-west1,gcp,download,/function/p2mass-atlas-001020s-k0860044.fits,4.14432,163424257.5
13,gcp,europe-west1,2048,MB,europe-west1,gcp,download,/function/p2mass-atlas-001020s-k0860044_area.fits,4.14432,132215894.0
13,gcp,europe-west1,2048,MB,europe-west1,gcp,download,/function/p2mass-atlas-001020s-k0860056.fits,4.14432,162697917.5
13,gcp,europe-west1,2048,MB,europe-west1,gcp,download,/function/p2mass-atlas-001020s-k0860056_area.fits,4.14432,133402544.0
13,gcp,europe-west1,2048,MB,europe-west1,gcp,download,/function/p2mass-atlas-001020s-k0870221.fits,4.13568,154419426.5
13,gcp,europe-west1,2048,MB,europe-west1,gcp,download,/function/p2mass-atlas-001020s-k0870221_area.fits,4.13568,150672746.0
13,gcp,europe-west1,2048,MB,europe-west1,gcp,download,/function/p2mass-atlas-001020s-k0870233.fits,4.13568,179791915.0
13,gcp,europe-west1,2048,MB,europe-west1,gcp,download,/function/p2mass-atlas-001020s-k0870233_area.fits,4.13568,158577576.0
13,gcp,europe-west1,2048,MB,europe-west1,gcp,download,/function/p2mass-atlas-001020s-k0870245.fits,4.13568,154027429.0
13,gcp,europe-west1,2048,MB,europe-west1,gcp,download,/function/p2mass-atlas-001020s-k0870245_area.fits,4.13568,129074330.5
13,gcp,europe-west1,2048,MB,europe-west1,gcp,download,/function/p2mass-atlas-001021s-k0490221.fits,4.13568,164109438.0
13,gcp,europe-west1,2048,MB,europe-west1,gcp,download,/function/p2mass-atlas-001021s-k0490221_area.fits,4.13568,166179398.0
13,gcp,europe-west1,2048,MB,europe-west1,gcp,download,/function/p2mass-atlas-001021s-k0490233.fits,4.13568,191496312.0
13,gcp,europe-west1,2048,MB,europe-west1,gcp,download,/function/p2mass-atlas-001021s-k0490233_area.fits,4.13568,156986099.5
13,gcp,europe-west1,2048,MB,europe-west1,gcp,download,/function/p2mass-atlas-001021s-k0490245.fits,4.14432,160610636.0
13,gcp,europe-west1,2048,MB,europe-west1,gcp,download,/function/p2mass-atlas-001021s-k0490245_area.fits,4.14432,900209766.5
13,gcp,europe-west1,2048,MB,europe-west1,gcp,download,/function/p2mass-atlas-001021s-k0560033.fits,4.15296,633343720.0
13,gcp,europe-west1,2048,MB,europe-west1,gcp,download,/function/p2mass-atlas-001021s-k0560033_area.fits,4.15296,167337376.5
13,gcp,europe-west1,2048,MB,europe-west1,gcp,download,/function/p2mass-atlas-001021s-k0560044.fits,4.14432,148827851.5
13,gcp,europe-west1,2048,MB,europe-west1,gcp,download,/function/p2mass-atlas-001021s-k0560044_area.fits,4.14432,123908032.5
13,gcp,europe-west1,2048,MB,europe-west1,gcp,download,/function/p2mass-atlas-001021s-k0560056.fits,4.13568,139185387.5
13,gcp,europe-west1,2048,MB,europe-west1,gcp,download,/function/p2mass-atlas-001021s-k0560056_area.fits,4.13568,122237478.5
13,gcp,europe-west1,2048,MB,europe-west1,gcp,download,/function/p2mass-atlas-001021s-k0570221.fits,4.14432,181887841.0
13,gcp,europe-west1,2048,MB,europe-west1,gcp,download,/function/p2mass-atlas-001021s-k0570221_area.fits,4.14432,132221474.0
13,gcp,europe-west1,2048,MB,europe-west1,gcp,download,/function/p2mass-atlas-001021s-k0570233.fits,4.13568,149871801.0
13,gcp,europe-west1,2048,MB,europe-west1,gcp,download,/function/p2mass-atlas-001021s-k0570233_area.fits,4.13568,141976899.0
13,gcp,europe-west1,2048,MB,europe-west1,gcp,download,/function/p2mass-atlas-001021s-k0570245.fits,4.14432,129634689.0
13,gcp,europe-west1,2048,MB,europe-west1,gcp,download,/function/p2mass-atlas-001021s-k0570245_area.fits,4.14432,135415193.0
13,gcp,europe-west1,2048,MB,europe-west1,gcp,download,/function/p2mass-atlas-980914s-k0800033.fits,4.14432,158151210.0
13,gcp,europe-west1,2048,MB,europe-west1,gcp,download,/function/p2mass-atlas-980914s-k0800033_area.fits,4.14432,125879982.5
13,gcp,europe-west1,2048,MB,europe-west1,gcp,download,/function/p2mass-atlas-980914s-k0800044.fits,4.14432,191354822.0
13,gcp,europe-west1,2048,MB,europe-west1,gcp,download,/function/p2mass-atlas-980914s-k0800044_area.fits,4.14432,136024883.5
13,gcp,europe-west1,2048,MB,europe-west1,gcp,download,/function/p2mass-atlas-980914s-k0800056.fits,4.14432,148180508.0
13,gcp,europe-west1,2048,MB,europe-west1,gcp,download,/function/p2mass-atlas-980914s-k0800056_area.fits,4.14432,130231374.0
13,gcp,europe-west1,2048,MB,europe-west1,gcp,download,/function/p2mass-atlas-980914s-k0810221.fits,4.14432,147303897.0
13,gcp,europe-west1,2048,MB,europe-west1,gcp,download,/function/p2mass-atlas-980914s-k0810221_area.fits,4.14432,143613487.5
13,gcp,europe-west1,2048,MB,europe-west1,gcp,download,/function/p2mass-atlas-980914s-k0810233.fits,4.14432,164000167.0
13,gcp,europe-west1,2048,MB,europe-west1,gcp,download,/function/p2mass-atlas-980914s-k0810233_area.fits,4.14432,129572445.5
13,gcp,europe-west1,2048,MB,europe-west1,gcp,download,/function/p2mass-atlas-980914s-k0810245.fits,4.14432,152574226.0
13,gcp,europe-west1,2048,MB,europe-west1,gcp,download,/function/p2mass-atlas-980914s-k0810245_area.fits,4.14432,127454642.0
13,gcp,europe-west1,2048,MB,europe-west1,gcp,download,/function/p2mass-atlas-980914s-k0820033.fits,4.14432,180309497.0
13,gcp,europe-west1,2048,MB,europe-west1,gcp,download,/function/p2mass-atlas-980914s-k0820033_area.fits,4.14432,118002823.0
13,gcp,europe-west1,2048,MB,europe-west1,gcp,download,/function/p2mass-atlas-980914s-k0820044.fits,4.14432,140120001.0
13,gcp,europe-west1,2048,MB,europe-west1,gcp,download,/function/p2mass-atlas-980914s-k0820044_area.fits,4.14432,140241724.5
13,gcp,europe-west1,2048,MB,europe-west1,gcp,download,/function/p2mass-atlas-980914s-k0820056.fits,4.13568,161630799.0
13,gcp,europe-west1,2048,MB,europe-west1,gcp,download,/function/p2mass-atlas-980914s-k0820056_area.fits,4.13568,154303779.0
13,gcp,europe-west1,2048,MB,europe-west1,gcp,download,/function/p2mass-atlas-980914s-k0830221.fits,4.14432,172968524.0
13,gcp,europe-west1,2048,MB,europe-west1,gcp,download,/function/p2mass-atlas-980914s-k0830221_area.fits,4.14432,131458314.5
13,gcp,europe-west1,2048,MB,europe-west1,gcp,download,/function/p2mass-atlas-980914s-k0830233.fits,4.14432,175412424.5
13,gcp,europe-west1,2048,MB,europe-west1,gcp,download,/function/p2mass-atlas-980914s-k0830233_area.fits,4.14432,129677295.5
13,gcp,europe-west1,2048,MB,europe-west1,gcp,download,/function/p2mass-atlas-980914s-k0830245.fits,4.14432,158954773.0
13,gcp,europe-west1,2048,MB,europe-west1,gcp,download,/function/p2mass-atlas-980914s-k0830245_area.fits,4.14432,132402066.5
13,gcp,europe-west1,2048,MB,europe-west1,gcp,download,/function/p2mass-atlas-980914s-k0840033.fits,4.14432,163975259.0
13,gcp,europe-west1,2048,MB,europe-west1,gcp,download,/function/p2mass-atlas-980914s-k0840033_area.fits,4.14432,125593718.5
13,gcp,europe-west1,2048,MB,europe-west1,gcp,download,/function/p2mass-atlas-980914s-k0840044.fits,4.14432,149501623.0
13,gcp,europe-west1,2048,MB,europe-west1,gcp,download,/function/p2mass-atlas-980914s-k0840044_area.fits,4.14432,143037010.0
13,gcp,europe-west1,2048,MB,europe-west1,gcp,download,/function/p2mass-atlas-980914s-k0840056.fits,4.14432,145057907.5
13,gcp,europe-west1,2048,MB,europe-west1,gcp,download,/function/p2mass-atlas-980914s-k0840056_area.fits,4.14432,122039993.5
13,gcp,europe-west1,2048,MB,europe-west1,gcp,upload,/function/corrected/p2mass-atlas-001020s-k0860033_corrected.fits,4.14432,991740833.5
13,gcp,europe-west1,2048,MB,europe-west1,gcp,upload,/function/corrected/p2mass-atlas-001020s-k0860033_corrected_area.fits,4.14432,181716452.0
13,gcp,europe-west1,2048,MB,europe-west1,gcp,upload,/function/corrected/p2mass-atlas-001020s-k0860044_corrected.fits,4.14432,1055043731.5
13,gcp,europe-west1,2048,MB,europe-west1,gcp,upload,/function/corrected/p2mass-atlas-001020s-k0860044_corrected_area.fits,4.14432,166189939.0
13,gcp,europe-west1,2048,MB,europe-west1,gcp,upload,/function/corrected/p2mass-atlas-001020s-k0860056_corrected.fits,4.14432,1024934169.5
13,gcp,europe-west1,2048,MB,europe-west1,gcp,upload,/function/corrected/p2mass-atlas-001020s-k0860056_corrected_area.fits,4.14432,180505314.0
13,gcp,europe-west1,2048,MB,europe-west1,gcp,upload,/function/corrected/p2mass-atlas-001020s-k0870221_corrected.fits,4.13568,1108953711.0
13,gcp,europe-west1,2048,MB,europe-west1,gcp,upload,/function/corrected/p2mass-atlas-001020s-k0870221_corrected_area.fits,4.13568,223764742.0
13,gcp,europe-west1,2048,MB,europe-west1,gcp,upload,/function/corrected/p2mass-atlas-001020s-k0870233_corrected.fits,4.13568,1060487253.0
13,gcp,europe-west1,2048,MB,europe-west1,gcp,upload,/function/corrected/p2mass-atlas-001020s-k0870233_corrected_area.fits,4.13568,224645262.5
13,gcp,europe-west1,2048,MB,europe-west1,gcp,upload,/function/corrected/p2mass-atlas-001020s-k0870245_corrected.fits,4.13568,943207646.5
13,gcp,europe-west1,2048,MB,europe-west1,gcp,upload,/function/corrected/p2mass-atlas-001020s-k0870245_corrected_area.fits,4.13568,225659757.0
13,gcp,europe-west1,2048,MB,europe-west1,gcp,upload,/function/corrected/p2mass-atlas-001021s-k0490221_corrected.fits,4.13568,1120713496.5
13,gcp,europe-west1,2048,MB,europe-west1,gcp,upload,/function/corrected/p2mass-atlas-001021s-k0490221_corrected_area.fits,4.13568,214517470.0
13,gcp,europe-west1,2048,MB,europe-west1,gcp,upload,/function/corrected/p2mass-atlas-001021s-k0490233_corrected.fits,4.13568,1104623479.5
13,gcp,europe-west1,2048,MB,europe-west1,gcp,upload,/function/corrected/p2mass-atlas-001021s-k0490233_corrected_area.fits,4.13568,227827637.5
13,gcp,europe-west1,2048,MB,europe-west1,gcp,upload,/function/corrected/p2mass-atlas-001021s-k0490245_corrected.fits,4.14432,1134499003.5
13,gcp,europe-west1,2048,MB,europe-west1,gcp,upload,/function/corrected/p2mass-atlas-001021s-k0490245_corrected_area.fits,4.14432,210207977.5
13,gcp,europe-west1,2048,MB,europe-west1,gcp,upload,/function/corrected/p2mass-atlas-001021s-k0560033_corrected.fits,4.15296,1028241629.0
13,gcp,europe-west1,2048,MB,europe-west1,gcp,upload,/function/corrected/p2mass-atlas-001021s-k0560033_corrected_area.fits,4.15296,219793678.0
13,gcp,europe-west1,2048,MB,europe-west1,gcp,upload,/function/corrected/p2mass-atlas-001021s-k0560044_corrected.fits,4.14432,896425839.0
13,gcp,europe-west1,2048,MB,europe-west1,gcp,upload,/function/corrected/p2mass-atlas-001021s-k0560044_corrected_area.fits,4.14432,201665179.0
13,gcp,europe-west1,2048,MB,europe-west1,gcp,upload,/function/corrected/p2mass-atlas-001021s-k0560056_corrected.fits,4.13568,900342883.5
13,gcp,europe-west1,2048,MB,europe-west1,gcp,upload,/function/corrected/p2mass-atlas-001021s-k0560056_corrected_area.fits,4.13568,203440230.0
13,gcp,europe-west1,2048,MB,europe-west1,gcp,upload,/function/corrected/p2mass-atlas-001021s-k0570221_corrected.fits,4.14432,889419486.0
13,gcp,europe-west1,2048,MB,europe-west1,gcp,upload,/function/corrected/p2mass-atlas-001021s-k0570221_corrected_area.fits,4.14432,207489408.0
13,gcp,europe-west1,2048,MB,europe-west1,gcp,upload,/function/corrected/p2mass-atlas-001021s-k0570233_corrected.fits,4.13568,1054698892.5
13,gcp,europe-west1,2048,MB,europe-west1,gcp,upload,/function/corrected/p2mass-atlas-001021s-k0570233_corrected_area.fits,4.13568,218765959.5
13,gcp,europe-west1,2048,MB,europe-west1,gcp,upload,/function/corrected/p2mass-atlas-001021s-k0570245_corrected.fits,4.14432,1052435609.0
13,gcp,europe-west1,2048,MB,europe-west1,gcp,upload,/function/corrected/p2mass-atlas-001021s-k0570245_corrected_area.fits,4.14432,230646031.5
13,gcp,europe-west1,2048,MB,europe-west1,gcp,upload,/function/corrected/p2mass-atlas-980914s-k0800033_corrected.fits,4.14432,904917468.0
13,gcp,europe-west1,2048,MB,europe-west1,gcp,upload,/function/corrected/p2mass-atlas-980914s-k0800033_corrected_area.fits,4.14432,177396076.0
13,gcp,europe-west1,2048,MB,europe-west1,gcp,upload,/function/corrected/p2mass-atlas-980914s-k0800044_corrected.fits,4.14432,891388957.0
13,gcp,europe-west1,2048,MB,europe-west1,gcp,upload,/function/corrected/p2mass-atlas-980914s-k0800044_corrected_area.fits,4.14432,184544101.5
13,gcp,europe-west1,2048,MB,europe-west1,gcp,upload,/function/corrected/p2mass-atlas-980914s-k0800056_corrected.fits,4.14432,1047432094.0
13,gcp,europe-west1,2048,MB,europe-west1,gcp,upload,/function/corrected/p2mass-atlas-980914s-k0800056_corrected_area.fits,4.14432,181896785.5
13,gcp,europe-west1,2048,MB,europe-west1,gcp,upload,/function/corrected/p2mass-atlas-980914s-k0810221_corrected.fits,4.14432,1004151707.5
13,gcp,europe-west1,2048,MB,europe-west1,gcp,upload,/function/corrected/p2mass-atlas-980914s-k0810221_corrected_area.fits,4.14432,174882432.0
13,gcp,europe-west1,2048,MB,europe-west1,gcp,upload,/function/corrected/p2mass-atlas-980914s-k0810233_corrected.fits,4.14432,902720725.5
13,gcp,europe-west1,2048,MB,europe-west1,gcp,upload,/function/corrected/p2mass-atlas-980914s-k0810233_corrected_area.fits,4.14432,174653847.5
13,gcp,europe-west1,2048,MB,europe-west1,gcp,upload,/function/corrected/p2mass-atlas-980914s-k0810245_corrected.fits,4.14432,958066994.5
13,gcp,europe-west1,2048,MB,europe-west1,gcp,upload,/function/corrected/p2mass-atlas-980914s-k0810245_corrected_area.fits,4.14432,197530037.5
13,gcp,europe-west1,2048,MB,europe-west1,gcp,upload,/function/corrected/p2mass-atlas-980914s-k0820033_corrected.fits,4.14432,1056944124.0
13,gcp,europe-west1,2048,MB,europe-west1,gcp,upload,/function/corrected/p2mass-atlas-980914s-k0820033_corrected_area.fits,4.14432,165882179.5
13,gcp,europe-west1,2048,MB,europe-west1,gcp,upload,/function/corrected/p2mass-atlas-980914s-k0820044_corrected.fits,4.14432,1073725950.0
13,gcp,europe-west1,2048,MB,europe-west1,gcp,upload,/function/corrected/p2mass-atlas-980914s-k0820044_corrected_area.fits,4.14432,160124746.0
13,gcp,europe-west1,2048,MB,europe-west1,gcp,upload,/function/corrected/p2mass-atlas-980914s-k0820056_corrected.fits,4.13568,1050658383.0
13,gcp,europe-west1,2048,MB,europe-west1,gcp,upload,/function/corrected/p2mass-atlas-980914s-k0820056_corrected_area.fits,4.13568,161220648.5
13,gcp,europe-west1,2048,MB,europe-west1,gcp,upload,/function/corrected/p2mass-atlas-980914s-k0830221_corrected.fits,4.14432,909868400.0
13,gcp,europe-west1,2048,MB,europe-west1,gcp,upload,/function/corrected/p2mass-atlas-980914s-k0830221_corrected_area.fits,4.14432,165593317.0
13,gcp,europe-west1,2048,MB,europe-west1,gcp,upload,/function/corrected/p2mass-atlas-980914s-k0830233_corrected.fits,4.14432,920149878.0
13,gcp,europe-west1,2048,MB,europe-west1,gcp,upload,/function/corrected/p2mass-atlas-980914s-k0830233_corrected_area.fits,4.14432,150297158.5
13,gcp,europe-west1,2048,MB,europe-west1,gcp,upload,/function/corrected/p2mass-atlas-980914s-k0830245_corrected.fits,4.14432,925572653.5
13,gcp,europe-west1,2048,MB,europe-west1,gcp,upload,/function/corrected/p2mass-atlas-980914s-k0830245_corrected_area.fits,4.14432,150705533.5
13,gcp,europe-west1,2048,MB,europe-west1,gcp,upload,/function/corrected/p2mass-atlas-980914s-k0840033_corrected.fits,4.14432,953641002.0
13,gcp,europe-west1,2048,MB,europe-west1,gcp,upload,/function/corrected/p2mass-atlas-980914s-k0840033_corrected_area.fits,4.14432,174702644.5
13,gcp,europe-west1,2048,MB,europe-west1,gcp,upload,/function/corrected/p2mass-atlas-980914s-k0840044_corrected.fits,4.14432,914037282.5
13,gcp,europe-west1,2048,MB,europe-west1,gcp,upload,/function/corrected/p2mass-atlas-980914s-k0840044_corrected_area.fits,4.14432,197436666.5
13,gcp,europe-west1,2048,MB,europe-west1,gcp,upload,/function/corrected/p2mass-atlas-980914s-k0840056_corrected.fits,4.14432,927605796.0
13,gcp,europe-west1,2048,MB,europe-west1,gcp,upload,/function/corrected/p2mass-atlas-980914s-k0840056_corrected_area.fits,4.14432,183941950.5
14,gcp,europe-west1,2048,MB,europe-west1,gcp,download,/function/cimages.tbl,0.00511,80991466.5
14,gcp,europe-west1,2048,MB,europe-west1,gcp,download,/function/corrected/p2mass-atlas-001020s-k0860033_corrected.fits,4.14432,144275244.0
14,gcp,europe-west1,2048,MB,europe-west1,gcp,download,/function/corrected/p2mass-atlas-001020s-k0860044_corrected.fits,4.14432,124983863.5
14,gcp,europe-west1,2048,MB,europe-west1,gcp,download,/function/corrected/p2mass-atlas-001020s-k0860056_corrected.fits,4.14432,130706922.0
14,gcp,europe-west1,2048,MB,europe-west1,gcp,download,/function/corrected/p2mass-atlas-001020s-k0870221_corrected.fits,4.13568,128092724.5
14,gcp,europe-west1,2048,MB,europe-west1,gcp,download,/function/corrected/p2mass-atlas-001020s-k0870233_corrected.fits,4.13568,151744781.5
14,gcp,europe-west1,2048,MB,europe-west1,gcp,download,/function/corrected/p2mass-atlas-001020s-k0870245_corrected.fits,4.13568,140881808.5
14,gcp,europe-west1,2048,MB,europe-west1,gcp,download,/function/corrected/p2mass-atlas-001021s-k0490221_corrected.fits,4.13568,161098062.5
14,gcp,europe-west1,2048,MB,europe-west1,gcp,download,/function/corrected/p2mass-atlas-001021s-k0490233_corrected.fits,4.13568,134237429.5
14,gcp,europe-west1,2048,MB,europe-west1,gcp,download,/function/corrected/p2mass-atlas-001021s-k0490245_corrected.fits,4.14432,110765768.5
14,gcp,europe-west1,2048,MB,europe-west1,gcp,download,/function/corrected/p2mass-atlas-001021s-k0560033_corrected.fits,4.15296,129886637.0
14,gcp,europe-west1,2048,MB,europe-west1,gcp,download,/function/corrected/p2mass-atlas-001021s-k0560044_corrected.fits,4.14432,108694420.5
14,gcp,europe-west1,2048,MB,europe-west1,gcp,download,/function/corrected/p2mass-atlas-001021s-k0560056_corrected.fits,4.13568,120605445.5
14,gcp,europe-west1,2048,MB,europe-west1,gcp,download,/function/corrected/p2mass-atlas-001021s-k0570221_corrected.fits,4.14432,147769277.5
14,gcp,europe-west1,2048,MB,europe-west1,gcp,download,/function/corrected/p2mass-atlas-001021s-k0570233_corrected.fits,4.13568,137819476.0
14,gcp,europe-west1,2048,MB,europe-west1,gcp,download,/function/corrected/p2mass-atlas-001021s-k0570245_corrected.fits,4.14432,127495260.0
14,gcp,europe-west1,2048,MB,europe-west1,gcp,download,/function/corrected/p2mass-atlas-980914s-k0800033_corrected.fits,4.14432,129338635.0
14,gcp,europe-west1,2048,MB,europe-west1,gcp,download,/function/corrected/p2mass-atlas-980914s-k0800044_corrected.fits,4.14432,130576842.0
14,gcp,europe-west1,2048,MB,europe-west1,gcp,download,/function/corrected/p2mass-atlas-980914s-k0800056_corrected.fits,4.14432,135298275.5
14,gcp,europe-west1,2048,MB,europe-west1,gcp,download,/function/corrected/p2mass-atlas-980914s-k0810221_corrected.fits,4.14432,126729438.0
14,gcp,europe-west1,2048,MB,europe-west1,gcp,download,/function/corrected/p2mass-atlas-980914s-k0810233_corrected.fits,4.14432,147434072.0
14,gcp,europe-west1,2048,MB,europe-west1,gcp,download,/function/corrected/p2mass-atlas-980914s-k0810245_corrected.fits,4.14432,117761138.5
14,gcp,europe-west1,2048,MB,europe-west1,gcp,download,/function/corrected/p2mass-atlas-980914s-k0820033_corrected.fits,4.14432,128061203.0
14,gcp,europe-west1,2048,MB,europe-west1,gcp,download,/function/corrected/p2mass-atlas-980914s-k0820044_corrected.fits,4.14432,105679007.5
14,gcp,europe-west1,2048,MB,europe-west1,gcp,download,/function/corrected/p2mass-atlas-980914s-k0820056_corrected.fits,4.13568,124748526.0
14,gcp,europe-west1,2048,MB,europe-west1,gcp,download,/function/corrected/p2mass-atlas-980914s-k0830221_corrected.fits,4.14432,107544114.5
14,gcp,europe-west1,2048,MB,europe-west1,gcp,download,/function/corrected/p2mass-atlas-980914s-k0830233_corrected.fits,4.14432,115826282.5
14,gcp,europe-west1,2048,MB,europe-west1,gcp,download,/function/corrected/p2mass-atlas-980914s-k0830245_corrected.fits,4.14432,113327098.5
14,gcp,europe-west1,2048,MB,europe-west1,gcp,download,/function/corrected/p2mass-atlas-980914s-k0840033_corrected.fits,4.14432,111453189.0
14,gcp,europe-west1,2048,MB,europe-west1,gcp,download,/function/corrected/p2mass-atlas-980914s-k0840044_corrected.fits,4.14432,169901123.0
14,gcp,europe-west1,2048,MB,europe-west1,gcp,download,/function/corrected/p2mass-atlas-980914s-k0840056_corrected.fits,4.14432,94125035.0
14,gcp,europe-west1,2048,MB,europe-west1,gcp,download,/function/mImgtbl,5.496352,111147804.0
14,gcp,europe-west1,2048,MB,europe-west1,gcp,upload,/function/cimages.tbl,0.015252,55881679.0
15,gcp,europe-west1,2048,MB,europe-west1,gcp,download,/function/cimages.tbl,0.015252,56661783.0
15,gcp,europe-west1,2048,MB,europe-west1,gcp,download,/function/corrected/p2mass-atlas-001020s-k0860033_corrected.fits,4.14432,102129248.0
15,gcp,europe-west1,2048,MB,europe-west1,gcp,download,/function/corrected/p2mass-atlas-001020s-k0860033_corrected_area.fits,4.14432,108903962.0
15,gcp,europe-west1,2048,MB,europe-west1,gcp,download,/function/corrected/p2mass-atlas-001020s-k0860044_corrected.fits,4.14432,114179557.5
15,gcp,europe-west1,2048,MB,europe-west1,gcp,download,/function/corrected/p2mass-atlas-001020s-k0860044_corrected_area.fits,4.14432,103713117.0
15,gcp,europe-west1,2048,MB,europe-west1,gcp,download,/function/corrected/p2mass-atlas-001020s-k0860056_corrected.fits,4.14432,110191296.0
15,gcp,europe-west1,2048,MB,europe-west1,gcp,download,/function/corrected/p2mass-atlas-001020s-k0860056_corrected_area.fits,4.14432,109324379.0
15,gcp,europe-west1,2048,MB,europe-west1,gcp,download,/function/corrected/p2mass-atlas-001020s-k0870221_corrected.fits,4.13568,168665746.0
15,gcp,europe-west1,2048,MB,europe-west1,gcp,download,/function/corrected/p2mass-atlas-001020s-k0870221_corrected_area.fits,4.13568,119803611.5
15,gcp,europe-west1,2048,MB,europe-west1,gcp,download,/function/corrected/p2mass-atlas-001020s-k0870233_corrected.fits,4.13568,102667885.0
15,gcp,europe-west1,2048,MB,europe-west1,gcp,download,/function/corrected/p2mass-atlas-001020s-k0870233_corrected_area.fits,4.13568,130541533.5
15,gcp,europe-west1,2048,MB,europe-west1,gcp,download,/function/corrected/p2mass-atlas-001020s-k0870245_corrected.fits,4.13568,117264438.0
15,gcp,europe-west1,2048,MB,europe-west1,gcp,download,/function/corrected/p2mass-atlas-001020s-k0870245_corrected_area.fits,4.13568,107326456.0
15,gcp,europe-west1,2048,MB,europe-west1,gcp,download,/function/corrected/p2mass-atlas-001021s-k0490221_corrected.fits,4.13568,138996106.0
15,gcp,europe-west1,2048,MB,europe-west1,gcp,download,/function/corrected/p2mass-atlas-001021s-k0490221_corrected_area.fits,4.13568,114992223.5
15,gcp,europe-west1,2048,MB,europe-west1,gcp,download,/function/corrected/p2mass-atlas-001021s-k0490233_corrected.fits,4.13568,129053947.0
15,gcp,europe-west1,2048,MB,europe-west1,gcp,download,/function/corrected/p2mass-atlas-001021s-k0490233_corrected_area.fits,4.13568,136286463.5
15,gcp,europe-west1,2048,MB,europe-west1,gcp,download,/function/corrected/p2mass-atlas-001021s-k0490245_corrected.fits,4.14432,106333529.5
15,gcp,europe-west1,2048,MB,europe-west1,gcp,download,/function/corrected/p2mass-atlas-001021s-k0490245_corrected_area.fits,4.14432,133413402.0
15,gcp,europe-west1,2048,MB,europe-west1,gcp,download,/function/corrected/p2mass-atlas-001021s-k0560033_corrected.fits,4.15296,121868877.0
15,gcp,europe-west1,2048,MB,europe-west1,gcp,download,/function/corrected/p2mass-atlas-001021s-k0560033_corrected_area.fits,4.15296,124730008.0
15,gcp,europe-west1,2048,MB,europe-west1,gcp,download,/function/corrected/p2mass-atlas-001021s-k0560044_corrected.fits,4.14432,99926912.0
15,gcp,europe-west1,2048,MB,europe-west1,gcp,download,/function/corrected/p2mass-atlas-001021s-k0560044_corrected_area.fits,4.14432,114834371.5
15,gcp,europe-west1,2048,MB,europe-west1,gcp,download,/function/corrected/p2mass-atlas-001021s-k0560056_corrected.fits,4.13568,129625381.5
15,gcp,europe-west1,2048,MB,europe-west1,gcp,download,/function/corrected/p2mass-atlas-001021s-k0560056_corrected_area.fits,4.13568,133009109.5
15,gcp,europe-west1,2048,MB,europe-west1,gcp,download,/function/corrected/p2mass-atlas-001021s-k0570221_corrected.fits,4.14432,97848865.5
15,gcp,europe-west1,2048,MB,europe-west1,gcp,download,/function/corrected/p2mass-atlas-001021s-k0570221_corrected_area.fits,4.14432,115618251.0
15,gcp,europe-west1,2048,MB,europe-west1,gcp,download,/function/corrected/p2mass-atlas-001021s-k0570233_corrected.fits,4.13568,115239618.5
15,gcp,europe-west1,2048,MB,europe-west1,gcp,download,/function/corrected/p2mass-atlas-001021s-k0570233_corrected_area.fits,4.13568,145376747.0
15,gcp,europe-west1,2048,MB,europe-west1,gcp,download,/function/corrected/p2mass-atlas-001021s-k0570245_corrected.fits,4.14432,129848419.0
15,gcp,europe-west1,2048,MB,europe-west1,gcp,download,/function/corrected/p2mass-atlas-001021s-k0570245_corrected_area.fits,4.14432,106503674.5
15,gcp,europe-west1,2048,MB,europe-west1,gcp,download,/function/corrected/p2mass-atlas-980914s-k0800033_corrected.fits,4.14432,92058964.0
15,gcp,europe-west1,2048,MB,europe-west1,gcp,download,/function/corrected/p2mass-atlas-980914s-k0800033_corrected_area.fits,4.14432,111443684.0
15,gcp,europe-west1,2048,MB,europe-west1,gcp,download,/function/corrected/p2mass-atlas-980914s-k0800044_corrected.fits,4.14432,90109387.0
15,gcp,europe-west1,2048,MB,europe-west1,gcp,download,/function/corrected/p2mass-atlas-980914s-k0800044_corrected_area.fits,4.14432,121683872.5
15,gcp,europe-west1,2048,MB,europe-west1,gcp,download,/function/corrected/p2mass-atlas-980914s-k0800056_corrected.fits,4.14432,111550559.0
15,gcp,europe-west1,2048,MB,europe-west1,gcp,download,/function/corrected/p2mass-atlas-980914s-k0800056_corrected_area.fits,4.14432,115621455.0
15,gcp,europe-west1,2048,MB,europe-west1,gcp,download,/function/corrected/p2mass-atlas-980914s-k0810221_corrected.fits,4.14432,122820757.0
15,gcp,europe-west1,2048,MB,europe-west1,gcp,download,/function/corrected/p2mass-atlas-980914s-k0810221_corrected_area.fits,4.14432,109029918.5
15,gcp,europe-west1,2048,MB,europe-west1,gcp,download,/function/corrected/p2mass-atlas-980914s-k0810233_corrected.fits,4.14432,113190994.0
15,gcp,europe-west1,2048,MB,europe-west1,gcp,download,/function/corrected/p2mass-atlas-980914s-k0810233_corrected_area.fits,4.14432,131674603.0
15,gcp,europe-west1,2048,MB,europe-west1,gcp,download,/function/corrected/p2mass-atlas-980914s-k0810245_corrected.fits,4.14432,118911193.0
15,gcp,europe-west1,2048,MB,europe-west1,gcp,download,/function/corrected/p2mass-atlas-980914s-k0810245_corrected_area.fits,4.14432,109133055.0
15,gcp,europe-west1,2048,MB,europe-west1,gcp,download,/function/corrected/p2mass-atlas-980914s-k0820033_corrected.fits,4.14432,96873570.5
15,gcp,europe-west1,2048,MB,europe-west1,gcp,download,/function/corrected/p2mass-atlas-980914s-k0820033_corrected_area.fits,4.14432,112154085.5
15,gcp,europe-west1,2048,MB,europe-west1,gcp,download,/function/corrected/p2mass-atlas-980914s-k0820044_corrected.fits,4.14432,99578145.5
15,gcp,europe-west1,2048,MB,europe-west1,gcp,download,/function/corrected/p2mass-atlas-980914s-k0820044_corrected_area.fits,4.14432,118260084.5
15,gcp,europe-west1,2048,MB,europe-west1,gcp,download,/function/corrected/p2mass-atlas-980914s-k0820056_corrected.fits,4.13568,119385627.5
15,gcp,europe-west1,2048,MB,europe-west1,gcp,download,/function/corrected/p2mass-atlas-980914s-k0820056_corrected_area.fits,4.13568,109516058.5
15,gcp,europe-west1,2048,MB,europe-west1,gcp,download,/function/corrected/p2mass-atlas-980914s-k0830221_corrected.fits,4.14432,115776869.5
15,gcp,europe-west1,2048,MB,europe-west1,gcp,download,/function/corrected/p2mass-atlas-980914s-k0830221_corrected_area.fits,4.14432,114405278.0
15,gcp,europe-west1,2048,MB,europe-west1,gcp,download,/function/corrected/p2mass-atlas-980914s-k0830233_corrected.fits,4.14432,96460145.0
15,gcp,europe-west1,2048,MB,europe-west1,gcp,download,/function/corrected/p2mass-atlas-980914s-k0830233_corrected_area.fits,4.14432,101332171.5
15,gcp,europe-west1,2048,MB,europe-west1,gcp,download,/function/corrected/p2mass-atlas-980914s-k0830245_corrected.fits,4.14432,84406626.5
15,gcp,europe-west1,2048,MB,europe-west1,gcp,download,/function/corrected/p2mass-atlas-980914s-k0830245_corrected_area.fits,4.14432,100003724.0
15,gcp,europe-west1,2048,MB,europe-west1,gcp,download,/function/corrected/p2mass-atlas-980914s-k0840033_corrected.fits,4.14432,100274768.0
15,gcp,europe-west1,2048,MB,europe-west1,gcp,download,/function/corrected/p2mass-atlas-980914s-k0840033_corrected_area.fits,4.14432,113082272.5
15,gcp,europe-west1,2048,MB,europe-west1,gcp,download,/function/corrected/p2mass-atlas-980914s-k0840044_corrected.fits,4.14432,122500753.5
15,gcp,europe-west1,2048,MB,europe-west1,gcp,download,/function/corrected/p2mass-atlas-980914s-k0840044_corrected_area.fits,4.14432,115979997.0
15,gcp,europe-west1,2048,MB,europe-west1,gcp,download,/function/corrected/p2mass-atlas-980914s-k0840056_corrected.fits,4.14432,131236821.5
15,gcp,europe-west1,2048,MB,europe-west1,gcp,download,/function/corrected/p2mass-atlas-980914s-k0840056_corrected_area.fits,4.14432,122492685.5
15,gcp,europe-west1,2048,MB,europe-west1,gcp,download,/function/mAdd,5.411176,110967665.0
15,gcp,europe-west1,2048,MB,europe-west1,gcp,download,/function/region.hdr,0.000277,43388507.5
15,gcp,europe-west1,2048,MB,europe-west1,gcp,upload,/function/mosaic.fits,57.21408,14081082663.0
15,gcp,europe-west1,2048,MB,europe-west1,gcp,upload,/function/mosaic_area.fits,57.21408,1044020273.5
16,gcp,europe-west1,2048,MB,europe-west1,gcp,download,/function/mShrink,5.374048,154680450.0
16,gcp,europe-west1,2048,MB,europe-west1,gcp,download,/function/mosaic.fits,57.21408,992697837.5
16,gcp,europe-west1,2048,MB,europe-west1,gcp,upload,/function/mosaic_shrinked.fits,25.42176,6090000758.5
17,gcp,europe-west1,2048,MB,europe-west1,gcp,download,/function/mViewer,6.537816,208054326.5
17,gcp,europe-west1,2048,MB,europe-west1,gcp,download,/function/mosaic_shrinked.fits,25.42176,444855018.0
17,gcp,europe-west1,2048,MB,europe-west1,gcp,upload,/function/final.png,2.387093,301428366.5
2,gcp,europe-west1,2048,MB,europe-west1,gcp,download,/function/input/2mass-atlas-001020s-k0860033.fits,1.430932,124745270.0
2,gcp,europe-west1,2048,MB,europe-west1,gcp,download,/function/input/2mass-atlas-001020s-k0860044.fits,1.431122,99830095.0
2,gcp,europe-west1,2048,MB,europe-west1,gcp,download,/function/input/2mass-atlas-001020s-k0860056.fits,1.431548,142237518.0
2,gcp,europe-west1,2048,MB,europe-west1,gcp,download,/function/input/2mass-atlas-001020s-k0870221.fits,1.415237,118426944.5
2,gcp,europe-west1,2048,MB,europe-west1,gcp,download,/function/input/2mass-atlas-001020s-k0870233.fits,1.417782,73170498.5
2,gcp,europe-west1,2048,MB,europe-west1,gcp,download,/function/input/2mass-atlas-001020s-k0870245.fits,1.428497,226085616.5
2,gcp,europe-west1,2048,MB,europe-west1,gcp,download,/function/input/2mass-atlas-001021s-k0490221.fits,1.474539,454529303.0
2,gcp,europe-west1,2048,MB,europe-west1,gcp,download,/function/input/2mass-atlas-001021s-k0490233.fits,1.473388,135750500.0
2,gcp,europe-west1,2048,MB,europe-west1,gcp,download,/function/input/2mass-atlas-001021s-k0490245.fits,1.475153,73489906.0
2,gcp,europe-west1,2048,MB,europe-west1,gcp,download,/function/input/2mass-atlas-001021s-k0560033.fits,1.475337,130527089.5
2,gcp,europe-west1,2048,MB,europe-west1,gcp,download,/function/input/2mass-atlas-001021s-k0560044.fits,1.475774,79051388.5
2,gcp,europe-west1,2048,MB,europe-west1,gcp,download,/function/input/2mass-atlas-001021s-k0560056.fits,1.477972,86026699.0
2,gcp,europe-west1,2048,MB,europe-west1,gcp,download,/function/input/2mass-atlas-001021s-k0570221.fits,1.474794,95895200.0
2,gcp,europe-west1,2048,MB,europe-west1,gcp,download,/function/input/2mass-atlas-001021s-k0570233.fits,1.472843,67158361.0
2,gcp,europe-west1,2048,MB,europe-west1,gcp,download,/function/input/2mass-atlas-001021s-k0570245.fits,1.474299,81567355.0
2,gcp,europe-west1,2048,MB,europe-west1,gcp,download,/function/input/2mass-atlas-980914s-k0800033.fits,1.466856,84117665.0
2,gcp,europe-west1,2048,MB,europe-west1,gcp,download,/function/input/2mass-atlas-980914s-k0800044.fits,1.46705,98224383.0
2,gcp,europe-west1,2048,MB,europe-west1,gcp,download,/function/input/2mass-atlas-980914s-k0800056.fits,1.467462,91351146.0
2,gcp,europe-west1,2048,MB,europe-west1,gcp,download,/function/input/2mass-atlas-980914s-k0810221.fits,1.467205,93847254.0
2,gcp,europe-west1,2048,MB,europe-west1,gcp,download,/function/input/2mass-atlas-980914s-k0810233.fits,1.468091,94813024.0
2,gcp,europe-west1,2048,MB,europe-west1,gcp,download,/function/input/2mass-atlas-980914s-k0810245.fits,1.468524,91883709.0
2,gcp,europe-west1,2048,MB,europe-west1,gcp,download,/function/input/2mass-atlas-980914s-k0820033.fits,1.468069,75264239.0
2,gcp,europe-west1,2048,MB,europe-west1,gcp,download,/function/input/2mass-atlas-980914s-k0820044.fits,1.465354,82844120.0
2,gcp,europe-west1,2048,MB,europe-west1,gcp,download,/function/input/2mass-atlas-980914s-k0820056.fits,1.467195,87483306.5
2,gcp,europe-west1,2048,MB,europe-west1,gcp,download,/function/input/2mass-atlas-980914s-k0830221.fits,1.471563,89515611.0
2,gcp,europe-west1,2048,MB,europe-west1,gcp,download,/function/input/2mass-atlas-980914s-k0830233.fits,1.468954,92558369.0
2,gcp,europe-west1,2048,MB,europe-west1,gcp,download,/function/input/2mass-atlas-980914s-k0830245.fits,1.46679,113936360.0
2,gcp,europe-west1,2048,MB,europe-west1,gcp,download,/function/input/2mass-atlas-980914s-k0840033.fits,1.467584,89443141.5
2,gcp,europe-west1,2048,MB,europe-west1,gcp,download,/function/input/2mass-atlas-980914s-k0840044.fits,1.466204,83431571.0
2,gcp,europe-west1,2048,MB,europe-west1,gcp,download,/function/input/2mass-atlas-980914s-k0840056.fits,1.46731,85698117.5
2,gcp,europe-west1,2048,MB,europe-west1,gcp,download,/function/mProjectPP,5.457288,127041151.5
2,gcp,europe-west1,2048,MB,europe-west1,gcp,download,/function/region.hdr,0.000277,50909297.5
2,gcp,europe-west1,2048,MB,europe-west1,gcp,upload,/function/p2mass-atlas-001020s-k0860033.fits,4.14432,1172949214.5
2,gcp,europe-west1,2048,MB,europe-west1,gcp,upload,/function/p2mass-atlas-001020s-k0860033_area.fits,4.14432,190681974.0
2,gcp,europe-west1,2048,MB,europe-west1,gcp,upload,/function/p2mass-atlas-001020s-k0860044.fits,4.14432,1153038423.0
2,gcp,europe-west1,2048,MB,europe-west1,gcp,upload,/function/p2mass-atlas-001020s-k0860044_area.fits,4.14432,168230199.0
2,gcp,europe-west1,2048,MB,europe-west1,gcp,upload,/function/p2mass-atlas-001020s-k0860056.fits,4.14432,985111249.5
2,gcp,europe-west1,2048,MB,europe-west1,gcp,upload,/function/p2mass-atlas-001020s-k0860056_area.fits,4.14432,164083263.0
2,gcp,europe-west1,2048,MB,europe-west1,gcp,upload,/function/p2mass-atlas-001020s-k0870221.fits,4.13568,1052960448.5
2,gcp,europe-west1,2048,MB,europe-west1,gcp,upload,/function/p2mass-atlas-001020s-k0870221_area.fits,4.13568,235380154.0
2,gcp,europe-west1,2048,MB,europe-west1,gcp,upload,/function/p2mass-atlas-001020s-k0870233.fits,4.13568,1190579886.5
2,gcp,europe-west1,2048,MB,europe-west1,gcp,upload,/function/p2mass-atlas-001020s-k0870233_area.fits,4.13568,214147587.0
2,gcp,europe-west1,2048,MB,europe-west1,gcp,upload,/function/p2mass-atlas-001020s-k0870245.fits,4.13568,1138690563.0
2,gcp,europe-west1,2048,MB,europe-west1,gcp,upload,/function/p2mass-atlas-001020s-k0870245_area.fits,4.13568,216420001.5
2,gcp,europe-west1,2048,MB,europe-west1,gcp,upload,/function/p2mass-atlas-001021s-k0490221.fits,4.13568,969573641.5
2,gcp,europe-west1,2048,MB,europe-west1,gcp,upload,/function/p2mass-atlas-001021s-k0490221_area.fits,4.13568,222055564.0
2,gcp,europe-west1,2048,MB,europe-west1,gcp,upload,/function/p2mass-atlas-001021s-k0490233.fits,4.13568,1039687796.5
2,gcp,europe-west1,2048,MB,europe-west1,gcp,upload,/function/p2mass-atlas-001021s-k0490233_area.fits,4.13568,228245620.5
2,gcp,europe-west1,2048,MB,europe-west1,gcp,upload,/function/p2mass-atlas-001021s-k0490245.fits,4.14432,947047908.0
2,gcp,europe-west1,2048,MB,europe-west1,gcp,upload,/function/p2mass-atlas-001021s-k0490245_area.fits,4.14432,219142451.0
2,gcp,europe-west1,2048,MB,europe-west1,gcp,upload,/function/p2mass-atlas-001021s-k0560033.fits,4.15296,943504560.5
2,gcp,europe-west1,2048,MB,europe-west1,gcp,upload,/function/p2mass-atlas-001021s-k0560033_area.fits,4.15296,222475702.5
2,gcp,europe-west1,2048,MB,europe-west1,gcp,upload,/function/p2mass-atlas-001021s-k0560044.fits,4.14432,919895693.0
2,gcp,europe-west1,2048,MB,europe-west1,gcp,upload,/function/p2mass-atlas-001021s-k0560044_area.fits,4.14432,218093711.5
2,gcp,europe-west1,2048,MB,europe-west1,gcp,upload,/function/p2mass-atlas-001021s-k0560056.fits,4.13568,917248340.5
2,gcp,europe-west1,2048,MB,europe-west1,gcp,upload,/function/p2mass-atlas-001021s-k0560056_area.fits,4.13568,222496239.0
2,gcp,europe-west1,2048,MB,europe-west1,gcp,upload,/function/p2mass-atlas-001021s-k0570221.fits,4.14432,974036728.5
2,gcp,europe-west1,2048,MB,europe-west1,gcp,upload,/function/p2mass-atlas-001021s-k0570221_area.fits,4.14432,222299747.5
2,gcp,europe-west1,2048,MB,europe-west1,gcp,upload,/function/p2mass-atlas-001021s-k0570233.fits,4.13568,1047296591.0
2,gcp,europe-west1,2048,MB,europe-west1,gcp,upload,/function/p2mass-atlas-001021s-k0570233_area.fits,4.13568,206411933.0
2,gcp,europe-west1,2048,MB,europe-west1,gcp,upload,/function/p2mass-atlas-001021s-k0570245.fits,4.14432,1065239299.5
2,gcp,europe-west1,2048,MB,europe-west1,gcp,upload,/function/p2mass-atlas-001021s-k0570245_area.fits,4.14432,218459937.5
2,gcp,europe-west1,2048,MB,europe-west1,gcp,upload,/function/p2mass-atlas-980914s-k0800033.fits,4.14432,955741766.0
2,gcp,europe-west1,2048,MB,europe-west1,gcp,upload,/function/p2mass-atlas-980914s-k0800033_area.fits,4.14432,179551112.5
2,gcp,europe-west1,2048,MB,europe-west1,gcp,upload,/function/p2mass-atlas-980914s-k0800044.fits,4.14432,940617047.0
2,gcp,europe-west1,2048,MB,europe-west1,gcp,upload,/function/p2mass-atlas-980914s-k0800044_area.fits,4.14432,185612381.5
2,gcp,europe-west1,2048,MB,europe-west1,gcp,upload,/function/p2mass-atlas-980914s-k0800056.fits,4.14432,1006168126.0
2,gcp,europe-west1,2048,MB,europe-west1,gcp,upload,/function/p2mass-atlas-980914s-k0800056_area.fits,4.14432,189598684.5
2,gcp,europe-west1,2048,MB,europe-west1,gcp,upload,/function/p2mass-atlas-980914s-k0810221.fits,4.14432,1055569071.0
2,gcp,europe-west1,2048,MB,europe-west1,gcp,upload,/function/p2mass-atlas-980914s-k0810221_area.fits,4.14432,171300938.0
2,gcp,europe-west1,2048,MB,europe-west1,gcp,upload,/function/p2mass-atlas-980914s-k0810233.fits,4.14432,941680415.5
2,gcp,europe-west1,2048,MB,europe-west1,gcp,upload,/function/p2mass-atlas-980914s-k0810233_area.fits,4.14432,183579605.5
2,gcp,europe-west1,2048,MB,europe-west1,gcp,upload,/function/p2mass-atlas-980914s-k0810245.fits,4.14432,917329842.0
2,gcp,europe-west1,2048,MB,europe-west1,gcp,upload,/function/p2mass-atlas-980914s-k0810245_area.fits,4.14432,193917906.5
2,gcp,europe-west1,2048,MB,europe-west1,gcp,upload,/function/p2mass-atlas-980914s-k0820033.fits,4.14432,1076736396.5
2,gcp,europe-west1,2048,MB,europe-west1,gcp,upload,/function/p2mass-atlas-980914s-k0820033_area.fits,4.14432,152219051.0
2,gcp,europe-west1,2048,MB,europe-west1,gcp,upload,/function/p2mass-atlas-980914s-k0820044.fits,4.14432,1064013108.5
2,gcp,europe-west1,2048,MB,europe-west1,gcp,upload,/function/p2mass-atlas-980914s-k0820044_area.fits,4.14432,164586455.0
2,gcp,europe-west1,2048,MB,europe-west1,gcp,upload,/function/p2mass-atlas-980914s-k0820056.fits,4.13568,1068131788.5
2,gcp,europe-west1,2048,MB,europe-west1,gcp,upload,/function/p2mass-atlas-980914s-k0820056_area.fits,4.13568,167350090.5
2,gcp,europe-west1,2048,MB,europe-west1,gcp,upload,/function/p2mass-atlas-980914s-k0830221.fits,4.14432,900772134.0
2,gcp,europe-west1,2048,MB,europe-west1,gcp,upload,/function/p2mass-atlas-980914s-k0830221_area.fits,4.14432,145410590.0
2,gcp,europe-west1,2048,MB,europe-west1,gcp,upload,/function/p2mass-atlas-980914s-k0830233.fits,4.14432,905385634.5
2,gcp,europe-west1,2048,MB,europe-west1,gcp,upload,/function/p2mass-atlas-980914s-k0830233_area.fits,4.14432,153332908.5
2,gcp,europe-west1,2048,MB,europe-west1,gcp,upload,/function/p2mass-atlas-980914s-k0830245.fits,4.14432,927660896.5
2,gcp,europe-west1,2048,MB,europe-west1,gcp,upload,/function/p2mass-atlas-980914s-k0830245_area.fits,4.14432,163997527.0
2,gcp,europe-west1,2048,MB,europe-west1,gcp,upload,/function/p2mass-atlas-980914s-k0840033.fits,4.14432,942241701.5
2,gcp,europe-west1,2048,MB,europe-west1,gcp,upload,/function/p2mass-atlas-980914s-k0840033_area.fits,4.14432,179434316.5
2,gcp,europe-west1,2048,MB,europe-west1,gcp,upload,/function/p2mass-atlas-980914s-k0840044.fits,4.14432,852855813.5
2,gcp,europe-west1,2048,MB,europe-west1,gcp,upload,/function/p2mass-atlas-980914s-k0840044_area.fits,4.14432,206197034.0
2,gcp,europe-west1,2048,MB,europe-west1,gcp,upload,/function/p2mass-atlas-980914s-k0840056.fits,4.14432,830224707.0
2,gcp,europe-west1,2048,MB,europe-west1,gcp,upload,/function/p2mass-atlas-980914s-k0840056_area.fits,4.14432,192753499.5
3,gcp,europe-west1,2048,MB,europe-west1,gcp,download,/function/input.imglist,0.001123,49886371.5
3,gcp,europe-west1,2048,MB,europe-west1,gcp,download,/function/input/2mass-atlas-001020s-k0860033.fits,1.430932,73788416.5
3,gcp,europe-west1,2048,MB,europe-west1,gcp,download,/function/input/2mass-atlas-001020s-k0860044.fits,1.431122,70252664.0
3,gcp,europe-west1,2048,MB,europe-west1,gcp,download,/function/input/2mass-atlas-001020s-k0860056.fits,1.431548,60694474.5
3,gcp,europe-west1,2048,MB,europe-west1,gcp,download,/function/input/2mass-atlas-001020s-k0870221.fits,1.415237,70255728.5
3,gcp,europe-west1,2048,MB,europe-west1,gcp,download,/function/input/2mass-atlas-001020s-k0870233.fits,1.417782,97382890.5
3,gcp,europe-west1,2048,MB,europe-west1,gcp,download,/function/input/2mass-atlas-001020s-k0870245.fits,1.428497,67663391.0
3,gcp,europe-west1,2048,MB,europe-west1,gcp,download,/function/input/2mass-atlas-001021s-k0490221.fits,1.474539,68037952.0
3,gcp,europe-west1,2048,MB,europe-west1,gcp,download,/function/input/2mass-atlas-001021s-k0490233.fits,1.473388,66749395.5
3,gcp,europe-west1,2048,MB,europe-west1,gcp,download,/function/input/2mass-atlas-001021s-k0490245.fits,1.475153,69477551.5
3,gcp,europe-west1,2048,MB,europe-west1,gcp,download,/function/input/2mass-atlas-001021s-k0560033.fits,1.475337,69695966.5
3,gcp,europe-west1,2048,MB,europe-west1,gcp,download,/function/input/2mass-atlas-001021s-k0560044.fits,1.475774,70359281.5
3,gcp,europe-west1,2048,MB,europe-west1,gcp,download,/function/input/2mass-atlas-001021s-k0560056.fits,1.477972,67257271.5
3,gcp,europe-west1,2048,MB,europe-west1,gcp,download,/function/input/2mass-atlas-001021s-k0570221.fits,1.474794,70988833.0
3,gcp,europe-west1,2048,MB,europe-west1,gcp,download,/function/input/2mass-atlas-001021s-k0570233.fits,1.472843,76472769.5
3,gcp,europe-west1,2048,MB,europe-west1,gcp,download,/function/input/2mass-atlas-001021s-k0570245.fits,1.474299,72587578.0
3,gcp,europe-west1,2048,MB,europe-west1,gcp,download,/function/input/2mass-atlas-980914s-k0800033.fits,1.466856,61302219.5
3,gcp,europe-west1,2048,MB,europe-west1,gcp,download,/function/input/2mass-atlas-980914s-k0800044.fits,1.46705,70180978.0
3,gcp,europe-west1,2048,MB,europe-west1,gcp,download,/function/input/2mass-atlas-980914s-k0800056.fits,1.467462,76918759.5
3,gcp,europe-west1,2048,MB,europe-west1,gcp,download,/function/input/2mass-atlas-980914s-k0810221.fits,1.467205,70353340.5
3,gcp,europe-west1,2048,MB,europe-west1,gcp,download,/function/input/2mass-atlas-980914s-k0810233.fits,1.468091,71688558.0
3,gcp,europe-west1,2048,MB,europe-west1,gcp,download,/function/input/2mass-atlas-980914s-k0810245.fits,1.468524,68410105.0
3,gcp,europe-west1,2048,MB,europe-west1,gcp,download,/function/input/2mass-atlas-980914s-k0820033.fits,1.468069,76889309.0
3,gcp,europe-west1,2048,MB,europe-west1,gcp,download,/function/input/2mass-atlas-980914s-k0820044.fits,1.465354,74896717.5
3,gcp,europe-west1,2048,MB,europe-west1,gcp,download,/function/input/2mass-atlas-980914s-k0820056.fits,1.467195,74100854.5
3,gcp,europe-west1,2048,MB,europe-west1,gcp,download,/function/input/2mass-atlas-980914s-k0830221.fits,1.471563,72178480.0
3,gcp,europe-west1,2048,MB,europe-west1,gcp,download,/function/input/2mass-atlas-980914s-k0830233.fits,1.468954,71023260.0
3,gcp,europe-west1,2048,MB,europe-west1,gcp,download,/function/input/2mass-atlas-980914s-k0830245.fits,1.46679,63694125.0
3,gcp,europe-west1,2048,MB,europe-west1,gcp,download,/function/input/2mass-atlas-980914s-k0840033.fits,1.467584,67084003.5
3,gcp,europe-west1,2048,MB,europe-west1,gcp,download,/function/input/2mass-atlas-980914s-k0840044.fits,1.466204,68233790.5
3,gcp,europe-west1,2048,MB,europe-west1,gcp,download,/function/input/2mass-atlas-980914s-k0840056.fits,1.46731,63929059.5
3,gcp,europe-west1,2048,MB,europe-west1,gcp,download,/function/mImgtbl,5.496352,120292567.0
3,gcp,europe-west1,2048,MB,europe-west1,gcp,upload,/function/images.tbl,0.01394,53622229.0
4,gcp,europe-west1,2048,MB,europe-west1,gcp,download,/function/images.tbl,0.01394,73034136.5
4,gcp,europe-west1,2048,MB,europe-west1,gcp,download,/function/mDAGTbls,5.47904,117863935.0
4,gcp,europe-west1,2048,MB,europe-west1,gcp,download,/function/region.hdr,0.000277,48283415.0
4,gcp,europe-west1,2048,MB,europe-west1,gcp,upload,/function/cimages.tbl,0.00511,60500331.5
4,gcp,europe-west1,2048,MB,europe-west1,gcp,upload,/function/pimages.tbl,0.00511,54296254.5
4,gcp,europe-west1,2048,MB,europe-west1,gcp,upload,/function/rimages.tbl,0.00508,57441494.0
5,gcp,europe-west1,2048,MB,europe-west1,gcp,download,/function/mOverlaps,0.504048,69436356.0
5,gcp,europe-west1,2048,MB,europe-west1,gcp,download,/function/pimages.tbl,0.00511,70337878.5
5,gcp,europe-west1,2048,MB,europe-west1,gcp,upload,/function/diffs.tbl,0.016167,61591082.0
6,gcp,europe-west1,2048,MB,europe-west1,gcp,download,/function/diffs.tbl,0.016167,84593711.5
7,gcp,europe-west1,2048,MB,europe-west1,gcp,download,/function/mDiff,5.373008,115410671.0
7,gcp,europe-west1,2048,MB,europe-west1,gcp,download,/function/mFitplane,5.372232,116487931.0
7,gcp,europe-west1,2048,MB,europe-west1,gcp,download,/function/p2mass-atlas-001020s-k0860033.fits,4.14432,129655821.0
7,gcp,europe-west1,2048,MB,europe-west1,gcp,download,/function/p2mass-atlas-001020s-k0860033_area.fits,4.14432,115403559.0
7,gcp,europe-west1,2048,MB,europe-west1,gcp,download,/function/p2mass-atlas-001020s-k0860044.fits,4.14432,119447826.5
7,gcp,europe-west1,2048,MB,europe-west1,gcp,download,/function/p2mass-atlas-001020s-k0860044_area.fits,4.14432,109087476.0
7,gcp,europe-west1,2048,MB,europe-west1,gcp,download,/function/p2mass-atlas-001020s-k0860056.fits,4.14432,124426526.5
7,gcp,europe-west1,2048,MB,europe-west1,gcp,download,/function/p2mass-atlas-001020s-k0860056_area.fits,4.14432,109055536.0
7,gcp,europe-west1,2048,MB,europe-west1,gcp,download,/function/p2mass-atlas-001020s-k0870221.fits,4.13568,108811137.0
7,gcp,europe-west1,2048,MB,europe-west1,gcp,download,/function/p2mass-atlas-001020s-k0870221_area.fits,4.13568,104714735.5
7,gcp,europe-west1,2048,MB,europe-west1,gcp,download,/function/p2mass-atlas-001020s-k0870233.fits,4.13568,114628148.5
7,gcp,europe-west1,2048,MB,europe-west1,gcp,download,/function/p2mass-atlas-001020s-k0870233_area.fits,4.13568,104489954.0
7,gcp,europe-west1,2048,MB,europe-west1,gcp,download,/function/p2mass-atlas-001020s-k0870245.fits,4.13568,124227078.5
7,gcp,europe-west1,2048,MB,europe-west1,gcp,download,/function/p2mass-atlas-001020s-k0870245_area.fits,4.13568,107624474.5
7,gcp,europe-west1,2048,MB,europe-west1,gcp,download,/function/p2mass-atlas-001021s-k0490221.fits,4.13568,110992340.0
7,gcp,europe-west1,2048,MB,europe-west1,gcp,download,/function/p2mass-atlas-001021s-k0490221_area.fits,4.13568,105434366.5
7,gcp,europe-west1,2048,MB,europe-west1,gcp,download,/function/p2mass-atlas-001021s-k0490233.fits,4.13568,107857082.0
7,gcp,europe-west1,2048,MB,europe-west1,gcp,download,/function/p2mass-atlas-001021s-k0490233_area.fits,4.13568,99619846.0
7,gcp,europe-west1,2048,MB,europe-west1,gcp,download,/function/p2mass-atlas-001021s-k0490245.fits,4.14432,110180507.5
7,gcp,europe-west1,2048,MB,europe-west1,gcp,download,/function/p2mass-atlas-001021s-k0490245_area.fits,4.14432,106245206.5
7,gcp,europe-west1,2048,MB,europe-west1,gcp,download,/function/p2mass-atlas-001021s-k0560033.fits,4.15296,123155521.0
7,gcp,europe-west1,2048,MB,europe-west1,gcp,download,/function/p2mass-atlas-001021s-k0560033_area.fits,4.15296,114751145.0
7,gcp,europe-west1,2048,MB,europe-west1,gcp,download,/function/p2mass-atlas-001021s-k0560044.fits,4.14432,108677239.5
7,gcp,europe-west1,2048,MB,europe-west1,gcp,download,/function/p2mass-atlas-001021s-k0560044_area.fits,4.14432,107023745.0
7,gcp,europe-west1,2048,MB,europe-west1,gcp,download,/function/p2mass-atlas-001021s-k0560056.fits,4.13568,119577322.5
7,gcp,europe-west1,2048,MB,europe-west1,gcp,download,/function/p2mass-atlas-001021s-k0560056_area.fits,4.13568,100766207.5
7,gcp,europe-west1,2048,MB,europe-west1,gcp,download,/function/p2mass-atlas-001021s-k0570221.fits,4.14432,110578831.0
7,gcp,europe-west1,2048,MB,europe-west1,gcp,download,/function/p2mass-atlas-001021s-k0570221_area.fits,4.14432,100174280.0
7,gcp,europe-west1,2048,MB,europe-west1,gcp,download,/function/p2mass-atlas-001021s-k0570233.fits,4.13568,107428245.0
7,gcp,europe-west1,2048,MB,europe-west1,gcp,download,/function/p2mass-atlas-001021s-k0570233_area.fits,4.13568,99304238.0
7,gcp,europe-west1,2048,MB,europe-west1,gcp,download,/function/p2mass-atlas-001021s-k0570245.fits,4.14432,140343009.5
7,gcp,europe-west1,2048,MB,europe-west1,gcp,download,/function/p2mass-atlas-001021s-k0570245_area.fits,4.14432,114257553.0
7,gcp,europe-west1,2048,MB,europe-west1,gcp,download,/function/p2mass-atlas-980914s-k0800033.fits,4.14432,115296584.0
7,gcp,europe-west1,2048,MB,europe-west1,gcp,download,/function/p2mass-atlas-980914s-k0800033_area.fits,4.14432,101616071.0
7,gcp,europe-west1,2048,MB,europe-west1,gcp,download,/function/p2mass-atlas-980914s-k0800044.fits,4.14432,123539085.0
7,gcp,europe-west1,2048,MB,europe-west1,gcp,download,/function/p2mass-atlas-980914s-k0800044_area.fits,4.14432,105025192.5
7,gcp,europe-west1,2048,MB,europe-west1,gcp,download,/function/p2mass-atlas-980914s-k0800056.fits,4.14432,114396865.0
7,gcp,europe-west1,2048,MB,europe-west1,gcp,download,/function/p2mass-atlas-980914s-k0800056_area.fits,4.14432,103799967.0
7,gcp,europe-west1,2048,MB,europe-west1,gcp,download,/function/p2mass-atlas-980914s-k0810221.fits,4.14432,109205147.0
7,gcp,europe-west1,2048,MB,europe-west1,gcp,download,/function/p2mass-atlas-980914s-k0810221_area.fits,4.14432,98408735.5
7,gcp,europe-west1,2048,MB,europe-west1,gcp,download,/function/p2mass-atlas-980914s-k0810233.fits,4.14432,109723361.0
7,gcp,europe-west1,2048,MB,europe-west1,gcp,download,/function/p2mass-atlas-980914s-k0810233_area.fits,4.14432,101918899.0
7,gcp,europe-west1,2048,MB,europe-west1,gcp,download,/function/p2mass-atlas-980914s-k0810245.fits,4.14432,113936518.0
7,gcp,europe-west1,2048,MB,europe-west1,gcp,download,/function/p2mass-atlas-980914s-k0810245_area.fits,4.14432,101839353.0
7,gcp,europe-west1,2048,MB,europe-west1,gcp,download,/function/p2mass-atlas-980914s-k0820033.fits,4.14432,125918684.0
7,gcp,europe-west1,2048,MB,europe-west1,gcp,download,/function/p2mass-atlas-980914s-k0820033_area.fits,4.14432,105147379.0
7,gcp,europe-west1,2048,MB,europe-west1,gcp,download,/function/p2mass-atlas-980914s-k0820044.fits,4.14432,113569806.0
7,gcp,europe-west1,2048,MB,europe-west1,gcp,download,/function/p2mass-atlas-980914s-k0820044_area.fits,4.14432,95987968.5
7,gcp,europe-west1,2048,MB,europe-west1,gcp,download,/function/p2mass-atlas-980914s-k0820056.fits,4.13568,108008544.5
7,gcp,europe-west1,2048,MB,europe-west1,gcp,download,/function/p2mass-atlas-980914s-k0820056_area.fits,4.13568,103893651.5
7,gcp,europe-west1,2048,MB,europe-west1,gcp,download,/function/p2mass-atlas-980914s-k0830221.fits,4.14432,108809991.0
7,gcp,europe-west1,2048,MB,europe-west1,gcp,download,/function/p2mass-atlas-980914s-k0830221_area.fits,4.14432,97840236.0
7,gcp,europe-west1,2048,MB,europe-west1,gcp,download,/function/p2mass-atlas-980914s-k0830233.fits,4.14432,116144928.5
7,gcp,europe-west1,2048,MB,europe-west1,gcp,download,/function/p2mass-atlas-980914s-k0830233_area.fits,4.14432,97154484.5
7,gcp,europe-west1,2048,MB,europe-west1,gcp,download,/function/p2mass-atlas-980914s-k0830245.fits,4.14432,141953896.5
7,gcp,europe-west1,2048,MB,europe-west1,gcp,download,/function/p2mass-atlas-980914s-k0830245_area.fits,4.14432,110761580.0
7,gcp,europe-west1,2048,MB,europe-west1,gcp,download,/function/p2mass-atlas-980914s-k0840033.fits,4.14432,136733610.5
7,gcp,europe-west1,2048,MB,europe-west1,gcp,download,/function/p2mass-atlas-980914s-k0840033_area.fits,4.14432,150003508.0
7,gcp,europe-west1,2048,MB,europe-west1,gcp,download,/function/p2mass-atlas-980914s-k0840044.fits,4.14432,118184305.0
7,gcp,europe-west1,2048,MB,europe-west1,gcp,download,/function/p2mass-atlas-980914s-k0840044_area.fits,4.14432,112186236.0
7,gcp,europe-west1,2048,MB,europe-west1,gcp,download,/function/p2mass-atlas-980914s-k0840056.fits,4.14432,119084222.5
7,gcp,europe-west1,2048,MB,europe-west1,gcp,download,/function/p2mass-atlas-980914s-k0840056_area.fits,4.14432,105321108.0
7,gcp,europe-west1,2048,MB,europe-west1,gcp,download,/function/region.hdr,0.000277,41177091.5
7,gcp,europe-west1,2048,MB,europe-west1,gcp,upload,/function/diff.000001.000007.fits,1.02528,210565794.5
7,gcp,europe-west1,2048,MB,europe-west1,gcp,upload,/function/diff.000001.000007_area.fits,1.02528,72583173.0
7,gcp,europe-west1,2048,MB,europe-west1,gcp,upload,/function/diff.000001.000011.fits,3.31776,582238776.0
7,gcp,europe-west1,2048,MB,europe-west1,gcp,upload,/function/diff.000001.000011_area.fits,3.31776,159524692.0
7,gcp,europe-west1,2048,MB,europe-west1,gcp,upload,/function/diff.000001.000012.fits,0.22176,98510028.0
7,gcp,europe-west1,2048,MB,europe-west1,gcp,upload,/function/diff.000001.000012_area.fits,0.22176,66503973.0
7,gcp,europe-west1,2048,MB,europe-west1,gcp,upload,/function/diff.000001.000020.fits,0.14112,71121814.5
7,gcp,europe-west1,2048,MB,europe-west1,gcp,upload,/function/diff.000001.000020_area.fits,0.14112,55000777.5
7,gcp,europe-west1,2048,MB,europe-west1,gcp,upload,/function/diff.000001.000025.fits,0.03744,55446508.5
7,gcp,europe-west1,2048,MB,europe-west1,gcp,upload,/function/diff.000001.000025_area.fits,0.03744,53255692.0
7,gcp,europe-west1,2048,MB,europe-west1,gcp,upload,/function/diff.000001.000026.fits,0.59328,192859169.5
7,gcp,europe-west1,2048,MB,europe-west1,gcp,upload,/function/diff.000001.000026_area.fits,0.59328,65858773.0
7,gcp,europe-west1,2048,MB,europe-west1,gcp,upload,/function/diff.000001.000028.fits,0.4464,97278282.5
7,gcp,europe-west1,2048,MB,europe-west1,gcp,upload,/function/diff.000001.000028_area.fits,0.4464,70819477.0
7,gcp,europe-west1,2048,MB,europe-west1,gcp,upload,/function/diff.000002.000006.fits,0.4464,94738969.0
7,gcp,europe-west1,2048,MB,europe-west1,gcp,upload,/function/diff.000002.000006_area.fits,0.4464,62788027.0
7,gcp,europe-west1,2048,MB,europe-west1,gcp,upload,/function/diff.000002.000009.fits,3.33792,583716795.0
7,gcp,europe-west1,2048,MB,europe-west1,gcp,upload,/function/diff.000002.000009_area.fits,3.33792,133883412.0
7,gcp,europe-west1,2048,MB,europe-west1,gcp,upload,/function/diff.000002.000015.fits,0.22464,98993740.5
7,gcp,europe-west1,2048,MB,europe-west1,gcp,upload,/function/diff.000002.000015_area.fits,0.22464,55385890.0
7,gcp,europe-west1,2048,MB,europe-west1,gcp,upload,/function/diff.000002.000016.fits,0.14112,63728711.5
7,gcp,europe-west1,2048,MB,europe-west1,gcp,upload,/function/diff.000002.000016_area.fits,0.14112,56080891.0
7,gcp,europe-west1,2048,MB,europe-west1,gcp,upload,/function/diff.000002.000019.fits,0.12672,63740377.0
7,gcp,europe-west1,2048,MB,europe-west1,gcp,upload,/function/diff.000002.000019_area.fits,0.12672,55750755.5
7,gcp,europe-west1,2048,MB,europe-west1,gcp,upload,/function/diff.000002.000020.fits,0.14688,64950986.0
7,gcp,europe-west1,2048,MB,europe-west1,gcp,upload,/function/diff.000002.000020_area.fits,0.14688,55632118.5
7,gcp,europe-west1,2048,MB,europe-west1,gcp,upload,/function/diff.000002.000023.fits,0.40032,102327479.0
7,gcp,europe-west1,2048,MB,europe-west1,gcp,upload,/function/diff.000002.000023_area.fits,0.40032,55630762.0
7,gcp,europe-west1,2048,MB,europe-west1,gcp,upload,/function/diff.000002.000025.fits,0.03168,53292500.5
7,gcp,europe-west1,2048,MB,europe-west1,gcp,upload,/function/diff.000002.000025_area.fits,0.03168,49583676.0
7,gcp,europe-west1,2048,MB,europe-west1,gcp,upload,/function/diff.000002.000026.fits,0.52704,134812861.5
7,gcp,europe-west1,2048,MB,europe-west1,gcp,upload,/function/diff.000002.000026_area.fits,0.52704,59226229.5
7,gcp,europe-west1,2048,MB,europe-west1,gcp,upload,/function/diff.000002.000027.fits,1.01952,174448739.0
7,gcp,europe-west1,2048,MB,europe-west1,gcp,upload,/function/diff.000002.000027_area.fits,1.01952,68539536.5
7,gcp,europe-west1,2048,MB,europe-west1,gcp,upload,/function/diff.000002.000028.fits,0.46656,83321724.0
7,gcp,europe-west1,2048,MB,europe-west1,gcp,upload,/function/diff.000002.000028_area.fits,0.46656,62623688.5
7,gcp,europe-west1,2048,MB,europe-west1,gcp,upload,/function/diff.000003.000005.fits,4.06368,844285131.5
7,gcp,europe-west1,2048,MB,europe-west1,gcp,upload,/function/diff.000003.000005_area.fits,4.06368,157140053.5
7,gcp,europe-west1,2048,MB,europe-west1,gcp,upload,/function/diff.000003.000006.fits,0.42912,119500724.0
7,gcp,europe-west1,2048,MB,europe-west1,gcp,upload,/function/diff.000003.000006_area.fits,0.42912,60161910.5
7,gcp,europe-west1,2048,MB,europe-west1,gcp,upload,/function/diff.000003.000016.fits,0.13248,73020413.0
7,gcp,europe-west1,2048,MB,europe-west1,gcp,upload,/function/diff.000003.000016_area.fits,0.13248,61792224.0
7,gcp,europe-west1,2048,MB,europe-west1,gcp,upload,/function/diff.000003.000019.fits,0.14688,61882392.0
7,gcp,europe-west1,2048,MB,europe-west1,gcp,upload,/function/diff.000003.000019_area.fits,0.14688,65923328.0
7,gcp,europe-west1,2048,MB,europe-west1,gcp,upload,/function/diff.000003.000023.fits,0.46656,92245377.5
7,gcp,europe-west1,2048,MB,europe-west1,gcp,upload,/function/diff.000003.000023_area.fits,0.46656,65847497.0
7,gcp,europe-west1,2048,MB,europe-west1,gcp,upload,/function/diff.000003.000024.fits,0.22464,95213396.5
7,gcp,europe-west1,2048,MB,europe-west1,gcp,upload,/function/diff.000003.000024_area.fits,0.22464,60047258.5
7,gcp,europe-west1,2048,MB,europe-west1,gcp,upload,/function/diff.000003.000029.fits,0.20736,69046971.0
7,gcp,europe-west1,2048,MB,europe-west1,gcp,upload,/function/diff.000003.000029_area.fits,0.20736,50059321.5
7,gcp,europe-west1,2048,MB,europe-west1,gcp,upload,/function/diff.000004.000008.fits,0.576,117524138.5
7,gcp,europe-west1,2048,MB,europe-west1,gcp,upload,/function/diff.000004.000008_area.fits,0.576,65832669.0
7,gcp,europe-west1,2048,MB,europe-west1,gcp,upload,/function/diff.000004.000010.fits,0.55296,126858368.0
7,gcp,europe-west1,2048,MB,europe-west1,gcp,upload,/function/diff.000004.000010_area.fits,0.55296,68783396.5
7,gcp,europe-west1,2048,MB,europe-west1,gcp,upload,/function/diff.000004.000014.fits,0.42912,85629922.5
7,gcp,europe-west1,2048,MB,europe-west1,gcp,upload,/function/diff.000004.000014_area.fits,0.42912,64048401.5
7,gcp,europe-west1,2048,MB,europe-west1,gcp,upload,/function/diff.000004.000015.fits,1.01952,193956288.5
7,gcp,europe-west1,2048,MB,europe-west1,gcp,upload,/function/diff.000004.000015_area.fits,1.01952,75460222.5
7,gcp,europe-west1,2048,MB,europe-west1,gcp,upload,/function/diff.000004.000016.fits,0.03168,54269953.0
7,gcp,europe-west1,2048,MB,europe-west1,gcp,upload,/function/diff.000004.000016_area.fits,0.03168,50380382.5
7,gcp,europe-west1,2048,MB,europe-west1,gcp,upload,/function/diff.000004.000017.fits,3.33216,537934520.5
7,gcp,europe-west1,2048,MB,europe-west1,gcp,upload,/function/diff.000004.000017_area.fits,3.33216,136576260.0
7,gcp,europe-west1,2048,MB,europe-west1,gcp,upload,/function/diff.000004.000019.fits,0.0288,53624793.5
7,gcp,europe-west1,2048,MB,europe-west1,gcp,upload,/function/diff.000004.000019_area.fits,0.0288,55307153.5
7,gcp,europe-west1,2048,MB,europe-west1,gcp,upload,/function/diff.000004.000020.fits,0.03456,55857757.5
7,gcp,europe-west1,2048,MB,europe-west1,gcp,upload,/function/diff.000004.000020_area.fits,0.03456,51439958.5
7,gcp,europe-west1,2048,MB,europe-west1,gcp,upload,/function/diff.000004.000021.fits,0.49248,112540741.5
7,gcp,europe-west1,2048,MB,europe-west1,gcp,upload,/function/diff.000004.000021_area.fits,0.49248,61191120.5
7,gcp,europe-west1,2048,MB,europe-west1,gcp,upload,/function/diff.000004.000025.fits,0.13248,58677595.0
7,gcp,europe-west1,2048,MB,europe-west1,gcp,upload,/function/diff.000004.000025_area.fits,0.13248,48419665.0
7,gcp,europe-west1,2048,MB,europe-west1,gcp,upload,/function/diff.000004.000027.fits,0.22176,87146710.0
7,gcp,europe-west1,2048,MB,europe-west1,gcp,upload,/function/diff.000004.000027_area.fits,0.22176,57491345.0
7,gcp,europe-west1,2048,MB,europe-west1,gcp,upload,/function/diff.000005.000006.fits,0.47232,97145629.5
7,gcp,europe-west1,2048,MB,europe-west1,gcp,upload,/function/diff.000005.000006_area.fits,0.47232,59115623.0
7,gcp,europe-west1,2048,MB,europe-west1,gcp,upload,/function/diff.000005.000016.fits,0.14976,66105274.0
7,gcp,europe-west1,2048,MB,europe-west1,gcp,upload,/function/diff.000005.000016_area.fits,0.14976,53340458.5
7,gcp,europe-west1,2048,MB,europe-west1,gcp,upload,/function/diff.000005.000019.fits,0.16128,74164855.5
7,gcp,europe-west1,2048,MB,europe-west1,gcp,upload,/function/diff.000005.000019_area.fits,0.16128,56487749.5
7,gcp,europe-west1,2048,MB,europe-west1,gcp,upload,/function/diff.000005.000023.fits,0.50976,114323409.0
7,gcp,europe-west1,2048,MB,europe-west1,gcp,upload,/function/diff.000005.000023_area.fits,0.50976,69104063.5
7,gcp,europe-west1,2048,MB,europe-west1,gcp,upload,/function/diff.000005.000024.fits,0.23616,79110027.5
7,gcp,europe-west1,2048,MB,europe-west1,gcp,upload,/function/diff.000005.000024_area.fits,0.23616,55100122.5
7,gcp,europe-west1,2048,MB,europe-west1,gcp,upload,/function/diff.000005.000029.fits,0.22176,67887305.5
7,gcp,europe-west1,2048,MB,europe-west1,gcp,upload,/function/diff.000005.000029_area.fits,0.22176,55635496.0
7,gcp,europe-west1,2048,MB,europe-west1,gcp,upload,/function/diff.000006.000009.fits,0.54432,116750013.0
7,gcp,europe-west1,2048,MB,europe-west1,gcp,upload,/function/diff.000006.000009_area.fits,0.54432,59545507.5
7,gcp,europe-west1,2048,MB,europe-west1,gcp,upload,/function/diff.000006.000016.fits,0.22176,85831556.0
7,gcp,europe-west1,2048,MB,europe-west1,gcp,upload,/function/diff.000006.000016_area.fits,0.22176,51613440.0
7,gcp,europe-west1,2048,MB,europe-west1,gcp,upload,/function/diff.000006.000019.fits,0.22752,74570521.5
7,gcp,europe-west1,2048,MB,europe-west1,gcp,upload,/function/diff.000006.000019_area.fits,0.22752,52934879.0
7,gcp,europe-west1,2048,MB,europe-west1,gcp,upload,/function/diff.000006.000023.fits,4.06656,856939420.0
7,gcp,europe-west1,2048,MB,europe-west1,gcp,upload,/function/diff.000006.000023_area.fits,4.06656,163552617.0
7,gcp,europe-west1,2048,MB,europe-west1,gcp,upload,/function/diff.000006.000027.fits,0.03168,54733242.0
7,gcp,europe-west1,2048,MB,europe-west1,gcp,upload,/function/diff.000006.000027_area.fits,0.03168,47329486.0
7,gcp,europe-west1,2048,MB,europe-west1,gcp,upload,/function/diff.000007.000008.fits,0.03168,56128106.0
7,gcp,europe-west1,2048,MB,europe-west1,gcp,upload,/function/diff.000007.000008_area.fits,0.03168,57525759.0
7,gcp,europe-west1,2048,MB,europe-west1,gcp,upload,/function/diff.000007.000011.fits,0.22464,87524740.0
7,gcp,europe-west1,2048,MB,europe-west1,gcp,upload,/function/diff.000007.000011_area.fits,0.22464,52371263.0
7,gcp,europe-west1,2048,MB,europe-west1,gcp,upload,/function/diff.000007.000012.fits,3.31776,490248978.0
7,gcp,europe-west1,2048,MB,europe-west1,gcp,upload,/function/diff.000007.000012_area.fits,3.31776,141604462.5
7,gcp,europe-west1,2048,MB,europe-west1,gcp,upload,/function/diff.000007.000013.fits,0.22464,86093974.5
7,gcp,europe-west1,2048,MB,europe-west1,gcp,upload,/function/diff.000007.000013_area.fits,0.22464,54486444.0
7,gcp,europe-west1,2048,MB,europe-west1,gcp,upload,/function/diff.000007.000020.fits,0.53568,121768934.0
7,gcp,europe-west1,2048,MB,europe-west1,gcp,upload,/function/diff.000007.000020_area.fits,0.53568,58724757.0
7,gcp,europe-west1,2048,MB,europe-west1,gcp,upload,/function/diff.000007.000025.fits,0.46656,89818670.5
7,gcp,europe-west1,2048,MB,europe-west1,gcp,upload,/function/diff.000007.000025_area.fits,0.46656,63461715.0
7,gcp,europe-west1,2048,MB,europe-west1,gcp,upload,/function/diff.000007.000026.fits,0.144,74134722.5
7,gcp,europe-west1,2048,MB,europe-west1,gcp,upload,/function/diff.000007.000026_area.fits,0.144,56949213.0
7,gcp,europe-west1,2048,MB,europe-west1,gcp,upload,/function/diff.000007.000028.fits,0.03168,56820521.5
7,gcp,europe-west1,2048,MB,europe-west1,gcp,upload,/function/diff.000007.000028_area.fits,0.03168,51999913.0
7,gcp,europe-west1,2048,MB,europe-west1,gcp,upload,/function/diff.000008.000012.fits,0.14112,60385687.0
7,gcp,europe-west1,2048,MB,europe-west1,gcp,upload,/function/diff.000008.000012_area.fits,0.14112,53634843.0
7,gcp,europe-west1,2048,MB,europe-west1,gcp,upload,/function/diff.000008.000013.fits,0.53568,113214992.0
7,gcp,europe-west1,2048,MB,europe-west1,gcp,upload,/function/diff.000008.000013_area.fits,0.53568,63732052.5
7,gcp,europe-west1,2048,MB,europe-west1,gcp,upload,/function/diff.000008.000014.fits,3.30624,573273909.0
7,gcp,europe-west1,2048,MB,europe-west1,gcp,upload,/function/diff.000008.000014_area.fits,3.30624,135840689.5
7,gcp,europe-west1,2048,MB,europe-west1,gcp,upload,/function/diff.000008.000015.fits,0.144,61166854.0
7,gcp,europe-west1,2048,MB,europe-west1,gcp,upload,/function/diff.000008.000015_area.fits,0.144,54047760.5
7,gcp,europe-west1,2048,MB,europe-west1,gcp,upload,/function/diff.000008.000017.fits,0.4608,93302029.0
7,gcp,europe-west1,2048,MB,europe-west1,gcp,upload,/function/diff.000008.000017_area.fits,0.4608,63964968.0
7,gcp,europe-west1,2048,MB,europe-west1,gcp,upload,/function/diff.000008.000020.fits,0.22176,87206130.5
7,gcp,europe-west1,2048,MB,europe-west1,gcp,upload,/function/diff.000008.000020_area.fits,0.22176,50548207.5
7,gcp,europe-west1,2048,MB,europe-west1,gcp,upload,/function/diff.000008.000022.fits,0.4464,89782506.0
7,gcp,europe-west1,2048,MB,europe-west1,gcp,upload,/function/diff.000008.000022_area.fits,0.4464,62667772.0
7,gcp,europe-west1,2048,MB,europe-west1,gcp,upload,/function/diff.000008.000025.fits,1.00512,213840288.5
7,gcp,europe-west1,2048,MB,europe-west1,gcp,upload,/function/diff.000008.000025_area.fits,1.00512,67060538.0
7,gcp,europe-west1,2048,MB,europe-west1,gcp,upload,/function/diff.000008.000027.fits,0.03456,56474382.0
7,gcp,europe-west1,2048,MB,europe-west1,gcp,upload,/function/diff.000008.000027_area.fits,0.03456,50265714.5
7,gcp,europe-west1,2048,MB,europe-west1,gcp,upload,/function/diff.000009.000016.fits,0.03456,53646569.0
7,gcp,europe-west1,2048,MB,europe-west1,gcp,upload,/function/diff.000009.000016_area.fits,0.03456,53678234.5
7,gcp,europe-west1,2048,MB,europe-west1,gcp,upload,/function/diff.000009.000019.fits,0.03168,54048267.0
7,gcp,europe-west1,2048,MB,europe-west1,gcp,upload,/function/diff.000009.000019_area.fits,0.03168,53860024.5
7,gcp,europe-west1,2048,MB,europe-west1,gcp,upload,/function/diff.000009.000020.fits,0.03456,58775282.5
7,gcp,europe-west1,2048,MB,europe-west1,gcp,upload,/function/diff.000009.000020_area.fits,0.03456,50520181.0
7,gcp,europe-west1,2048,MB,europe-west1,gcp,upload,/function/diff.000009.000023.fits,0.48672,123445571.5
7,gcp,europe-west1,2048,MB,europe-west1,gcp,upload,/function/diff.000009.000023_area.fits,0.48672,61169157.0
7,gcp,europe-west1,2048,MB,europe-west1,gcp,upload,/function/diff.000009.000026.fits,0.43488,81292341.5
7,gcp,europe-west1,2048,MB,europe-west1,gcp,upload,/function/diff.000009.000026_area.fits,0.43488,61982474.0
7,gcp,europe-west1,2048,MB,europe-west1,gcp,upload,/function/diff.000009.000027.fits,0.22176,89223856.5
7,gcp,europe-west1,2048,MB,europe-west1,gcp,upload,/function/diff.000009.000027_area.fits,0.22176,61362946.0
7,gcp,europe-west1,2048,MB,europe-west1,gcp,upload,/function/diff.000009.000028.fits,0.58464,141461212.5
7,gcp,europe-west1,2048,MB,europe-west1,gcp,upload,/function/diff.000009.000028_area.fits,0.58464,61971790.0
7,gcp,europe-west1,2048,MB,europe-west1,gcp,upload,/function/diff.000010.000015.fits,0.14112,64531347.5
7,gcp,europe-west1,2048,MB,europe-west1,gcp,upload,/function/diff.000010.000015_area.fits,0.14112,48417684.0
7,gcp,europe-west1,2048,MB,europe-west1,gcp,upload,/function/diff.000010.000016.fits,0.22176,99970308.0
7,gcp,europe-west1,2048,MB,europe-west1,gcp,upload,/function/diff.000010.000016_area.fits,0.22176,51344018.0
7,gcp,europe-west1,2048,MB,europe-west1,gcp,upload,/function/diff.000010.000017.fits,0.45216,98836482.5
7,gcp,europe-west1,2048,MB,europe-west1,gcp,upload,/function/diff.000010.000017_area.fits,0.45216,63669643.5
7,gcp,europe-west1,2048,MB,europe-west1,gcp,upload,/function/diff.000010.000018.fits,0.47232,87519828.5
7,gcp,europe-west1,2048,MB,europe-west1,gcp,upload,/function/diff.000010.000018_area.fits,0.47232,59925330.5
7,gcp,europe-west1,2048,MB,europe-west1,gcp,upload,/function/diff.000010.000019.fits,0.21024,72720079.0
7,gcp,europe-west1,2048,MB,europe-west1,gcp,upload,/function/diff.000010.000019_area.fits,0.21024,57080960.0
7,gcp,europe-west1,2048,MB,europe-west1,gcp,upload,/function/diff.000010.000021.fits,4.0752,833154947.5
7,gcp,europe-west1,2048,MB,europe-west1,gcp,upload,/function/diff.000010.000021_area.fits,4.0752,187304489.0
7,gcp,europe-west1,2048,MB,europe-west1,gcp,upload,/function/diff.000010.000024.fits,0.1296,63239291.0
7,gcp,europe-west1,2048,MB,europe-west1,gcp,upload,/function/diff.000010.000024_area.fits,0.1296,52506505.0
7,gcp,europe-west1,2048,MB,europe-west1,gcp,upload,/function/diff.000010.000027.fits,0.03456,47452781.5
7,gcp,europe-west1,2048,MB,europe-west1,gcp,upload,/function/diff.000010.000027_area.fits,0.03456,46168938.0
7,gcp,europe-west1,2048,MB,europe-west1,gcp,upload,/function/diff.000010.000029.fits,0.14688,55265128.0
7,gcp,europe-west1,2048,MB,europe-west1,gcp,upload,/function/diff.000010.000029_area.fits,0.14688,53453794.0
7,gcp,europe-west1,2048,MB,europe-west1,gcp,upload,/function/diff.000010.000030.fits,0.42912,112281507.5
7,gcp,europe-west1,2048,MB,europe-west1,gcp,upload,/function/diff.000010.000030_area.fits,0.42912,57456147.0
7,gcp,europe-west1,2048,MB,europe-west1,gcp,upload,/function/diff.000011.000020.fits,0.03168,56929401.0
7,gcp,europe-west1,2048,MB,europe-west1,gcp,upload,/function/diff.000011.000020_area.fits,0.03168,50124807.0
7,gcp,europe-west1,2048,MB,europe-west1,gcp,upload,/function/diff.000011.000026.fits,0.46656,94895802.5
7,gcp,europe-west1,2048,MB,europe-west1,gcp,upload,/function/diff.000011.000026_area.fits,0.46656,61521412.0
7,gcp,europe-west1,2048,MB,europe-west1,gcp,upload,/function/diff.000011.000028.fits,0.53568,116412382.0
7,gcp,europe-west1,2048,MB,europe-west1,gcp,upload,/function/diff.000011.000028_area.fits,0.53568,62036272.5
7,gcp,europe-west1,2048,MB,europe-west1,gcp,upload,/function/diff.000012.000013.fits,1.02528,186091091.5
7,gcp,europe-west1,2048,MB,europe-west1,gcp,upload,/function/diff.000012.000013_area.fits,1.02528,71742641.5
7,gcp,europe-west1,2048,MB,europe-west1,gcp,upload,/function/diff.000012.000014.fits,0.03744,51136650.5
7,gcp,europe-west1,2048,MB,europe-west1,gcp,upload,/function/diff.000012.000014_area.fits,0.03744,51680275.0
7,gcp,europe-west1,2048,MB,europe-west1,gcp,upload,/function/diff.000012.000020.fits,0.4464,80037046.5
7,gcp,europe-west1,2048,MB,europe-west1,gcp,upload,/function/diff.000012.000020_area.fits,0.4464,61745118.5
7,gcp,europe-west1,2048,MB,europe-west1,gcp,upload,/function/diff.000012.000022.fits,0.22176,94952861.5
7,gcp,europe-west1,2048,MB,europe-west1,gcp,upload,/function/diff.000012.000022_area.fits,0.22176,60029092.5
7,gcp,europe-west1,2048,MB,europe-west1,gcp,upload,/function/diff.000012.000025.fits,0.59328,147349692.5
7,gcp,europe-west1,2048,MB,europe-west1,gcp,upload,/function/diff.000012.000025_area.fits,0.59328,61691934.5
7,gcp,europe-west1,2048,MB,europe-west1,gcp,upload,/function/diff.000012.000026.fits,0.03456,47571709.5
7,gcp,europe-west1,2048,MB,europe-west1,gcp,upload,/function/diff.000012.000026_area.fits,0.03456,47155599.0
7,gcp,europe-west1,2048,MB,europe-west1,gcp,upload,/function/diff.000013.000014.fits,0.4608,99424322.0
7,gcp,europe-west1,2048,MB,europe-west1,gcp,upload,/function/diff.000013.000014_area.fits,0.4608,64186804.0
7,gcp,europe-west1,2048,MB,europe-west1,gcp,upload,/function/diff.000013.000020.fits,0.03168,52206846.5
7,gcp,europe-west1,2048,MB,europe-west1,gcp,upload,/function/diff.000013.000020_area.fits,0.03168,53550908.0
7,gcp,europe-west1,2048,MB,europe-west1,gcp,upload,/function/diff.000013.000022.fits,3.31776,547054671.5
7,gcp,europe-west1,2048,MB,europe-west1,gcp,upload,/function/diff.000013.000022_area.fits,3.31776,145043154.5
7,gcp,europe-west1,2048,MB,europe-west1,gcp,upload,/function/diff.000013.000025.fits,0.144,64428277.5
7,gcp,europe-west1,2048,MB,europe-west1,gcp,upload,/function/diff.000013.000025_area.fits,0.144,50343576.5
7,gcp,europe-west1,2048,MB,europe-west1,gcp,upload,/function/diff.000014.000015.fits,0.03168,50611494.0
7,gcp,europe-west1,2048,MB,europe-west1,gcp,upload,/function/diff.000014.000015_area.fits,0.03168,51658943.5
7,gcp,europe-west1,2048,MB,europe-west1,gcp,upload,/function/diff.000014.000017.fits,0.52128,123233388.5
7,gcp,europe-west1,2048,MB,europe-west1,gcp,upload,/function/diff.000014.000017_area.fits,0.52128,59800056.0
7,gcp,europe-west1,2048,MB,europe-west1,gcp,upload,/function/diff.000014.000022.fits,0.58464,144380795.0
7,gcp,europe-west1,2048,MB,europe-west1,gcp,upload,/function/diff.000014.000022_area.fits,0.58464,70363186.0
7,gcp,europe-west1,2048,MB,europe-west1,gcp,upload,/function/diff.000014.000025.fits,0.22176,86043137.5
7,gcp,europe-west1,2048,MB,europe-west1,gcp,upload,/function/diff.000014.000025_area.fits,0.22176,55281905.0
7,gcp,europe-west1,2048,MB,europe-west1,gcp,upload,/function/diff.000015.000016.fits,0.4464,86293332.5
7,gcp,europe-west1,2048,MB,europe-west1,gcp,upload,/function/diff.000015.000016_area.fits,0.4464,56732570.5
7,gcp,europe-west1,2048,MB,europe-west1,gcp,upload,/function/diff.000015.000017.fits,0.22464,74176735.0
7,gcp,europe-west1,2048,MB,europe-west1,gcp,upload,/function/diff.000015.000017_area.fits,0.22464,52811039.5
7,gcp,europe-west1,2048,MB,europe-west1,gcp,upload,/function/diff.000015.000019.fits,0.40608,106110589.5
7,gcp,europe-west1,2048,MB,europe-west1,gcp,upload,/function/diff.000015.000019_area.fits,0.40608,55700723.5
7,gcp,europe-west1,2048,MB,europe-west1,gcp,upload,/function/diff.000015.000020.fits,0.46656,88433676.5
7,gcp,europe-west1,2048,MB,europe-west1,gcp,upload,/function/diff.000015.000020_area.fits,0.46656,58869282.0
7,gcp,europe-west1,2048,MB,europe-west1,gcp,upload,/function/diff.000015.000021.fits,0.1296,63608355.5
7,gcp,europe-west1,2048,MB,europe-west1,gcp,upload,/function/diff.000015.000021_area.fits,0.1296,47754237.0
7,gcp,europe-west1,2048,MB,europe-west1,gcp,upload,/function/diff.000015.000025.fits,0.52704,130715318.0
7,gcp,europe-west1,2048,MB,europe-west1,gcp,upload,/function/diff.000015.000025_area.fits,0.52704,64311306.0
7,gcp,europe-west1,2048,MB,europe-west1,gcp,upload,/function/diff.000015.000026.fits,0.03168,65221301.5
7,gcp,europe-west1,2048,MB,europe-west1,gcp,upload,/function/diff.000015.000026_area.fits,0.03168,50972416.0
7,gcp,europe-west1,2048,MB,europe-west1,gcp,upload,/function/diff.000015.000027.fits,3.33216,574799669.5
7,gcp,europe-west1,2048,MB,europe-west1,gcp,upload,/function/diff.000015.000027_area.fits,3.33216,138498672.0
7,gcp,europe-west1,2048,MB,europe-west1,gcp,upload,/function/diff.000016.000019.fits,4.0752,747015528.5
7,gcp,europe-west1,2048,MB,europe-west1,gcp,upload,/function/diff.000016.000019_area.fits,4.0752,151823665.5
7,gcp,europe-west1,2048,MB,europe-west1,gcp,upload,/function/diff.000016.000021.fits,0.22752,76417510.0
7,gcp,europe-west1,2048,MB,europe-west1,gcp,upload,/function/diff.000016.000021_area.fits,0.22752,58070329.0
7,gcp,europe-west1,2048,MB,europe-west1,gcp,upload,/function/diff.000016.000023.fits,0.21024,74014515.0
7,gcp,europe-west1,2048,MB,europe-west1,gcp,upload,/function/diff.000016.000023_area.fits,0.21024,53021488.5
7,gcp,europe-west1,2048,MB,europe-west1,gcp,upload,/function/diff.000016.000024.fits,0.42912,114097249.0
7,gcp,europe-west1,2048,MB,europe-west1,gcp,upload,/function/diff.000016.000024_area.fits,0.42912,62160469.0
7,gcp,europe-west1,2048,MB,europe-west1,gcp,upload,/function/diff.000016.000027.fits,0.54432,109480637.0
7,gcp,europe-west1,2048,MB,europe-west1,gcp,upload,/function/diff.000016.000027_area.fits,0.54432,62528080.0
7,gcp,europe-west1,2048,MB,europe-west1,gcp,upload,/function/diff.000016.000029.fits,0.47232,81062994.0
7,gcp,europe-west1,2048,MB,europe-west1,gcp,upload,/function/diff.000016.000029_area.fits,0.47232,57833249.5
7,gcp,europe-west1,2048,MB,europe-west1,gcp,upload,/function/diff.000017.000021.fits,0.40608,95064486.5
7,gcp,europe-west1,2048,MB,europe-west1,gcp,upload,/function/diff.000017.000021_area.fits,0.40608,60935656.5
7,gcp,europe-west1,2048,MB,europe-west1,gcp,upload,/function/diff.000017.000025.fits,0.03168,54740774.0
7,gcp,europe-west1,2048,MB,europe-west1,gcp,upload,/function/diff.000017.000025_area.fits,0.03168,52243453.5
7,gcp,europe-west1,2048,MB,europe-west1,gcp,upload,/function/diff.000018.000021.fits,0.50976,107977091.0
7,gcp,europe-west1,2048,MB,europe-west1,gcp,upload,/function/diff.000018.000021_area.fits,0.50976,60764070.5
7,gcp,europe-west1,2048,MB,europe-west1,gcp,upload,/function/diff.000018.000024.fits,0.20736,72983335.0
7,gcp,europe-west1,2048,MB,europe-west1,gcp,upload,/function/diff.000018.000024_area.fits,0.20736,46637683.0
7,gcp,europe-west1,2048,MB,europe-west1,gcp,upload,/function/diff.000018.000029.fits,0.22176,74522383.5
7,gcp,europe-west1,2048,MB,europe-west1,gcp,upload,/function/diff.000018.000029_area.fits,0.22176,52767339.0
7,gcp,europe-west1,2048,MB,europe-west1,gcp,upload,/function/diff.000018.000030.fits,4.06368,860843184.0
7,gcp,europe-west1,2048,MB,europe-west1,gcp,upload,/function/diff.000018.000030_area.fits,4.06368,154710414.5
7,gcp,europe-west1,2048,MB,europe-west1,gcp,upload,/function/diff.000019.000021.fits,0.22176,100839283.5
7,gcp,europe-west1,2048,MB,europe-west1,gcp,upload,/function/diff.000019.000021_area.fits,0.22176,52397857.0
7,gcp,europe-west1,2048,MB,europe-west1,gcp,upload,/function/diff.000019.000023.fits,0.22176,82882817.0
7,gcp,europe-west1,2048,MB,europe-west1,gcp,upload,/function/diff.000019.000023_area.fits,0.22176,52032831.5
7,gcp,europe-west1,2048,MB,europe-west1,gcp,upload,/function/diff.000019.000024.fits,0.46656,87756696.5
7,gcp,europe-west1,2048,MB,europe-west1,gcp,upload,/function/diff.000019.000024_area.fits,0.46656,55510976.0
7,gcp,europe-west1,2048,MB,europe-west1,gcp,upload,/function/diff.000019.000027.fits,0.49248,104944012.0
7,gcp,europe-west1,2048,MB,europe-west1,gcp,upload,/function/diff.000019.000027_area.fits,0.49248,63458973.5
7,gcp,europe-west1,2048,MB,europe-west1,gcp,upload,/function/diff.000019.000029.fits,0.50976,113142329.0
7,gcp,europe-west1,2048,MB,europe-west1,gcp,upload,/function/diff.000019.000029_area.fits,0.50976,67875467.5
7,gcp,europe-west1,2048,MB,europe-west1,gcp,upload,/function/diff.000020.000025.fits,3.30624,571749056.0
7,gcp,europe-west1,2048,MB,europe-west1,gcp,upload,/function/diff.000020.000025_area.fits,3.30624,129968530.0
7,gcp,europe-west1,2048,MB,europe-west1,gcp,upload,/function/diff.000020.000026.fits,1.00512,210708095.5
7,gcp,europe-west1,2048,MB,europe-west1,gcp,upload,/function/diff.000020.000026_area.fits,1.00512,72344898.0
7,gcp,europe-west1,2048,MB,europe-west1,gcp,upload,/function/diff.000020.000027.fits,0.576,120267059.0
7,gcp,europe-west1,2048,MB,europe-west1,gcp,upload,/function/diff.000020.000027_area.fits,0.576,66628589.5
7,gcp,europe-west1,2048,MB,europe-west1,gcp,upload,/function/diff.000020.000028.fits,0.22176,85244058.0
7,gcp,europe-west1,2048,MB,europe-west1,gcp,upload,/function/diff.000020.000028_area.fits,0.22176,55630313.0
7,gcp,europe-west1,2048,MB,europe-west1,gcp,upload,/function/diff.000021.000024.fits,0.144,61439199.0
7,gcp,europe-west1,2048,MB,europe-west1,gcp,upload,/function/diff.000021.000024_area.fits,0.144,52383368.5
7,gcp,europe-west1,2048,MB,europe-west1,gcp,upload,/function/diff.000021.000027.fits,0.03168,49710345.5
7,gcp,europe-west1,2048,MB,europe-west1,gcp,upload,/function/diff.000021.000027_area.fits,0.03168,47303993.0
7,gcp,europe-west1,2048,MB,europe-west1,gcp,upload,/function/diff.000021.000029.fits,0.16128,62752038.0
7,gcp,europe-west1,2048,MB,europe-west1,gcp,upload,/function/diff.000021.000029_area.fits,0.16128,47505225.0
7,gcp,europe-west1,2048,MB,europe-west1,gcp,upload,/function/diff.000021.000030.fits,0.46656,95714570.0
7,gcp,europe-west1,2048,MB,europe-west1,gcp,upload,/function/diff.000021.000030_area.fits,0.46656,58506724.5
7,gcp,europe-west1,2048,MB,europe-west1,gcp,upload,/function/diff.000022.000025.fits,0.03456,47152545.5
7,gcp,europe-west1,2048,MB,europe-west1,gcp,upload,/function/diff.000022.000025_area.fits,0.03456,49179129.5
7,gcp,europe-west1,2048,MB,europe-west1,gcp,upload,/function/diff.000023.000027.fits,0.0288,49322221.0
7,gcp,europe-west1,2048,MB,europe-west1,gcp,upload,/function/diff.000023.000027_area.fits,0.0288,48184153.5
7,gcp,europe-west1,2048,MB,europe-west1,gcp,upload,/function/diff.000024.000029.fits,4.06368,836403455.0
7,gcp,europe-west1,2048,MB,europe-west1,gcp,upload,/function/diff.000024.000029_area.fits,4.06368,151409537.5
7,gcp,europe-west1,2048,MB,europe-west1,gcp,upload,/function/diff.000024.000030.fits,0.22464,86976701.0
7,gcp,europe-west1,2048,MB,europe-west1,gcp,upload,/function/diff.000024.000030_area.fits,0.22464,56622891.5
7,gcp,europe-west1,2048,MB,europe-west1,gcp,upload,/function/diff.000025.000026.fits,0.22176,76818417.0
7,gcp,europe-west1,2048,MB,europe-west1,gcp,upload,/function/diff.000025.000026_area.fits,0.22176,52468019.5
7,gcp,europe-west1,2048,MB,europe-west1,gcp,upload,/function/diff.000025.000027.fits,0.42912,76135150.0
7,gcp,europe-west1,2048,MB,europe-west1,gcp,upload,/function/diff.000025.000027_area.fits,0.42912,59738100.0
7,gcp,europe-west1,2048,MB,europe-west1,gcp,upload,/function/diff.000026.000027.fits,0.13248,53585159.0
7,gcp,europe-west1,2048,MB,europe-west1,gcp,upload,/function/diff.000026.000027_area.fits,0.13248,48861259.5
7,gcp,europe-west1,2048,MB,europe-west1,gcp,upload,/function/diff.000026.000028.fits,3.30624,593164317.0
7,gcp,europe-west1,2048,MB,europe-west1,gcp,upload,/function/diff.000026.000028_area.fits,3.30624,138085428.5
7,gcp,europe-west1,2048,MB,europe-west1,gcp,upload,/function/diff.000027.000028.fits,0.03456,54754098.5
7,gcp,europe-west1,2048,MB,europe-west1,gcp,upload,/function/diff.000027.000028_area.fits,0.03456,50541334.5
7,gcp,europe-west1,2048,MB,europe-west1,gcp,upload,/function/diff.000029.000030.fits,0.23328,76171371.5
7,gcp,europe-west1,2048,MB,europe-west1,gcp,upload,/function/diff.000029.000030_area.fits,0.23328,50479472.0
7,gcp,europe-west1,2048,MB,europe-west1,gcp,upload,/function/fit.000001.000007.txt,0.000287,54316193.5
7,gcp,europe-west1,2048,MB,europe-west1,gcp,upload,/function/fit.000001.000011.txt,0.00029,53889713.0
7,gcp,europe-west1,2048,MB,europe-west1,gcp,upload,/function/fit.000001.000012.txt,0.000288,57060085.5
7,gcp,europe-west1,2048,MB,europe-west1,gcp,upload,/function/fit.000001.000020.txt,0.000284,61098888.5
7,gcp,europe-west1,2048,MB,europe-west1,gcp,upload,/function/fit.000001.000025.txt,0.000286,54779106.0
7,gcp,europe-west1,2048,MB,europe-west1,gcp,upload,/function/fit.000001.000026.txt,0.000287,51894636.5
7,gcp,europe-west1,2048,MB,europe-west1,gcp,upload,/function/fit.000001.000028.txt,0.000286,55994797.0
7,gcp,europe-west1,2048,MB,europe-west1,gcp,upload,/function/fit.000002.000006.txt,0.000282,52647685.5
7,gcp,europe-west1,2048,MB,europe-west1,gcp,upload,/function/fit.000002.000009.txt,0.000285,54045357.5
7,gcp,europe-west1,2048,MB,europe-west1,gcp,upload,/function/fit.000002.000015.txt,0.000288,49139877.0
7,gcp,europe-west1,2048,MB,europe-west1,gcp,upload,/function/fit.000002.000016.txt,0.000278,51133193.0
7,gcp,europe-west1,2048,MB,europe-west1,gcp,upload,/function/fit.000002.000019.txt,0.000281,52911954.0
7,gcp,europe-west1,2048,MB,europe-west1,gcp,upload,/function/fit.000002.000020.txt,0.000286,50511423.5
7,gcp,europe-west1,2048,MB,europe-west1,gcp,upload,/function/fit.000002.000023.txt,0.00028,48447046.5
7,gcp,europe-west1,2048,MB,europe-west1,gcp,upload,/function/fit.000002.000025.txt,0.000281,48511789.5
7,gcp,europe-west1,2048,MB,europe-west1,gcp,upload,/function/fit.000002.000026.txt,0.000286,52569108.5
7,gcp,europe-west1,2048,MB,europe-west1,gcp,upload,/function/fit.000002.000027.txt,0.000286,56518929.0
7,gcp,europe-west1,2048,MB,europe-west1,gcp,upload,/function/fit.000002.000028.txt,0.000283,52846520.0
7,gcp,europe-west1,2048,MB,europe-west1,gcp,upload,/function/fit.000003.000005.txt,0.000288,56065508.5
7,gcp,europe-west1,2048,MB,europe-west1,gcp,upload,/function/fit.000003.000006.txt,0.000279,51767548.5
7,gcp,europe-west1,2048,MB,europe-west1,gcp,upload,/function/fit.000003.000016.txt,0.000279,54297918.5
7,gcp,europe-west1,2048,MB,europe-west1,gcp,upload,/function/fit.000003.000019.txt,0.000282,57442802.5
7,gcp,europe-west1,2048,MB,europe-west1,gcp,upload,/function/fit.000003.000023.txt,0.000281,53221256.0
7,gcp,europe-west1,2048,MB,europe-west1,gcp,upload,/function/fit.000003.000024.txt,0.00029,53645294.5
7,gcp,europe-west1,2048,MB,europe-west1,gcp,upload,/function/fit.000003.000029.txt,0.000284,49545099.5
7,gcp,europe-west1,2048,MB,europe-west1,gcp,upload,/function/fit.000004.000008.txt,0.00029,47836731.5
7,gcp,europe-west1,2048,MB,europe-west1,gcp,upload,/function/fit.000004.000010.txt,0.000285,54632195.5
7,gcp,europe-west1,2048,MB,europe-west1,gcp,upload,/function/fit.000004.000014.txt,0.000288,54273463.5
7,gcp,europe-west1,2048,MB,europe-west1,gcp,upload,/function/fit.000004.000015.txt,0.000288,54059734.5
7,gcp,europe-west1,2048,MB,europe-west1,gcp,upload,/function/fit.000004.000016.txt,0.000278,47985912.5
7,gcp,europe-west1,2048,MB,europe-west1,gcp,upload,/function/fit.000004.000017.txt,0.000291,49860425.0
7,gcp,europe-west1,2048,MB,europe-west1,gcp,upload,/function/fit.000004.000019.txt,0.00028,49826976.5
7,gcp,europe-west1,2048,MB,europe-west1,gcp,upload,/function/fit.000004.000020.txt,0.000283,56820240.5
7,gcp,europe-west1,2048,MB,europe-west1,gcp,upload,/function/fit.000004.000021.txt,0.000286,49502858.5
7,gcp,europe-west1,2048,MB,europe-west1,gcp,upload,/function/fit.000004.000025.txt,0.000285,49236877.5
7,gcp,europe-west1,2048,MB,europe-west1,gcp,upload,/function/fit.000004.000027.txt,0.000287,51114510.5
7,gcp,europe-west1,2048,MB,europe-west1,gcp,upload,/function/fit.000005.000006.txt,0.000282,47840116.5
7,gcp,europe-west1,2048,MB,europe-west1,gcp,upload,/function/fit.000005.000016.txt,0.00028,49095977.0
7,gcp,europe-west1,2048,MB,europe-west1,gcp,upload,/function/fit.000005.000019.txt,0.000283,49558127.0
7,gcp,europe-west1,2048,MB,europe-west1,gcp,upload,/function/fit.000005.000023.txt,0.000282,54480765.0
7,gcp,europe-west1,2048,MB,europe-west1,gcp,upload,/function/fit.000005.000024.txt,0.000282,55002939.5
7,gcp,europe-west1,2048,MB,europe-west1,gcp,upload,/function/fit.000005.000029.txt,0.000288,53023013.5
7,gcp,europe-west1,2048,MB,europe-west1,gcp,upload,/function/fit.000006.000009.txt,0.000281,51220611.5
7,gcp,europe-west1,2048,MB,europe-west1,gcp,upload,/function/fit.000006.000016.txt,0.000282,53208954.5
7,gcp,europe-west1,2048,MB,europe-west1,gcp,upload,/function/fit.000006.000019.txt,0.000284,52796868.5
7,gcp,europe-west1,2048,MB,europe-west1,gcp,upload,/function/fit.000006.000023.txt,0.000286,49201624.0
7,gcp,europe-west1,2048,MB,europe-west1,gcp,upload,/function/fit.000006.000027.txt,0.000277,51279632.0
7,gcp,europe-west1,2048,MB,europe-west1,gcp,upload,/function/fit.000007.000008.txt,0.000286,50132235.0
7,gcp,europe-west1,2048,MB,europe-west1,gcp,upload,/function/fit.000007.000011.txt,0.000294,53733553.0
7,gcp,europe-west1,2048,MB,europe-west1,gcp,upload,/function/fit.000007.000012.txt,0.000291,46230120.5
7,gcp,europe-west1,2048,MB,europe-west1,gcp,upload,/function/fit.000007.000013.txt,0.000295,52180400.5
7,gcp,europe-west1,2048,MB,europe-west1,gcp,upload,/function/fit.000007.000020.txt,0.000285,50254990.0
7,gcp,europe-west1,2048,MB,europe-west1,gcp,upload,/function/fit.000007.000025.txt,0.000285,50341921.0
7,gcp,europe-west1,2048,MB,europe-west1,gcp,upload,/function/fit.000007.000026.txt,0.000286,56940012.5
7,gcp,europe-west1,2048,MB,europe-west1,gcp,upload,/function/fit.000007.000028.txt,0.000279,50792858.0
7,gcp,europe-west1,2048,MB,europe-west1,gcp,upload,/function/fit.000008.000012.txt,0.000285,54062277.5
7,gcp,europe-west1,2048,MB,europe-west1,gcp,upload,/function/fit.000008.000013.txt,0.000288,51807093.5
7,gcp,europe-west1,2048,MB,europe-west1,gcp,upload,/function/fit.000008.000014.txt,0.000294,45589764.5
7,gcp,europe-west1,2048,MB,europe-west1,gcp,upload,/function/fit.000008.000015.txt,0.000291,51339060.5
7,gcp,europe-west1,2048,MB,europe-west1,gcp,upload,/function/fit.000008.000017.txt,0.000289,48672924.0
7,gcp,europe-west1,2048,MB,europe-west1,gcp,upload,/function/fit.000008.000020.txt,0.000292,54774836.0
7,gcp,europe-west1,2048,MB,europe-west1,gcp,upload,/function/fit.000008.000022.txt,0.000291,46565251.0
7,gcp,europe-west1,2048,MB,europe-west1,gcp,upload,/function/fit.000008.000025.txt,0.000292,51865948.5
7,gcp,europe-west1,2048,MB,europe-west1,gcp,upload,/function/fit.000008.000027.txt,0.000285,52105591.0
7,gcp,europe-west1,2048,MB,europe-west1,gcp,upload,/function/fit.000009.000016.txt,0.000275,48688510.0
7,gcp,europe-west1,2048,MB,europe-west1,gcp,upload,/function/fit.000009.000019.txt,0.000278,44459116.0
7,gcp,europe-west1,2048,MB,europe-west1,gcp,upload,/function/fit.000009.000020.txt,0.000277,54267853.5
7,gcp,europe-west1,2048,MB,europe-west1,gcp,upload,/function/fit.000009.000023.txt,0.000284,51894826.5
7,gcp,europe-west1,2048,MB,europe-west1,gcp,upload,/function/fit.000009.000026.txt,0.000285,48149042.0
7,gcp,europe-west1,2048,MB,europe-west1,gcp,upload,/function/fit.000009.000027.txt,0.000285,53632686.5
7,gcp,europe-west1,2048,MB,europe-west1,gcp,upload,/function/fit.000009.000028.txt,0.000288,46793829.0
7,gcp,europe-west1,2048,MB,europe-west1,gcp,upload,/function/fit.000010.000015.txt,0.000284,49587797.5
7,gcp,europe-west1,2048,MB,europe-west1,gcp,upload,/function/fit.000010.000016.txt,0.000285,51209726.0
7,gcp,europe-west1,2048,MB,europe-west1,gcp,upload,/function/fit.000010.000017.txt,0.000287,50416001.0
7,gcp,europe-west1,2048,MB,europe-west1,gcp,upload,/function/fit.000010.000018.txt,0.000287,48649697.0
7,gcp,europe-west1,2048,MB,europe-west1,gcp,upload,/function/fit.000010.000019.txt,0.000281,49668319.0
7,gcp,europe-west1,2048,MB,europe-west1,gcp,upload,/function/fit.000010.000021.txt,0.000288,50100555.0
7,gcp,europe-west1,2048,MB,europe-west1,gcp,upload,/function/fit.000010.000024.txt,0.000288,51127258.5
7,gcp,europe-west1,2048,MB,europe-west1,gcp,upload,/function/fit.000010.000027.txt,0.000279,50606002.0
7,gcp,europe-west1,2048,MB,europe-west1,gcp,upload,/function/fit.000010.000029.txt,0.000283,51393323.5
7,gcp,europe-west1,2048,MB,europe-west1,gcp,upload,/function/fit.000010.000030.txt,0.000286,50258151.0
7,gcp,europe-west1,2048,MB,europe-west1,gcp,upload,/function/fit.000011.000020.txt,0.000283,51288302.0
7,gcp,europe-west1,2048,MB,europe-west1,gcp,upload,/function/fit.000011.000026.txt,0.000282,47339584.0
7,gcp,europe-west1,2048,MB,europe-west1,gcp,upload,/function/fit.000011.000028.txt,0.000288,50697366.5
7,gcp,europe-west1,2048,MB,europe-west1,gcp,upload,/function/fit.000012.000013.txt,0.000291,50990798.5
7,gcp,europe-west1,2048,MB,europe-west1,gcp,upload,/function/fit.000012.000014.txt,0.000287,47948053.5
7,gcp,europe-west1,2048,MB,europe-west1,gcp,upload,/function/fit.000012.000020.txt,0.000286,48154463.0
7,gcp,europe-west1,2048,MB,europe-west1,gcp,upload,/function/fit.000012.000022.txt,0.000292,48296785.0
7,gcp,europe-west1,2048,MB,europe-west1,gcp,upload,/function/fit.000012.000025.txt,0.000289,52805795.5
7,gcp,europe-west1,2048,MB,europe-west1,gcp,upload,/function/fit.000012.000026.txt,0.000284,51830512.0
7,gcp,europe-west1,2048,MB,europe-west1,gcp,upload,/function/fit.000013.000014.txt,0.000289,53798283.5
7,gcp,europe-west1,2048,MB,europe-west1,gcp,upload,/function/fit.000013.000020.txt,0.000285,50749013.0
7,gcp,europe-west1,2048,MB,europe-west1,gcp,upload,/function/fit.000013.000022.txt,0.000295,53856779.5
7,gcp,europe-west1,2048,MB,europe-west1,gcp,upload,/function/fit.000013.000025.txt,0.00029,48730850.0
7,gcp,europe-west1,2048,MB,europe-west1,gcp,upload,/function/fit.000014.000015.txt,0.000283,55238566.0
7,gcp,europe-west1,2048,MB,europe-west1,gcp,upload,/function/fit.000014.000017.txt,0.000295,46798371.0
7,gcp,europe-west1,2048,MB,europe-west1,gcp,upload,/function/fit.000014.000022.txt,0.000293,51232638.0
7,gcp,europe-west1,2048,MB,europe-west1,gcp,upload,/function/fit.000014.000025.txt,0.000292,54507939.5
7,gcp,europe-west1,2048,MB,europe-west1,gcp,upload,/function/fit.000015.000016.txt,0.000284,51679437.0
7,gcp,europe-west1,2048,MB,europe-west1,gcp,upload,/function/fit.000015.000017.txt,0.00029,49868436.5
7,gcp,europe-west1,2048,MB,europe-west1,gcp,upload,/function/fit.000015.000019.txt,0.000285,51197519.5
7,gcp,europe-west1,2048,MB,europe-west1,gcp,upload,/function/fit.000015.000020.txt,0.000285,49611717.5
7,gcp,europe-west1,2048,MB,europe-west1,gcp,upload,/function/fit.000015.000021.txt,0.000283,44465771.0
7,gcp,europe-west1,2048,MB,europe-west1,gcp,upload,/function/fit.000015.000025.txt,0.000287,50630036.0
7,gcp,europe-west1,2048,MB,europe-west1,gcp,upload,/function/fit.000015.000026.txt,0.000283,46861108.0
7,gcp,europe-west1,2048,MB,europe-west1,gcp,upload,/function/fit.000015.000027.txt,0.000289,46456924.5
7,gcp,europe-west1,2048,MB,europe-west1,gcp,upload,/function/fit.000016.000019.txt,0.000283,48826040.0
7,gcp,europe-west1,2048,MB,europe-west1,gcp,upload,/function/fit.000016.000021.txt,0.000282,52781894.0
7,gcp,europe-west1,2048,MB,europe-west1,gcp,upload,/function/fit.000016.000023.txt,0.000282,47775777.5
7,gcp,europe-west1,2048,MB,europe-west1,gcp,upload,/function/fit.000016.000024.txt,0.000279,48270400.0
7,gcp,europe-west1,2048,MB,europe-west1,gcp,upload,/function/fit.000016.000027.txt,0.000279,55874161.5
7,gcp,europe-west1,2048,MB,europe-west1,gcp,upload,/function/fit.000016.000029.txt,0.000282,46817988.5
7,gcp,europe-west1,2048,MB,europe-west1,gcp,upload,/function/fit.000017.000021.txt,0.000288,52278046.0
7,gcp,europe-west1,2048,MB,europe-west1,gcp,upload,/function/fit.000017.000025.txt,0.000287,47617084.5
7,gcp,europe-west1,2048,MB,europe-west1,gcp,upload,/function/fit.000018.000021.txt,0.000288,51187967.0
7,gcp,europe-west1,2048,MB,europe-west1,gcp,upload,/function/fit.000018.000024.txt,0.000286,47333149.0
7,gcp,europe-west1,2048,MB,europe-west1,gcp,upload,/function/fit.000018.000029.txt,0.000288,51155729.0
7,gcp,europe-west1,2048,MB,europe-west1,gcp,upload,/function/fit.000018.000030.txt,0.000294,51973237.5
7,gcp,europe-west1,2048,MB,europe-west1,gcp,upload,/function/fit.000019.000021.txt,0.000288,47108603.0
7,gcp,europe-west1,2048,MB,europe-west1,gcp,upload,/function/fit.000019.000023.txt,0.000287,48026633.0
7,gcp,europe-west1,2048,MB,europe-west1,gcp,upload,/function/fit.000019.000024.txt,0.000281,50068890.0
7,gcp,europe-west1,2048,MB,europe-west1,gcp,upload,/function/fit.000019.000027.txt,0.000279,45072324.5
7,gcp,europe-west1,2048,MB,europe-west1,gcp,upload,/function/fit.000019.000029.txt,0.000283,47697015.0
7,gcp,europe-west1,2048,MB,europe-west1,gcp,upload,/function/fit.000020.000025.txt,0.000289,51272004.0
7,gcp,europe-west1,2048,MB,europe-west1,gcp,upload,/function/fit.000020.000026.txt,0.000286,48603079.0
7,gcp,europe-west1,2048,MB,europe-west1,gcp,upload,/function/fit.000020.000027.txt,0.000286,40628938.0
7,gcp,europe-west1,2048,MB,europe-west1,gcp,upload,/function/fit.000020.000028.txt,0.000289,49873181.5
7,gcp,europe-west1,2048,MB,europe-west1,gcp,upload,/function/fit.000021.000024.txt,0.000285,50105293.0
7,gcp,europe-west1,2048,MB,europe-west1,gcp,upload,/function/fit.000021.000027.txt,0.000277,52435248.5
7,gcp,europe-west1,2048,MB,europe-west1,gcp,upload,/function/fit.000021.000029.txt,0.000281,50038886.0
7,gcp,europe-west1,2048,MB,europe-west1,gcp,upload,/function/fit.000021.000030.txt,0.000284,49362016.5
7,gcp,europe-west1,2048,MB,europe-west1,gcp,upload,/function/fit.000022.000025.txt,0.000286,46848000.5
7,gcp,europe-west1,2048,MB,europe-west1,gcp,upload,/function/fit.000023.000027.txt,0.00028,48137777.5
7,gcp,europe-west1,2048,MB,europe-west1,gcp,upload,/function/fit.000024.000029.txt,0.00029,42415890.5
7,gcp,europe-west1,2048,MB,europe-west1,gcp,upload,/function/fit.000024.000030.txt,0.000289,51308820.0
7,gcp,europe-west1,2048,MB,europe-west1,gcp,upload,/function/fit.000025.000026.txt,0.00029,48008425.0
7,gcp,europe-west1,2048,MB,europe-west1,gcp,upload,/function/fit.000025.000027.txt,0.000282,51558263.0
7,gcp,europe-west1,2048,MB,europe-west1,gcp,upload,/function/fit.000026.000027.txt,0.000283,49939393.5
7,gcp,europe-west1,2048,MB,europe-west1,gcp,upload,/function/fit.000026.000028.txt,0.00029,48021480.5
7,gcp,europe-west1,2048,MB,europe-west1,gcp,upload,/function/fit.000027.000028.txt,0.000278,48442089.5
7,gcp,europe-west1,2048,MB,europe-west1,gcp,upload,/function/fit.000029.000030.txt,0.000283,49200995.0
8,gcp,europe-west1,2048,MB,europe-west1,gcp,download,/function/diffs.tbl,0.016167,87654872.5
8,gcp,europe-west1,2048,MB,europe-west1,gcp,download,/function/mStatFile,0.039792,50463563.0
8,gcp,europe-west1,2048,MB,europe-west1,gcp,upload,/function/statfile.tbl,0.005863,48897317.0
9,gcp,europe-west1,2048,MB,europe-west1,gcp,download,/function/fit.000001.000007.txt,0.000287,79666589.5
9,gcp,europe-west1,2048,MB,europe-west1,gcp,download,/function/fit.000001.000011.txt,0.00029,63103999.5
9,gcp,europe-west1,2048,MB,europe-west1,gcp,download,/function/fit.000001.000012.txt,0.000288,62283657.0
9,gcp,europe-west1,2048,MB,europe-west1,gcp,download,/function/fit.000001.000020.txt,0.000284,52456769.0
9,gcp,europe-west1,2048,MB,europe-west1,gcp,download,/function/fit.000001.000025.txt,0.000286,65119817.0
9,gcp,europe-west1,2048,MB,europe-west1,gcp,download,/function/fit.000001.000026.txt,0.000287,61212680.5
9,gcp,europe-west1,2048,MB,europe-west1,gcp,download,/function/fit.000001.000028.txt,0.000286,68268161.0
9,gcp,europe-west1,2048,MB,europe-west1,gcp,download,/function/fit.000002.000006.txt,0.000282,62486599.5
9,gcp,europe-west1,2048,MB,europe-west1,gcp,download,/function/fit.000002.000009.txt,0.000285,70328205.0
9,gcp,europe-west1,2048,MB,europe-west1,gcp,download,/function/fit.000002.000015.txt,0.000288,58330540.5
9,gcp,europe-west1,2048,MB,europe-west1,gcp,download,/function/fit.000002.000016.txt,0.000278,55676502.0
9,gcp,europe-west1,2048,MB,europe-west1,gcp,download,/function/fit.000002.000019.txt,0.000281,60917174.5
9,gcp,europe-west1,2048,MB,europe-west1,gcp,download,/function/fit.000002.000020.txt,0.000286,55420377.0
9,gcp,europe-west1,2048,MB,europe-west1,gcp,download,/function/fit.000002.000023.txt,0.00028,61115863.5
9,gcp,europe-west1,2048,MB,europe-west1,gcp,download,/function/fit.000002.000025.txt,0.000281,57621588.5
9,gcp,europe-west1,2048,MB,europe-west1,gcp,download,/function/fit.000002.000026.txt,0.000286,66452653.5
9,gcp,europe-west1,2048,MB,europe-west1,gcp,download,/function/fit.000002.000027.txt,0.000286,69050542.0
9,gcp,europe-west1,2048,MB,europe-west1,gcp,download,/function/fit.000002.000028.txt,0.000283,58064859.0
9,gcp,europe-west1,2048,MB,europe-west1,gcp,download,/function/fit.000003.000005.txt,0.000288,56624678.0
9,gcp,europe-west1,2048,MB,europe-west1,gcp,download,/function/fit.000003.000006.txt,0.000279,60441157.0
9,gcp,europe-west1,2048,MB,europe-west1,gcp,download,/function/fit.000003.000016.txt,0.000279,58094064.0
9,gcp,europe-west1,2048,MB,europe-west1,gcp,download,/function/fit.000003.000019.txt,0.000282,71479730.0
9,gcp,europe-west1,2048,MB,europe-west1,gcp,download,/function/fit.000003.000023.txt,0.000281,58942041.0
9,gcp,europe-west1,2048,MB,europe-west1,gcp,download,/function/fit.000003.000024.txt,0.00029,60230124.5
9,gcp,europe-west1,2048,MB,europe-west1,gcp,download,/function/fit.000003.000029.txt,0.000284,69633257.5
9,gcp,europe-west1,2048,MB,europe-west1,gcp,download,/function/fit.000004.000008.txt,0.00029,60997135.0
9,gcp,europe-west1,2048,MB,europe-west1,gcp,download,/function/fit.000004.000010.txt,0.000285,67456757.5
9,gcp,europe-west1,2048,MB,europe-west1,gcp,download,/function/fit.000004.000014.txt,0.000288,53386623.0
9,gcp,europe-west1,2048,MB,europe-west1,gcp,download,/function/fit.000004.000015.txt,0.000288,56593826.5
9,gcp,europe-west1,2048,MB,europe-west1,gcp,download,/function/fit.000004.000016.txt,0.000278,59434035.0
9,gcp,europe-west1,2048,MB,europe-west1,gcp,download,/function/fit.000004.000017.txt,0.000291,60440936.5
9,gcp,europe-west1,2048,MB,europe-west1,gcp,download,/function/fit.000004.000019.txt,0.00028,58240254.0
9,gcp,europe-west1,2048,MB,europe-west1,gcp,download,/function/fit.000004.000020.txt,0.000283,52880404.0
9,gcp,europe-west1,2048,MB,europe-west1,gcp,download,/function/fit.000004.000021.txt,0.000286,53282491.0
9,gcp,europe-west1,2048,MB,europe-west1,gcp,download,/function/fit.000004.000025.txt,0.000285,52657286.0
9,gcp,europe-west1,2048,MB,europe-west1,gcp,download,/function/fit.000004.000027.txt,0.000287,58185060.5
9,gcp,europe-west1,2048,MB,europe-west1,gcp,download,/function/fit.000005.000006.txt,0.000282,56803480.0
9,gcp,europe-west1,2048,MB,europe-west1,gcp,download,/function/fit.000005.000016.txt,0.00028,58553417.5
9,gcp,europe-west1,2048,MB,europe-west1,gcp,download,/function/fit.000005.000019.txt,0.000283,60351439.0
9,gcp,europe-west1,2048,MB,europe-west1,gcp,download,/function/fit.000005.000023.txt,0.000282,56424834.0
9,gcp,europe-west1,2048,MB,europe-west1,gcp,download,/function/fit.000005.000024.txt,0.000282,67398017.0
9,gcp,europe-west1,2048,MB,europe-west1,gcp,download,/function/fit.000005.000029.txt,0.000288,49973204.5
9,gcp,europe-west1,2048,MB,europe-west1,gcp,download,/function/fit.000006.000009.txt,0.000281,60793222.0
9,gcp,europe-west1,2048,MB,europe-west1,gcp,download,/function/fit.000006.000016.txt,0.000282,60605021.5
9,gcp,europe-west1,2048,MB,europe-west1,gcp,download,/function/fit.000006.000019.txt,0.000284,60782941.5
9,gcp,europe-west1,2048,MB,europe-west1,gcp,download,/function/fit.000006.000023.txt,0.000286,60026779.0
9,gcp,europe-west1,2048,MB,europe-west1,gcp,download,/function/fit.000006.000027.txt,0.000277,65337462.5
9,gcp,europe-west1,2048,MB,europe-west1,gcp,download,/function/fit.000007.000008.txt,0.000286,55155307.0
9,gcp,europe-west1,2048,MB,europe-west1,gcp,download,/function/fit.000007.000011.txt,0.000294,58916663.0
9,gcp,europe-west1,2048,MB,europe-west1,gcp,download,/function/fit.000007.000012.txt,0.000291,58682164.5
9,gcp,europe-west1,2048,MB,europe-west1,gcp,download,/function/fit.000007.000013.txt,0.000295,68228165.0
9,gcp,europe-west1,2048,MB,europe-west1,gcp,download,/function/fit.000007.000020.txt,0.000285,55911517.5
9,gcp,europe-west1,2048,MB,europe-west1,gcp,download,/function/fit.000007.000025.txt,0.000285,56236928.5
9,gcp,europe-west1,2048,MB,europe-west1,gcp,download,/function/fit.000007.000026.txt,0.000286,63823755.0
9,gcp,europe-west1,2048,MB,europe-west1,gcp,download,/function/fit.000007.000028.txt,0.000279,65621410.0
9,gcp,europe-west1,2048,MB,europe-west1,gcp,download,/function/fit.000008.000012.txt,0.000285,55208305.5
9,gcp,europe-west1,2048,MB,europe-west1,gcp,download,/function/fit.000008.000013.txt,0.000288,60752004.0
9,gcp,europe-west1,2048,MB,europe-west1,gcp,download,/function/fit.000008.000014.txt,0.000294,58272975.5
9,gcp,europe-west1,2048,MB,europe-west1,gcp,download,/function/fit.000008.000015.txt,0.000291,55254460.5
9,gcp,europe-west1,2048,MB,europe-west1,gcp,download,/function/fit.000008.000017.txt,0.000289,54180859.0
9,gcp,europe-west1,2048,MB,europe-west1,gcp,download,/function/fit.000008.000020.txt,0.000292,54349448.0
9,gcp,europe-west1,2048,MB,europe-west1,gcp,download,/function/fit.000008.000022.txt,0.000291,59552131.5
9,gcp,europe-west1,2048,MB,europe-west1,gcp,download,/function/fit.000008.000025.txt,0.000292,63861677.5
9,gcp,europe-west1,2048,MB,europe-west1,gcp,download,/function/fit.000008.000027.txt,0.000285,61443669.0
9,gcp,europe-west1,2048,MB,europe-west1,gcp,download,/function/fit.000009.000016.txt,0.000275,66996004.5
9,gcp,europe-west1,2048,MB,europe-west1,gcp,download,/function/fit.000009.000019.txt,0.000278,59099383.5
9,gcp,europe-west1,2048,MB,europe-west1,gcp,download,/function/fit.000009.000020.txt,0.000277,57354165.5
9,gcp,europe-west1,2048,MB,europe-west1,gcp,download,/function/fit.000009.000023.txt,0.000284,52415216.0
9,gcp,europe-west1,2048,MB,europe-west1,gcp,download,/function/fit.000009.000026.txt,0.000285,64908794.5
9,gcp,europe-west1,2048,MB,europe-west1,gcp,download,/function/fit.000009.000027.txt,0.000285,58849541.0
9,gcp,europe-west1,2048,MB,europe-west1,gcp,download,/function/fit.000009.000028.txt,0.000288,65426200.5
9,gcp,europe-west1,2048,MB,europe-west1,gcp,download,/function/fit.000010.000015.txt,0.000284,66973474.5
9,gcp,europe-west1,2048,MB,europe-west1,gcp,download,/function/fit.000010.000016.txt,0.000285,55835015.0
9,gcp,europe-west1,2048,MB,europe-west1,gcp,download,/function/fit.000010.000017.txt,0.000287,65214525.5
9,gcp,europe-west1,2048,MB,europe-west1,gcp,download,/function/fit.000010.000018.txt,0.000287,60051866.5
9,gcp,europe-west1,2048,MB,europe-west1,gcp,download,/function/fit.000010.000019.txt,0.000281,52229646.5
9,gcp,europe-west1,2048,MB,europe-west1,gcp,download,/function/fit.000010.000021.txt,0.000288,55637108.0
9,gcp,europe-west1,2048,MB,europe-west1,gcp,download,/function/fit.000010.000024.txt,0.000288,50761085.0
9,gcp,europe-west1,2048,MB,europe-west1,gcp,download,/function/fit.000010.000027.txt,0.000279,59839962.0
9,gcp,europe-west1,2048,MB,europe-west1,gcp,download,/function/fit.000010.000029.txt,0.000283,60080171.0
9,gcp,europe-west1,2048,MB,europe-west1,gcp,download,/function/fit.000010.000030.txt,0.000286,58579441.5
9,gcp,europe-west1,2048,MB,europe-west1,gcp,download,/function/fit.000011.000020.txt,0.000283,65616975.5
9,gcp,europe-west1,2048,MB,europe-west1,gcp,download,/function/fit.000011.000026.txt,0.000282,51822565.5
9,gcp,europe-west1,2048,MB,europe-west1,gcp,download,/function/fit.000011.000028.txt,0.000288,57111511.0
9,gcp,europe-west1,2048,MB,europe-west1,gcp,download,/function/fit.000012.000013.txt,0.000291,61344422.5
9,gcp,europe-west1,2048,MB,europe-west1,gcp,download,/function/fit.000012.000014.txt,0.000287,55886781.0
9,gcp,europe-west1,2048,MB,europe-west1,gcp,download,/function/fit.000012.000020.txt,0.000286,57051890.5
9,gcp,europe-west1,2048,MB,europe-west1,gcp,download,/function/fit.000012.000022.txt,0.000292,59482735.0
9,gcp,europe-west1,2048,MB,europe-west1,gcp,download,/function/fit.000012.000025.txt,0.000289,50461327.5
9,gcp,europe-west1,2048,MB,europe-west1,gcp,download,/function/fit.000012.000026.txt,0.000284,64096451.5
9,gcp,europe-west1,2048,MB,europe-west1,gcp,download,/function/fit.000013.000014.txt,0.000289,54217786.0
9,gcp,europe-west1,2048,MB,europe-west1,gcp,download,/function/fit.000013.000020.txt,0.000285,62062885.0
9,gcp,europe-west1,2048,MB,europe-west1,gcp,download,/function/fit.000013.000022.txt,0.000295,67206505.0
9,gcp,europe-west1,2048,MB,europe-west1,gcp,download,/function/fit.000013.000025.txt,0.00029,53560966.0
9,gcp,europe-west1,2048,MB,europe-west1,gcp,download,/function/fit.000014.000015.txt,0.000283,52707170.5
9,gcp,europe-west1,2048,MB,europe-west1,gcp,download,/function/fit.000014.000017.txt,0.000295,67653704.5
9,gcp,europe-west1,2048,MB,europe-west1,gcp,download,/function/fit.000014.000022.txt,0.000293,49906455.5
9,gcp,europe-west1,2048,MB,europe-west1,gcp,download,/function/fit.000014.000025.txt,0.000292,60348645.0
9,gcp,europe-west1,2048,MB,europe-west1,gcp,download,/function/fit.000015.000016.txt,0.000284,63556596.0
9,gcp,europe-west1,2048,MB,europe-west1,gcp,download,/function/fit.000015.000017.txt,0.00029,70870318.5
9,gcp,europe-west1,2048,MB,europe-west1,gcp,download,/function/fit.000015.000019.txt,0.000285,49848500.5
9,gcp,europe-west1,2048,MB,europe-west1,gcp,download,/function/fit.000015.000020.txt,0.000285,62112571.0
9,gcp,europe-west1,2048,MB,europe-west1,gcp,download,/function/fit.000015.000021.txt,0.000283,64872301.5
9,gcp,europe-west1,2048,MB,europe-west1,gcp,download,/function/fit.000015.000025.txt,0.000287,56297368.0
9,gcp,europe-west1,2048,MB,europe-west1,gcp,download,/function/fit.000015.000026.txt,0.000283,60605642.0
9,gcp,europe-west1,2048,MB,europe-west1,gcp,download,/function/fit.000015.000027.txt,0.000289,59666471.0
9,gcp,europe-west1,2048,MB,europe-west1,gcp,download,/function/fit.000016.000019.txt,0.000283,51884720.5
9,gcp,europe-west1,2048,MB,europe-west1,gcp,download,/function/fit.000016.000021.txt,0.000282,43830471.0
9,gcp,europe-west1,2048,MB,europe-west1,gcp,download,/function/fit.000016.000023.txt,0.000282,59861477.5
9,gcp,europe-west1,2048,MB,europe-west1,gcp,download,/function/fit.000016.000024.txt,0.000279,54474142.5
9,gcp,europe-west1,2048,MB,europe-west1,gcp,download,/function/fit.000016.000027.txt,0.000279,60899609.5
9,gcp,europe-west1,2048,MB,europe-west1,gcp,download,/function/fit.000016.000029.txt,0.000282,55450362.5
9,gcp,europe-west1,2048,MB,europe-west1,gcp,download,/function/fit.000017.000021.txt,0.000288,71253482.0
9,gcp,europe-west1,2048,MB,europe-west1,gcp,download,/function/fit.000017.000025.txt,0.000287,54892584.5
9,gcp,europe-west1,2048,MB,europe-west1,gcp,download,/function/fit.000018.000021.txt,0.000288,57291820.0
9,gcp,europe-west1,2048,MB,europe-west1,gcp,download,/function/fit.000018.000024.txt,0.000286,56074746.0
9,gcp,europe-west1,2048,MB,europe-west1,gcp,download,/function/fit.000018.000029.txt,0.000288,54842822.5
9,gcp,europe-west1,2048,MB,europe-west1,gcp,download,/function/fit.000018.000030.txt,0.000294,48071820.0
9,gcp,europe-west1,2048,MB,europe-west1,gcp,download,/function/fit.000019.000021.txt,0.000288,47269576.5
9,gcp,europe-west1,2048,MB,europe-west1,gcp,download,/function/fit.000019.000023.txt,0.000287,46009058.5
9,gcp,europe-west1,2048,MB,europe-west1,gcp,download,/function/fit.000019.000024.txt,0.000281,71500815.0
9,gcp,europe-west1,2048,MB,europe-west1,gcp,download,/function/fit.000019.000027.txt,0.000279,75446663.0
9,gcp,europe-west1,2048,MB,europe-west1,gcp,download,/function/fit.000019.000029.txt,0.000283,53021878.0
9,gcp,europe-west1,2048,MB,europe-west1,gcp,download,/function/fit.000020.000025.txt,0.000289,56588860.5
9,gcp,europe-west1,2048,MB,europe-west1,gcp,download,/function/fit.000020.000026.txt,0.000286,66491547.0
9,gcp,europe-west1,2048,MB,europe-west1,gcp,download,/function/fit.000020.000027.txt,0.000286,53366251.5
9,gcp,europe-west1,2048,MB,europe-west1,gcp,download,/function/fit.000020.000028.txt,0.000289,61590916.5
9,gcp,europe-west1,2048,MB,europe-west1,gcp,download,/function/fit.000021.000024.txt,0.000285,65485913.5
9,gcp,europe-west1,2048,MB,europe-west1,gcp,download,/function/fit.000021.000027.txt,0.000277,51921494.0
9,gcp,europe-west1,2048,MB,europe-west1,gcp,download,/function/fit.000021.000029.txt,0.000281,63280122.5
9,gcp,europe-west1,2048,MB,europe-west1,gcp,download,/function/fit.000021.000030.txt,0.000284,46334144.0
9,gcp,europe-west1,2048,MB,europe-west1,gcp,download,/function/fit.000022.000025.txt,0.000286,49914616.5
9,gcp,europe-west1,2048,MB,europe-west1,gcp,download,/function/fit.000023.000027.txt,0.00028,54670121.0
9,gcp,europe-west1,2048,MB,europe-west1,gcp,download,/function/fit.000024.000029.txt,0.00029,49441135.5
9,gcp,europe-west1,2048,MB,europe-west1,gcp,download,/function/fit.000024.000030.txt,0.000289,58018379.5
9,gcp,europe-west1,2048,MB,europe-west1,gcp,download,/function/fit.000025.000026.txt,0.00029,43927594.5
9,gcp,europe-west1,2048,MB,europe-west1,gcp,download,/function/fit.000025.000027.txt,0.000282,56401326.5
9,gcp,europe-west1,2048,MB,europe-west1,gcp,download,/function/fit.000026.000027.txt,0.000283,41998241.0
9,gcp,europe-west1,2048,MB,europe-west1,gcp,download,/function/fit.000026.000028.txt,0.00029,42296811.5
9,gcp,europe-west1,2048,MB,europe-west1,gcp,download,/function/fit.000027.000028.txt,0.000278,65624379.5
9,gcp,europe-west1,2048,MB,europe-west1,gcp,download,/function/fit.000029.000030.txt,0.000283,46705977.0
9,gcp,europe-west1,2048,MB,europe-west1,gcp,download,/function/mConcatFit,0.048384,45987394.5
9,gcp,europe-west1,2048,MB,europe-west1,gcp,download,/function/statfile.tbl,0.005863,43638146.5
9,gcp,europe-west1,2048,MB,europe-west1,gcp,upload,/function/fits.tbl,0.029537,52190245.5
